date,published_at,symbol,source,title,summary,url,query_keyword,text,finbert_label,sentiment_score,language,source_type,crawl_version
2024-05-24,2024-05-24T07:00:00+00:00,000001.SZ,"""Ping An Bank"" - Google News",Ping An Bank’s “Pocket Manager” recognised as Best Business Ecosystem Initiative - The Asian Banker,"<a href=""https://news.google.com/rss/articles/CBMiuAFBVV95cUxPZmo3WE5zdlNIRDkza3VNeExwYV93cEFtb0N6U1d0YWJZTjMxbGtYd0FBNzVxVWU1Vmg5TV84V1FZRTE5RVV4QUFiVkVoeXY1ZWdnRDlWcmxLNGpmbmhPTmRRQl91NXVqSlZvR19taXJNQnJROXZOLXJfNk80QmlSNmg4ZGxsbDRTZUVEbGNjTzJkOEdLVkkySHQyMW5GYlhQZWJGRHVveDEyWjVfOGNOcXpjcWVhV1E2?oc=5"" target=""_blank"">Ping An Bank’s “Pocket Manager” recognised as Best Business Ecosystem Initiative</a>&nbsp;&nbsp;<font color=""#6f6f6f"">The Asian Banker</font>",https://news.google.com/rss/articles/CBMiuAFBVV95cUxPZmo3WE5zdlNIRDkza3VNeExwYV93cEFtb0N6U1d0YWJZTjMxbGtYd0FBNzVxVWU1Vmg5TV84V1FZRTE5RVV4QUFiVkVoeXY1ZWdnRDlWcmxLNGpmbmhPTmRRQl91NXVqSlZvR19taXJNQnJROXZOLXJfNk80QmlSNmg4ZGxsbDRTZUVEbGNjTzJkOEdLVkkySHQyMW5GYlhQZWJGRHVveDEyWjVfOGNOcXpjcWVhV1E2?oc=5,Ping An Bank,Ping An Bank’s “Pocket Manager” recognised as Best Business Ecosystem Initiative - The Asian Banker. Ping An Bank’s “Pocket Manager” recognised as Best Business Ecosystem Initiative The Asian Banker,positive,0.7664627,en,bootstrap,mixed_real_news_v6
2024-07-09,2024-07-09T07:00:00+00:00,000001.SZ,"""Ping An Bank"" - Google News","Ping An Bank to Move Shanghai Staff to Shenzhen, Insider Confirms - Yicai Global","<a href=""https://news.google.com/rss/articles/CBMiqgFBVV95cUxObzhEYmZuV1ZDbEpVbDROeEJlWnVvLWdCLTFmeTFoQnluWjJKcjMzbnVzVkhzQmVia3RDNnhQaEZHVkN5RkRrbWpVZzEtWmtTZ0Z1aFVTTHhXVzhFWThrSU12eWtPLVFKcE15M0VsRXVsWllCdmhTWGNGWFhTVVoyMGhkYzhvR1pCQzlVbnNjOTc4MENDVFFiTWhIeWh3N0R0RlMya2lWWHcwQQ?oc=5"" target=""_blank"">Ping An Bank to Move Shanghai Staff to Shenzhen, Insider Confirms</a>&nbsp;&nbsp;<font color=""#6f6f6f"">Yicai Global</font>",https://news.google.com/rss/articles/CBMiqgFBVV95cUxObzhEYmZuV1ZDbEpVbDROeEJlWnVvLWdCLTFmeTFoQnluWjJKcjMzbnVzVkhzQmVia3RDNnhQaEZHVkN5RkRrbWpVZzEtWmtTZ0Z1aFVTTHhXVzhFWThrSU12eWtPLVFKcE15M0VsRXVsWllCdmhTWGNGWFhTVVoyMGhkYzhvR1pCQzlVbnNjOTc4MENDVFFiTWhIeWh3N0R0RlMya2lWWHcwQQ?oc=5,Ping An Bank,"Ping An Bank to Move Shanghai Staff to Shenzhen, Insider Confirms - Yicai Global. Ping An Bank to Move Shanghai Staff to Shenzhen, Insider Confirms Yicai Global",positive,0.44720367,en,bootstrap,mixed_real_news_v6
2024-11-29,2024-11-29T01:04:54+00:00,000001.SZ,"""000001"" - Google News","Ping An Bank (000001) Investor Relations, Earnings Summary & Outlook - Quartr","<a href=""https://news.google.com/rss/articles/CBMiZEFVX3lxTFBEdmM0T196Y2RfeXhjNWdoZnpwdEQ2RHJiMGdSbmFVeWU3dEJSbEh1dm9mSXlaMGRPWDlMcjBmYmRkRS1aZXZwMzlNNm9rWVlnRkRhNTJ5aHFDR3RndU50dXFDOEM?oc=5"" target=""_blank"">Ping An Bank (000001) Investor Relations, Earnings Summary & Outlook</a>&nbsp;&nbsp;<font color=""#6f6f6f"">Quartr</font>",https://news.google.com/rss/articles/CBMiZEFVX3lxTFBEdmM0T196Y2RfeXhjNWdoZnpwdEQ2RHJiMGdSbmFVeWU3dEJSbEh1dm9mSXlaMGRPWDlMcjBmYmRkRS1aZXZwMzlNNm9rWVlnRkRhNTJ5aHFDR3RndU50dXFDOEM?oc=5,000001,"Ping An Bank (000001) Investor Relations, Earnings Summary & Outlook - Quartr. Ping An Bank (000001) Investor Relations, Earnings Summary & Outlook Quartr",neutral,-0.0005756505,en,bootstrap,mixed_real_news_v6
2024-12-20,2024-12-20T10:53:28+00:00,000001.SZ,"""Ping An Bank"" - Google News",Ping An Bank structured products offering increases despite deposit curb - SRP Structured Products,"<a href=""https://news.google.com/rss/articles/CBMixwFBVV95cUxNb3Nfb18zakRKWXBhbkJxZUtMX1NPbUVmeGtqODR4QmNwZ2EyWlA1UDJ1ZEExMjlQQmZDVkhyTHhxTHZXZEFuTVVDZVFmS1gwemc0UXZUUkx1YVN3TGM1YjRjcW5ycXJnazB4U24wWWExcndTa1NtQ2pSMjZJVjB1bVR0dkc4NEM4bzF5Y0hPUGxrdkV6RmZNcWFLb2RhY2M5dXV4NEN4bnBRUEJCcklTcFlFd25nUlpvZDBYLW1DZWg3bWVrdThR?oc=5"" target=""_blank"">Ping An Bank structured products offering increases despite deposit curb</a>&nbsp;&nbsp;<font color=""#6f6f6f"">SRP Structured Products</font>",https://news.google.com/rss/articles/CBMixwFBVV95cUxNb3Nfb18zakRKWXBhbkJxZUtMX1NPbUVmeGtqODR4QmNwZ2EyWlA1UDJ1ZEExMjlQQmZDVkhyTHhxTHZXZEFuTVVDZVFmS1gwemc0UXZUUkx1YVN3TGM1YjRjcW5ycXJnazB4U24wWWExcndTa1NtQ2pSMjZJVjB1bVR0dkc4NEM4bzF5Y0hPUGxrdkV6RmZNcWFLb2RhY2M5dXV4NEN4bnBRUEJCcklTcFlFd25nUlpvZDBYLW1DZWg3bWVrdThR?oc=5,Ping An Bank,Ping An Bank structured products offering increases despite deposit curb - SRP Structured Products. Ping An Bank structured products offering increases despite deposit curb SRP Structured Products,positive,0.7585414,en,bootstrap,mixed_real_news_v6
2025-05-06,2025-05-06T07:00:00+00:00,000001.SZ,"""Ping An Bank"" - Google News","Ping An Bank Co., Ltd.'s (SZSE:000001) Largest Shareholders Are Public Companies With 58% Ownership, Individual Investors Own 34% - Moomoo","<a href=""https://news.google.com/rss/articles/CBMinAFBVV95cUxOZlgzT3EteHlUeHBuZC00VTdiNkdNWjltREh6U29INkpBRTZtMFI5SGhLeWRWTG5pdjVDVWxjME1zVTZLcWE0M29SdEQ3TU5BUzZ5VTVFRTVsQ2NTSGwyUzVsWVIwU2tVbmRnNmZCTm9CanBtejVrek04bDZpb011c0g0NnV4akZmU2dmZF9vNkhGSEdBdEtObExial8?oc=5"" target=""_blank"">Ping An Bank Co., Ltd.'s (SZSE:000001) Largest Shareholders Are Public Companies With 58% Ownership, Individual Investors Own 34%</a>&nbsp;&nbsp;<font color=""#6f6f6f"">Moomoo</font>",https://news.google.com/rss/articles/CBMinAFBVV95cUxOZlgzT3EteHlUeHBuZC00VTdiNkdNWjltREh6U29INkpBRTZtMFI5SGhLeWRWTG5pdjVDVWxjME1zVTZLcWE0M29SdEQ3TU5BUzZ5VTVFRTVsQ2NTSGwyUzVsWVIwU2tVbmRnNmZCTm9CanBtejVrek04bDZpb011c0g0NnV4akZmU2dmZF9vNkhGSEdBdEtObExial8?oc=5,Ping An Bank,"Ping An Bank Co., Ltd.'s (SZSE:000001) Largest Shareholders Are Public Companies With 58% Ownership, Individual Investors Own 34% - Moomoo. Ping An Bank Co., Ltd.'s (SZSE:000001) Largest Shareholders Are Public Companies With 58% Ownership, Individual Investors Own 34% Moomoo",neutral,0.0023216438,en,bootstrap,mixed_real_news_v6
2025-06-10,2025-06-10T07:00:00+00:00,000001.SZ,"""Ping An Bank"" - Google News",Labubu becomes bait for China’s Ping An Bank to lure young customers - South China Morning Post,"<a href=""https://news.google.com/rss/articles/CBMiyAFBVV95cUxNdWItcXJmWWdLNFBRdGp1cW1MdzFGZ1J3dEYtbUFVMDF3eHdmSDFLYVAxVllCR0htY0hRSHZBSkgyeVVnWkpEY04yR2FHZUxaMzdYU2ptVnE4ME1vcEY4UUdLcmZKbUk0bG5nbjlpNUJBZ1dNcW1wNG5pOFFvMUQ2WTRQNjlfcWx3cW5yakNyZ1FIeEhKanRBdnRSYlFBd0loVkdTVFY5MUNjSDNzb3lqWlVraFY3WXJpVC1DdUFEZk91NzRiN2RiddIByAFBVV95cUxNaGpzU0J1ZzBteUl2ZnZYSzB2WGVSQ1hwc21aQlJsRzBVZHhicFRmNTJSMjZMV1VBRk5FZlltc2lzcXI1YzB4NEVpUEpQYlkyZTRWME9zMHJ6elBmX0pDSURYU3RZUl9MYzBjbUY4cnFWWF8ybmpsRjlzRmk4UTMwdWlEVm5RMjI0bXgzMU14MjdYd1pJdmFDMzBHekdBNU9fVEYwQVRabkFnaXRBWC1icEkxSEpxT2dLblpINElsZXlFUmZnVDluaA?oc=5"" target=""_blank"">Labubu becomes bait for China’s Ping An Bank to lure young customers</a>&nbsp;&nbsp;<font color=""#6f6f6f"">South China Morning Post</font>",https://news.google.com/rss/articles/CBMiyAFBVV95cUxNdWItcXJmWWdLNFBRdGp1cW1MdzFGZ1J3dEYtbUFVMDF3eHdmSDFLYVAxVllCR0htY0hRSHZBSkgyeVVnWkpEY04yR2FHZUxaMzdYU2ptVnE4ME1vcEY4UUdLcmZKbUk0bG5nbjlpNUJBZ1dNcW1wNG5pOFFvMUQ2WTRQNjlfcWx3cW5yakNyZ1FIeEhKanRBdnRSYlFBd0loVkdTVFY5MUNjSDNzb3lqWlVraFY3WXJpVC1DdUFEZk91NzRiN2RiddIByAFBVV95cUxNaGpzU0J1ZzBteUl2ZnZYSzB2WGVSQ1hwc21aQlJsRzBVZHhicFRmNTJSMjZMV1VBRk5FZlltc2lzcXI1YzB4NEVpUEpQYlkyZTRWME9zMHJ6elBmX0pDSURYU3RZUl9MYzBjbUY4cnFWWF8ybmpsRjlzRmk4UTMwdWlEVm5RMjI0bXgzMU14MjdYd1pJdmFDMzBHekdBNU9fVEYwQVRabkFnaXRBWC1icEkxSEpxT2dLblpINElsZXlFUmZnVDluaA?oc=5,Ping An Bank,Labubu becomes bait for China’s Ping An Bank to lure young customers - South China Morning Post. Labubu becomes bait for China’s Ping An Bank to lure young customers South China Morning Post,neutral,0.12196836,en,bootstrap,mixed_real_news_v6
2025-06-18,2025-06-18T17:00:00+00:00,000001.SZ,Ping An Bank - Bing新聞,000001K線圖型態,獲得Ping An Bank Co Ltd股票所有相關的牛熊即時K線圖形態，以此推測市場走勢。平安銀行股票形態可以依不同時間段顯示，以因應長、短線的投資所需。利用我們的自動形態辨認功能，一窺市場 ...,http://www.bing.com/news/apiclick.aspx?ref=FexRss&aid=&tid=69fb168ec8e541c580ef517b48ae6d2d&url=https%3a%2f%2fhk.investing.com%2fequities%2fping-an-bank-a-candlestick&c=18296679046494041829&mkt=zh-tw,Ping An Bank,000001K線圖型態. 獲得Ping An Bank Co Ltd股票所有相關的牛熊即時K線圖形態，以此推測市場走勢。平安銀行股票形態可以依不同時間段顯示，以因應長、短線的投資所需。利用我們的自動形態辨認功能，一窺市場 ...,neutral,0.03837692,zh,bootstrap,mixed_real_news_v6
2025-06-25,2025-06-25T07:00:00+00:00,000001.SZ,"""Ping An Bank"" - Google News",Ping An Bank to maintain moderate profitability: Moody’s - Asian Banking & Finance,"<a href=""https://news.google.com/rss/articles/CBMipgFBVV95cUxNZ2h1N2tHalp5WmtuZWpBXzRmUk1TNGtyNlR4U2lHNTNGdDVDelBxYVc0LTNPZS1Kc2JzWW82SW9jeW9kbWk3LUFCbnJfa0dRWm9DZWZjaTR5UEtoSlJpbVc1UWlHRXhWRTZvaC1RTFQtbFMxWFFERWs5SFprRGxQR056R3dQQzBkNjNKQXhETE40UzZNaHZWdUEtdUl3bXBpUTRyTTZB?oc=5"" target=""_blank"">Ping An Bank to maintain moderate profitability: Moody’s</a>&nbsp;&nbsp;<font color=""#6f6f6f"">Asian Banking & Finance</font>",https://news.google.com/rss/articles/CBMipgFBVV95cUxNZ2h1N2tHalp5WmtuZWpBXzRmUk1TNGtyNlR4U2lHNTNGdDVDelBxYVc0LTNPZS1Kc2JzWW82SW9jeW9kbWk3LUFCbnJfa0dRWm9DZWZjaTR5UEtoSlJpbVc1UWlHRXhWRTZvaC1RTFQtbFMxWFFERWs5SFprRGxQR056R3dQQzBkNjNKQXhETE40UzZNaHZWdUEtdUl3bXBpUTRyTTZB?oc=5,Ping An Bank,Ping An Bank to maintain moderate profitability: Moody’s - Asian Banking & Finance. Ping An Bank to maintain moderate profitability: Moody’s Asian Banking & Finance,neutral,0.079691336,en,bootstrap,mixed_real_news_v6
2025-07-09,2025-07-09T07:00:00+00:00,000001.SZ,"""Ping An Bank"" - Google News",Ping An Bank wins Best Trade Finance Bank in China for leveraging technology to upgrade supply chain finance - The Asian Banker,"<a href=""https://news.google.com/rss/articles/CBMi4AFBVV95cUxPMkdNU1VNLVU1ajdVZVFSWUlnTUxvQXktbkNDMUI1dzBlOFhySnFJWVpmbGNiNWx6cnQ5MVo2UWJrU3o2Z3psLTQySy1GT0dhNUJNdUoyckh6cm1pT1pUYzk3SzJndmJDeG9jV1ljdVFTVDlFNGp5VEpSbHYwYWltbzlwaEdvakxSZFhUa3RiMm5PQlZpRjlIbVhvRHYyM2hONHNMd2dYdFVpVnVJbld4bkZ2RGVvMjl3SEVoM3BHMGx0Y3hpQm95ZmNyMUN6RU5GX2o2bTI5cUN3X0E0Rm9PLQ?oc=5"" target=""_blank"">Ping An Bank wins Best Trade Finance Bank in China for leveraging technology to upgrade supply chain finance</a>&nbsp;&nbsp;<font color=""#6f6f6f"">The Asian Banker</font>",https://news.google.com/rss/articles/CBMi4AFBVV95cUxPMkdNU1VNLVU1ajdVZVFSWUlnTUxvQXktbkNDMUI1dzBlOFhySnFJWVpmbGNiNWx6cnQ5MVo2UWJrU3o2Z3psLTQySy1GT0dhNUJNdUoyckh6cm1pT1pUYzk3SzJndmJDeG9jV1ljdVFTVDlFNGp5VEpSbHYwYWltbzlwaEdvakxSZFhUa3RiMm5PQlZpRjlIbVhvRHYyM2hONHNMd2dYdFVpVnVJbld4bkZ2RGVvMjl3SEVoM3BHMGx0Y3hpQm95ZmNyMUN6RU5GX2o2bTI5cUN3X0E0Rm9PLQ?oc=5,Ping An Bank,Ping An Bank wins Best Trade Finance Bank in China for leveraging technology to upgrade supply chain finance - The Asian Banker. Ping An Bank wins Best Trade Finance Bank in China for leveraging technology to upgrade supply chain finance The Asian Banker,positive,0.9120947,en,bootstrap,mixed_real_news_v6
2025-07-09,2025-07-09T07:00:00+00:00,000001.SZ,"""Ping An Bank"" - Google News",Ping An Bank awarded Best AI/Gen AI Application in Retail Marketing Initiative in Asia Pacific for groundbreaking achievements in AI-driven content marketing - The Asian Banker,"<a href=""https://news.google.com/rss/articles/CBMingJBVV95cUxQVGt0SWs5SGJROVpUYW4tZVdROVRSZFZpTGdnRktRbXVyanNPdjFWcHgtNDlzRE9BeUpSY05IX0NNcm9Uem5Ydjh4dTlic3lVRmhvQ1FvdHRLbEdSanBRSUNzQ0hld3FSTXBIeE5xVUN5SjJuZ0JYUW5WV0RhaXBTQ0s4ek8zYS0yeEVfRWU0T3l2cmJwNEFwYXM3X1Y2ZFNaQ0U0LWNoSmxXRzJqNTF5VnUwbUt4ZnpsbXZNLVNmalpkb1o5YVlITElsNVNGZmJhTXF0d0xvdmJIdmJXa0ZtME1YTllZam1pQzc0bTRWMUtzS2FGbW9zLTFEeWVqZl81QnFqVnQ0YVp0Zm5VeFVHbHhJN1RHUThUSzZJc2xB?oc=5"" target=""_blank"">Ping An Bank awarded Best AI/Gen AI Application in Retail Marketing Initiative in Asia Pacific for groundbreaking achievements in AI-driven content marketing</a>&nbsp;&nbsp;<font color=""#6f6f6f"">The Asian Banker</font>",https://news.google.com/rss/articles/CBMingJBVV95cUxQVGt0SWs5SGJROVpUYW4tZVdROVRSZFZpTGdnRktRbXVyanNPdjFWcHgtNDlzRE9BeUpSY05IX0NNcm9Uem5Ydjh4dTlic3lVRmhvQ1FvdHRLbEdSanBRSUNzQ0hld3FSTXBIeE5xVUN5SjJuZ0JYUW5WV0RhaXBTQ0s4ek8zYS0yeEVfRWU0T3l2cmJwNEFwYXM3X1Y2ZFNaQ0U0LWNoSmxXRzJqNTF5VnUwbUt4ZnpsbXZNLVNmalpkb1o5YVlITElsNVNGZmJhTXF0d0xvdmJIdmJXa0ZtME1YTllZam1pQzc0bTRWMUtzS2FGbW9zLTFEeWVqZl81QnFqVnQ0YVp0Zm5VeFVHbHhJN1RHUThUSzZJc2xB?oc=5,Ping An Bank,Ping An Bank awarded Best AI/Gen AI Application in Retail Marketing Initiative in Asia Pacific for groundbreaking achievements in AI-driven content marketing - The Asian Banker. Ping An Bank awarded Best AI/Gen AI Application in Retail Marketing Initiative in Asia Pacific for groundbreaking achievements in AI-driven content marketing The Asian Banker,positive,0.9183142,en,bootstrap,mixed_real_news_v6
2025-07-09,2025-07-09T07:00:00+00:00,000001.SZ,"""Ping An Bank"" - Google News","Ping An Bank wins Best Customer Loyalty and Rewards Initiative in Asia Pacific for making loyalty rewards more attractive, seamless and accessible - The Asian Banker","<a href=""https://news.google.com/rss/articles/CBMikgJBVV95cUxPTVZvUDZydmF4VkZ1RTZibnh5WWFYRlNoeEVPbEdvVl9ESTZNTjJDOEgyWUZ0amhtNERHTjhnZ3NKeW91ZE5tS0kzbmNUWU5maldudmhHM0piUVMwU1JoLWNSWVZvaWtQTXRHQWU0Z2piTnI2Y0VHOXhGd2VNSGp4ZWx0ODByZFdDWDEzUDZ3bXBubU1WQ3AyTThQYjVIbU55LVhra0RaTlNtaWNBQXhlbVRxM09rVFR0NFdhOFV0aGNPa1VfLURXYktFTGVXUldVdkZ4cFhfV3pUWDMzRExYWTc1eUh0eFd5aVc3V0s4OG9DejJOWkZKbXRDYzhfTEk1aU9NZ0lQdUR1WnNzeXByWWJn?oc=5"" target=""_blank"">Ping An Bank wins Best Customer Loyalty and Rewards Initiative in Asia Pacific for making loyalty rewards more attractive, seamless and accessible</a>&nbsp;&nbsp;<font color=""#6f6f6f"">The Asian Banker</font>",https://news.google.com/rss/articles/CBMikgJBVV95cUxPTVZvUDZydmF4VkZ1RTZibnh5WWFYRlNoeEVPbEdvVl9ESTZNTjJDOEgyWUZ0amhtNERHTjhnZ3NKeW91ZE5tS0kzbmNUWU5maldudmhHM0piUVMwU1JoLWNSWVZvaWtQTXRHQWU0Z2piTnI2Y0VHOXhGd2VNSGp4ZWx0ODByZFdDWDEzUDZ3bXBubU1WQ3AyTThQYjVIbU55LVhra0RaTlNtaWNBQXhlbVRxM09rVFR0NFdhOFV0aGNPa1VfLURXYktFTGVXUldVdkZ4cFhfV3pUWDMzRExYWTc1eUh0eFd5aVc3V0s4OG9DejJOWkZKbXRDYzhfTEk1aU9NZ0lQdUR1WnNzeXByWWJn?oc=5,Ping An Bank,"Ping An Bank wins Best Customer Loyalty and Rewards Initiative in Asia Pacific for making loyalty rewards more attractive, seamless and accessible - The Asian Banker. Ping An Bank wins Best Customer Loyalty and Rewards Initiative in Asia Pacific for making loyalty rewards more attractive, seamless and accessible The Asian Banker",positive,0.922261,en,bootstrap,mixed_real_news_v6
2025-08-27,2025-08-27T07:00:00+00:00,000001.SZ,"""Ping An Bank"" - Google News",Ping An Bank past the worst point for net profit growth: analysts - Asian Banking & Finance,"<a href=""https://news.google.com/rss/articles/CBMirAFBVV95cUxQOTNVSkZtajIyVDNvdHl3OFFDQjhLZ25nZWI0RWJGNzZDeTZNRVZkSVZoamNTLUZLNnFxSlpuaHJZSnNSZnB4WGJqWDhzVkNCM0pOcFhOZmFGRmI4ZGhiQ3lxbGthTjl0NXVram5iemRzbzBKcmxqWTVRdHFod1pZYjVkcWpMNTZCRlp3TkI1VW15SDRRbER1dG9KS3g5Sm5VYW5HTTdFR2l4ZE51?oc=5"" target=""_blank"">Ping An Bank past the worst point for net profit growth: analysts</a>&nbsp;&nbsp;<font color=""#6f6f6f"">Asian Banking & Finance</font>",https://news.google.com/rss/articles/CBMirAFBVV95cUxQOTNVSkZtajIyVDNvdHl3OFFDQjhLZ25nZWI0RWJGNzZDeTZNRVZkSVZoamNTLUZLNnFxSlpuaHJZSnNSZnB4WGJqWDhzVkNCM0pOcFhOZmFGRmI4ZGhiQ3lxbGthTjl0NXVram5iemRzbzBKcmxqWTVRdHFod1pZYjVkcWpMNTZCRlp3TkI1VW15SDRRbER1dG9KS3g5Sm5VYW5HTTdFR2l4ZE51?oc=5,Ping An Bank,Ping An Bank past the worst point for net profit growth: analysts - Asian Banking & Finance. Ping An Bank past the worst point for net profit growth: analysts Asian Banking & Finance,negative,-0.8966484,en,bootstrap,mixed_real_news_v6
2025-10-11,2025-10-11T07:00:00+00:00,000001.SZ,"""平安银行"" - Google 新闻",平安银行MSCI ESG评级升至AA 五年实现三级跃升 - 新华网,"<a href=""https://news.google.com/rss/articles/CBMifkFVX3lxTE1LaUVJMkhtNVRncHpnbkh4S1U2OUJDdnpWMEszWGpJeFJLZDN4RkdjUE8yak5sQ3hFdzFNSERlOF9kYUFORmM3SU5HQjBNN1ZYLXFEck9kTWFLVk9GUWVFVm00X0tyUF9PVllnSHJ0bXc4TFRVVVRiNVl4N1lVQQ?oc=5"" target=""_blank"">平安银行MSCI ESG评级升至AA 五年实现三级跃升</a>&nbsp;&nbsp;<font color=""#6f6f6f"">新华网</font>",https://news.google.com/rss/articles/CBMifkFVX3lxTE1LaUVJMkhtNVRncHpnbkh4S1U2OUJDdnpWMEszWGpJeFJLZDN4RkdjUE8yak5sQ3hFdzFNSERlOF9kYUFORmM3SU5HQjBNN1ZYLXFEck9kTWFLVk9GUWVFVm00X0tyUF9PVllnSHJ0bXc4TFRVVVRiNVl4N1lVQQ?oc=5,平安银行,平安银行MSCI ESG评级升至AA 五年实现三级跃升 - 新华网. 平安银行MSCI ESG评级升至AA 五年实现三级跃升 新华网,neutral,0.03272467,zh,bootstrap,mixed_real_news_v6
2025-10-24,2025-10-24T07:00:00+00:00,000001.SZ,"""Ping An Bank"" - Google News",Ping An Bank drives business innovation through AI - The Asian Banker,"<a href=""https://news.google.com/rss/articles/CBMipAFBVV95cUxNeVl6cm5URS16V1lRWGZRQ0QtWmVVWlZRbnM2NzhtUXVpOWFyaWJvZzhnR3VEUHZCcHBlV1R3N2RqVl92NGxOaEFhYmdXbTdXY0xjQ1E3c2lUZVVpLWZLb0VoU1ZPT2RXRElkNm5PT0l3SWVxZXpacWx5cmNLRmttTnpHU0JzeDI4ZU1xZ21zMW5TR3B5ZWJyTkNrN3diVTV1NG0yVw?oc=5"" target=""_blank"">Ping An Bank drives business innovation through AI</a>&nbsp;&nbsp;<font color=""#6f6f6f"">The Asian Banker</font>",https://news.google.com/rss/articles/CBMipAFBVV95cUxNeVl6cm5URS16V1lRWGZRQ0QtWmVVWlZRbnM2NzhtUXVpOWFyaWJvZzhnR3VEUHZCcHBlV1R3N2RqVl92NGxOaEFhYmdXbTdXY0xjQ1E3c2lUZVVpLWZLb0VoU1ZPT2RXRElkNm5PT0l3SWVxZXpacWx5cmNLRmttTnpHU0JzeDI4ZU1xZ21zMW5TR3B5ZWJyTkNrN3diVTV1NG0yVw?oc=5,Ping An Bank,Ping An Bank drives business innovation through AI - The Asian Banker. Ping An Bank drives business innovation through AI The Asian Banker,neutral,0.041529726,en,bootstrap,mixed_real_news_v6
2025-10-24,2025-10-24T07:00:00+00:00,000001.SZ,"""Ping An Bank"" - Google 新闻",平安银行：独立董事提名人声明与承诺潘敏 - Moomoo,"<a href=""https://news.google.com/rss/articles/CBMiswFBVV95cUxPTVFHOWZublBWWmVNZDk1MFhReHY5WTF0M2dGYnZlS2hLbzZRVHJMQlhQVFV5LXZndEI4WU1aRmRsM3hidV96Sl9kX1Jiei1SX1E4TVczNElLU2Q5eE1VcVdyc3BTVlVtVjA0ZjVpUHhfM3ZEa0pWZzQ3VHJyOUtnUkdxNlVWbTN5X2VhWTRtVk0xZWo1VUlZQ3plc1NYakIxU0xTV0FLS2dXa0w4dmhhSEtscw?oc=5"" target=""_blank"">平安银行：独立董事提名人声明与承诺潘敏</a>&nbsp;&nbsp;<font color=""#6f6f6f"">Moomoo</font>",https://news.google.com/rss/articles/CBMiswFBVV95cUxPTVFHOWZublBWWmVNZDk1MFhReHY5WTF0M2dGYnZlS2hLbzZRVHJMQlhQVFV5LXZndEI4WU1aRmRsM3hidV96Sl9kX1Jiei1SX1E4TVczNElLU2Q5eE1VcVdyc3BTVlVtVjA0ZjVpUHhfM3ZEa0pWZzQ3VHJyOUtnUkdxNlVWbTN5X2VhWTRtVk0xZWo1VUlZQ3plc1NYakIxU0xTV0FLS2dXa0w4dmhhSEtscw?oc=5,Ping An Bank,平安银行：独立董事提名人声明与承诺潘敏 - Moomoo. 平安银行：独立董事提名人声明与承诺潘敏 Moomoo,neutral,0.033522032,zh,bootstrap,mixed_real_news_v6
2025-10-24,2025-10-24T07:00:00+00:00,000001.SZ,"""平安银行"" - Google 新闻",平安银行北京分行被罚544.12万元；山西金融监管局发布《关于警惕助贷合作平台不法行为侵害的风险提示》；盛银消费金融将迎新董事长｜金融科技周报 - news.caijingmobile.com,"<a href=""https://news.google.com/rss/articles/CBMic0FVX3lxTE1HUFNON2hvSGwxVVVhOHdtOC1XeG5hYU1CdU9URmVac1ViZFc4NVhOSlJYRXRPVXlYdjVEdU81SUhiai1EbkR3dS1GbWxJY0c4VF9yRTdlQnBERDROd0h2Nk5wRURWdDlDUjJyeF9uNXpnWlk?oc=5"" target=""_blank"">平安银行北京分行被罚544.12万元；山西金融监管局发布《关于警惕助贷合作平台不法行为侵害的风险提示》；盛银消费金融将迎新董事长｜金融科技周报</a>&nbsp;&nbsp;<font color=""#6f6f6f"">news.caijingmobile.com</font>",https://news.google.com/rss/articles/CBMic0FVX3lxTE1HUFNON2hvSGwxVVVhOHdtOC1XeG5hYU1CdU9URmVac1ViZFc4NVhOSlJYRXRPVXlYdjVEdU81SUhiai1EbkR3dS1GbWxJY0c4VF9yRTdlQnBERDROd0h2Nk5wRURWdDlDUjJyeF9uNXpnWlk?oc=5,平安银行,平安银行北京分行被罚544.12万元；山西金融监管局发布《关于警惕助贷合作平台不法行为侵害的风险提示》；盛银消费金融将迎新董事长｜金融科技周报 - news.caijingmobile.com. 平安银行北京分行被罚544.12万元；山西金融监管局发布《关于警惕助贷合作平台不法行为侵害的风险提示》；盛银消费金融将迎新董事长｜金融科技周报 news.caijingmobile.com,neutral,0.013740256,zh,bootstrap,mixed_real_news_v6
2025-10-26,2025-10-26T07:00:00+00:00,000001.SZ,"""平安银行"" - Google 新闻",平安银行前三季度营收盈利降幅收窄 三季度净息差环比上升 - 财新,"<a href=""https://news.google.com/rss/articles/CBMiYkFVX3lxTE5KbXl1a0dwZWswS3Zvd1dUbEw2YW50MVJITFZROHgyZGZkTDVNYmFHSDd5MkhXblZBOGJFQ2FWSkNuYU1lMU9mcnRoSDEzd2pfWjlSZzI3dGVBcVpBWHFCeWtB?oc=5"" target=""_blank"">平安银行前三季度营收盈利降幅收窄 三季度净息差环比上升</a>&nbsp;&nbsp;<font color=""#6f6f6f"">财新</font>",https://news.google.com/rss/articles/CBMiYkFVX3lxTE5KbXl1a0dwZWswS3Zvd1dUbEw2YW50MVJITFZROHgyZGZkTDVNYmFHSDd5MkhXblZBOGJFQ2FWSkNuYU1lMU9mcnRoSDEzd2pfWjlSZzI3dGVBcVpBWHFCeWtB?oc=5,平安银行,平安银行前三季度营收盈利降幅收窄 三季度净息差环比上升 - 财新. 平安银行前三季度营收盈利降幅收窄 三季度净息差环比上升 财新,neutral,0.10973899,zh,bootstrap,mixed_real_news_v6
2025-12-18,2025-12-18T08:00:00+00:00,000001.SZ,"""平安银行"" - Google 新闻",与特区同频共振 平安银行珠海分行书写金融“五篇大文章”珠海答卷 - 珠海网,"<a href=""https://news.google.com/rss/articles/CBMid0FVX3lxTE03YUwwaDhOeDVpY0NBYXNERjRnX3U4UXR5Y1BTcWhGa01xLXZWUVVlLVg5YXYySHp1ZEpyUVNkYV81Z1k3VjBQU2NWNm1PMWk0clhUWlJZaV9Kek1iMEhLamZoczBaYUtMSmc1bktRNll3Wm1mdTFr?oc=5"" target=""_blank"">与特区同频共振 平安银行珠海分行书写金融“五篇大文章”珠海答卷</a>&nbsp;&nbsp;<font color=""#6f6f6f"">珠海网</font>",https://news.google.com/rss/articles/CBMid0FVX3lxTE03YUwwaDhOeDVpY0NBYXNERjRnX3U4UXR5Y1BTcWhGa01xLXZWUVVlLVg5YXYySHp1ZEpyUVNkYV81Z1k3VjBQU2NWNm1PMWk0clhUWlJZaV9Kek1iMEhLamZoczBaYUtMSmc1bktRNll3Wm1mdTFr?oc=5,平安银行,与特区同频共振 平安银行珠海分行书写金融“五篇大文章”珠海答卷 - 珠海网. 与特区同频共振 平安银行珠海分行书写金融“五篇大文章”珠海答卷 珠海网,neutral,0.10382734,zh,bootstrap,mixed_real_news_v6
2025-12-30,2025-12-30T08:00:00+00:00,000001.SZ,"""平安银行"" - Google 新闻",金融+咖啡：平安银行信用卡与瑞幸共拓年轻生态新场景 - 新浪新闻_手机新浪网,"<a href=""https://news.google.com/rss/articles/CBMidEFVX3lxTE5ISy1mT3Z2Vk1QUW9IeFNKSWYtbGc3ZlBaQVBwR2NtLU92M1A2YnNKOGdoY0hxdnhsY3lOZDhyMlc3aTllam9va1JkR3RHZ1hvaURFWk1sUHBibE1RSjZZUVdJZjV5OHhuMDE1d0piMlk5eEk4?oc=5"" target=""_blank"">金融+咖啡：平安银行信用卡与瑞幸共拓年轻生态新场景</a>&nbsp;&nbsp;<font color=""#6f6f6f"">新浪新闻_手机新浪网</font>",https://news.google.com/rss/articles/CBMidEFVX3lxTE5ISy1mT3Z2Vk1QUW9IeFNKSWYtbGc3ZlBaQVBwR2NtLU92M1A2YnNKOGdoY0hxdnhsY3lOZDhyMlc3aTllam9va1JkR3RHZ1hvaURFWk1sUHBibE1RSjZZUVdJZjV5OHhuMDE1d0piMlk5eEk4?oc=5,平安银行,金融+咖啡：平安银行信用卡与瑞幸共拓年轻生态新场景 - 新浪新闻_手机新浪网. 金融+咖啡：平安银行信用卡与瑞幸共拓年轻生态新场景 新浪新闻_手机新浪网,neutral,0.0762736,zh,bootstrap,mixed_real_news_v6
2026-02-11,2026-02-11T08:00:00+00:00,000001.SZ,"""平安银行"" - Google 新闻",再关一网点，平安银行坦洲支行开业五年多后终止营业 - 中国经济网,"<a href=""https://news.google.com/rss/articles/CBMic0FVX3lxTE12WllIcFlBQlA3clBOaXpfd0FPd3JvZmpZLWNjYklQZC12cDJrSXFsR01YdDA0RDlSdTZyMlRmbk50dXgtYzZrMkVGZFFzLW1nTlhuOEU5d0xQNWk0cTdIZ20tQ2JZVlZQWFROczAtN19rU0k?oc=5"" target=""_blank"">再关一网点，平安银行坦洲支行开业五年多后终止营业</a>&nbsp;&nbsp;<font color=""#6f6f6f"">中国经济网</font>",https://news.google.com/rss/articles/CBMic0FVX3lxTE12WllIcFlBQlA3clBOaXpfd0FPd3JvZmpZLWNjYklQZC12cDJrSXFsR01YdDA0RDlSdTZyMlRmbk50dXgtYzZrMkVGZFFzLW1nTlhuOEU5d0xQNWk0cTdIZ20tQ2JZVlZQWFROczAtN19rU0k?oc=5,平安银行,再关一网点，平安银行坦洲支行开业五年多后终止营业 - 中国经济网. 再关一网点，平安银行坦洲支行开业五年多后终止营业 中国经济网,neutral,0.06739497,zh,bootstrap,mixed_real_news_v6
2026-02-15,2026-02-15T08:00:00+00:00,000001.SZ,"""Ping An Bank"" - Google News",The Truth About Ping An Bank Co Ltd: Is This Chinese Finance Giant a Hidden Power Play or Total Over - AD HOC NEWS,"<a href=""https://news.google.com/rss/articles/CBMixAFBVV95cUxOQlc5UV9UdV9Wc2t6WW1pR2pKQjJxTDlCR0FOUFBTMlRGZWNrSTFYZVM5YUhJZW9vd0ZXUUQ1X1IzcFE5bTB2cnhseExLM21UM2I3V2ZPS0tWTHVJbGFuUk9NS3lCRDExUUtxcWhsNnhEelByVjdvNkxBSXliWWdhSEN5Wk12TEF5NFBIczdJZGgtNXNuU2YxSDRZZ3UyejllNElPSXR0Mi1NTVEzclE3VjN1NFhURDRSN1UyR0J1MzhtYTNF?oc=5"" target=""_blank"">The Truth About Ping An Bank Co Ltd: Is This Chinese Finance Giant a Hidden Power Play or Total Over</a>&nbsp;&nbsp;<font color=""#6f6f6f"">AD HOC NEWS</font>",https://news.google.com/rss/articles/CBMixAFBVV95cUxOQlc5UV9UdV9Wc2t6WW1pR2pKQjJxTDlCR0FOUFBTMlRGZWNrSTFYZVM5YUhJZW9vd0ZXUUQ1X1IzcFE5bTB2cnhseExLM21UM2I3V2ZPS0tWTHVJbGFuUk9NS3lCRDExUUtxcWhsNnhEelByVjdvNkxBSXliWWdhSEN5Wk12TEF5NFBIczdJZGgtNXNuU2YxSDRZZ3UyejllNElPSXR0Mi1NTVEzclE3VjN1NFhURDRSN1UyR0J1MzhtYTNF?oc=5,Ping An Bank,The Truth About Ping An Bank Co Ltd: Is This Chinese Finance Giant a Hidden Power Play or Total Over - AD HOC NEWS. The Truth About Ping An Bank Co Ltd: Is This Chinese Finance Giant a Hidden Power Play or Total Over AD HOC NEWS,neutral,-0.04011164,en,bootstrap,mixed_real_news_v6
2026-03-11,2026-03-11T07:00:00+00:00,000001.SZ,"""Ping An Bank"" - Google News","Ping An Bank announces withdrawal from personal ""gold trading"" business - Bitget","<a href=""https://news.google.com/rss/articles/CBMiZEFVX3lxTE10NTVXeEI2LVl0RW5lVi1nNmg1OEhpSkZoTVNGSE5OQkZlcnZKa0dzYWpPMmlOQWFRc3hPeUkxYXRDa2c0empnSkE1NGVIU0wtOGY3b3pUcEUyRlNXUUNOUWVFUXPSAWpBVV95cUxNZTdBVXpuY1cyR2ZsbUZOakIzaUZ0dnFlUFNvQnhFSzJnQkxBUGhuX2hFZVg1bER4NE04RkR1TTNjM050aGsxSFVtR29WaU0yVGphV1VkMWFrcnBUTmk4MGhHNGZ4OWcwVlZR?oc=5"" target=""_blank"">Ping An Bank announces withdrawal from personal ""gold trading"" business</a>&nbsp;&nbsp;<font color=""#6f6f6f"">Bitget</font>",https://news.google.com/rss/articles/CBMiZEFVX3lxTE10NTVXeEI2LVl0RW5lVi1nNmg1OEhpSkZoTVNGSE5OQkZlcnZKa0dzYWpPMmlOQWFRc3hPeUkxYXRDa2c0empnSkE1NGVIU0wtOGY3b3pUcEUyRlNXUUNOUWVFUXPSAWpBVV95cUxNZTdBVXpuY1cyR2ZsbUZOakIzaUZ0dnFlUFNvQnhFSzJnQkxBUGhuX2hFZVg1bER4NE04RkR1TTNjM050aGsxSFVtR29WaU0yVGphV1VkMWFrcnBUTmk4MGhHNGZ4OWcwVlZR?oc=5,Ping An Bank,"Ping An Bank announces withdrawal from personal ""gold trading"" business - Bitget. Ping An Bank announces withdrawal from personal ""gold trading"" business Bitget",negative,-0.8158871,en,bootstrap,mixed_real_news_v6
2026-03-11,2026-03-11T07:00:00+00:00,000001.SZ,"""平安银行"" - Google 新闻",平安银行：4月1日起逐步关闭现货实盘买入等相关业务权限并退出该业务 - 东方财富,"<a href=""https://news.google.com/rss/articles/CBMiYEFVX3lxTE9GXzd5bkpIYUpuRWJMMHNncWdKdVNicHBXQjRnSG9UaE41RDJSRHctNkNoaDljWmVXeGFTMi02ZVJfbE5RVkVQbUU5RnVKc1loazhLa191SDAySFJTcEthcQ?oc=5"" target=""_blank"">平安银行：4月1日起逐步关闭现货实盘买入等相关业务权限并退出该业务</a>&nbsp;&nbsp;<font color=""#6f6f6f"">东方财富</font>",https://news.google.com/rss/articles/CBMiYEFVX3lxTE9GXzd5bkpIYUpuRWJMMHNncWdKdVNicHBXQjRnSG9UaE41RDJSRHctNkNoaDljWmVXeGFTMi02ZVJfbE5RVkVQbUU5RnVKc1loazhLa191SDAySFJTcEthcQ?oc=5,平安银行,平安银行：4月1日起逐步关闭现货实盘买入等相关业务权限并退出该业务 - 东方财富. 平安银行：4月1日起逐步关闭现货实盘买入等相关业务权限并退出该业务 东方财富,neutral,0.032593857,zh,bootstrap,mixed_real_news_v6
2026-03-13,2026-03-13T07:00:00+00:00,000001.SZ,"""平安银行"" - Google 新闻",金融315｜平安银行上海分行开展“平安相伴暖‘新’同行”金融教育宣传及公益关怀行动 - thepaper.cn,"<a href=""https://news.google.com/rss/articles/CBMiXkFVX3lxTE05aXcwaV9KQVpNeFctaTN3OU9lcm1UYWRFM1c5c0VQLVMwYy1rQjhYX1EzVERaU0hfLURmWkp6OVFMWEl4bzdlQ0EzcG1aVUxEc09sTXZVVlowT3lHLXc?oc=5"" target=""_blank"">金融315｜平安银行上海分行开展“平安相伴暖‘新’同行”金融教育宣传及公益关怀行动</a>&nbsp;&nbsp;<font color=""#6f6f6f"">thepaper.cn</font>",https://news.google.com/rss/articles/CBMiXkFVX3lxTE05aXcwaV9KQVpNeFctaTN3OU9lcm1UYWRFM1c5c0VQLVMwYy1rQjhYX1EzVERaU0hfLURmWkp6OVFMWEl4bzdlQ0EzcG1aVUxEc09sTXZVVlowT3lHLXc?oc=5,平安银行,金融315｜平安银行上海分行开展“平安相伴暖‘新’同行”金融教育宣传及公益关怀行动 - thepaper.cn. 金融315｜平安银行上海分行开展“平安相伴暖‘新’同行”金融教育宣传及公益关怀行动 thepaper.cn,neutral,0.051165197,zh,bootstrap,mixed_real_news_v6
2026-03-16,2026-03-16T07:00:00+00:00,000001.SZ,"""平安银行"" - Google 新闻",平安银行北京分行走进中关村东升科技园“金融+科技”跨界融合 开启消保宣教新范式 - 中国网海丝频道,"<a href=""https://news.google.com/rss/articles/CBMiZkFVX3lxTE5kOXBkbWVtMWZXV2o2ZHZ4dzJWSDNmdS1LVUEzZDk4VGVBMXdOb09CcEx6QmFEYWUyZC11MnZGNlY0Y09HajNXTlUzZ0F2bHNFbWxFcVloQkw5VlZkTUFnQ2Vsb1Brdw?oc=5"" target=""_blank"">平安银行北京分行走进中关村东升科技园“金融+科技”跨界融合 开启消保宣教新范式</a>&nbsp;&nbsp;<font color=""#6f6f6f"">中国网海丝频道</font>",https://news.google.com/rss/articles/CBMiZkFVX3lxTE5kOXBkbWVtMWZXV2o2ZHZ4dzJWSDNmdS1LVUEzZDk4VGVBMXdOb09CcEx6QmFEYWUyZC11MnZGNlY0Y09HajNXTlUzZ0F2bHNFbWxFcVloQkw5VlZkTUFnQ2Vsb1Brdw?oc=5,平安银行,平安银行北京分行走进中关村东升科技园“金融+科技”跨界融合 开启消保宣教新范式 - 中国网海丝频道. 平安银行北京分行走进中关村东升科技园“金融+科技”跨界融合 开启消保宣教新范式 中国网海丝频道,neutral,0.17639726,zh,bootstrap,mixed_real_news_v6
2026-03-20,2026-03-20T07:00:00+00:00,000001.SZ,"""Ping An Bank"" - Google News","Ping An Bank Co., Ltd. Reports Earnings Results for the Full Year Ended December 31, 2025 - marketscreener.com","<a href=""https://news.google.com/rss/articles/CBMi1AFBVV95cUxPNHNMNElPR1dKaF84OTZubWV0OEc2T29NUmJfQjVueUc0bW1LUW1XemhEQzBlaVVRRDJvUVo0UHM2akUydVQ2NTRvT3Jvbmk2ZEdTR2ZaSXFzVHpaNmxJaGNZT3dxajJiQUdfZS1uOGdyemQ3YXRXVEhBWG5BbGNjNlFlN3pRN3V5eVg1dVBfdndUT3dPdEcxVmZJZUhiSUlDOU1ESHBHMkt2dDNqLW1HZWFJbEdBenVWTXh3aTNZeHdneTJyZ2RtRUdjTXA2aXZjU1ROXw?oc=5"" target=""_blank"">Ping An Bank Co., Ltd. Reports Earnings Results for the Full Year Ended December 31, 2025</a>&nbsp;&nbsp;<font color=""#6f6f6f"">marketscreener.com</font>",https://news.google.com/rss/articles/CBMi1AFBVV95cUxPNHNMNElPR1dKaF84OTZubWV0OEc2T29NUmJfQjVueUc0bW1LUW1XemhEQzBlaVVRRDJvUVo0UHM2akUydVQ2NTRvT3Jvbmk2ZEdTR2ZaSXFzVHpaNmxJaGNZT3dxajJiQUdfZS1uOGdyemQ3YXRXVEhBWG5BbGNjNlFlN3pRN3V5eVg1dVBfdndUT3dPdEcxVmZJZUhiSUlDOU1ESHBHMkt2dDNqLW1HZWFJbEdBenVWTXh3aTNZeHdneTJyZ2RtRUdjTXA2aXZjU1ROXw?oc=5,Ping An Bank,"Ping An Bank Co., Ltd. Reports Earnings Results for the Full Year Ended December 31, 2025 - marketscreener.com. Ping An Bank Co., Ltd. Reports Earnings Results for the Full Year Ended December 31, 2025 marketscreener.com",neutral,-0.068508394,en,bootstrap,mixed_real_news_v6
2026-03-20,2026-03-20T07:00:00+00:00,000001.SZ,"""平安银行"" - Google 新闻",平安银行年报“出炉”：2025年分红百亿，净息差下降9个基点 - 21财经,"<a href=""https://news.google.com/rss/articles/CBMijwFBVV95cUxNWTJMZDA0Tm54T05qc1RUemI2WmlMUWlpTlMzV3NxbVloNmZISEZiRU5SVW9HZ1lZeXZCNmZCMGNiWlhDTGNtbEtwQ1E5c3Y0NTlVWl9qeVF2T0tDcTZUVHJoOVVTNFdFRmNDNFlFOC1EdTZZR0JBRm44R1hPWERyekI0cVZTZ1JSM180d0Q5dw?oc=5"" target=""_blank"">平安银行年报“出炉”：2025年分红百亿，净息差下降9个基点</a>&nbsp;&nbsp;<font color=""#6f6f6f"">21财经</font>",https://news.google.com/rss/articles/CBMijwFBVV95cUxNWTJMZDA0Tm54T05qc1RUemI2WmlMUWlpTlMzV3NxbVloNmZISEZiRU5SVW9HZ1lZeXZCNmZCMGNiWlhDTGNtbEtwQ1E5c3Y0NTlVWl9qeVF2T0tDcTZUVHJoOVVTNFdFRmNDNFlFOC1EdTZZR0JBRm44R1hPWERyekI0cVZTZ1JSM180d0Q5dw?oc=5,平安银行,平安银行年报“出炉”：2025年分红百亿，净息差下降9个基点 - 21财经. 平安银行年报“出炉”：2025年分红百亿，净息差下降9个基点 21财经,neutral,0.04828261,zh,bootstrap,mixed_real_news_v6
2026-03-21,2026-03-21T07:00:00+00:00,000001.SZ,"""Ping An Bank"" - Google 新闻",直播互动丨3月23日—平安银行2025年度业绩发布会 - 新浪财经,"<a href=""https://news.google.com/rss/articles/CBMihwFBVV95cUxOQ01QLUpMVUJfRWZuc0tOWlFBdmtNbUNSLVhmeUJHM3N3cWNuV3NoaG9IWTNySUFhRmItRVNMUnc3RnlfNnNGbmRaY1ZKWEt3VW5Sa0pFOXB3bDE1U3RibUlyRzRsXy02WDVrMDhuaXJ2clhqWWNVMkpjbVR1aVBQdDB0aTJnZGc?oc=5"" target=""_blank"">直播互动丨3月23日—平安银行2025年度业绩发布会</a>&nbsp;&nbsp;<font color=""#6f6f6f"">新浪财经</font>",https://news.google.com/rss/articles/CBMihwFBVV95cUxOQ01QLUpMVUJfRWZuc0tOWlFBdmtNbUNSLVhmeUJHM3N3cWNuV3NoaG9IWTNySUFhRmItRVNMUnc3RnlfNnNGbmRaY1ZKWEt3VW5Sa0pFOXB3bDE1U3RibUlyRzRsXy02WDVrMDhuaXJ2clhqWWNVMkpjbVR1aVBQdDB0aTJnZGc?oc=5,Ping An Bank,直播互动丨3月23日—平安银行2025年度业绩发布会 - 新浪财经. 直播互动丨3月23日—平安银行2025年度业绩发布会 新浪财经,neutral,0.06939476,zh,bootstrap,mixed_real_news_v6
2026-03-21,2026-03-21T07:00:00+00:00,000001.SZ,"""平安银行"" - Google 新闻",平安银行业绩出炉，拟派现超115亿元！ - 东方财富,"<a href=""https://news.google.com/rss/articles/CBMiYEFVX3lxTE5teE9fdENXeUNtNmdPd2lqcmc4TlZhZFROemY1bDlpVXRtWTlpeDZvUkV1MHRHY2JPcnVESzI4enptQnVZSEF3Z2tOUHVVTGFJcHptN21vVWVIWFJrajZrZw?oc=5"" target=""_blank"">平安银行业绩出炉，拟派现超115亿元！</a>&nbsp;&nbsp;<font color=""#6f6f6f"">东方财富</font>",https://news.google.com/rss/articles/CBMiYEFVX3lxTE5teE9fdENXeUNtNmdPd2lqcmc4TlZhZFROemY1bDlpVXRtWTlpeDZvUkV1MHRHY2JPcnVESzI4enptQnVZSEF3Z2tOUHVVTGFJcHptN21vVWVIWFJrajZrZw?oc=5,平安银行,平安银行业绩出炉，拟派现超115亿元！ - 东方财富. 平安银行业绩出炉，拟派现超115亿元！ 东方财富,neutral,0.038137086,zh,bootstrap,mixed_real_news_v6
2026-03-23,2026-03-23T07:00:00+00:00,000001.SZ,"""Ping An Bank"" - Google News","Ping An Bank: Reforms stabilized asset quality and set the stage for growth in 2026, despite 2025 profit decline - TradingView","<a href=""https://news.google.com/rss/articles/CBMiowJBVV95cUxPSi14SnRYSUhFNFZXNnpVVjBvYnpJa3lxT2NGbnhzZVpoWWJsbm13UGVoUmI2dFV5VU5DM25hWExSUTBQYU8tLUg0SWh3a1dYRHVpZm1aLWhGVEswSk5VOTNya0U2ZGQ2YXV2Q2QxMHZENHZ2VmJoZGlaV1haOTJvYVJYNVpESG93UmVURGNLTXJJV3ltZnFzSXFhOHVJNDJZckpoR2I0a1p2cVhKVUJGZkNZVXY2bjhQRUVEZlRvZkFfZVRJdko2eGFvSGlUY3hsWG1ienpkQmpRTUlLSHBna3JmNjhJTFFLZUsxTGtibkt2QllGZkM4UjlPZ2RUR2RTaXVweUpUU2JuY3o2bVd4dnRSalltZDBMY3pSTkw5TmtIX1U?oc=5"" target=""_blank"">Ping An Bank: Reforms stabilized asset quality and set the stage for growth in 2026, despite 2025 profit decline</a>&nbsp;&nbsp;<font color=""#6f6f6f"">TradingView</font>",https://news.google.com/rss/articles/CBMiowJBVV95cUxPSi14SnRYSUhFNFZXNnpVVjBvYnpJa3lxT2NGbnhzZVpoWWJsbm13UGVoUmI2dFV5VU5DM25hWExSUTBQYU8tLUg0SWh3a1dYRHVpZm1aLWhGVEswSk5VOTNya0U2ZGQ2YXV2Q2QxMHZENHZ2VmJoZGlaV1haOTJvYVJYNVpESG93UmVURGNLTXJJV3ltZnFzSXFhOHVJNDJZckpoR2I0a1p2cVhKVUJGZkNZVXY2bjhQRUVEZlRvZkFfZVRJdko2eGFvSGlUY3hsWG1ienpkQmpRTUlLSHBna3JmNjhJTFFLZUsxTGtibkt2QllGZkM4UjlPZ2RUR2RTaXVweUpUU2JuY3o2bVd4dnRSalltZDBMY3pSTkw5TmtIX1U?oc=5,Ping An Bank,"Ping An Bank: Reforms stabilized asset quality and set the stage for growth in 2026, despite 2025 profit decline - TradingView. Ping An Bank: Reforms stabilized asset quality and set the stage for growth in 2026, despite 2025 profit decline TradingView",neutral,0.39566672,en,bootstrap,mixed_real_news_v6
2026-03-23,2026-03-23T07:00:00+00:00,000001.SZ,"""平安银行"" - Google 新闻",精读财报｜平安银行：数字化加速穿透 增效降本做减法 - 新华网,"<a href=""https://news.google.com/rss/articles/CBMifkFVX3lxTE9LUHBHR3lOakw2RXBHeVpjM21QRk54YnlVYjYxQjUwMEZtc1FxVXBkQVptdkpTQ3pHdGV0bXlPOFRGUm9LV1htTU91eUh2RUhkRkhMaFFvYXU5WnFFS1h5VFRHNEI1WWRzZ25mRWdwSGZpc1Bwc1J6TDJESzN6UQ?oc=5"" target=""_blank"">精读财报｜平安银行：数字化加速穿透 增效降本做减法</a>&nbsp;&nbsp;<font color=""#6f6f6f"">新华网</font>",https://news.google.com/rss/articles/CBMifkFVX3lxTE9LUHBHR3lOakw2RXBHeVpjM21QRk54YnlVYjYxQjUwMEZtc1FxVXBkQVptdkpTQ3pHdGV0bXlPOFRGUm9LV1htTU91eUh2RUhkRkhMaFFvYXU5WnFFS1h5VFRHNEI1WWRzZ25mRWdwSGZpc1Bwc1J6TDJESzN6UQ?oc=5,平安银行,精读财报｜平安银行：数字化加速穿透 增效降本做减法 - 新华网. 精读财报｜平安银行：数字化加速穿透 增效降本做减法 新华网,neutral,0.05181671,zh,bootstrap,mixed_real_news_v6
2026-03-23,2026-03-23T07:00:00+00:00,000001.SZ,"""平安银行"" - Google 新闻",精读财报｜平安银行：资产质量整体稳健 风险改善趋势有待确认 - 新华网,"<a href=""https://news.google.com/rss/articles/CBMifkFVX3lxTE50Qk9Ed241S1haWXA1SFR0cXZnYmVhS3dKeVFNMnFBQWhMOU45MVhrYllNNHZZWDg4N0ZjWnpGSFVkVmFMYXVuU2hHX2VLNE9GR0N3YnByQm1yZ2tKUDF1SUlLMFlnT1ZsWlotbTlZSlFfdjJmaUdEbElEall4UQ?oc=5"" target=""_blank"">精读财报｜平安银行：资产质量整体稳健 风险改善趋势有待确认</a>&nbsp;&nbsp;<font color=""#6f6f6f"">新华网</font>",https://news.google.com/rss/articles/CBMifkFVX3lxTE50Qk9Ed241S1haWXA1SFR0cXZnYmVhS3dKeVFNMnFBQWhMOU45MVhrYllNNHZZWDg4N0ZjWnpGSFVkVmFMYXVuU2hHX2VLNE9GR0N3YnByQm1yZ2tKUDF1SUlLMFlnT1ZsWlotbTlZSlFfdjJmaUdEbElEall4UQ?oc=5,平安银行,精读财报｜平安银行：资产质量整体稳健 风险改善趋势有待确认 - 新华网. 精读财报｜平安银行：资产质量整体稳健 风险改善趋势有待确认 新华网,neutral,0.025087196,zh,bootstrap,mixed_real_news_v6
2026-03-23,2026-03-23T07:00:00+00:00,000001.SZ,"""平安银行"" - Google 新闻",精读财报｜平安银行：营收净利“双降” 边际改善信号初显 - 新华网,"<a href=""https://news.google.com/rss/articles/CBMifkFVX3lxTE1QeEo2OURJcDFCLWdKOVktZEVtbklEQjVPLWFta0pLcUJKT0ZUWk1UV1ZSQkRFSGp2TzhWS0FpUkJBWUl6bjlUMGl2NlRmQWNOcWVCZm5YTFBfOGlXNmFDNjNVcWdkVHRaRVU0ejJYM1J4NW9YUkw4ZkpOQ0doZw?oc=5"" target=""_blank"">精读财报｜平安银行：营收净利“双降” 边际改善信号初显</a>&nbsp;&nbsp;<font color=""#6f6f6f"">新华网</font>",https://news.google.com/rss/articles/CBMifkFVX3lxTE1QeEo2OURJcDFCLWdKOVktZEVtbklEQjVPLWFta0pLcUJKT0ZUWk1UV1ZSQkRFSGp2TzhWS0FpUkJBWUl6bjlUMGl2NlRmQWNOcWVCZm5YTFBfOGlXNmFDNjNVcWdkVHRaRVU0ejJYM1J4NW9YUkw4ZkpOQ0doZw?oc=5,平安银行,精读财报｜平安银行：营收净利“双降” 边际改善信号初显 - 新华网. 精读财报｜平安银行：营收净利“双降” 边际改善信号初显 新华网,neutral,0.04019899,zh,bootstrap,mixed_real_news_v6
2026-03-23,2026-03-23T07:00:00+00:00,000001.SZ,"""平安银行"" - Google 新闻",2026年目标“重回增长”，平安银行底气何在？ - 21财经,"<a href=""https://news.google.com/rss/articles/CBMilAFBVV95cUxQRHpEekpTZ2tabHdRakMyYTNoWFd0THA3MF9pTFg3aTdtOVpwVjVoRUJYOFZ1SFI5ZFZ2dDRIa0FWVTRhYmRkV1ktMl9XUGFYSlJhVGdQaXAtQzJLOW0wRmd3aEtWdl9SQWlnSzVKSUZGUVdoZXhEYnQzRmd5RHo4R0tBVHJjM05yWXI1YUxmRTRQaFFJ?oc=5"" target=""_blank"">2026年目标“重回增长”，平安银行底气何在？</a>&nbsp;&nbsp;<font color=""#6f6f6f"">21财经</font>",https://news.google.com/rss/articles/CBMilAFBVV95cUxQRHpEekpTZ2tabHdRakMyYTNoWFd0THA3MF9pTFg3aTdtOVpwVjVoRUJYOFZ1SFI5ZFZ2dDRIa0FWVTRhYmRkV1ktMl9XUGFYSlJhVGdQaXAtQzJLOW0wRmd3aEtWdl9SQWlnSzVKSUZGUVdoZXhEYnQzRmd5RHo4R0tBVHJjM05yWXI1YUxmRTRQaFFJ?oc=5,平安银行,2026年目标“重回增长”，平安银行底气何在？ - 21财经. 2026年目标“重回增长”，平安银行底气何在？ 21财经,neutral,0.049456242,zh,bootstrap,mixed_real_news_v6
2026-03-23,2026-03-23T07:00:00+00:00,000001.SZ,"""平安银行"" - Google 新闻",2026年目标“重回增长”，平安银行底气何在？ - 21财经,"<a href=""https://news.google.com/rss/articles/CBMijwFBVV95cUxOYV8xcHZDeGJvSW9idEI5clRjZnZxcUU1eDViaXZHbHhyMTU0RWtQSTdKeUNXVWNuVzlmcGtVNkpQcVdxcWlaMVRXVUh4WW92UlhLUHFhVG9kOWRRNVUzS1dBd2FmXzE3NnNLbkI1UDF5VUhjWGpfR0R4Y3ZxRTVCQUJpdHA1TkM3aDNwaW9PNA?oc=5"" target=""_blank"">2026年目标“重回增长”，平安银行底气何在？</a>&nbsp;&nbsp;<font color=""#6f6f6f"">21财经</font>",https://news.google.com/rss/articles/CBMijwFBVV95cUxOYV8xcHZDeGJvSW9idEI5clRjZnZxcUU1eDViaXZHbHhyMTU0RWtQSTdKeUNXVWNuVzlmcGtVNkpQcVdxcWlaMVRXVUh4WW92UlhLUHFhVG9kOWRRNVUzS1dBd2FmXzE3NnNLbkI1UDF5VUhjWGpfR0R4Y3ZxRTVCQUJpdHA1TkM3aDNwaW9PNA?oc=5,平安银行,2026年目标“重回增长”，平安银行底气何在？ - 21财经. 2026年目标“重回增长”，平安银行底气何在？ 21财经,neutral,0.049456242,zh,bootstrap,mixed_real_news_v6
2026-03-23,2026-03-23T07:00:00+00:00,000001.SZ,"""平安银行"" - Google 新闻",平安银行2025年实现净利润426.33亿元，年末拟每10股派3.60元 - 21财经,"<a href=""https://news.google.com/rss/articles/CBMijwFBVV95cUxNbnl4Q1FSaDhwUGNrNnJLV0xQWjRvVUl0Y3NMUVBKeG80U3lTVjQyM1R2Ykd0VjdkMEVaVFBhbmYyc0ROdUZFTHFwRjFOWHl1OGpSTjY5VUZDSXNhVGRuZkpGdzltVlJubG1CNG15cEtxWEdDQUZKQUt3OFZ6QVlxOUdJY2o5YjZ6emVBX2pBcw?oc=5"" target=""_blank"">平安银行2025年实现净利润426.33亿元，年末拟每10股派3.60元</a>&nbsp;&nbsp;<font color=""#6f6f6f"">21财经</font>",https://news.google.com/rss/articles/CBMijwFBVV95cUxNbnl4Q1FSaDhwUGNrNnJLV0xQWjRvVUl0Y3NMUVBKeG80U3lTVjQyM1R2Ykd0VjdkMEVaVFBhbmYyc0ROdUZFTHFwRjFOWHl1OGpSTjY5VUZDSXNhVGRuZkpGdzltVlJubG1CNG15cEtxWEdDQUZKQUt3OFZ6QVlxOUdJY2o5YjZ6emVBX2pBcw?oc=5,平安银行,平安银行2025年实现净利润426.33亿元，年末拟每10股派3.60元 - 21财经. 平安银行2025年实现净利润426.33亿元，年末拟每10股派3.60元 21财经,neutral,0.026146289,zh,bootstrap,mixed_real_news_v6
2026-03-23,2026-03-23T07:00:00+00:00,000001.SZ,"""平安银行"" - Google 新闻",业绩连降后，平安银行放话“重回增长” - 新京报,"<a href=""https://news.google.com/rss/articles/CBMiYkFVX3lxTFBSdEQxYWM2UU45bV9JSWc3blA2S1FkTnl1LTQtVzdpSWdLeGVPejVCNU5nYzN2WHFyY2JxQWJpZmFLRmtaVmFDcXZ3RlBkangtOHpqZU1Xa0UtVkpGb2QxblF3?oc=5"" target=""_blank"">业绩连降后，平安银行放话“重回增长”</a>&nbsp;&nbsp;<font color=""#6f6f6f"">新京报</font>",https://news.google.com/rss/articles/CBMiYkFVX3lxTFBSdEQxYWM2UU45bV9JSWc3blA2S1FkTnl1LTQtVzdpSWdLeGVPejVCNU5nYzN2WHFyY2JxQWJpZmFLRmtaVmFDcXZ3RlBkangtOHpqZU1Xa0UtVkpGb2QxblF3?oc=5,平安银行,业绩连降后，平安银行放话“重回增长” - 新京报. 业绩连降后，平安银行放话“重回增长” 新京报,neutral,0.068503484,zh,bootstrap,mixed_real_news_v6
2026-03-23,2026-03-23T07:00:00+00:00,000001.SZ,"""平安银行"" - Google 新闻",零售拐点初现 平安银行定调今年重回增长 - 北京商报,"<a href=""https://news.google.com/rss/articles/CBMiUEFVX3lxTE9vUXhfckVhQUZzcnBiY1BHeXE3Q0RBUTNnclpZMWJreGxrMXVndGh5cjQ1RkE2TTc2SXlOTmlSdXAtTGlGZU9KS0xza080amFt?oc=5"" target=""_blank"">零售拐点初现 平安银行定调今年重回增长</a>&nbsp;&nbsp;<font color=""#6f6f6f"">北京商报</font>",https://news.google.com/rss/articles/CBMiUEFVX3lxTE9vUXhfckVhQUZzcnBiY1BHeXE3Q0RBUTNnclpZMWJreGxrMXVndGh5cjQ1RkE2TTc2SXlOTmlSdXAtTGlGZU9KS0xza080amFt?oc=5,平安银行,零售拐点初现 平安银行定调今年重回增长 - 北京商报. 零售拐点初现 平安银行定调今年重回增长 北京商报,neutral,0.061719656,zh,bootstrap,mixed_real_news_v6
2026-03-23,2026-03-23T07:00:00+00:00,000001.SZ,"""平安银行"" - Google 新闻",2025年平安银行净利息收入降幅收窄 但债市震荡致非息收入大跌 - 财新,"<a href=""https://news.google.com/rss/articles/CBMiYkFVX3lxTE9RaHRTOWlBRVZ2MVBwaXItNmZxUElJRTRjd0QxbnJwblhjRlpYWDRsaG9qZm1KN3J2UjhLSmlyeVVNc3lmU2Y2WV9fUUdrclFsVTEtWVNXNHhXTDZRcmM1NFFB?oc=5"" target=""_blank"">2025年平安银行净利息收入降幅收窄 但债市震荡致非息收入大跌</a>&nbsp;&nbsp;<font color=""#6f6f6f"">财新</font>",https://news.google.com/rss/articles/CBMiYkFVX3lxTE9RaHRTOWlBRVZ2MVBwaXItNmZxUElJRTRjd0QxbnJwblhjRlpYWDRsaG9qZm1KN3J2UjhLSmlyeVVNc3lmU2Y2WV9fUUdrclFsVTEtWVNXNHhXTDZRcmM1NFFB?oc=5,平安银行,2025年平安银行净利息收入降幅收窄 但债市震荡致非息收入大跌 - 财新. 2025年平安银行净利息收入降幅收窄 但债市震荡致非息收入大跌 财新,neutral,0.03690652,zh,bootstrap,mixed_real_news_v6
2026-03-23,2026-03-23T07:00:00+00:00,000001.SZ,"""平安银行"" - Google 新闻",直击业绩会 | 发展目标、战略改革、分红……平安银行“2025年度业绩发布会”重点关注这些问题 - 东方财富,"<a href=""https://news.google.com/rss/articles/CBMiYEFVX3lxTE5sa2dYRkJIa25FR2dCbHIxdG1vZnB0THA1bWlQdnJFOXljN0gxR1AwdldjbExzRnpCbWY5eFotdTl3aUVtU3RJLTR4eTRfaURjUDZScTlRUWMzM09TVXI4LQ?oc=5"" target=""_blank"">直击业绩会 | 发展目标、战略改革、分红……平安银行“2025年度业绩发布会”重点关注这些问题</a>&nbsp;&nbsp;<font color=""#6f6f6f"">东方财富</font>",https://news.google.com/rss/articles/CBMiYEFVX3lxTE5sa2dYRkJIa25FR2dCbHIxdG1vZnB0THA1bWlQdnJFOXljN0gxR1AwdldjbExzRnpCbWY5eFotdTl3aUVtU3RJLTR4eTRfaURjUDZScTlRUWMzM09TVXI4LQ?oc=5,平安银行,直击业绩会 | 发展目标、战略改革、分红……平安银行“2025年度业绩发布会”重点关注这些问题 - 东方财富. 直击业绩会 | 发展目标、战略改革、分红……平安银行“2025年度业绩发布会”重点关注这些问题 东方财富,neutral,0.09059766,zh,bootstrap,mixed_real_news_v6
2026-03-24,2026-03-24T07:00:00+00:00,000001.SZ,"""平安银行"" - Google 新闻",战略转型进度条剩余30%！平安银行2026“重回增长”方法论渐成型 - 证券时报,"<a href=""https://news.google.com/rss/articles/CBMiXEFVX3lxTE1pZDZKU1BFaHRUcFpLa3o0Q3Zab2dCMmFsenRtWGluQ1ZnTUdKQ2w1ejVyTi1keVZZQ3RsSHpETHN1dFg5Ri1aV0N3aDM1Ri1aY2UyZEVrVUdJZVZR?oc=5"" target=""_blank"">战略转型进度条剩余30%！平安银行2026“重回增长”方法论渐成型</a>&nbsp;&nbsp;<font color=""#6f6f6f"">证券时报</font>",https://news.google.com/rss/articles/CBMiXEFVX3lxTE1pZDZKU1BFaHRUcFpLa3o0Q3Zab2dCMmFsenRtWGluQ1ZnTUdKQ2w1ejVyTi1keVZZQ3RsSHpETHN1dFg5Ri1aV0N3aDM1Ri1aY2UyZEVrVUdJZVZR?oc=5,平安银行,战略转型进度条剩余30%！平安银行2026“重回增长”方法论渐成型 - 证券时报. 战略转型进度条剩余30%！平安银行2026“重回增长”方法论渐成型 证券时报,neutral,0.06011158,zh,bootstrap,mixed_real_news_v6
2026-03-24,2026-03-24T07:00:00+00:00,000001.SZ,"""平安银行"" - Google 新闻",平安银行2025年度业绩发布会召开，管理层与分析师、媒体交流 - 中国基金报,"<a href=""https://news.google.com/rss/articles/CBMiekFVX3lxTFBZTzZBd0RiblNSU1c0OVRkbFNWOEZoZDBScGZOeFp5TmdzOU9raEZtREloeW9HOFZYWmFxUWFUd3pkcERwOGRyWWE5OUhfWHFBNGljTnpwOTdHU1hUb3poTXBKdnh1WGk1NlF5QWloT085bW1ZYlJNNDhn?oc=5"" target=""_blank"">平安银行2025年度业绩发布会召开，管理层与分析师、媒体交流</a>&nbsp;&nbsp;<font color=""#6f6f6f"">中国基金报</font>",https://news.google.com/rss/articles/CBMiekFVX3lxTFBZTzZBd0RiblNSU1c0OVRkbFNWOEZoZDBScGZOeFp5TmdzOU9raEZtREloeW9HOFZYWmFxUWFUd3pkcERwOGRyWWE5OUhfWHFBNGljTnpwOTdHU1hUb3poTXBKdnh1WGk1NlF5QWloT085bW1ZYlJNNDhn?oc=5,平安银行,平安银行2025年度业绩发布会召开，管理层与分析师、媒体交流 - 中国基金报. 平安银行2025年度业绩发布会召开，管理层与分析师、媒体交流 中国基金报,neutral,0.07976229,zh,bootstrap,mixed_real_news_v6
2026-03-24,2026-03-24T07:00:00+00:00,000001.SZ,"""平安银行"" - Google 新闻",“刮骨”两年，平安银行誓要重回增长 - 华尔街见闻,"<a href=""https://news.google.com/rss/articles/CBMiU0FVX3lxTFA1bVROS2NsT1hRR2pSSUVrLV9IQ0RGNkJVYUo5NEhJRlRhaU4wekxhRVgtTmtUQ3RCdmtYemhrZTV6OHFVV0ctODJsUU5pdFVDT1dr?oc=5"" target=""_blank"">“刮骨”两年，平安银行誓要重回增长</a>&nbsp;&nbsp;<font color=""#6f6f6f"">华尔街见闻</font>",https://news.google.com/rss/articles/CBMiU0FVX3lxTFA1bVROS2NsT1hRR2pSSUVrLV9IQ0RGNkJVYUo5NEhJRlRhaU4wekxhRVgtTmtUQ3RCdmtYemhrZTV6OHFVV0ctODJsUU5pdFVDT1dr?oc=5,平安银行,“刮骨”两年，平安银行誓要重回增长 - 华尔街见闻. “刮骨”两年，平安银行誓要重回增长 华尔街见闻,neutral,0.038487915,zh,bootstrap,mixed_real_news_v6
2026-03-24,2026-03-24T07:00:00+00:00,000001.SZ,"""平安银行"" - Google 新闻",直接平安银行业绩会：最难的时候已经过去，如何实现2026年重回增长？ - 东方财富,"<a href=""https://news.google.com/rss/articles/CBMiZkFVX3lxTE9sQzQtVDd5LWNqbmx3TVVBRlVIOTNmbWlseEFsckpBUXRtYWh2OFFzenQxbkgzaHd5d3ZKbWkxUWxqZDFlUGhSTG9ZVXJtQlhXV0tkem9ndkJ5WkRKaENiRXdPZTQxZw?oc=5"" target=""_blank"">直接平安银行业绩会：最难的时候已经过去，如何实现2026年重回增长？</a>&nbsp;&nbsp;<font color=""#6f6f6f"">东方财富</font>",https://news.google.com/rss/articles/CBMiZkFVX3lxTE9sQzQtVDd5LWNqbmx3TVVBRlVIOTNmbWlseEFsckpBUXRtYWh2OFFzenQxbkgzaHd5d3ZKbWkxUWxqZDFlUGhSTG9ZVXJtQlhXV0tkem9ndkJ5WkRKaENiRXdPZTQxZw?oc=5,平安银行,直接平安银行业绩会：最难的时候已经过去，如何实现2026年重回增长？ - 东方财富. 直接平安银行业绩会：最难的时候已经过去，如何实现2026年重回增长？ 东方财富,neutral,0.058773622,zh,bootstrap,mixed_real_news_v6
2026-03-25,2026-03-25T03:58:00+00:00,000001.SZ,平安银行 - Bing新聞,首批股份行年报亮相：中信总资产破10万亿元 平安业绩仍承压,全国性股份银行首批2025年业绩报告近日出炉。3月20日晚间，中信银行股份有限公司（简称“中信银行”，601998.SH）与平安银行股份有限公司（简称“平安银行”，000001.SZ）率先发布了2025年 ...,http://www.bing.com/news/apiclick.aspx?ref=FexRss&aid=&tid=69fb1697ba8743c0889fc07426afbc5c&url=https%3a%2f%2fwww.xinhuanet.com%2ffinance%2f20260325%2fed67380cd6614d61a8273ee4eb6eb840%2fc.html&c=14046058294098623052&mkt=zh-tw,平安银行,首批股份行年报亮相：中信总资产破10万亿元 平安业绩仍承压. 全国性股份银行首批2025年业绩报告近日出炉。3月20日晚间，中信银行股份有限公司（简称“中信银行”，601998.SH）与平安银行股份有限公司（简称“平安银行”，000001.SZ）率先发布了2025年 ...,neutral,0.071854204,zh,bootstrap,mixed_real_news_v6
2026-03-25,2026-03-25T07:00:00+00:00,000001.SZ,"""平安银行"" - Google 新闻",平安银行：拟每10股派发现金股利5.96元 - 东方财富,"<a href=""https://news.google.com/rss/articles/CBMiYEFVX3lxTFBRNmF1Q21fYmJPRU5zYXBSUEMzN3RXRjVOTFJQVEhTanhRLTA3emluZGdoZFBYZ1RESVRYSUlRamxCeVdOT2hjUEctWUNfZzZ1U2lQT1F0VXFkSFdZbUFFMQ?oc=5"" target=""_blank"">平安银行：拟每10股派发现金股利5.96元</a>&nbsp;&nbsp;<font color=""#6f6f6f"">东方财富</font>",https://news.google.com/rss/articles/CBMiYEFVX3lxTFBRNmF1Q21fYmJPRU5zYXBSUEMzN3RXRjVOTFJQVEhTanhRLTA3emluZGdoZFBYZ1RESVRYSUlRamxCeVdOT2hjUEctWUNfZzZ1U2lQT1F0VXFkSFdZbUFFMQ?oc=5,平安银行,平安银行：拟每10股派发现金股利5.96元 - 东方财富. 平安银行：拟每10股派发现金股利5.96元 东方财富,neutral,0.027524678,zh,bootstrap,mixed_real_news_v6
2026-03-26,2026-03-26T07:00:00+00:00,000001.SZ,"""平安银行"" - Google 新闻",平安银行2025年业绩透视：业绩下滑背后的隐忧与挑战 - 新华网,"<a href=""https://news.google.com/rss/articles/CBMifkFVX3lxTE0wM1hZdWEzYlo0MW5PWi02T2RQbVY0MWU5SkUxVmd6bUM4ZkVKNFQzVk9CVy11Ry03ME11UzBSZlV5VVcyYXp6Ul9RYWNrMXNjajFIZzBDTE1DZ1BHMW43NktZQXNRdnJFQUhzOWRzMWQ0ajBZMmppdzhpMG5YUQ?oc=5"" target=""_blank"">平安银行2025年业绩透视：业绩下滑背后的隐忧与挑战</a>&nbsp;&nbsp;<font color=""#6f6f6f"">新华网</font>",https://news.google.com/rss/articles/CBMifkFVX3lxTE0wM1hZdWEzYlo0MW5PWi02T2RQbVY0MWU5SkUxVmd6bUM4ZkVKNFQzVk9CVy11Ry03ME11UzBSZlV5VVcyYXp6Ul9RYWNrMXNjajFIZzBDTE1DZ1BHMW43NktZQXNRdnJFQUhzOWRzMWQ0ajBZMmppdzhpMG5YUQ?oc=5,平安银行,平安银行2025年业绩透视：业绩下滑背后的隐忧与挑战 - 新华网. 平安银行2025年业绩透视：业绩下滑背后的隐忧与挑战 新华网,neutral,0.042739496,zh,bootstrap,mixed_real_news_v6
2026-03-26,2026-03-26T07:00:00+00:00,000001.SZ,"""平安银行"" - Google 新闻",平安银行2025年业绩透视：业绩下滑背后的隐忧与挑战 - 新华网,"<a href=""https://news.google.com/rss/articles/CBMimgFBVV95cUxPZ1ZZVFZuQUUySW82QzlKUjF1Nm9pWDlOU2Q3eWtEWXNlSGI0RWtTQlVqVC1yNTZuN2lVOEZfLTBlS2RLLWpQU2Q0Q2tNRmQ2eFpsLWdUZ1NJUldhZjVMNl9GSzN5SV9rSlFfQ1Bya3FKOWZiemVWRlFDUW5JZ3hYc2cxa09fUjg5QlkwYTdtd3NYV0gxUGg4VDdR?oc=5"" target=""_blank"">平安银行2025年业绩透视：业绩下滑背后的隐忧与挑战</a>&nbsp;&nbsp;<font color=""#6f6f6f"">新华网</font>",https://news.google.com/rss/articles/CBMimgFBVV95cUxPZ1ZZVFZuQUUySW82QzlKUjF1Nm9pWDlOU2Q3eWtEWXNlSGI0RWtTQlVqVC1yNTZuN2lVOEZfLTBlS2RLLWpQU2Q0Q2tNRmQ2eFpsLWdUZ1NJUldhZjVMNl9GSzN5SV9rSlFfQ1Bya3FKOWZiemVWRlFDUW5JZ3hYc2cxa09fUjg5QlkwYTdtd3NYV0gxUGg4VDdR?oc=5,平安银行,平安银行2025年业绩透视：业绩下滑背后的隐忧与挑战 - 新华网. 平安银行2025年业绩透视：业绩下滑背后的隐忧与挑战 新华网,neutral,0.042739496,zh,bootstrap,mixed_real_news_v6
2026-03-27,2026-03-27T07:00:00+00:00,000001.SZ,"""平安银行"" - Google 新闻",平安银行：机构客户方面，公司聚焦财政社保、住建民生、司法生态三大核心业务 - 东方财富,"<a href=""https://news.google.com/rss/articles/CBMiYEFVX3lxTFBlc2xZY295d005SGQ0OHg0dlZlQ0lqSm9MMGxhNGJfQzJxLW5wVFd3RzJFU1B3UnlNQjBPQ0VHLThuM3Vrd1NzVV9Sd0hDX2wxcnFuVTZjX00ya3JqNkRqbA?oc=5"" target=""_blank"">平安银行：机构客户方面，公司聚焦财政社保、住建民生、司法生态三大核心业务</a>&nbsp;&nbsp;<font color=""#6f6f6f"">东方财富</font>",https://news.google.com/rss/articles/CBMiYEFVX3lxTFBlc2xZY295d005SGQ0OHg0dlZlQ0lqSm9MMGxhNGJfQzJxLW5wVFd3RzJFU1B3UnlNQjBPQ0VHLThuM3Vrd1NzVV9Sd0hDX2wxcnFuVTZjX00ya3JqNkRqbA?oc=5,平安银行,平安银行：机构客户方面，公司聚焦财政社保、住建民生、司法生态三大核心业务 - 东方财富. 平安银行：机构客户方面，公司聚焦财政社保、住建民生、司法生态三大核心业务 东方财富,neutral,0.12750563,zh,bootstrap,mixed_real_news_v6
2026-03-27,2026-03-27T22:45:00+00:00,000001.SZ,平安银行 - Bing新聞,平安银行行长：“看见隧道尽头的曙光”,在全年净利润连续两年负增长的背景下，零售业务核心指标好转成为年报一大亮点。 改革进度已完成70%，但目前已进入“深水区”。 “人工智能、脑机接口、具身智能、量子计算等当下‘小荷 ...,http://www.bing.com/news/apiclick.aspx?ref=FexRss&aid=&tid=69fb1697ba8743c0889fc07426afbc5c&url=https%3a%2f%2fwww.infzm.com%2fcontents%2f317996&c=9304612342608328781&mkt=zh-tw,平安银行,平安银行行长：“看见隧道尽头的曙光”. 在全年净利润连续两年负增长的背景下，零售业务核心指标好转成为年报一大亮点。 改革进度已完成70%，但目前已进入“深水区”。 “人工智能、脑机接口、具身智能、量子计算等当下‘小荷 ...,neutral,0.06354083,zh,bootstrap,mixed_real_news_v6
2026-04-01,2026-04-01T07:00:00+00:00,000001.SZ,"""平安银行"" - Google 新闻",中国电建与平安银行举行会谈 - powerchina.cn,"<a href=""https://news.google.com/rss/articles/CBMikgFBVV95cUxPNmNYZ180LTNLUEdQa253NGRHc3ZKSGktVi1PbXFqWDBham9oR09LLWRqbXBLVFVEdTIwSF9iUVM2NVBRcEVWbWdpcUxUSmFtcFJBYktqaDhTbHBPdE1NbzV0Um9FWEhVZ0IzQ19qVFhVa21SMVJRZklUYVFCYXdiUVdNSURlZTc1ZVVXSUtfaXFYZw?oc=5"" target=""_blank"">中国电建与平安银行举行会谈</a>&nbsp;&nbsp;<font color=""#6f6f6f"">powerchina.cn</font>",https://news.google.com/rss/articles/CBMikgFBVV95cUxPNmNYZ180LTNLUEdQa253NGRHc3ZKSGktVi1PbXFqWDBham9oR09LLWRqbXBLVFVEdTIwSF9iUVM2NVBRcEVWbWdpcUxUSmFtcFJBYktqaDhTbHBPdE1NbzV0Um9FWEhVZ0IzQ19qVFhVa21SMVJRZklUYVFCYXdiUVdNSURlZTc1ZVVXSUtfaXFYZw?oc=5,平安银行,中国电建与平安银行举行会谈 - powerchina.cn. 中国电建与平安银行举行会谈 powerchina.cn,neutral,0.020307485,zh,bootstrap,mixed_real_news_v6
2026-04-07,2026-04-07T17:00:00+00:00,000001.SZ,Ping An Bank - Bing新聞,Ping An Bank Co Ltd技術分析,取得投資Ping An Bank Co Ltd簡要回顧： 強力買入、買入、強力賣出、賣出或中立。利用移動平均線買入/賣出信號 (5、10、20、50 ...,http://www.bing.com/news/apiclick.aspx?ref=FexRss&aid=&tid=69fb168ec8e541c580ef517b48ae6d2d&url=https%3a%2f%2fhk.investing.com%2fequities%2fping-an-bank-a-technical&c=4304227851198742199&mkt=zh-tw,Ping An Bank,Ping An Bank Co Ltd技術分析. 取得投資Ping An Bank Co Ltd簡要回顧： 強力買入、買入、強力賣出、賣出或中立。利用移動平均線買入/賣出信號 (5、10、20、50 ...,neutral,0.028397424,zh,bootstrap,mixed_real_news_v6
2026-04-11,2026-04-11T07:00:00+00:00,000001.SZ,"""平安银行"" - Google 新闻",吕浦社区联合平安银行鹿城支行举办邻里节便民活动 - 潮新闻,"<a href=""https://news.google.com/rss/articles/CBMic0FVX3lxTE4xYXhIVDlGMldyNm5GdmxMYmdiOEJnZVBScVpPNURiQ2dzMW81N1JRNExUVEtQZHdkSTlhWHZoZ0JORFNGVUN1dWlXUFpQX2dKU3MtUUJweGYxMnFETHdZenI4eFFZNUFwZjhCazZhLUx6VEU?oc=5"" target=""_blank"">吕浦社区联合平安银行鹿城支行举办邻里节便民活动</a>&nbsp;&nbsp;<font color=""#6f6f6f"">潮新闻</font>",https://news.google.com/rss/articles/CBMic0FVX3lxTE4xYXhIVDlGMldyNm5GdmxMYmdiOEJnZVBScVpPNURiQ2dzMW81N1JRNExUVEtQZHdkSTlhWHZoZ0JORFNGVUN1dWlXUFpQX2dKU3MtUUJweGYxMnFETHdZenI4eFFZNUFwZjhCazZhLUx6VEU?oc=5,平安银行,吕浦社区联合平安银行鹿城支行举办邻里节便民活动 - 潮新闻. 吕浦社区联合平安银行鹿城支行举办邻里节便民活动 潮新闻,neutral,0.090011105,zh,bootstrap,mixed_real_news_v6
2026-04-14,2026-04-14T07:00:00+00:00,000001.SZ,"""Ping An Bank"" - Google News","Ping An Bank Upgraded to AAA in MSCI ESG Ratings, Ranking Among the Leading Global Banks - Yahoo Finance","<a href=""https://news.google.com/rss/articles/CBMilwFBVV95cUxPR3hIU3AzdEFYOFdIc3hjSkMxTG9yRkVvOTV3bnliTjgwWkJrcDQxdTQySDJPM1prZkk5M19FVnNZcWpNVUlWaVpSVTdWbFlqNklucnVwdm9rTHNkVS1HcG5iMFBFbjNkdktzUU5IaGNnX1N0MHRJWDRnbGtmQUFUcEFCZC1aNy1yY2otV1BLSWNMQzFfZmxZ?oc=5"" target=""_blank"">Ping An Bank Upgraded to AAA in MSCI ESG Ratings, Ranking Among the Leading Global Banks</a>&nbsp;&nbsp;<font color=""#6f6f6f"">Yahoo Finance</font>",https://news.google.com/rss/articles/CBMilwFBVV95cUxPR3hIU3AzdEFYOFdIc3hjSkMxTG9yRkVvOTV3bnliTjgwWkJrcDQxdTQySDJPM1prZkk5M19FVnNZcWpNVUlWaVpSVTdWbFlqNklucnVwdm9rTHNkVS1HcG5iMFBFbjNkdktzUU5IaGNnX1N0MHRJWDRnbGtmQUFUcEFCZC1aNy1yY2otV1BLSWNMQzFfZmxZ?oc=5,Ping An Bank,"Ping An Bank Upgraded to AAA in MSCI ESG Ratings, Ranking Among the Leading Global Banks - Yahoo Finance. Ping An Bank Upgraded to AAA in MSCI ESG Ratings, Ranking Among the Leading Global Banks Yahoo Finance",positive,0.91386074,en,bootstrap,mixed_real_news_v6
2026-04-15,2026-04-15T07:00:00+00:00,000001.SZ,"""平安银行"" - Google 新闻",国际双认证 ESG新起点平安银行连续两年入选标普全球《可持续发展年鉴（中国版）》 - eeo.com.cn,"<a href=""https://news.google.com/rss/articles/CBMiV0FVX3lxTE9vOVloTGE0Y0U0d2lZTV9LLUxLQlFlWWtHVWZRaHZYNzRzSEpVeXIxdmhFejdnZ1oxdHhjbDNZTGJKOVRIclI1V1N3ZFZoNE9mMkt5c2oxVQ?oc=5"" target=""_blank"">国际双认证 ESG新起点平安银行连续两年入选标普全球《可持续发展年鉴（中国版）》</a>&nbsp;&nbsp;<font color=""#6f6f6f"">eeo.com.cn</font>",https://news.google.com/rss/articles/CBMiV0FVX3lxTE9vOVloTGE0Y0U0d2lZTV9LLUxLQlFlWWtHVWZRaHZYNzRzSEpVeXIxdmhFejdnZ1oxdHhjbDNZTGJKOVRIclI1V1N3ZFZoNE9mMkt5c2oxVQ?oc=5,平安银行,国际双认证 ESG新起点平安银行连续两年入选标普全球《可持续发展年鉴（中国版）》 - eeo.com.cn. 国际双认证 ESG新起点平安银行连续两年入选标普全球《可持续发展年鉴（中国版）》 eeo.com.cn,neutral,0.020070296,zh,bootstrap,mixed_real_news_v6
2026-04-17,2026-04-17T03:42:54+00:00,000001.SZ,"""平安银行"" - Google 新闻",平安银行杭州分行以应急守护保障模式践行“金融为民” - 世界浙商网,"<a href=""https://news.google.com/rss/articles/CBMiUkFVX3lxTE9fazZJNWdPYkN6Y0F1MThmQW5xUzRyZ1dQdWpyODV1cWlmMGNuVUdqUUNpRnNnc3c4OUp4X0htYW5qSnZtZU9Sbjk1SVQ5WEJ1YXc?oc=5"" target=""_blank"">平安银行杭州分行以应急守护保障模式践行“金融为民”</a>&nbsp;&nbsp;<font color=""#6f6f6f"">世界浙商网</font>",https://news.google.com/rss/articles/CBMiUkFVX3lxTE9fazZJNWdPYkN6Y0F1MThmQW5xUzRyZ1dQdWpyODV1cWlmMGNuVUdqUUNpRnNnc3c4OUp4X0htYW5qSnZtZU9Sbjk1SVQ5WEJ1YXc?oc=5,平安银行,平安银行杭州分行以应急守护保障模式践行“金融为民” - 世界浙商网. 平安银行杭州分行以应急守护保障模式践行“金融为民” 世界浙商网,neutral,0.13182132,zh,bootstrap,mixed_real_news_v6
2026-04-17,2026-04-17T07:00:00+00:00,000001.SZ,"""平安银行"" - Google 新闻",平安银行：融资净买入6143.92万元，融资余额53.62亿元 - 东方财富,"<a href=""https://news.google.com/rss/articles/CBMiYEFVX3lxTE5vTXVNM0h5Y3hlUHAtc240c0szMkNTaFpHSGUtNEpQNnMtdVJTbUpaUkRaOXRaNEFlOXhhb0RLUjRSN3ZEV0dfcHA0cjdXRjR2VFhTdlAzMUV5N3lCbGZiNA?oc=5"" target=""_blank"">平安银行：融资净买入6143.92万元，融资余额53.62亿元</a>&nbsp;&nbsp;<font color=""#6f6f6f"">东方财富</font>",https://news.google.com/rss/articles/CBMiYEFVX3lxTE5vTXVNM0h5Y3hlUHAtc240c0szMkNTaFpHSGUtNEpQNnMtdVJTbUpaUkRaOXRaNEFlOXhhb0RLUjRSN3ZEV0dfcHA0cjdXRjR2VFhTdlAzMUV5N3lCbGZiNA?oc=5,平安银行,平安银行：融资净买入6143.92万元，融资余额53.62亿元 - 东方财富. 平安银行：融资净买入6143.92万元，融资余额53.62亿元 东方财富,neutral,0.021409905,zh,bootstrap,mixed_real_news_v6
2026-04-17,2026-04-17T12:50:00+00:00,000001.SZ,"""平安银行"" - Google 新闻",第139届广交会开幕 平安银行一站式跨境金融综合服务助力外贸高质量发展 - cb.com.cn,"<a href=""https://news.google.com/rss/articles/CBMiZEFVX3lxTE1EVUZ0UTNxb0JkWWNqR2NyOWNEUjgyZHAwcDZXTzg4TW5ub0czMEdYd0ZvbWpGQkRoaHZBZ294Yk04X0xkTFJEVmtaek5EbHNwQjBfZzg5S1M1ODNZc3Zyc1p5Njk?oc=5"" target=""_blank"">第139届广交会开幕 平安银行一站式跨境金融综合服务助力外贸高质量发展</a>&nbsp;&nbsp;<font color=""#6f6f6f"">cb.com.cn</font>",https://news.google.com/rss/articles/CBMiZEFVX3lxTE1EVUZ0UTNxb0JkWWNqR2NyOWNEUjgyZHAwcDZXTzg4TW5ub0czMEdYd0ZvbWpGQkRoaHZBZ294Yk04X0xkTFJEVmtaek5EbHNwQjBfZzg5S1M1ODNZc3Zyc1p5Njk?oc=5,平安银行,第139届广交会开幕 平安银行一站式跨境金融综合服务助力外贸高质量发展 - cb.com.cn. 第139届广交会开幕 平安银行一站式跨境金融综合服务助力外贸高质量发展 cb.com.cn,neutral,0.043559693,zh,bootstrap,mixed_real_news_v6
2026-04-20,2026-04-20T07:00:00+00:00,000001.SZ,"""平安银行"" - Google 新闻",平安银行：涉管理层变动相关传闻不实，已报案 - 东方财富,"<a href=""https://news.google.com/rss/articles/CBMiYEFVX3lxTE1xQ0lPaWRQWi02Mi1OYzRkNG1oOEUtUFJrZnBQTkRwcEFHYTJMMW5ZRmJaR0l0bk5Ua19EdmdEdkFxRDBxOGFNRVVycnVaR0Fza29HZjU3VlAyTFVJcm01ZA?oc=5"" target=""_blank"">平安银行：涉管理层变动相关传闻不实，已报案</a>&nbsp;&nbsp;<font color=""#6f6f6f"">东方财富</font>",https://news.google.com/rss/articles/CBMiYEFVX3lxTE1xQ0lPaWRQWi02Mi1OYzRkNG1oOEUtUFJrZnBQTkRwcEFHYTJMMW5ZRmJaR0l0bk5Ua19EdmdEdkFxRDBxOGFNRVVycnVaR0Fza29HZjU3VlAyTFVJcm01ZA?oc=5,平安银行,平安银行：涉管理层变动相关传闻不实，已报案 - 东方财富. 平安银行：涉管理层变动相关传闻不实，已报案 东方财富,neutral,0.044800773,zh,bootstrap,mixed_real_news_v6
2026-04-20,2026-04-20T07:00:00+00:00,000001.SZ,"""平安银行"" - Google 新闻",平安银行辟谣：管理层变动系谣言 已报案 - 新浪财经,"<a href=""https://news.google.com/rss/articles/CBMihAFBVV95cUxNVFUxSkVuNEVqX2pjOGJrSVhudzN5bTJnd25JUDRiNmlzZzcxOGt0c0ljQ3FWMDdpX2liUDNrRzRJaW5KQzBpcXN2cUQ0NU0xV080cEcxeHBFTXJhb1RHdHhMOURHMy1PczB3a2pidFl4a1NfaE5LU2s3eUZkc1M3X1FQOFc?oc=5"" target=""_blank"">平安银行辟谣：管理层变动系谣言 已报案</a>&nbsp;&nbsp;<font color=""#6f6f6f"">新浪财经</font>",https://news.google.com/rss/articles/CBMihAFBVV95cUxNVFUxSkVuNEVqX2pjOGJrSVhudzN5bTJnd25JUDRiNmlzZzcxOGt0c0ljQ3FWMDdpX2liUDNrRzRJaW5KQzBpcXN2cUQ0NU0xV080cEcxeHBFTXJhb1RHdHhMOURHMy1PczB3a2pidFl4a1NfaE5LU2s3eUZkc1M3X1FQOFc?oc=5,平安银行,平安银行辟谣：管理层变动系谣言 已报案 - 新浪财经. 平安银行辟谣：管理层变动系谣言 已报案 新浪财经,neutral,0.020617258,zh,bootstrap,mixed_real_news_v6
2026-04-20,2026-04-20T07:00:00+00:00,000001.SZ,"""平安银行"" - Google 新闻",平安银行：注意到有关管理层变动相关的不实报道及谣言，目前经营团队稳定 - 新浪财经,"<a href=""https://news.google.com/rss/articles/CBMib0FVX3lxTFBYZnhjU29oSG1acXg1cTkxeTlrRXp5ZjJlazBFeVkzYkNfMUoyMG5SdjNkREJFQU05TEZQUEFKb2p0TG1wR3loZnRqaTVFZndKN3NPNmtlWE81XzZTZFZJcnBQWEZDei11c3kyQ0ZVQQ?oc=5"" target=""_blank"">平安银行：注意到有关管理层变动相关的不实报道及谣言，目前经营团队稳定</a>&nbsp;&nbsp;<font color=""#6f6f6f"">新浪财经</font>",https://news.google.com/rss/articles/CBMib0FVX3lxTFBYZnhjU29oSG1acXg1cTkxeTlrRXp5ZjJlazBFeVkzYkNfMUoyMG5SdjNkREJFQU05TEZQUEFKb2p0TG1wR3loZnRqaTVFZndKN3NPNmtlWE81XzZTZFZJcnBQWEZDei11c3kyQ0ZVQQ?oc=5,平安银行,平安银行：注意到有关管理层变动相关的不实报道及谣言，目前经营团队稳定 - 新浪财经. 平安银行：注意到有关管理层变动相关的不实报道及谣言，目前经营团队稳定 新浪财经,neutral,0.11859955,zh,bootstrap,mixed_real_news_v6
2026-04-20,2026-04-20T07:00:00+00:00,000001.SZ,"""平安银行"" - Google 新闻",平安银行澄清管理层变动不实传闻：已报案，经营团队稳定 - 新浪财经,"<a href=""https://news.google.com/rss/articles/CBMihAFBVV95cUxOUVNyRVljckFvcmtyU0hhb2hKeEduWFV0VmhXZWJqMU41X2drbndlb1BPckVldGJ4R1RCZ0ZqR2ZldVhoTTE5Q2hjVzVkRU5adlJJMUtFblA5NFVfMmZiUHFpYlpFay03VlhVVGFId0hMMXY4bDNBd3ZRREF1ZjZxeEQtNXo?oc=5"" target=""_blank"">平安银行澄清管理层变动不实传闻：已报案，经营团队稳定</a>&nbsp;&nbsp;<font color=""#6f6f6f"">新浪财经</font>",https://news.google.com/rss/articles/CBMihAFBVV95cUxOUVNyRVljckFvcmtyU0hhb2hKeEduWFV0VmhXZWJqMU41X2drbndlb1BPckVldGJ4R1RCZ0ZqR2ZldVhoTTE5Q2hjVzVkRU5adlJJMUtFblA5NFVfMmZiUHFpYlpFay03VlhVVGFId0hMMXY4bDNBd3ZRREF1ZjZxeEQtNXo?oc=5,平安银行,平安银行澄清管理层变动不实传闻：已报案，经营团队稳定 - 新浪财经. 平安银行澄清管理层变动不实传闻：已报案，经营团队稳定 新浪财经,neutral,0.04795705,zh,bootstrap,mixed_real_news_v6
2026-04-20,2026-04-20T07:00:00+00:00,000001.SZ,"""平安银行"" - Google 新闻",平安银行辟谣：管理层变动系谣言 已报案 - 新浪财经,"<a href=""https://news.google.com/rss/articles/CBMihAFBVV95cUxNNUdrcm5ZekozR3VDLUZvSlRUVk5hSkVlWE55cl9XcFFXR1JiTjlNQmFCdGpwcWFfejBkeDcwTEZOZ3p2WmlJZGY1dS1UbTFVYzVBWWgzQy1QSUNYLXoyeUFUcG01U2hhNDdyR2RZY0VlWG5IbjhXSXFHUFFnTjhPMVQ1c1g?oc=5"" target=""_blank"">平安银行辟谣：管理层变动系谣言 已报案</a>&nbsp;&nbsp;<font color=""#6f6f6f"">新浪财经</font>",https://news.google.com/rss/articles/CBMihAFBVV95cUxNNUdrcm5ZekozR3VDLUZvSlRUVk5hSkVlWE55cl9XcFFXR1JiTjlNQmFCdGpwcWFfejBkeDcwTEZOZ3p2WmlJZGY1dS1UbTFVYzVBWWgzQy1QSUNYLXoyeUFUcG01U2hhNDdyR2RZY0VlWG5IbjhXSXFHUFFnTjhPMVQ1c1g?oc=5,平安银行,平安银行辟谣：管理层变动系谣言 已报案 - 新浪财经. 平安银行辟谣：管理层变动系谣言 已报案 新浪财经,neutral,0.020617258,zh,bootstrap,mixed_real_news_v6
2026-04-20,2026-04-20T12:36:00+00:00,000001.SZ,"""平安银行"" - Google 新闻",平安银行严正声明：网传管理层变动系不实信息 - 中国基金报,"<a href=""https://news.google.com/rss/articles/CBMiekFVX3lxTE8xWjA1Y3pmTmVUb2UwdGN2QnZiRE5pQU4tcjZHSzVPQzYzM3JNZnRuazI2T0ZPSHc4SmM5N01hVDUwQUdqZ294amVUcmJvWHp5eFAtRGNmMW1RUzBjcjhXOXdtN0VsTkhONVZoNmMxWTdtRlZDS2VIY0dR?oc=5"" target=""_blank"">平安银行严正声明：网传管理层变动系不实信息</a>&nbsp;&nbsp;<font color=""#6f6f6f"">中国基金报</font>",https://news.google.com/rss/articles/CBMiekFVX3lxTE8xWjA1Y3pmTmVUb2UwdGN2QnZiRE5pQU4tcjZHSzVPQzYzM3JNZnRuazI2T0ZPSHc4SmM5N01hVDUwQUdqZ294amVUcmJvWHp5eFAtRGNmMW1RUzBjcjhXOXdtN0VsTkhONVZoNmMxWTdtRlZDS2VIY0dR?oc=5,平安银行,平安银行严正声明：网传管理层变动系不实信息 - 中国基金报. 平安银行严正声明：网传管理层变动系不实信息 中国基金报,neutral,0.07706484,zh,bootstrap,mixed_real_news_v6
2026-04-20,2026-04-20T14:00:00+00:00,000001.SZ,"""平安银行"" - Google 新闻",平安银行：管理层变动系谣言，目前经营团队稳定 - 奥一网,"<a href=""https://news.google.com/rss/articles/CBMiZkFVX3lxTFAyclVhdzYxdnFaMnltOXU3ZDNMLWd3UUNJeHV6dzF0Rlg3akJ2VG9BYVdickx1QmhhUHQ0WWMxQ2l5NmxXazBvT0dQZVFkd0Z0ZmpvN1JCSzBOUUY5R0Y3Y0cxMzVHdw?oc=5"" target=""_blank"">平安银行：管理层变动系谣言，目前经营团队稳定</a>&nbsp;&nbsp;<font color=""#6f6f6f"">奥一网</font>",https://news.google.com/rss/articles/CBMiZkFVX3lxTFAyclVhdzYxdnFaMnltOXU3ZDNMLWd3UUNJeHV6dzF0Rlg3akJ2VG9BYVdickx1QmhhUHQ0WWMxQ2l5NmxXazBvT0dQZVFkd0Z0ZmpvN1JCSzBOUUY5R0Y3Y0cxMzVHdw?oc=5,平安银行,平安银行：管理层变动系谣言，目前经营团队稳定 - 奥一网. 平安银行：管理层变动系谣言，目前经营团队稳定 奥一网,neutral,0.063074656,zh,bootstrap,mixed_real_news_v6
2026-04-20,2026-04-20T22:23:57+00:00,000001.SZ,"""平安银行"" - Google 新闻",平安银行严正声明：网传管理层变动系不实信息 - 东方财富,"<a href=""https://news.google.com/rss/articles/CBMiYEFVX3lxTFBqN25ZUXBQSW12cUNRVXVTX3RjbEZWUHg0S29OcEs2M2pSU3dONTFFWTFNX21JOTExUEpON0I4LUMyYjVsMEtiQlFSS2hCYzhQX29zZGVsTVRGam5hYVd5aA?oc=5"" target=""_blank"">平安银行严正声明：网传管理层变动系不实信息</a>&nbsp;&nbsp;<font color=""#6f6f6f"">东方财富</font>",https://news.google.com/rss/articles/CBMiYEFVX3lxTFBqN25ZUXBQSW12cUNRVXVTX3RjbEZWUHg0S29OcEs2M2pSU3dONTFFWTFNX21JOTExUEpON0I4LUMyYjVsMEtiQlFSS2hCYzhQX29zZGVsTVRGam5hYVd5aA?oc=5,平安银行,平安银行严正声明：网传管理层变动系不实信息 - 东方财富. 平安银行严正声明：网传管理层变动系不实信息 东方财富,neutral,0.035694245,zh,bootstrap,mixed_real_news_v6
2026-04-21,2026-04-21T03:13:00+00:00,000001.SZ,"""平安银行"" - Google 新闻",平安银行紧急辟谣“管理层变动”传闻：已报案，经营团队稳定 - 财富号,"<a href=""https://news.google.com/rss/articles/CBMia0FVX3lxTE0xODItRzhOZzNfSmlXY2JvSGVWSXVERE04bmJpa3VXUHZkanh5cmItSnBVXzNVOURUMkVzS285VGYxWlpNeG1OdDUtT01WdDJobXhicVhXUmVkV1VaUE9GTG9rSUJ5X1huUERn?oc=5"" target=""_blank"">平安银行紧急辟谣“管理层变动”传闻：已报案，经营团队稳定</a>&nbsp;&nbsp;<font color=""#6f6f6f"">财富号</font>",https://news.google.com/rss/articles/CBMia0FVX3lxTE0xODItRzhOZzNfSmlXY2JvSGVWSXVERE04bmJpa3VXUHZkanh5cmItSnBVXzNVOURUMkVzS285VGYxWlpNeG1OdDUtT01WdDJobXhicVhXUmVkV1VaUE9GTG9rSUJ5X1huUERn?oc=5,平安银行,平安银行紧急辟谣“管理层变动”传闻：已报案，经营团队稳定 - 财富号. 平安银行紧急辟谣“管理层变动”传闻：已报案，经营团队稳定 财富号,neutral,0.047518305,zh,bootstrap,mixed_real_news_v6
2026-04-21,2026-04-21T07:00:00+00:00,000001.SZ,"""平安银行"" - Google 新闻",平安银行北京分行2026“艺术焕新”系列活动圆满收官——罗维x平安银行重构春日艺术想象 - 新浪财经,"<a href=""https://news.google.com/rss/articles/CBMieEFVX3lxTE1vWENKX3A2dUhncHQtSUp6NnZqV0J1Mkk0RDhqREkxXzFDRWJYN3dZNl9NVHpES1g1MXctelN5cUhQWTd1M2JGUS1kcVBzcVdUXzBFZlY2c0xWbkptTXBYM3prbTRJRVF2UjJGM1lwa3d5eUJWU3hkLQ?oc=5"" target=""_blank"">平安银行北京分行2026“艺术焕新”系列活动圆满收官——罗维x平安银行重构春日艺术想象</a>&nbsp;&nbsp;<font color=""#6f6f6f"">新浪财经</font>",https://news.google.com/rss/articles/CBMieEFVX3lxTE1vWENKX3A2dUhncHQtSUp6NnZqV0J1Mkk0RDhqREkxXzFDRWJYN3dZNl9NVHpES1g1MXctelN5cUhQWTd1M2JGUS1kcVBzcVdUXzBFZlY2c0xWbkptTXBYM3prbTRJRVF2UjJGM1lwa3d5eUJWU3hkLQ?oc=5,平安银行,平安银行北京分行2026“艺术焕新”系列活动圆满收官——罗维x平安银行重构春日艺术想象 - 新浪财经. 平安银行北京分行2026“艺术焕新”系列活动圆满收官——罗维x平安银行重构春日艺术想象 新浪财经,neutral,0.084704444,zh,bootstrap,mixed_real_news_v6
2026-04-21,2026-04-21T07:00:00+00:00,000001.SZ,"""平安银行"" - Google 新闻",平安银行发言人表示已向公安报案，将造谣者绳之以法！ - 新浪财经,"<a href=""https://news.google.com/rss/articles/CBMihAFBVV95cUxNaWlBdFF5aFhId3RrUWZfZk42a2V5dXFhNHExb2lfV3pVTlQ1ZEtPaDE4M25SbF9URVdnTG5aNFVMTVlBeThHVkRzT1NxcDRjQ0txWklOQmNiSTdzQmVvMzhmZXY5X3hXT2xIR0VIaGJYbENxUDlzb3pFYVViRzZNdTEyOEM?oc=5"" target=""_blank"">平安银行发言人表示已向公安报案，将造谣者绳之以法！</a>&nbsp;&nbsp;<font color=""#6f6f6f"">新浪财经</font>",https://news.google.com/rss/articles/CBMihAFBVV95cUxNaWlBdFF5aFhId3RrUWZfZk42a2V5dXFhNHExb2lfV3pVTlQ1ZEtPaDE4M25SbF9URVdnTG5aNFVMTVlBeThHVkRzT1NxcDRjQ0txWklOQmNiSTdzQmVvMzhmZXY5X3hXT2xIR0VIaGJYbENxUDlzb3pFYVViRzZNdTEyOEM?oc=5,平安银行,平安银行发言人表示已向公安报案，将造谣者绳之以法！ - 新浪财经. 平安银行发言人表示已向公安报案，将造谣者绳之以法！ 新浪财经,neutral,0.074910335,zh,bootstrap,mixed_real_news_v6
2026-04-21,2026-04-21T23:25:00+00:00,000001.SZ,平安银行 - Bing新聞,调研｜平安银行对公和零售信贷投放首近1:1！科技金融再进阶，成对公强势引擎,截至今年3月末，创业板上市公司占A股上市公司总数1/4，总市值近18万亿元，是全球最具活力的市场之一。助推这一数据的，是多家银行科技金融战略不断深化，服务科技企业方法论持续升级——银行通常在科技企业初创期或成长早期就介入信贷支持，并且提升审批效率、在准入和价格上给予优惠政策。,http://www.bing.com/news/apiclick.aspx?ref=FexRss&aid=&tid=69fb1697ba8743c0889fc07426afbc5c&url=https%3a%2f%2ffinance.ifeng.com%2fc%2f8sWyIXTFtOY&c=110639493118481144&mkt=zh-tw,平安银行,调研｜平安银行对公和零售信贷投放首近1:1！科技金融再进阶，成对公强势引擎. 截至今年3月末，创业板上市公司占A股上市公司总数1/4，总市值近18万亿元，是全球最具活力的市场之一。助推这一数据的，是多家银行科技金融战略不断深化，服务科技企业方法论持续升级——银行通常在科技企业初创期或成长早期就介入信贷支持，并且提升审批效率、在准入和价格上给予优惠政策。,neutral,0.074024625,zh,bootstrap,mixed_real_news_v6
2026-04-22,2026-04-22T04:31:56+00:00,000001.SZ,"""平安银行"" - Google 新闻",平安银行，顶压前行_公司新闻_财经 - 证券之星,"<a href=""https://news.google.com/rss/articles/CBMiYEFVX3lxTE8wOEM1YU1hcGUtRE5EckVFZnRYbVdNMW9tejJtbm5memtWenNqZVBKZjlUaHpVYk9nYWNvOHVBejN5d1JpVEVyZDBPdkxUbnA0ZVA3MFc3TlZ3dENTWE5XTg?oc=5"" target=""_blank"">平安银行，顶压前行_公司新闻_财经</a>&nbsp;&nbsp;<font color=""#6f6f6f"">证券之星</font>",https://news.google.com/rss/articles/CBMiYEFVX3lxTE8wOEM1YU1hcGUtRE5EckVFZnRYbVdNMW9tejJtbm5memtWenNqZVBKZjlUaHpVYk9nYWNvOHVBejN5d1JpVEVyZDBPdkxUbnA0ZVA3MFc3TlZ3dENTWE5XTg?oc=5,平安银行,平安银行，顶压前行_公司新闻_财经 - 证券之星. 平安银行，顶压前行_公司新闻_财经 证券之星,neutral,0.14432627,zh,bootstrap,mixed_real_news_v6
2026-04-22,2026-04-22T14:14:45+00:00,000001.SZ,"""平安银行"" - Google 新闻",平安银行：融资净偿还25.75万元，融资余额53.96亿元 - 东方财富,"<a href=""https://news.google.com/rss/articles/CBMiYEFVX3lxTE5hZGVUZWpPUEgxbjU2WWZYWHBXZ29VRnlFVXBrVC1wdWVkdGV2YmxpSWtQYXNqSnhXU3JmeXpwRFE5aXkzcnducld6bEstelBocVRKdU9aYlZtaXRWTTM1Zw?oc=5"" target=""_blank"">平安银行：融资净偿还25.75万元，融资余额53.96亿元</a>&nbsp;&nbsp;<font color=""#6f6f6f"">东方财富</font>",https://news.google.com/rss/articles/CBMiYEFVX3lxTE5hZGVUZWpPUEgxbjU2WWZYWHBXZ29VRnlFVXBrVC1wdWVkdGV2YmxpSWtQYXNqSnhXU3JmeXpwRFE5aXkzcnducld6bEstelBocVRKdU9aYlZtaXRWTTM1Zw?oc=5,平安银行,平安银行：融资净偿还25.75万元，融资余额53.96亿元 - 东方财富. 平安银行：融资净偿还25.75万元，融资余额53.96亿元 东方财富,neutral,0.028189862,zh,bootstrap,mixed_real_news_v6
2026-04-23,2026-04-23T07:00:00+00:00,000001.SZ,"""Ping An Bank"" - Google News","Ping An Bank Co., Ltd. Reports Earnings Results for the First Quarter Ended March 31, 2026 - marketscreener.com","<a href=""https://news.google.com/rss/articles/CBMi1gFBVV95cUxPNHk3cFVmYVV2S21JZXRtWHB0b2U2TjFsTEF1UTZGR0RBbkdNYXkyVUpoSGtUNWZtMk04RWFieS1VZlMxS0pzUnFLUko2NUtNVjlxVUQ1VGFMaXRycGx2TGFaVE1Gajg2TGJWOE51QnZILUhBUERkSTFqVWRkVHIxUDRIaHZuYlhCNXRQbXJpbXlqamNmYkRoVWRtZWRsNGh2bU9TRUFYc2UtOE9OcGVnQm50ajU1TFgzbER3M2w2bnIxLV92bEFRS1dmOU1LeU12Q3Juc3N3?oc=5"" target=""_blank"">Ping An Bank Co., Ltd. Reports Earnings Results for the First Quarter Ended March 31, 2026</a>&nbsp;&nbsp;<font color=""#6f6f6f"">marketscreener.com</font>",https://news.google.com/rss/articles/CBMi1gFBVV95cUxPNHk3cFVmYVV2S21JZXRtWHB0b2U2TjFsTEF1UTZGR0RBbkdNYXkyVUpoSGtUNWZtMk04RWFieS1VZlMxS0pzUnFLUko2NUtNVjlxVUQ1VGFMaXRycGx2TGFaVE1Gajg2TGJWOE51QnZILUhBUERkSTFqVWRkVHIxUDRIaHZuYlhCNXRQbXJpbXlqamNmYkRoVWRtZWRsNGh2bU9TRUFYc2UtOE9OcGVnQm50ajU1TFgzbER3M2w2bnIxLV92bEFRS1dmOU1LeU12Q3Juc3N3?oc=5,Ping An Bank,"Ping An Bank Co., Ltd. Reports Earnings Results for the First Quarter Ended March 31, 2026 - marketscreener.com. Ping An Bank Co., Ltd. Reports Earnings Results for the First Quarter Ended March 31, 2026 marketscreener.com",neutral,-0.08028492,en,bootstrap,mixed_real_news_v6
2026-04-24,2026-04-24T02:57:00+00:00,000001.SZ,"""平安银行"" - Google 新闻",八大银行鏖战银保2025：走出“降费”阴影，平安银行代销保险收入大涨53.3% - 21财经,"<a href=""https://news.google.com/rss/articles/CBMijwFBVV95cUxQeHRFdHZGbmE3M1g0U1BmRDN1OVFMYTBTQ2szbzM2UjNudUxLR3J2SjNoM29raDRqdGg5VG1HRmpQUVBoUW54Tm9RNkYweXRhRFRzTGdPVmJhVEh5UGg3RGkzREE5M0REUzlta0hFWVpUejJ0QnZCVU9jdnM2NFE0TkUxUUxrZExBdDBNM2Q1dw?oc=5"" target=""_blank"">八大银行鏖战银保2025：走出“降费”阴影，平安银行代销保险收入大涨53.3%</a>&nbsp;&nbsp;<font color=""#6f6f6f"">21财经</font>",https://news.google.com/rss/articles/CBMijwFBVV95cUxQeHRFdHZGbmE3M1g0U1BmRDN1OVFMYTBTQ2szbzM2UjNudUxLR3J2SjNoM29raDRqdGg5VG1HRmpQUVBoUW54Tm9RNkYweXRhRFRzTGdPVmJhVEh5UGg3RGkzREE5M0REUzlta0hFWVpUejJ0QnZCVU9jdnM2NFE0TkUxUUxrZExBdDBNM2Q1dw?oc=5,平安银行,八大银行鏖战银保2025：走出“降费”阴影，平安银行代销保险收入大涨53.3% - 21财经. 八大银行鏖战银保2025：走出“降费”阴影，平安银行代销保险收入大涨53.3% 21财经,neutral,0.031244166,zh,bootstrap,mixed_real_news_v6
2026-04-24,2026-04-24T07:00:00+00:00,000001.SZ,"""Ping An Bank"" - Google News","Ping An Bank's Q1 2026 Earnings Report: Revenue and Net Profit Achieve 'Dual Growth,' Performance 'Turning Point' Arrives as Expected - Moomoo","<a href=""https://news.google.com/rss/articles/CBMilwFBVV95cUxNakxZbG1FLVFfLXZqZE9fZjNsT3VXMGdYczhqUHladk81alM5TFNodm5CX21BYnlyWjNWaTUzbU9FZjJRZURTRndUNFowc0Ffb190OFN0Wld2SnNKdUIycDlYQzBHbkFBUUxfeUlpUHBsVzhvOXNzSXR6Vm9wTHBQSUszbUxVZ3RPM0oyOENnRDNUcl83aWlZ?oc=5"" target=""_blank"">Ping An Bank's Q1 2026 Earnings Report: Revenue and Net Profit Achieve 'Dual Growth,' Performance 'Turning Point' Arrives as Expected</a>&nbsp;&nbsp;<font color=""#6f6f6f"">Moomoo</font>",https://news.google.com/rss/articles/CBMilwFBVV95cUxNakxZbG1FLVFfLXZqZE9fZjNsT3VXMGdYczhqUHladk81alM5TFNodm5CX21BYnlyWjNWaTUzbU9FZjJRZURTRndUNFowc0Ffb190OFN0Wld2SnNKdUIycDlYQzBHbkFBUUxfeUlpUHBsVzhvOXNzSXR6Vm9wTHBQSUszbUxVZ3RPM0oyOENnRDNUcl83aWlZ?oc=5,Ping An Bank,"Ping An Bank's Q1 2026 Earnings Report: Revenue and Net Profit Achieve 'Dual Growth,' Performance 'Turning Point' Arrives as Expected - Moomoo. Ping An Bank's Q1 2026 Earnings Report: Revenue and Net Profit Achieve 'Dual Growth,' Performance 'Turning Point' Arrives as Expected Moomoo",neutral,0.3201184,en,bootstrap,mixed_real_news_v6
2026-04-24,2026-04-24T07:00:00+00:00,000001.SZ,"""Ping An Bank"" - Google News",Ping An Bank (000001) Q1 2026 earnings summary - Quartr,"<a href=""https://news.google.com/rss/articles/CBMieEFVX3lxTE9iNjRuZXlDLVh4eDk2U3p1YVJna3dIZVFMU1F3RkJDdVM4MEEyd3hjMFVzd1RvVlZlSUVSTXNtV3h2WDBVMzBuVzRLTUFxNmZ6ejFTZXhCTWtmZlZwVGppVVpWeU5UemM0ck1xVVV3TXdaejRHbzZZQw?oc=5"" target=""_blank"">Ping An Bank (000001) Q1 2026 earnings summary</a>&nbsp;&nbsp;<font color=""#6f6f6f"">Quartr</font>",https://news.google.com/rss/articles/CBMieEFVX3lxTE9iNjRuZXlDLVh4eDk2U3p1YVJna3dIZVFMU1F3RkJDdVM4MEEyd3hjMFVzd1RvVlZlSUVSTXNtV3h2WDBVMzBuVzRLTUFxNmZ6ejFTZXhCTWtmZlZwVGppVVpWeU5UemM0ck1xVVV3TXdaejRHbzZZQw?oc=5,Ping An Bank,Ping An Bank (000001) Q1 2026 earnings summary - Quartr. Ping An Bank (000001) Q1 2026 earnings summary Quartr,neutral,-0.17967667,en,bootstrap,mixed_real_news_v6
2026-04-24,2026-04-24T07:00:00+00:00,000001.SZ,"""Ping An Bank"" - Google News",Ping An Bank Q1 Net Profit Up 3.0% Y/Y - TradingView,"<a href=""https://news.google.com/rss/articles/CBMiqwFBVV95cUxPQmpwVlIyeEcwelY5cDVrM0FURjQ1Zzl1VFBqU3FXUEN3dlgzdXVlTWJ4MFlxZURnYXE5dklHdVZvZnRtQmpLV0hZdkRSX2pKZnU4NXZlQWtwekZyUURENmRoUHkwZlhaLVRXQlhOaVByVlBNMDlZQUtuNHU1c05fNDFwNExhQ2l1ZTFNcjUxRTR3ZUZOR2F6TEgzdTNUREpxX0F3VGc3TW81YnM?oc=5"" target=""_blank"">Ping An Bank Q1 Net Profit Up 3.0% Y/Y</a>&nbsp;&nbsp;<font color=""#6f6f6f"">TradingView</font>",https://news.google.com/rss/articles/CBMiqwFBVV95cUxPQmpwVlIyeEcwelY5cDVrM0FURjQ1Zzl1VFBqU3FXUEN3dlgzdXVlTWJ4MFlxZURnYXE5dklHdVZvZnRtQmpLV0hZdkRSX2pKZnU4NXZlQWtwekZyUURENmRoUHkwZlhaLVRXQlhOaVByVlBNMDlZQUtuNHU1c05fNDFwNExhQ2l1ZTFNcjUxRTR3ZUZOR2F6TEgzdTNUREpxX0F3VGc3TW81YnM?oc=5,Ping An Bank,Ping An Bank Q1 Net Profit Up 3.0% Y/Y - TradingView. Ping An Bank Q1 Net Profit Up 3.0% Y/Y TradingView,positive,0.9235757,en,bootstrap,mixed_real_news_v6
2026-04-24,2026-04-24T07:00:00+00:00,000001.SZ,"""Ping An Bank"" - Google News","Ping An (02318.HK) subsidiary Ping An Bank reported a net profit of RMB 14.523 billion in the first quarter, representing a 3% increase. - 富途牛牛","<a href=""https://news.google.com/rss/articles/CBMilwFBVV95cUxOZ2ROcmtJYXJHNElCZUthTGpTemlmZ0xnVm5mbHR2d05tVmpPbzhOOVVaa0pxajgwUVBLLWVpcENQZlpFd1ExUmJKZkZac1JGenRtZG9ndk1WajVPQUczcldTRk9xSUloblNmUnB1ZGtBLUVNUEVWN1h0Y2Zrbld4OU5TR21fR0x1NGluYVctWGZZZUlnVEdR?oc=5"" target=""_blank"">Ping An (02318.HK) subsidiary Ping An Bank reported a net profit of RMB 14.523 billion in the first quarter, representing a 3% increase.</a>&nbsp;&nbsp;<font color=""#6f6f6f"">富途牛牛</font>",https://news.google.com/rss/articles/CBMilwFBVV95cUxOZ2ROcmtJYXJHNElCZUthTGpTemlmZ0xnVm5mbHR2d05tVmpPbzhOOVVaa0pxajgwUVBLLWVpcENQZlpFd1ExUmJKZkZac1JGenRtZG9ndk1WajVPQUczcldTRk9xSUloblNmUnB1ZGtBLUVNUEVWN1h0Y2Zrbld4OU5TR21fR0x1NGluYVctWGZZZUlnVEdR?oc=5,Ping An Bank,"Ping An (02318.HK) subsidiary Ping An Bank reported a net profit of RMB 14.523 billion in the first quarter, representing a 3% increase. - 富途牛牛. Ping An (02318.HK) subsidiary Ping An Bank reported a net profit of RMB 14.523 billion in the first quarter, representing a 3% increase. 富途牛牛",positive,0.9207232,en,bootstrap,mixed_real_news_v6
2026-04-24,2026-04-24T07:00:00+00:00,000001.SZ,"""平安银行"" - Google 新闻",平安银行2026年一季报：资产规模保持稳定，营收利润同比双增 - thepaper.cn,"<a href=""https://news.google.com/rss/articles/CBMiXkFVX3lxTE9HWGZKZEhLYXFlV0daYkw3ZjNSQ0VvYnN6NjhqbnljcXBhcXEza2VBM3RpRm1nclVZb0NyeGdseUlVZHo2Y0ZtX2hFUmUyY0N1cDk5TWpKNFhNSnlzdXc?oc=5"" target=""_blank"">平安银行2026年一季报：资产规模保持稳定，营收利润同比双增</a>&nbsp;&nbsp;<font color=""#6f6f6f"">thepaper.cn</font>",https://news.google.com/rss/articles/CBMiXkFVX3lxTE9HWGZKZEhLYXFlV0daYkw3ZjNSQ0VvYnN6NjhqbnljcXBhcXEza2VBM3RpRm1nclVZb0NyeGdseUlVZHo2Y0ZtX2hFUmUyY0N1cDk5TWpKNFhNSnlzdXc?oc=5,平安银行,平安银行2026年一季报：资产规模保持稳定，营收利润同比双增 - thepaper.cn. 平安银行2026年一季报：资产规模保持稳定，营收利润同比双增 thepaper.cn,neutral,0.01317214,zh,bootstrap,mixed_real_news_v6
2026-04-24,2026-04-24T07:00:00+00:00,000001.SZ,"""平安银行"" - Google 新闻",实体筑基 财富赋能 平安银行一季度营收净利同比双增 - 东方财富,"<a href=""https://news.google.com/rss/articles/CBMiYEFVX3lxTE5KNzUxUUJXZTRiTFlkOHo3bGNwNC1BTVpPanlJYXJuWEdUeGdCUHFYczVsbzRsSDdjNUpLeXVaVEF1VWozQkJfMDQzaGYwMnNETk4wTUM5UEhBQlNsOGFsMA?oc=5"" target=""_blank"">实体筑基 财富赋能 平安银行一季度营收净利同比双增</a>&nbsp;&nbsp;<font color=""#6f6f6f"">东方财富</font>",https://news.google.com/rss/articles/CBMiYEFVX3lxTE5KNzUxUUJXZTRiTFlkOHo3bGNwNC1BTVpPanlJYXJuWEdUeGdCUHFYczVsbzRsSDdjNUpLeXVaVEF1VWozQkJfMDQzaGYwMnNETk4wTUM5UEhBQlNsOGFsMA?oc=5,平安银行,实体筑基 财富赋能 平安银行一季度营收净利同比双增 - 东方财富. 实体筑基 财富赋能 平安银行一季度营收净利同比双增 东方财富,neutral,0.051637203,zh,bootstrap,mixed_real_news_v6
2026-04-24,2026-04-24T07:00:00+00:00,000001.SZ,"""平安银行"" - Google 新闻",平安银行信用卡中心副总经理包建君任职资格获批 - 东方财富,"<a href=""https://news.google.com/rss/articles/CBMiYEFVX3lxTFBfT0JIRnBVTWQ2MHd4WjdXQmhtdkl0c1g5T2lDRmcxejh3WEUzbktVcGlhLW9MRXlYM1lrWC1aTUlZTkFTY1pyTDVici1HNFotRVU2N3FSbVVHLWVIcXh6dg?oc=5"" target=""_blank"">平安银行信用卡中心副总经理包建君任职资格获批</a>&nbsp;&nbsp;<font color=""#6f6f6f"">东方财富</font>",https://news.google.com/rss/articles/CBMiYEFVX3lxTFBfT0JIRnBVTWQ2MHd4WjdXQmhtdkl0c1g5T2lDRmcxejh3WEUzbktVcGlhLW9MRXlYM1lrWC1aTUlZTkFTY1pyTDVici1HNFotRVU2N3FSbVVHLWVIcXh6dg?oc=5,平安银行,平安银行信用卡中心副总经理包建君任职资格获批 - 东方财富. 平安银行信用卡中心副总经理包建君任职资格获批 东方财富,neutral,0.03363533,zh,bootstrap,mixed_real_news_v6
2026-04-24,2026-04-24T07:00:00+00:00,000001.SZ,"""平安银行"" - Google 新闻",平安银行：一季度净利润同比增长3.0% - 东方财富,"<a href=""https://news.google.com/rss/articles/CBMiZkFVX3lxTFA1ZUhxLTE3TEdrRUVVU3pGNVV1ZWM4dVFidkl0ZzJGbTNjeWotczg0dWtUX0h0SndoU3RHUnkzRU43Q3M1c1Q5MWRJNlU3ZWNFTnYtWVNzYTRtcE9VeEhaVzQ5MXNCUQ?oc=5"" target=""_blank"">平安银行：一季度净利润同比增长3.0%</a>&nbsp;&nbsp;<font color=""#6f6f6f"">东方财富</font>",https://news.google.com/rss/articles/CBMiZkFVX3lxTFA1ZUhxLTE3TEdrRUVVU3pGNVV1ZWM4dVFidkl0ZzJGbTNjeWotczg0dWtUX0h0SndoU3RHUnkzRU43Q3M1c1Q5MWRJNlU3ZWNFTnYtWVNzYTRtcE9VeEhaVzQ5MXNCUQ?oc=5,平安银行,平安银行：一季度净利润同比增长3.0% - 东方财富. 平安银行：一季度净利润同比增长3.0% 东方财富,neutral,0.0102754235,zh,bootstrap,mixed_real_news_v6
2026-04-24,2026-04-24T07:00:00+00:00,000001.SZ,"""平安银行"" - Google 新闻",平安银行2026年一季报：资产规模保持稳定，营收利润同比双增 - 新浪财经,"<a href=""https://news.google.com/rss/articles/CBMifEFVX3lxTE9lUkFwSG5QTDJCWmk5UWNWeW9POXFGcUdRMWE2RUIyX0NGRWVsODE0U1B0b2JEQ1ZiUG0yNy1Zc2ExaWtBWjUtWTI4aXdUaHRfZy1Xa3d4Q2F5VHNpTk9kYXFia3V5MWdVSUxSbElwbUJjSTRNVUhkbDV4blA?oc=5"" target=""_blank"">平安银行2026年一季报：资产规模保持稳定，营收利润同比双增</a>&nbsp;&nbsp;<font color=""#6f6f6f"">新浪财经</font>",https://news.google.com/rss/articles/CBMifEFVX3lxTE9lUkFwSG5QTDJCWmk5UWNWeW9POXFGcUdRMWE2RUIyX0NGRWVsODE0U1B0b2JEQ1ZiUG0yNy1Zc2ExaWtBWjUtWTI4aXdUaHRfZy1Xa3d4Q2F5VHNpTk9kYXFia3V5MWdVSUxSbElwbUJjSTRNVUhkbDV4blA?oc=5,平安银行,平安银行2026年一季报：资产规模保持稳定，营收利润同比双增 - 新浪财经. 平安银行2026年一季报：资产规模保持稳定，营收利润同比双增 新浪财经,neutral,0.05052583,zh,bootstrap,mixed_real_news_v6
2026-04-24,2026-04-24T07:00:00+00:00,000001.SZ,"""平安银行"" - Google 新闻",平安银行哈尔滨分行被罚54.96万，涉违反金融统计等规定 - 新浪财经,"<a href=""https://news.google.com/rss/articles/CBMihAFBVV95cUxQLTJydU5MeHU2eDhoUXZRZE5pUjdzLVhRNVhqaHN1YlprY3J2TVpFa1lLZ3llOFU2X0p5LXlPMkpkcjVEaUVGNU9TMU9hOVc3YTNBdDB5TzJGQ1piMUw0OHVuVUZQdk9VeVNjb0ttc3llSDV6aDhmdjJZYnFBN3NfbVdRWTM?oc=5"" target=""_blank"">平安银行哈尔滨分行被罚54.96万，涉违反金融统计等规定</a>&nbsp;&nbsp;<font color=""#6f6f6f"">新浪财经</font>",https://news.google.com/rss/articles/CBMihAFBVV95cUxQLTJydU5MeHU2eDhoUXZRZE5pUjdzLVhRNVhqaHN1YlprY3J2TVpFa1lLZ3llOFU2X0p5LXlPMkpkcjVEaUVGNU9TMU9hOVc3YTNBdDB5TzJGQ1piMUw0OHVuVUZQdk9VeVNjb0ttc3llSDV6aDhmdjJZYnFBN3NfbVdRWTM?oc=5,平安银行,平安银行哈尔滨分行被罚54.96万，涉违反金融统计等规定 - 新浪财经. 平安银行哈尔滨分行被罚54.96万，涉违反金融统计等规定 新浪财经,neutral,0.04046848,zh,bootstrap,mixed_real_news_v6
2026-04-24,2026-04-24T07:00:00+00:00,000001.SZ,"""平安银行"" - Google 新闻",平安银行汽车消费金融中心济南分中心被罚40万元，因车辆抵押贷款贷前调查不尽职 - 新浪财经,"<a href=""https://news.google.com/rss/articles/CBMieEFVX3lxTE1jU0xuRzVlemJPTlU1YkFWTHMtVElhZ1pZRzVHeGdPWU52RWFoSGxkbFlUV1VKV1I3S21EdVpmSzgxbUk2TThkcElpY1VtcEZfUXFGcng4dHBZQ0NFa0ZMZzN0OVBiUzdiODE2WFUyX2ZjbC04Mnk1bw?oc=5"" target=""_blank"">平安银行汽车消费金融中心济南分中心被罚40万元，因车辆抵押贷款贷前调查不尽职</a>&nbsp;&nbsp;<font color=""#6f6f6f"">新浪财经</font>",https://news.google.com/rss/articles/CBMieEFVX3lxTE1jU0xuRzVlemJPTlU1YkFWTHMtVElhZ1pZRzVHeGdPWU52RWFoSGxkbFlUV1VKV1I3S21EdVpmSzgxbUk2TThkcElpY1VtcEZfUXFGcng4dHBZQ0NFa0ZMZzN0OVBiUzdiODE2WFUyX2ZjbC04Mnk1bw?oc=5,平安银行,平安银行汽车消费金融中心济南分中心被罚40万元，因车辆抵押贷款贷前调查不尽职 - 新浪财经. 平安银行汽车消费金融中心济南分中心被罚40万元，因车辆抵押贷款贷前调查不尽职 新浪财经,neutral,0.08832928,zh,bootstrap,mixed_real_news_v6
2026-04-24,2026-04-24T07:00:00+00:00,000001.SZ,"""平安银行"" - Google 新闻",平安银行汽车消金被罚140万，涉贷款业务违规等 - 新浪财经,"<a href=""https://news.google.com/rss/articles/CBMigAFBVV95cUxOcnk3NDBsNmRRUEVEOVJfZVpQYjNtSmJvamo5Zzg1M3NBWDRKVUM3Z1lNMTFlM2V5bjU0MlpOZmhpY2V4SDdqS1RGV0gxcEZtNHFqanFKSGFhdHlQOFRRSWhDSkt1dTlPX0h5WXJYcmJQczhkdS0weUc4TU5MNV9EZw?oc=5"" target=""_blank"">平安银行汽车消金被罚140万，涉贷款业务违规等</a>&nbsp;&nbsp;<font color=""#6f6f6f"">新浪财经</font>",https://news.google.com/rss/articles/CBMigAFBVV95cUxOcnk3NDBsNmRRUEVEOVJfZVpQYjNtSmJvamo5Zzg1M3NBWDRKVUM3Z1lNMTFlM2V5bjU0MlpOZmhpY2V4SDdqS1RGV0gxcEZtNHFqanFKSGFhdHlQOFRRSWhDSkt1dTlPX0h5WXJYcmJQczhkdS0weUc4TU5MNV9EZw?oc=5,平安银行,平安银行汽车消金被罚140万，涉贷款业务违规等 - 新浪财经. 平安银行汽车消金被罚140万，涉贷款业务违规等 新浪财经,neutral,0.056701116,zh,bootstrap,mixed_real_news_v6
2026-04-24,2026-04-24T10:20:07+00:00,000001.SZ,"""平安银行"" - Google 新闻",平安银行汽车消金被罚140万，涉贷款业务违规等 - 东方财富,"<a href=""https://news.google.com/rss/articles/CBMiZkFVX3lxTE9LZy1TWUhHeEdybjRXT09jV2ExM2ZuWHlMVXdyMVhjSjN5OFZqNGFBWmZzTkJEVWhNeVJ5VUhTc2Jka0V0SGZsNnBsY2hwSzVuaTF4ZUdZRXRNMGNqWXVlOXdDNklxdw?oc=5"" target=""_blank"">平安银行汽车消金被罚140万，涉贷款业务违规等</a>&nbsp;&nbsp;<font color=""#6f6f6f"">东方财富</font>",https://news.google.com/rss/articles/CBMiZkFVX3lxTE9LZy1TWUhHeEdybjRXT09jV2ExM2ZuWHlMVXdyMVhjSjN5OFZqNGFBWmZzTkJEVWhNeVJ5VUhTc2Jka0V0SGZsNnBsY2hwSzVuaTF4ZUdZRXRNMGNqWXVlOXdDNklxdw?oc=5,平安银行,平安银行汽车消金被罚140万，涉贷款业务违规等 - 东方财富. 平安银行汽车消金被罚140万，涉贷款业务违规等 东方财富,neutral,0.05740339,zh,bootstrap,mixed_real_news_v6
2026-04-24,2026-04-24T11:56:32+00:00,000001.SZ,"""平安银行"" - Google 新闻",19:50:32【平安银行：第一季度净利润同比增长3.0%】 - 财联社,"<a href=""https://news.google.com/rss/articles/CBMiSEFVX3lxTFBVR0lZQjRoY3ZfQTNENUJWR2VEMXRvcHEtUWktM21UcFV1UUhZRFVFcjBmRVhnV0JlRktJbXJHaVZKS2NrY29tTQ?oc=5"" target=""_blank"">19:50:32【平安银行：第一季度净利润同比增长3.0%】</a>&nbsp;&nbsp;<font color=""#6f6f6f"">财联社</font>",https://news.google.com/rss/articles/CBMiSEFVX3lxTFBVR0lZQjRoY3ZfQTNENUJWR2VEMXRvcHEtUWktM21UcFV1UUhZRFVFcjBmRVhnV0JlRktJbXJHaVZKS2NrY29tTQ?oc=5,平安银行,19:50:32【平安银行：第一季度净利润同比增长3.0%】 - 财联社. 19:50:32【平安银行：第一季度净利润同比增长3.0%】 财联社,neutral,0.0021723025,zh,bootstrap,mixed_real_news_v6
2026-04-24,2026-04-24T12:04:18+00:00,000001.SZ,"""平安银行"" - Google 新闻",平安银行：一季度归母净利润145.23亿元 同比增加3% - 东方财富,"<a href=""https://news.google.com/rss/articles/CBMiYEFVX3lxTFBtSWhQVWdUTU93ZHY4N19YT0JKQlNESXVqX1ZGMzRjTTRsUFVpM1o2a3BIYVRMRUxzQk55UlJvMFQ1V254UEhpU1VsRDFucDlsUHI1Z1FqZWQxV1ZpZ2hfNQ?oc=5"" target=""_blank"">平安银行：一季度归母净利润145.23亿元 同比增加3%</a>&nbsp;&nbsp;<font color=""#6f6f6f"">东方财富</font>",https://news.google.com/rss/articles/CBMiYEFVX3lxTFBtSWhQVWdUTU93ZHY4N19YT0JKQlNESXVqX1ZGMzRjTTRsUFVpM1o2a3BIYVRMRUxzQk55UlJvMFQ1V254UEhpU1VsRDFucDlsUHI1Z1FqZWQxV1ZpZ2hfNQ?oc=5,平安银行,平安银行：一季度归母净利润145.23亿元 同比增加3% - 东方财富. 平安银行：一季度归母净利润145.23亿元 同比增加3% 东方财富,neutral,0.03858808,zh,bootstrap,mixed_real_news_v6
2026-04-24,2026-04-24T12:14:09+00:00,000001.SZ,"""Ping An Bank"" - Google 新闻",平安银行：拟与控股股东中国平安开展400亿元一年期协定存款关联交易 - 富途牛牛,"<a href=""https://news.google.com/rss/articles/CBMiUkFVX3lxTFAtQVVnVl83UWUwa2xjWEp5S0RnYjBjeEdJYWdMeURpN1JLSzJxd3BOeUNMZHoyVWlhZGpIdUFFamhLWWtsQkM4YTZLbWlwYllGMXc?oc=5"" target=""_blank"">平安银行：拟与控股股东中国平安开展400亿元一年期协定存款关联交易</a>&nbsp;&nbsp;<font color=""#6f6f6f"">富途牛牛</font>",https://news.google.com/rss/articles/CBMiUkFVX3lxTFAtQVVnVl83UWUwa2xjWEp5S0RnYjBjeEdJYWdMeURpN1JLSzJxd3BOeUNMZHoyVWlhZGpIdUFFamhLWWtsQkM4YTZLbWlwYllGMXc?oc=5,Ping An Bank,平安银行：拟与控股股东中国平安开展400亿元一年期协定存款关联交易 - 富途牛牛. 平安银行：拟与控股股东中国平安开展400亿元一年期协定存款关联交易 富途牛牛,neutral,0.047679234,zh,bootstrap,mixed_real_news_v6
2026-04-24,2026-04-24T12:51:00+00:00,000001.SZ,"""平安银行"" - Google 新闻",平安银行一季度实现净利润145.23亿元，同比增长3.0% - 新浪财经,"<a href=""https://news.google.com/rss/articles/CBMiiAFBVV95cUxNVHVpWmEzek43cHNaOERzUm5ZRlZZbFJ4bXBOdE9SMXFsNjMwYWhrTGVfYzZtNXhXVFpXLXc2aV80d3BVckVrb21ndWlzNkY5b0xEcGNBRE5kSTg4OHRxUXE2Z3lXbWxialZaWEpDLU1iLURvMThYQXdoUEtwcUFQRTRpSmlUWVFS?oc=5"" target=""_blank"">平安银行一季度实现净利润145.23亿元，同比增长3.0%</a>&nbsp;&nbsp;<font color=""#6f6f6f"">新浪财经</font>",https://news.google.com/rss/articles/CBMiiAFBVV95cUxNVHVpWmEzek43cHNaOERzUm5ZRlZZbFJ4bXBOdE9SMXFsNjMwYWhrTGVfYzZtNXhXVFpXLXc2aV80d3BVckVrb21ndWlzNkY5b0xEcGNBRE5kSTg4OHRxUXE2Z3lXbWxialZaWEpDLU1iLURvMThYQXdoUEtwcUFQRTRpSmlUWVFS?oc=5,平安银行,平安银行一季度实现净利润145.23亿元，同比增长3.0% - 新浪财经. 平安银行一季度实现净利润145.23亿元，同比增长3.0% 新浪财经,neutral,0.025139425,zh,bootstrap,mixed_real_news_v6
2026-04-24,2026-04-24T13:21:39+00:00,000001.SZ,"""平安银行"" - Google 新闻",平安银行一季度实现净利润145.23亿元，同比增长3.0% - 东方财富,"<a href=""https://news.google.com/rss/articles/CBMiYEFVX3lxTE1OUDVHTElfd1ptcXA2ZERjbXpGUHlFNTk3dm5iQ2dVQ091cjBLSEdfUHdYNUFfMkNnTmJCZFdQNXBmdVBfSVdyemQySGF5UXAybFdubUs2SGtRQW9tbVRJSw?oc=5"" target=""_blank"">平安银行一季度实现净利润145.23亿元，同比增长3.0%</a>&nbsp;&nbsp;<font color=""#6f6f6f"">东方财富</font>",https://news.google.com/rss/articles/CBMiYEFVX3lxTE1OUDVHTElfd1ptcXA2ZERjbXpGUHlFNTk3dm5iQ2dVQ091cjBLSEdfUHdYNUFfMkNnTmJCZFdQNXBmdVBfSVdyemQySGF5UXAybFdubUs2SGtRQW9tbVRJSw?oc=5,平安银行,平安银行一季度实现净利润145.23亿元，同比增长3.0% - 东方财富. 平安银行一季度实现净利润145.23亿元，同比增长3.0% 东方财富,neutral,0.024751052,zh,bootstrap,mixed_real_news_v6
2026-04-24,2026-04-24T13:41:14+00:00,000001.SZ,"""平安银行"" - Google 新闻",平安银行：今年一季度实现净利润同比增长3% - 东方财富,"<a href=""https://news.google.com/rss/articles/CBMiZkFVX3lxTFBwRjNfRFo1aUYzT0dsN3NfTV9yazZPVlpsdkwySFBfYTRmdkVjbTNyTWxvOV9DMlNwOGIwNTUxM0hhUXhLX2hoSjBDTHFtejV2UExLT2tlbTVTTWdZTUpRSk1LOWpqdw?oc=5"" target=""_blank"">平安银行：今年一季度实现净利润同比增长3%</a>&nbsp;&nbsp;<font color=""#6f6f6f"">东方财富</font>",https://news.google.com/rss/articles/CBMiZkFVX3lxTFBwRjNfRFo1aUYzT0dsN3NfTV9yazZPVlpsdkwySFBfYTRmdkVjbTNyTWxvOV9DMlNwOGIwNTUxM0hhUXhLX2hoSjBDTHFtejV2UExLT2tlbTVTTWdZTUpRSk1LOWpqdw?oc=5,平安银行,平安银行：今年一季度实现净利润同比增长3% - 东方财富. 平安银行：今年一季度实现净利润同比增长3% 东方财富,neutral,0.042539492,zh,bootstrap,mixed_real_news_v6
2026-04-24,2026-04-24T13:45:20+00:00,000001.SZ,"""平安银行"" - Google 新闻",因商用车贷款等业务违规，平安银行汽车消费金融中心被罚款140万元 - 东方财富,"<a href=""https://news.google.com/rss/articles/CBMiZkFVX3lxTE9ELWVkR0F4RHdNRjljYkMweVNVUDZiX0JDLVhnOXZ2aVh2d3RFYm05clotejRncEp1WEpZWF9raEtNVTFLSWYyYmNPb01CQzFnaVBuRXJyWllXWGh3RkxWazFTaUZCQQ?oc=5"" target=""_blank"">因商用车贷款等业务违规，平安银行汽车消费金融中心被罚款140万元</a>&nbsp;&nbsp;<font color=""#6f6f6f"">东方财富</font>",https://news.google.com/rss/articles/CBMiZkFVX3lxTE9ELWVkR0F4RHdNRjljYkMweVNVUDZiX0JDLVhnOXZ2aVh2d3RFYm05clotejRncEp1WEpZWF9raEtNVTFLSWYyYmNPb01CQzFnaVBuRXJyWllXWGh3RkxWazFTaUZCQQ?oc=5,平安银行,因商用车贷款等业务违规，平安银行汽车消费金融中心被罚款140万元 - 东方财富. 因商用车贷款等业务违规，平安银行汽车消费金融中心被罚款140万元 东方财富,neutral,0.0599457,zh,bootstrap,mixed_real_news_v6
2026-04-24,2026-04-24T15:47:00+00:00,000001.SZ,"""平安银行"" - Google 新闻",中国平安(02318.HK)附属平安银行首季净利润145.23亿人民币 增长3% - AASTOCKS.com,"<a href=""https://news.google.com/rss/articles/CBMimgFBVV95cUxPMVZYZkVUVHlLSVpNbVVKU0pvTVhCYy1UcmhaUndhOHpUemM3NGktZ0xUZGNQODhaRG5UTkt1bnkycEFqam1palpGc01WeWFRVlZVNy1SZFB1dGQ3RzJjVnRJQmtRT2hHRUdILTdJQXAyY1lac04xWmhqVWk4d09XTFZSa25wNGYwU3llV1lIZEd0dHdLR0NIVXNB?oc=5"" target=""_blank"">中国平安(02318.HK)附属平安银行首季净利润145.23亿人民币 增长3%</a>&nbsp;&nbsp;<font color=""#6f6f6f"">AASTOCKS.com</font>",https://news.google.com/rss/articles/CBMimgFBVV95cUxPMVZYZkVUVHlLSVpNbVVKU0pvTVhCYy1UcmhaUndhOHpUemM3NGktZ0xUZGNQODhaRG5UTkt1bnkycEFqam1palpGc01WeWFRVlZVNy1SZFB1dGQ3RzJjVnRJQmtRT2hHRUdILTdJQXAyY1lac04xWmhqVWk4d09XTFZSa25wNGYwU3llV1lIZEd0dHdLR0NIVXNB?oc=5,平安银行,中国平安(02318.HK)附属平安银行首季净利润145.23亿人民币 增长3% - AASTOCKS.com. 中国平安(02318.HK)附属平安银行首季净利润145.23亿人民币 增长3% AASTOCKS.com,neutral,0.011092788,zh,bootstrap,mixed_real_news_v6
2026-04-24,2026-04-24T15:58:26+00:00,000001.SZ,"""000001"" - Google News","Ping An Insurance (02318.HK) Subsidiary Ping An Bank (000001.SZ) 1Q Net Profit RMB14.523 billion, Up 3% - AASTOCKS.com","<a href=""https://news.google.com/rss/articles/CBMilgFBVV95cUxOaXptT1RBX1FGdEJtWVM0REh1R01Zd2ZiTDBFMlJGY2NsUlMxUGxnTV93NGtGelBGX09NMXJya3N3RlFXVDAxR0V3NHB6ODZNMlNrRjh4Y2t6ZW5HNmNGYk4zVXhDb2xUVHFnVXExOXY2Y1dXemJzOFR5YWxULWpxYVkxeUpxazN6RFJqS1ZteUk0RzBkSEE?oc=5"" target=""_blank"">Ping An Insurance (02318.HK) Subsidiary Ping An Bank (000001.SZ) 1Q Net Profit RMB14.523 billion, Up 3%</a>&nbsp;&nbsp;<font color=""#6f6f6f"">AASTOCKS.com</font>",https://news.google.com/rss/articles/CBMilgFBVV95cUxOaXptT1RBX1FGdEJtWVM0REh1R01Zd2ZiTDBFMlJGY2NsUlMxUGxnTV93NGtGelBGX09NMXJya3N3RlFXVDAxR0V3NHB6ODZNMlNrRjh4Y2t6ZW5HNmNGYk4zVXhDb2xUVHFnVXExOXY2Y1dXemJzOFR5YWxULWpxYVkxeUpxazN6RFJqS1ZteUk0RzBkSEE?oc=5,000001,"Ping An Insurance (02318.HK) Subsidiary Ping An Bank (000001.SZ) 1Q Net Profit RMB14.523 billion, Up 3% - AASTOCKS.com. Ping An Insurance (02318.HK) Subsidiary Ping An Bank (000001.SZ) 1Q Net Profit RMB14.523 billion, Up 3% AASTOCKS.com",positive,0.9159509,en,bootstrap,mixed_real_news_v6
2026-04-24,2026-04-24T16:56:39+00:00,000001.SZ,"""Ping An Bank"" - Google News","Ping An Bank (000001.SZ) released its Q1 financial results, with net profits increasing by 3% year-on-year to RMB 14.523 billion. - 富途牛牛","<a href=""https://news.google.com/rss/articles/CBMingFBVV95cUxQczFYZ01DaDFOUHhMdC1tMmJZVnZSREY1eHg4bXJCcG9BckJ5UzkyQkRUazZMRVUzdmtLeERvVjdrOGN1ZnJJaWkzSFdJWTMwcy1BVXYzUmw3eXVRNVRjS1JDTkhUM1UwNzRqeS0zb0VHNjBoT3FaalVZQkJBQWdYWjFtSHNHY25HSDR1dk9tWDBxNlVoYjlBNzh2RzNCUQ?oc=5"" target=""_blank"">Ping An Bank (000001.SZ) released its Q1 financial results, with net profits increasing by 3% year-on-year to RMB 14.523 billion.</a>&nbsp;&nbsp;<font color=""#6f6f6f"">富途牛牛</font>",https://news.google.com/rss/articles/CBMingFBVV95cUxQczFYZ01DaDFOUHhMdC1tMmJZVnZSREY1eHg4bXJCcG9BckJ5UzkyQkRUazZMRVUzdmtLeERvVjdrOGN1ZnJJaWkzSFdJWTMwcy1BVXYzUmw3eXVRNVRjS1JDTkhUM1UwNzRqeS0zb0VHNjBoT3FaalVZQkJBQWdYWjFtSHNHY25HSDR1dk9tWDBxNlVoYjlBNzh2RzNCUQ?oc=5,Ping An Bank,"Ping An Bank (000001.SZ) released its Q1 financial results, with net profits increasing by 3% year-on-year to RMB 14.523 billion. - 富途牛牛. Ping An Bank (000001.SZ) released its Q1 financial results, with net profits increasing by 3% year-on-year to RMB 14.523 billion. 富途牛牛",positive,0.8945941,en,bootstrap,mixed_real_news_v6
2026-04-24,2026-04-24T21:31:00+00:00,000001.SZ,"""平安银行"" - Google 新闻",营收利润接连走低，平安银行转型阵痛何时休 - 财富号,"<a href=""https://news.google.com/rss/articles/CBMia0FVX3lxTFBCLUM3TUo4MGp3OGZBZ3JSZGNveVdBNU9qT1M4Z3NXR3N4c3JsOGljZVNNaXl1RUJ2X0ZKV1V6YXctNjY4d3oxdFV6RUFDdUFTNDJPMkNCdGlIeFV1ZW13Qm5qZlBGU096bzVJ?oc=5"" target=""_blank"">营收利润接连走低，平安银行转型阵痛何时休</a>&nbsp;&nbsp;<font color=""#6f6f6f"">财富号</font>",https://news.google.com/rss/articles/CBMia0FVX3lxTFBCLUM3TUo4MGp3OGZBZ3JSZGNveVdBNU9qT1M4Z3NXR3N4c3JsOGljZVNNaXl1RUJ2X0ZKV1V6YXctNjY4d3oxdFV6RUFDdUFTNDJPMkNCdGlIeFV1ZW13Qm5qZlBGU096bzVJ?oc=5,平安银行,营收利润接连走低，平安银行转型阵痛何时休 - 财富号. 营收利润接连走低，平安银行转型阵痛何时休 财富号,neutral,0.024855468,zh,bootstrap,mixed_real_news_v6
2026-04-25,2026-04-25T02:35:59+00:00,000001.SZ,"""平安银行"" - Google 新闻",平安银行(000001.SZ)：2026年一季报净利润为145.23亿元 - 东方财富,"<a href=""https://news.google.com/rss/articles/CBMiZkFVX3lxTE9heWF1UE9ZMVBhU2Nxbmc2eVJRX2RXeDcyYjZfemdtRmxMZjNqY1dyOG9VSWJQRF9KTE4zbV9ITXJLRHpVZTl0azV6WTRBbnN6OUsyTjhzNHo0UW1LWDcwd2stWmNtZw?oc=5"" target=""_blank"">平安银行(000001.SZ)：2026年一季报净利润为145.23亿元</a>&nbsp;&nbsp;<font color=""#6f6f6f"">东方财富</font>",https://news.google.com/rss/articles/CBMiZkFVX3lxTE9heWF1UE9ZMVBhU2Nxbmc2eVJRX2RXeDcyYjZfemdtRmxMZjNqY1dyOG9VSWJQRF9KTE4zbV9ITXJLRHpVZTl0azV6WTRBbnN6OUsyTjhzNHo0UW1LWDcwd2stWmNtZw?oc=5,平安银行,平安银行(000001.SZ)：2026年一季报净利润为145.23亿元 - 东方财富. 平安银行(000001.SZ)：2026年一季报净利润为145.23亿元 东方财富,neutral,-0.0021417812,zh,bootstrap,mixed_real_news_v6
2026-04-25,2026-04-25T04:41:18+00:00,000001.SZ,"""平安银行"" - Google 新闻",积极响应“双碳”目标 平安银行携手平安理财赋能绿色转型 - 东方财富,"<a href=""https://news.google.com/rss/articles/CBMiZkFVX3lxTE5rWjVqM09LZjZ5NU5adm9NUXpMTWh3ZHZlYmpPSndUbmlnd3dBcG5wdl9sUldCWGpBTXVSRUU0OW16eUR3MDZpQ1pUcWxPS2c3dHNGa0VCckk3d25JbXAwSUVxTzc5dw?oc=5"" target=""_blank"">积极响应“双碳”目标 平安银行携手平安理财赋能绿色转型</a>&nbsp;&nbsp;<font color=""#6f6f6f"">东方财富</font>",https://news.google.com/rss/articles/CBMiZkFVX3lxTE5rWjVqM09LZjZ5NU5adm9NUXpMTWh3ZHZlYmpPSndUbmlnd3dBcG5wdl9sUldCWGpBTXVSRUU0OW16eUR3MDZpQ1pUcWxPS2c3dHNGa0VCckk3d25JbXAwSUVxTzc5dw?oc=5,平安银行,积极响应“双碳”目标 平安银行携手平安理财赋能绿色转型 - 东方财富. 积极响应“双碳”目标 平安银行携手平安理财赋能绿色转型 东方财富,neutral,0.05122989,zh,bootstrap,mixed_real_news_v6
2026-04-25,2026-04-25T07:00:00+00:00,000001.SZ,"""平安银行"" - Google 新闻",平安银行汽车消费金融中心因违规被罚140万元 - 新浪财经,"<a href=""https://news.google.com/rss/articles/CBMibkFVX3lxTE42UDFIbGxTT3c4ZzNBUWJxcFZITVloZldZOEVuRWlrQ185NkduSko0VjlONk90TXJnTWZ3WFRFb0FfTTJsSklvTUxMLWJoUDV6RVpESlFVLTgyN2E2RjlyYVVFME1oZjFuZkNKRTlB?oc=5"" target=""_blank"">平安银行汽车消费金融中心因违规被罚140万元</a>&nbsp;&nbsp;<font color=""#6f6f6f"">新浪财经</font>",https://news.google.com/rss/articles/CBMibkFVX3lxTE42UDFIbGxTT3c4ZzNBUWJxcFZITVloZldZOEVuRWlrQ185NkduSko0VjlONk90TXJnTWZ3WFRFb0FfTTJsSklvTUxMLWJoUDV6RVpESlFVLTgyN2E2RjlyYVVFME1oZjFuZkNKRTlB?oc=5,平安银行,平安银行汽车消费金融中心因违规被罚140万元 - 新浪财经. 平安银行汽车消费金融中心因违规被罚140万元 新浪财经,neutral,0.05182915,zh,bootstrap,mixed_real_news_v6
2026-04-26,2026-04-26T07:00:00+00:00,000001.SZ,"""Ping An Bank"" - Google News","H-share Announcement Insights | Ping An Bank Reports Q1 Net Profit of 14.523 Billion Yuan, Up 3% Year-on-Year - Moomoo","<a href=""https://news.google.com/rss/articles/CBMioAFBVV95cUxQbDJncHRwZWlUc3cxaFBSV0lNZGNSSU53M25MMjZ2SW12TzBHSkg1RFVDSHNTcjNBT0RTWW5PckZtM2M5dzR0QndOZnBhYmVTSWZtVkVQOFQtNFpKZnpuZmlyUVBvVmh0TFBROW51NjI5VjNZdVBCUjZ3S2VkNUtFeTQxZVFhdElSMzBjX0NObkstV2sxc2xMaFFXRTdmWF83?oc=5"" target=""_blank"">H-share Announcement Insights | Ping An Bank Reports Q1 Net Profit of 14.523 Billion Yuan, Up 3% Year-on-Year</a>&nbsp;&nbsp;<font color=""#6f6f6f"">Moomoo</font>",https://news.google.com/rss/articles/CBMioAFBVV95cUxQbDJncHRwZWlUc3cxaFBSV0lNZGNSSU53M25MMjZ2SW12TzBHSkg1RFVDSHNTcjNBT0RTWW5PckZtM2M5dzR0QndOZnBhYmVTSWZtVkVQOFQtNFpKZnpuZmlyUVBvVmh0TFBROW51NjI5VjNZdVBCUjZ3S2VkNUtFeTQxZVFhdElSMzBjX0NObkstV2sxc2xMaFFXRTdmWF83?oc=5,Ping An Bank,"H-share Announcement Insights | Ping An Bank Reports Q1 Net Profit of 14.523 Billion Yuan, Up 3% Year-on-Year - Moomoo. H-share Announcement Insights | Ping An Bank Reports Q1 Net Profit of 14.523 Billion Yuan, Up 3% Year-on-Year Moomoo",positive,0.92739445,en,bootstrap,mixed_real_news_v6
2026-04-26,2026-04-26T07:00:00+00:00,000001.SZ,"""Ping An Bank"" - Google News","H-share Announcement Highlights | Ping An Bank Reports Q1 Net Profit of 14.523 Billion Yuan, Up 3% Year-on-Year - 富途牛牛","<a href=""https://news.google.com/rss/articles/CBMiogFBVV95cUxQeG5aWmVWNTVrdkFKSG1rRkNDSFEtdnUzUTV3UnBObVpXcVVGanZwajYtM1BXYXV3RFpndmxpT1lQeFh4RFd4al9wZ1pjZWxSTnZzY2pZRlBxS1JuY3Q4ZFdpbFpDXzl3NnI1WVJUeGVtNVFrSGZRcDU3d25tUXh3M1NwTjZhZWtHVW16YUVMMGNCU1lQUXpYS0d2ZExEc01lQ0E?oc=5"" target=""_blank"">H-share Announcement Highlights | Ping An Bank Reports Q1 Net Profit of 14.523 Billion Yuan, Up 3% Year-on-Year</a>&nbsp;&nbsp;<font color=""#6f6f6f"">富途牛牛</font>",https://news.google.com/rss/articles/CBMiogFBVV95cUxQeG5aWmVWNTVrdkFKSG1rRkNDSFEtdnUzUTV3UnBObVpXcVVGanZwajYtM1BXYXV3RFpndmxpT1lQeFh4RFd4al9wZ1pjZWxSTnZzY2pZRlBxS1JuY3Q4ZFdpbFpDXzl3NnI1WVJUeGVtNVFrSGZRcDU3d25tUXh3M1NwTjZhZWtHVW16YUVMMGNCU1lQUXpYS0d2ZExEc01lQ0E?oc=5,Ping An Bank,"H-share Announcement Highlights | Ping An Bank Reports Q1 Net Profit of 14.523 Billion Yuan, Up 3% Year-on-Year - 富途牛牛. H-share Announcement Highlights | Ping An Bank Reports Q1 Net Profit of 14.523 Billion Yuan, Up 3% Year-on-Year 富途牛牛",positive,0.9256745,en,bootstrap,mixed_real_news_v6
2026-04-26,2026-04-26T07:00:00+00:00,000001.SZ,"""Ping An Bank"" - Google News",Three Major A-Share Indices Open Mixed; Ping An Bank (000001.SZ) Jumps 3% Post Results; SMIC (688981.SH) Opens Higher - AASTOCKS.com,"<a href=""https://news.google.com/rss/articles/CBMib0FVX3lxTE9RdG5iUW5XMEZwTGVXbW1Bdkx0X0pmc1hxVWx1QlFIZW1lcGxWWHdRb2daeDJEZ0JsWE14WG4xUThUaUcyZ3M4VWNwc0ZmQ0VFX0RyNXp0a2hWdHN4cFhqZU9BVXNKNUFwVzJtdWVUWQ?oc=5"" target=""_blank"">Three Major A-Share Indices Open Mixed; Ping An Bank (000001.SZ) Jumps 3% Post Results; SMIC (688981.SH) Opens Higher</a>&nbsp;&nbsp;<font color=""#6f6f6f"">AASTOCKS.com</font>",https://news.google.com/rss/articles/CBMib0FVX3lxTE9RdG5iUW5XMEZwTGVXbW1Bdkx0X0pmc1hxVWx1QlFIZW1lcGxWWHdRb2daeDJEZ0JsWE14WG4xUThUaUcyZ3M4VWNwc0ZmQ0VFX0RyNXp0a2hWdHN4cFhqZU9BVXNKNUFwVzJtdWVUWQ?oc=5,Ping An Bank,Three Major A-Share Indices Open Mixed; Ping An Bank (000001.SZ) Jumps 3% Post Results; SMIC (688981.SH) Opens Higher - AASTOCKS.com. Three Major A-Share Indices Open Mixed; Ping An Bank (000001.SZ) Jumps 3% Post Results; SMIC (688981.SH) Opens Higher AASTOCKS.com,positive,0.86487013,en,bootstrap,mixed_real_news_v6
2026-04-27,2026-04-27T01:33:00+00:00,000001.SZ,"""Ping An Bank"" - Google News",Three Major A-Share Indices Open Mixed; Ping An Bank (000001.SZ) Jumps 3% Post Results; SMIC (688981.SH) Opens Higher - AASTOCKS.com,"<a href=""https://news.google.com/rss/articles/CBMilgFBVV95cUxQSDF2RXFWQjM4cTJvVWY2dU11VUg1VnZSdm05UlFuS1hiRFFiUEd6VVZIcThFTU9YNkszUTJDNE81ci1HSWplOWtoWlJ4UWVoSHJjbnp4LWw2ZHp5Mks1MnBGSXlvTHg5WjlVQ0I4aklVYUl6WUEtQkxhVlFydk8ySTNTeFhZd3NkMmNzZUgtajFKYUlsM2c?oc=5"" target=""_blank"">Three Major A-Share Indices Open Mixed; Ping An Bank (000001.SZ) Jumps 3% Post Results; SMIC (688981.SH) Opens Higher</a>&nbsp;&nbsp;<font color=""#6f6f6f"">AASTOCKS.com</font>",https://news.google.com/rss/articles/CBMilgFBVV95cUxQSDF2RXFWQjM4cTJvVWY2dU11VUg1VnZSdm05UlFuS1hiRFFiUEd6VVZIcThFTU9YNkszUTJDNE81ci1HSWplOWtoWlJ4UWVoSHJjbnp4LWw2ZHp5Mks1MnBGSXlvTHg5WjlVQ0I4aklVYUl6WUEtQkxhVlFydk8ySTNTeFhZd3NkMmNzZUgtajFKYUlsM2c?oc=5,Ping An Bank,Three Major A-Share Indices Open Mixed; Ping An Bank (000001.SZ) Jumps 3% Post Results; SMIC (688981.SH) Opens Higher - AASTOCKS.com. Three Major A-Share Indices Open Mixed; Ping An Bank (000001.SZ) Jumps 3% Post Results; SMIC (688981.SH) Opens Higher AASTOCKS.com,positive,0.86487013,en,bootstrap,mixed_real_news_v6
2026-04-27,2026-04-27T01:41:15+00:00,000001.SZ,"""平安银行"" - Google 新闻",壹评级：平安银行2026年一季报业绩增速三年来首次回正，基本面反转可期 - 第一财经,"<a href=""https://news.google.com/rss/articles/CBMiU0FVX3lxTE0tRzl6Vmw0UnNKbDhCUkFwTlQxelplaGRmVjRFekJwTVdMOExLUGRaRW9qUFlqa0Y3MDdoazg0aXd4WWFTM2k1cEVFbU9LTGFXZ1NN?oc=5"" target=""_blank"">壹评级：平安银行2026年一季报业绩增速三年来首次回正，基本面反转可期</a>&nbsp;&nbsp;<font color=""#6f6f6f"">第一财经</font>",https://news.google.com/rss/articles/CBMiU0FVX3lxTE0tRzl6Vmw0UnNKbDhCUkFwTlQxelplaGRmVjRFekJwTVdMOExLUGRaRW9qUFlqa0Y3MDdoazg0aXd4WWFTM2k1cEVFbU9LTGFXZ1NN?oc=5,平安银行,壹评级：平安银行2026年一季报业绩增速三年来首次回正，基本面反转可期 - 第一财经. 壹评级：平安银行2026年一季报业绩增速三年来首次回正，基本面反转可期 第一财经,neutral,0.04495844,zh,bootstrap,mixed_real_news_v6
2026-04-27,2026-04-27T07:00:00+00:00,000001.SZ,"""平安银行"" - Google 新闻",一季度平安银行营收利润止跌，非息收入贡献较大 - 21财经,"<a href=""https://news.google.com/rss/articles/CBMijwFBVV95cUxQT0lrYTRiVkN5Q3N0d1FTZ2NSSFBWTnlyLTZSaUtOMkpDbnAxZFBwdlBoYVBmb1doNFBhNWRKb2ViYWZYVXg4M3loLXJHUHFieWh3Szl2VHc3WV9lYWFITE05WWtmSDVoamRmNDVtNjBBcmdjM05PX2lwUGNSY3JzUGt2LWxnUjZ3cHRYNHItZw?oc=5"" target=""_blank"">一季度平安银行营收利润止跌，非息收入贡献较大</a>&nbsp;&nbsp;<font color=""#6f6f6f"">21财经</font>",https://news.google.com/rss/articles/CBMijwFBVV95cUxQT0lrYTRiVkN5Q3N0d1FTZ2NSSFBWTnlyLTZSaUtOMkpDbnAxZFBwdlBoYVBmb1doNFBhNWRKb2ViYWZYVXg4M3loLXJHUHFieWh3Szl2VHc3WV9lYWFITE05WWtmSDVoamRmNDVtNjBBcmdjM05PX2lwUGNSY3JzUGt2LWxnUjZ3cHRYNHItZw?oc=5,平安银行,一季度平安银行营收利润止跌，非息收入贡献较大 - 21财经. 一季度平安银行营收利润止跌，非息收入贡献较大 21财经,neutral,0.029830188,zh,bootstrap,mixed_real_news_v6
2026-04-27,2026-04-27T07:00:00+00:00,000001.SZ,"""平安银行"" - Google 新闻",平安银行成交额创2025年10月15日以来新高 - 东方财富,"<a href=""https://news.google.com/rss/articles/CBMiYEFVX3lxTE1xODdWMTNQYzZHYkJWMXRqdGJ1cmdVaDhodXFpalRneENWWExpRTJVOVlkT0EwalU4SmIwVDMtMGhwVl95V2dhcG5CazV6YVpoc3Uyd3BraFJ4X0o5Z05sVQ?oc=5"" target=""_blank"">平安银行成交额创2025年10月15日以来新高</a>&nbsp;&nbsp;<font color=""#6f6f6f"">东方财富</font>",https://news.google.com/rss/articles/CBMiYEFVX3lxTE1xODdWMTNQYzZHYkJWMXRqdGJ1cmdVaDhodXFpalRneENWWExpRTJVOVlkT0EwalU4SmIwVDMtMGhwVl95V2dhcG5CazV6YVpoc3Uyd3BraFJ4X0o5Z05sVQ?oc=5,平安银行,平安银行成交额创2025年10月15日以来新高 - 东方财富. 平安银行成交额创2025年10月15日以来新高 东方财富,neutral,0.017392313,zh,bootstrap,mixed_real_news_v6
2026-04-27,2026-04-27T07:00:00+00:00,000001.SZ,"""平安银行"" - Google 新闻",【华创金融 徐康团队】平安银行26Q1点评：息差企稳，非息亮眼，营收业绩增速回正 - 新浪财经,"<a href=""https://news.google.com/rss/articles/CBMihAFBVV95cUxNWkE0V2lZeUJqcnM5THEwbER5dUx2VXFRQWpYSGNjVUpxcUJSTDRYSVRuZEZHRzhHdXpGLVlUUTJWcVRFS2pRVHZDanpDTWMxTXV0cEhVLUR6OW1DRWt1TUNLRUo4Y0JLQ2dvWWl3NkJ0bV85Q3JyYTZtZU41ZXlIR1ZDSkc?oc=5"" target=""_blank"">【华创金融 徐康团队】平安银行26Q1点评：息差企稳，非息亮眼，营收业绩增速回正</a>&nbsp;&nbsp;<font color=""#6f6f6f"">新浪财经</font>",https://news.google.com/rss/articles/CBMihAFBVV95cUxNWkE0V2lZeUJqcnM5THEwbER5dUx2VXFRQWpYSGNjVUpxcUJSTDRYSVRuZEZHRzhHdXpGLVlUUTJWcVRFS2pRVHZDanpDTWMxTXV0cEhVLUR6OW1DRWt1TUNLRUo4Y0JLQ2dvWWl3NkJ0bV85Q3JyYTZtZU41ZXlIR1ZDSkc?oc=5,平安银行,【华创金融 徐康团队】平安银行26Q1点评：息差企稳，非息亮眼，营收业绩增速回正 - 新浪财经. 【华创金融 徐康团队】平安银行26Q1点评：息差企稳，非息亮眼，营收业绩增速回正 新浪财经,neutral,0.056663796,zh,bootstrap,mixed_real_news_v6
2026-04-27,2026-04-27T07:00:00+00:00,000001.SZ,"""平安银行"" - Google 新闻",平安银行今日股价现三连阳，这些ETF重仓持有该股 - 同花顺财经,"<a href=""https://news.google.com/rss/articles/CBMiXkFVX3lxTE9UUmQtT05NLTRKN05XU0RqeDFQVTJDSnpFSFlqbkdTRm54eHlkQWI2QWdZTmJVUjlXUloySk1aVnNVV1J6M1RBb285TnJvUWdBVndXYTRUbGx1SmN5a1E?oc=5"" target=""_blank"">平安银行今日股价现三连阳，这些ETF重仓持有该股</a>&nbsp;&nbsp;<font color=""#6f6f6f"">同花顺财经</font>",https://news.google.com/rss/articles/CBMiXkFVX3lxTE9UUmQtT05NLTRKN05XU0RqeDFQVTJDSnpFSFlqbkdTRm54eHlkQWI2QWdZTmJVUjlXUloySk1aVnNVV1J6M1RBb285TnJvUWdBVndXYTRUbGx1SmN5a1E?oc=5,平安银行,平安银行今日股价现三连阳，这些ETF重仓持有该股 - 同花顺财经. 平安银行今日股价现三连阳，这些ETF重仓持有该股 同花顺财经,neutral,0.066510886,zh,bootstrap,mixed_real_news_v6
2026-04-27,2026-04-27T09:50:22+00:00,000001.SZ,"""平安银行"" - Google 新闻",银行板块走强 平安银行、宁波银行涨超4% - 东方财富,"<a href=""https://news.google.com/rss/articles/CBMiYEFVX3lxTE5kaHJGbE9tWFdKT2p6VXl6b3RIQ0VQWVFaem9UWmpqU3lvbU5TcGt5ZC03bzlHa3dQeTBTLWp5WTlRb1poelBHbGhkdDlhanhFZ3c0MmpSckF3N3RhQW13QQ?oc=5"" target=""_blank"">银行板块走强 平安银行、宁波银行涨超4%</a>&nbsp;&nbsp;<font color=""#6f6f6f"">东方财富</font>",https://news.google.com/rss/articles/CBMiYEFVX3lxTE5kaHJGbE9tWFdKT2p6VXl6b3RIQ0VQWVFaem9UWmpqU3lvbU5TcGt5ZC03bzlHa3dQeTBTLWp5WTlRb1poelBHbGhkdDlhanhFZ3c0MmpSckF3N3RhQW13QQ?oc=5,平安银行,银行板块走强 平安银行、宁波银行涨超4% - 东方财富. 银行板块走强 平安银行、宁波银行涨超4% 东方财富,neutral,0.013436012,zh,bootstrap,mixed_real_news_v6
2026-04-27,2026-04-27T11:28:00+00:00,000001.SZ,"""平安银行"" - Google 新闻",平安银行举办数智融通·票据生态大会 - 新浪财经,"<a href=""https://news.google.com/rss/articles/CBMidkFVX3lxTE1tYmhMZ0F0VkloUVBZOEY4Y2xpTF96M2lULWQ2RzJZMEk0UEJfOHF0WGtaVmNrd1NrdnBNSkdhVnlicFpHNkZKMEVVRENhVXRlMWpqTjVwckcySmJkS3dyWjl5TXVSN0s4MlBVYzFuX0R6RS1oRGc?oc=5"" target=""_blank"">平安银行举办数智融通·票据生态大会</a>&nbsp;&nbsp;<font color=""#6f6f6f"">新浪财经</font>",https://news.google.com/rss/articles/CBMidkFVX3lxTE1tYmhMZ0F0VkloUVBZOEY4Y2xpTF96M2lULWQ2RzJZMEk0UEJfOHF0WGtaVmNrd1NrdnBNSkdhVnlicFpHNkZKMEVVRENhVXRlMWpqTjVwckcySmJkS3dyWjl5TXVSN0s4MlBVYzFuX0R6RS1oRGc?oc=5,平安银行,平安银行举办数智融通·票据生态大会 - 新浪财经. 平安银行举办数智融通·票据生态大会 新浪财经,neutral,0.050266847,zh,bootstrap,mixed_real_news_v6
2026-04-27,2026-04-27T21:37:00+00:00,000001.SZ,平安银行 - Bing新聞,一生守护 十分平安 平安银行全球守护信用卡正式上市,4月27日，平安银行信用卡以“一生守护，十分平安”为主题正式推出平安银行全球守护信用卡。该卡深度整合“平安全球急难救援服务”，为客户综合提供覆盖“全球急难救援、健康管理、健康就医、健康保障、健康消费、健康用卡”六大场景的一站式解决方案，以全球守护、健康守护、用卡守护三重保障，重新定义守护卡产品标准。 2026年4月初，中国平安宣布启动“服务年”，升级AI“快捷服务”和“全球急难救援”两大创新服务， ...,http://www.bing.com/news/apiclick.aspx?ref=FexRss&aid=&tid=69fb1697ba8743c0889fc07426afbc5c&url=https%3a%2f%2fcn.chinadaily.com.cn%2fa%2f202604%2f28%2fWS69f05622a310942cc49a9d10.html&c=10663173077485665483&mkt=zh-tw,平安银行,一生守护 十分平安 平安银行全球守护信用卡正式上市. 4月27日，平安银行信用卡以“一生守护，十分平安”为主题正式推出平安银行全球守护信用卡。该卡深度整合“平安全球急难救援服务”，为客户综合提供覆盖“全球急难救援、健康管理、健康就医、健康保障、健康消费、健康用卡”六大场景的一站式解决方案，以全球守护、健康守护、用卡守护三重保障，重新定义守护卡产品标准。 2026年4月初，中国平安宣布启动“服务年”，升级AI“快捷服务”和“全球急难救援”两大创新服务， ...,neutral,0.09260035,zh,bootstrap,mixed_real_news_v6
2026-04-28,2026-04-28T02:04:54+00:00,000001.SZ,"""平安银行"" - Google 新闻",平安银行：融资净偿还4061.71万元，融资余额54.54亿元 - 东方财富,"<a href=""https://news.google.com/rss/articles/CBMiZkFVX3lxTE9HekpNVkpJeGM4WFp6Zm1RaTFKSV9YUkJzMWZZcjZWQlVpUE5TZlprWXF3TnJGMG5vWXpENzFwMno5blN0R1FGZktCaHVyaWY5cEFoRV9wMDNnSzRSVkxORWJsclFYQQ?oc=5"" target=""_blank"">平安银行：融资净偿还4061.71万元，融资余额54.54亿元</a>&nbsp;&nbsp;<font color=""#6f6f6f"">东方财富</font>",https://news.google.com/rss/articles/CBMiZkFVX3lxTE9HekpNVkpJeGM4WFp6Zm1RaTFKSV9YUkJzMWZZcjZWQlVpUE5TZlprWXF3TnJGMG5vWXpENzFwMno5blN0R1FGZktCaHVyaWY5cEFoRV9wMDNnSzRSVkxORWJsclFYQQ?oc=5,平安银行,平安银行：融资净偿还4061.71万元，融资余额54.54亿元 - 东方财富. 平安银行：融资净偿还4061.71万元，融资余额54.54亿元 东方财富,neutral,0.01628351,zh,bootstrap,mixed_real_news_v6
2026-04-28,2026-04-28T07:00:00+00:00,000001.SZ,"""Ping An Bank"" - Google News",Ping An Bank profit rises 3% to $2.12b in Q1 - MSN,"<a href=""https://news.google.com/rss/articles/CBMilgFBVV95cUxORWZfWVlQUjVGXzdYZV83VVFQcjNOUnpqLUY4WFd1SjF2b29MeUNleGxRNGdxeEpicTNkc2l3dFFSZzlBVlRMbkFTQ2tGZE03eEVzUkNlLThUSS1INGZub25rYW9TYVUyazdpNU0ybXJ4ZC1aOGhWX3UwdmdKWVk3WTB2dDZjTXREY2ZBX2RMMmVMcnFxWnc?oc=5"" target=""_blank"">Ping An Bank profit rises 3% to $2.12b in Q1</a>&nbsp;&nbsp;<font color=""#6f6f6f"">MSN</font>",https://news.google.com/rss/articles/CBMilgFBVV95cUxORWZfWVlQUjVGXzdYZV83VVFQcjNOUnpqLUY4WFd1SjF2b29MeUNleGxRNGdxeEpicTNkc2l3dFFSZzlBVlRMbkFTQ2tGZE03eEVzUkNlLThUSS1INGZub25rYW9TYVUyazdpNU0ybXJ4ZC1aOGhWX3UwdmdKWVk3WTB2dDZjTXREY2ZBX2RMMmVMcnFxWnc?oc=5,Ping An Bank,Ping An Bank profit rises 3% to $2.12b in Q1 - MSN. Ping An Bank profit rises 3% to $2.12b in Q1 MSN,positive,0.9145563,en,bootstrap,mixed_real_news_v6
2026-04-28,2026-04-28T08:12:45+00:00,000001.SZ,"""Ping An Bank"" - Google News","Ping An Insurance (02318.HK) Subsidiary Ping An Bank (000001.SZ) 1Q Net Profit RMB14.523 billion, Up 3% - AASTOCKS.com","<a href=""https://news.google.com/rss/articles/CBMihgFBVV95cUxPd0k0U3BMa1lCbHJseE05OU1KVFBMczVvc290T2x1aVdtNDF6dlQwWU1KZWhzOG1TWlZ4ejUwSHBfQ2dzUzZEX1JKbUswWE1mWVI2WE5JZWVlbTFYWWFrRnkwdGxzN3JDTEhQc0MtQVBWWXpaTmRGZDFGblBkWHJZWU5ueXNBUQ?oc=5"" target=""_blank"">Ping An Insurance (02318.HK) Subsidiary Ping An Bank (000001.SZ) 1Q Net Profit RMB14.523 billion, Up 3%</a>&nbsp;&nbsp;<font color=""#6f6f6f"">AASTOCKS.com</font>",https://news.google.com/rss/articles/CBMihgFBVV95cUxPd0k0U3BMa1lCbHJseE05OU1KVFBMczVvc290T2x1aVdtNDF6dlQwWU1KZWhzOG1TWlZ4ejUwSHBfQ2dzUzZEX1JKbUswWE1mWVI2WE5JZWVlbTFYWWFrRnkwdGxzN3JDTEhQc0MtQVBWWXpaTmRGZDFGblBkWHJZWU5ueXNBUQ?oc=5,Ping An Bank,"Ping An Insurance (02318.HK) Subsidiary Ping An Bank (000001.SZ) 1Q Net Profit RMB14.523 billion, Up 3% - AASTOCKS.com. Ping An Insurance (02318.HK) Subsidiary Ping An Bank (000001.SZ) 1Q Net Profit RMB14.523 billion, Up 3% AASTOCKS.com",positive,0.9159509,en,bootstrap,mixed_real_news_v6
2026-04-28,2026-04-28T10:44:00+00:00,000001.SZ,平安银行 - Bing新聞,接连两日收罚单，平安银行汽车金融业务合规警报拉响,接连两张监管罚单，撕开了平安银行汽车金融业务隐藏已久的合规暗伤。 4月23日，平安银行汽车消费金融中心济南分中心因“车辆抵押贷款贷前调查不尽职”，收到一张40万元罚单。时任平安银行汽车消费金融中心济南分中心市场营销室区域经理关雪琦被警告。 次日，平安银行汽车消费金融中心又因为“商用车贷款、车抵贷、附加费贷款业务违规”“客户收入认定不审慎”两项违规行为，被国家金融监督管理总局深圳监管局重罚140万元 ...,http://www.bing.com/news/apiclick.aspx?ref=FexRss&aid=&tid=69fb1697ba8743c0889fc07426afbc5c&url=https%3a%2f%2ffinance.sina.com.cn%2fwm%2f2026-04-29%2fdoc-inhwattq8310040.shtml&c=2134418531509671147&mkt=zh-tw,平安银行,接连两日收罚单，平安银行汽车金融业务合规警报拉响. 接连两张监管罚单，撕开了平安银行汽车金融业务隐藏已久的合规暗伤。 4月23日，平安银行汽车消费金融中心济南分中心因“车辆抵押贷款贷前调查不尽职”，收到一张40万元罚单。时任平安银行汽车消费金融中心济南分中心市场营销室区域经理关雪琦被警告。 次日，平安银行汽车消费金融中心又因为“商用车贷款、车抵贷、附加费贷款业务违规”“客户收入认定不审慎”两项违规行为，被国家金融监督管理总局深圳监管局重罚140万元 ...,neutral,0.09549534,zh,bootstrap,mixed_real_news_v6
2026-04-28,2026-04-28T14:11:45+00:00,000001.SZ,"""平安银行"" - Google 新闻",平安银行2026年第一季度净利润145亿元同比增长3%：实现营业收入增长4.7% - 新浪财经,"<a href=""https://news.google.com/rss/articles/CBMifkFVX3lxTE5KZ3lDRTJrS0FtOFZTVWkyZS1QYUdmRlhlUVYzX04xTGdvbkw0M3VtVGdOemhfN2k2QUJqczZJVGJGTEYtOEdjOXJTZW55d1poRldWdHdXbnk5M3BjTkNGZXpjbWVZSmxQYjlOQ18xZWxGd0wzVGtFdldGdTZjUQ?oc=5"" target=""_blank"">平安银行2026年第一季度净利润145亿元同比增长3%：实现营业收入增长4.7%</a>&nbsp;&nbsp;<font color=""#6f6f6f"">新浪财经</font>",https://news.google.com/rss/articles/CBMifkFVX3lxTE5KZ3lDRTJrS0FtOFZTVWkyZS1QYUdmRlhlUVYzX04xTGdvbkw0M3VtVGdOemhfN2k2QUJqczZJVGJGTEYtOEdjOXJTZW55d1poRldWdHdXbnk5M3BjTkNGZXpjbWVZSmxQYjlOQ18xZWxGd0wzVGtFdldGdTZjUQ?oc=5,平安银行,平安银行2026年第一季度净利润145亿元同比增长3%：实现营业收入增长4.7% - 新浪财经. 平安银行2026年第一季度净利润145亿元同比增长3%：实现营业收入增长4.7% 新浪财经,neutral,0.016127076,zh,bootstrap,mixed_real_news_v6
2026-04-28,2026-04-28T14:32:08+00:00,000001.SZ,"""Ping An Bank"" - Google News",Ping An Bank (000001) H2 2025 earnings summary - Quartr,"<a href=""https://news.google.com/rss/articles/CBMib0FVX3lxTE5vUlJtZHhVVG1nbUJpbTR2ay1TNHhhWVE4TkhoTmVpQ3piamlVQ09fVm52eXhWZU9UZzlubzRMMENVRXpjNTJVdk1ZcWJIZ1JidXJWcFRIaXFTOTd0RE5ySjNyeTgyU1ZfUVNrek5NMA?oc=5"" target=""_blank"">Ping An Bank (000001) H2 2025 earnings summary</a>&nbsp;&nbsp;<font color=""#6f6f6f"">Quartr</font>",https://news.google.com/rss/articles/CBMib0FVX3lxTE5vUlJtZHhVVG1nbUJpbTR2ay1TNHhhWVE4TkhoTmVpQ3piamlVQ09fVm52eXhWZU9UZzlubzRMMENVRXpjNTJVdk1ZcWJIZ1JidXJWcFRIaXFTOTd0RE5ySjNyeTgyU1ZfUVNrek5NMA?oc=5,Ping An Bank,Ping An Bank (000001) H2 2025 earnings summary - Quartr. Ping An Bank (000001) H2 2025 earnings summary Quartr,neutral,-0.16955288,en,bootstrap,mixed_real_news_v6
2026-04-28,2026-04-28T16:49:00+00:00,000001.SZ,"""平安银行"" - Google 新闻",接连两日收罚单，平安银行汽车金融业务合规警报拉响 - 新浪财经,"<a href=""https://news.google.com/rss/articles/CBMidkFVX3lxTE1qd0Zod1dUSENJUi0xa0RQalJQTGxoaG0xd0hBS2JSZ0RQWXY3SEkyV0xWTUdBd0EyNklva3hsdzl4QklSb0Zvb2hGMDM3TWw3LTdwNnd4cGJZZHQ4cXB6S0Y2VUQteWlrM2FMd3ZPNXZCU0tDaWc?oc=5"" target=""_blank"">接连两日收罚单，平安银行汽车金融业务合规警报拉响</a>&nbsp;&nbsp;<font color=""#6f6f6f"">新浪财经</font>",https://news.google.com/rss/articles/CBMidkFVX3lxTE1qd0Zod1dUSENJUi0xa0RQalJQTGxoaG0xd0hBS2JSZ0RQWXY3SEkyV0xWTUdBd0EyNklva3hsdzl4QklSb0Zvb2hGMDM3TWw3LTdwNnd4cGJZZHQ4cXB6S0Y2VUQteWlrM2FMd3ZPNXZCU0tDaWc?oc=5,平安银行,接连两日收罚单，平安银行汽车金融业务合规警报拉响 - 新浪财经. 接连两日收罚单，平安银行汽车金融业务合规警报拉响 新浪财经,neutral,0.069943726,zh,bootstrap,mixed_real_news_v6
2026-04-28,2026-04-28T22:54:00+00:00,000001.SZ,平安银行 - Bing新聞,平安银行信用卡新卡来袭！全球急难救援 + 健康守护一步到位,"上周木木一家带娃出门度假,本来开开心心的,没想到吃顿普通早餐就食物中毒了,特意发了避雷文,没想到卡友们还挺关心木木的哈哈哈。 还有不少卡友留言说,自己也遇到过类似情况,全家上吐下泻,在人生地不熟的地方跑急诊,想想都糟心。万一在境外碰到更严重的病情,后果真的不敢想。 眼看五一假期就要到了,木木也计划了境外游。经过这次教训,吃喝方面肯定会格外小心。也有朋友提醒木木:出门在外,备上一份旅行保险更安心,真 ...",http://www.bing.com/news/apiclick.aspx?ref=FexRss&aid=&tid=69fb1697ba8743c0889fc07426afbc5c&url=https%3a%2f%2ffinance.ifeng.com%2fc%2f8siTBx4kfYf&c=14780593342632502453&mkt=zh-tw,平安银行,"平安银行信用卡新卡来袭！全球急难救援 + 健康守护一步到位. 上周木木一家带娃出门度假,本来开开心心的,没想到吃顿普通早餐就食物中毒了,特意发了避雷文,没想到卡友们还挺关心木木的哈哈哈。 还有不少卡友留言说,自己也遇到过类似情况,全家上吐下泻,在人生地不熟的地方跑急诊,想想都糟心。万一在境外碰到更严重的病情,后果真的不敢想。 眼看五一假期就要到了,木木也计划了境外游。经过这次教训,吃喝方面肯定会格外小心。也有朋友提醒木木:出门在外,备上一份旅行保险更安心,真 ...",neutral,0.1018304,zh,bootstrap,mixed_real_news_v6
2026-04-28,2026-04-28T23:25:27+00:00,000001.SZ,"""平安银行"" - Google 新闻",平安银行获得发明专利授权：“一种多源数据规范化处理方法、装置、系统及存储介质” - 新浪财经,"<a href=""https://news.google.com/rss/articles/CBMibkFVX3lxTE1nb1drc0FhTzdnY2JTcVFNeHVKMmM1aldEWGVDNFZtaU5yRzM3Z1hQdjg4bDdtbDgzSmU3ZWhTbzBPUTFOWlFMZ201Vjg0U2U4MkNRVVotdmlxMEVrRlptRG5pNXlBRXZlTlhSZWJ3?oc=5"" target=""_blank"">平安银行获得发明专利授权：“一种多源数据规范化处理方法、装置、系统及存储介质”</a>&nbsp;&nbsp;<font color=""#6f6f6f"">新浪财经</font>",https://news.google.com/rss/articles/CBMibkFVX3lxTE1nb1drc0FhTzdnY2JTcVFNeHVKMmM1aldEWGVDNFZtaU5yRzM3Z1hQdjg4bDdtbDgzSmU3ZWhTbzBPUTFOWlFMZ201Vjg0U2U4MkNRVVotdmlxMEVrRlptRG5pNXlBRXZlTlhSZWJ3?oc=5,平安银行,平安银行获得发明专利授权：“一种多源数据规范化处理方法、装置、系统及存储介质” - 新浪财经. 平安银行获得发明专利授权：“一种多源数据规范化处理方法、装置、系统及存储介质” 新浪财经,neutral,0.07503944,zh,bootstrap,mixed_real_news_v6
2026-04-29,2026-04-29T04:50:36+00:00,000001.SZ,"""平安银行"" - Google 新闻",平安银行信用卡新卡来袭！全球急难救援 + 健康守护一步到位 - 凤凰网财经,"<a href=""https://news.google.com/rss/articles/CBMiUEFVX3lxTE4tYUt4bzV0OVhnV2lKUjk1WUhJSTI3cFotSWtBdEE5WUVuR1hoMDlJcDZEaHhqZWdERTZMVTlQT2hWUjF0RjhFckh5Mk5jZFVf?oc=5"" target=""_blank"">平安银行信用卡新卡来袭！全球急难救援 + 健康守护一步到位</a>&nbsp;&nbsp;<font color=""#6f6f6f"">凤凰网财经</font>",https://news.google.com/rss/articles/CBMiUEFVX3lxTE4tYUt4bzV0OVhnV2lKUjk1WUhJSTI3cFotSWtBdEE5WUVuR1hoMDlJcDZEaHhqZWdERTZMVTlQT2hWUjF0RjhFckh5Mk5jZFVf?oc=5,平安银行,平安银行信用卡新卡来袭！全球急难救援 + 健康守护一步到位 - 凤凰网财经. 平安银行信用卡新卡来袭！全球急难救援 + 健康守护一步到位 凤凰网财经,neutral,0.041341484,zh,bootstrap,mixed_real_news_v6
2026-04-29,2026-04-29T04:52:50+00:00,000001.SZ,"""Ping An Bank"" - Google News",Ping An Bank profit rises 3% to $2.12b in Q1 - Asian Banking & Finance,"<a href=""https://news.google.com/rss/articles/CBMilAFBVV95cUxPZzJPNkg2ZTZvSFoyNnZlVllsNE1qdmhEc3Fva21uTUVhcTMyRkdydUl0NzN3dTB6RmdtcnUxSkprdWV6bFE1U0FOVGU4RkNmUVJ2N1k2WmdlUG5SS1E4WHV2cFpUck9rVHJ6ME8xY3RWTDZ5UElrN3VndHViYVlfSFJ4OTV1S3RkdHBNaFZvU2tDZlFr?oc=5"" target=""_blank"">Ping An Bank profit rises 3% to $2.12b in Q1</a>&nbsp;&nbsp;<font color=""#6f6f6f"">Asian Banking & Finance</font>",https://news.google.com/rss/articles/CBMilAFBVV95cUxPZzJPNkg2ZTZvSFoyNnZlVllsNE1qdmhEc3Fva21uTUVhcTMyRkdydUl0NzN3dTB6RmdtcnUxSkprdWV6bFE1U0FOVGU4RkNmUVJ2N1k2WmdlUG5SS1E4WHV2cFpUck9rVHJ6ME8xY3RWTDZ5UElrN3VndHViYVlfSFJ4OTV1S3RkdHBNaFZvU2tDZlFr?oc=5,Ping An Bank,Ping An Bank profit rises 3% to $2.12b in Q1 - Asian Banking & Finance. Ping An Bank profit rises 3% to $2.12b in Q1 Asian Banking & Finance,positive,0.90966624,en,bootstrap,mixed_real_news_v6
2026-04-29,2026-04-29T07:59:42+00:00,000001.SZ,"""Ping An Bank"" - Google News",Ping An Bank Co Ltd stock (CNE100001TP8): Why does its retail banking focus matter more now for glob - AD HOC NEWS,"<a href=""https://news.google.com/rss/articles/CBMiwwFBVV95cUxQZjVUcmdtcWJkQk9rSkR6eXFxLXpfMDhkdGxuclAwZXJROW9mSHZWSTU5WWpZWVp3cGpxaTJULUxxQWM0ZnZRUXVpRnVHZS1oTlJ5WUxoNUgtbDVaT2FBNVluMF9wRHVBS2IzeXNpR3VjTnJ6c0p1bk5HdnZodGs0bFlHQXM2Rl9udHpyVE5hdk96RU8tdm1nZ2ZoQlpXVkxHcTNVdDh1bGlrb2h1OUNCdGpySlhpb2FQOHFUdm1OX1BvQTQ?oc=5"" target=""_blank"">Ping An Bank Co Ltd stock (CNE100001TP8): Why does its retail banking focus matter more now for glob</a>&nbsp;&nbsp;<font color=""#6f6f6f"">AD HOC NEWS</font>",https://news.google.com/rss/articles/CBMiwwFBVV95cUxQZjVUcmdtcWJkQk9rSkR6eXFxLXpfMDhkdGxuclAwZXJROW9mSHZWSTU5WWpZWVp3cGpxaTJULUxxQWM0ZnZRUXVpRnVHZS1oTlJ5WUxoNUgtbDVaT2FBNVluMF9wRHVBS2IzeXNpR3VjTnJ6c0p1bk5HdnZodGs0bFlHQXM2Rl9udHpyVE5hdk96RU8tdm1nZ2ZoQlpXVkxHcTNVdDh1bGlrb2h1OUNCdGpySlhpb2FQOHFUdm1OX1BvQTQ?oc=5,Ping An Bank,Ping An Bank Co Ltd stock (CNE100001TP8): Why does its retail banking focus matter more now for glob - AD HOC NEWS. Ping An Bank Co Ltd stock (CNE100001TP8): Why does its retail banking focus matter more now for glob AD HOC NEWS,neutral,0.018685238,en,bootstrap,mixed_real_news_v6
2026-04-29,2026-04-29T23:40:25+00:00,000001.SZ,"""平安银行"" - Google 新闻",平安银行：融资净偿还1.43亿元，融资余额53.11亿元 - 东方财富,"<a href=""https://news.google.com/rss/articles/CBMiZkFVX3lxTE9Kb3duZWwzRzRHNlIwRENPbzdXQnUyOW5VemVkYW5ENWwwZXpFYURpdlpxamgtVzVJMFU0QzRaSUYwa3Bma1BkTmRMbDN6SU1YUTJyYndwWV94eGh5XzhyamdDNVk3dw?oc=5"" target=""_blank"">平安银行：融资净偿还1.43亿元，融资余额53.11亿元</a>&nbsp;&nbsp;<font color=""#6f6f6f"">东方财富</font>",https://news.google.com/rss/articles/CBMiZkFVX3lxTE9Kb3duZWwzRzRHNlIwRENPbzdXQnUyOW5VemVkYW5ENWwwZXpFYURpdlpxamgtVzVJMFU0QzRaSUYwa3Bma1BkTmRMbDN6SU1YUTJyYndwWV94eGh5XzhyamdDNVk3dw?oc=5,平安银行,平安银行：融资净偿还1.43亿元，融资余额53.11亿元 - 东方财富. 平安银行：融资净偿还1.43亿元，融资余额53.11亿元 东方财富,neutral,0.018439103,zh,bootstrap,mixed_real_news_v6
2026-04-30,2026-04-30T03:04:11+00:00,000001.SZ,"""平安银行"" - Google 新闻",平安银行：融资净偿还3425.81万元，融资余额52.77亿元 - 东方财富,"<a href=""https://news.google.com/rss/articles/CBMiYEFVX3lxTE1Fb0dUckdheUw3Wlp1OE0wM1lfMEtzYUF3SzNJamxldkFzNHk2cTg2dWdkS2FzVUZPX25LSlVWN1RKVnJzbl81b3VmQWFIVGxOa1VTd2lGd2RfRUVxUGltcA?oc=5"" target=""_blank"">平安银行：融资净偿还3425.81万元，融资余额52.77亿元</a>&nbsp;&nbsp;<font color=""#6f6f6f"">东方财富</font>",https://news.google.com/rss/articles/CBMiYEFVX3lxTE1Fb0dUckdheUw3Wlp1OE0wM1lfMEtzYUF3SzNJamxldkFzNHk2cTg2dWdkS2FzVUZPX25LSlVWN1RKVnJzbl81b3VmQWFIVGxOa1VTd2lGd2RfRUVxUGltcA?oc=5,平安银行,平安银行：融资净偿还3425.81万元，融资余额52.77亿元 - 东方财富. 平安银行：融资净偿还3425.81万元，融资余额52.77亿元 东方财富,neutral,0.02355917,zh,bootstrap,mixed_real_news_v6
2026-04-30,2026-04-30T03:47:18+00:00,000001.SZ,"""平安银行"" - Google 新闻",哪家信用卡好用？平安银行信用卡让省钱成为一种习惯 - 中华网,"<a href=""https://news.google.com/rss/articles/CBMiYkFVX3lxTE9ZRTdyWEFMSTJUQmxtWERvQm11d2VJUjJwaVlYNnpjaTROMEM1aFY4UEs0YmpNNzhGVUhmQ1JkbHZQU29IdDVGNDJ6c1gwdnpILWloRGZyTzZ2c2t0M0JfREhR?oc=5"" target=""_blank"">哪家信用卡好用？平安银行信用卡让省钱成为一种习惯</a>&nbsp;&nbsp;<font color=""#6f6f6f"">中华网</font>",https://news.google.com/rss/articles/CBMiYkFVX3lxTE9ZRTdyWEFMSTJUQmxtWERvQm11d2VJUjJwaVlYNnpjaTROMEM1aFY4UEs0YmpNNzhGVUhmQ1JkbHZQU29IdDVGNDJ6c1gwdnpILWloRGZyTzZ2c2t0M0JfREhR?oc=5,平安银行,哪家信用卡好用？平安银行信用卡让省钱成为一种习惯 - 中华网. 哪家信用卡好用？平安银行信用卡让省钱成为一种习惯 中华网,neutral,0.055343177,zh,bootstrap,mixed_real_news_v6
2026-04-30,2026-04-30T05:48:29+00:00,000001.SZ,"""平安银行"" - Google 新闻",客户收入认定不审慎 平安银行汽车金融中心及责任人被罚 - 新浪财经,"<a href=""https://news.google.com/rss/articles/CBMifkFVX3lxTFBiTUtzdnpFdUw2WHMzZjlmVEV0am9LR3g3aG5yMWJHREViZXNSWEF0Ulk1cTJTMjVDTm5tbWw1dkl3ZlZwbmhqUE95QzZteEtMZVd0MHNjSmtCOE9vS0NTVUgxU3I2WlJoZ1ZTNi1mdzZFVkNBNHZPWDlMNkFTUQ?oc=5"" target=""_blank"">客户收入认定不审慎 平安银行汽车金融中心及责任人被罚</a>&nbsp;&nbsp;<font color=""#6f6f6f"">新浪财经</font>",https://news.google.com/rss/articles/CBMifkFVX3lxTFBiTUtzdnpFdUw2WHMzZjlmVEV0am9LR3g3aG5yMWJHREViZXNSWEF0Ulk1cTJTMjVDTm5tbWw1dkl3ZlZwbmhqUE95QzZteEtMZVd0MHNjSmtCOE9vS0NTVUgxU3I2WlJoZ1ZTNi1mdzZFVkNBNHZPWDlMNkFTUQ?oc=5,平安银行,客户收入认定不审慎 平安银行汽车金融中心及责任人被罚 - 新浪财经. 客户收入认定不审慎 平安银行汽车金融中心及责任人被罚 新浪财经,neutral,0.0658771,zh,bootstrap,mixed_real_news_v6
2026-04-30,2026-04-30T08:18:15+00:00,000001.SZ,"""平安银行"" - Google 新闻",哪家信用卡好用？平安银行信用卡让省钱成为一种习惯 - 六安新闻网,"<a href=""https://news.google.com/rss/articles/CBMiXEFVX3lxTE5DWS1SVk1Rd2RFdnhFSEtNMFltM2lDRDh5d1BhZUY0SzIzMmVIN3RHRm14M0dmbUphQnpIQ2YxYkFISkc1UDhjWEVXZFdCaDNOZXFYZVVONmZuZ2M4?oc=5"" target=""_blank"">哪家信用卡好用？平安银行信用卡让省钱成为一种习惯</a>&nbsp;&nbsp;<font color=""#6f6f6f"">六安新闻网</font>",https://news.google.com/rss/articles/CBMiXEFVX3lxTE5DWS1SVk1Rd2RFdnhFSEtNMFltM2lDRDh5d1BhZUY0SzIzMmVIN3RHRm14M0dmbUphQnpIQ2YxYkFISkc1UDhjWEVXZFdCaDNOZXFYZVVONmZuZ2M4?oc=5,平安银行,哪家信用卡好用？平安银行信用卡让省钱成为一种习惯 - 六安新闻网. 哪家信用卡好用？平安银行信用卡让省钱成为一种习惯 六安新闻网,neutral,0.06532571,zh,bootstrap,mixed_real_news_v6
2026-04-30,2026-04-30T20:03:45+00:00,000001.SZ,"""平安银行"" - Google 新闻",万商云集广交会 平安银行跨境金融护航企业发展 - 新浪财经,"<a href=""https://news.google.com/rss/articles/CBMieEFVX3lxTE15Wk9IT2hDS2V5RjMxQy1FYk5nRUEtY3B4ZHBlM1JOaTl1aXpUd2xqQTd4a1JqZXNmdmpuUWdVT2thUzVaLVpuTXg5Rm5sdXMtbHlEcTlpZ3NhVjlmblFKOGRHVXJjX0JMRHJabWR4VTN5UXpHQWNBMw?oc=5"" target=""_blank"">万商云集广交会 平安银行跨境金融护航企业发展</a>&nbsp;&nbsp;<font color=""#6f6f6f"">新浪财经</font>",https://news.google.com/rss/articles/CBMieEFVX3lxTE15Wk9IT2hDS2V5RjMxQy1FYk5nRUEtY3B4ZHBlM1JOaTl1aXpUd2xqQTd4a1JqZXNmdmpuUWdVT2thUzVaLVpuTXg5Rm5sdXMtbHlEcTlpZ3NhVjlmblFKOGRHVXJjX0JMRHJabWR4VTN5UXpHQWNBMw?oc=5,平安银行,万商云集广交会 平安银行跨境金融护航企业发展 - 新浪财经. 万商云集广交会 平安银行跨境金融护航企业发展 新浪财经,neutral,0.062438834,zh,bootstrap,mixed_real_news_v6
2026-05-01,2026-05-01T10:16:23+00:00,000001.SZ,"""平安银行"" - Google 新闻",覆盖全球！平安银行全球守护信用卡，出行安全感拉满 - 新浪财经,"<a href=""https://news.google.com/rss/articles/CBMibkFVX3lxTE9UYzlYQld3U214aUE2VFhMMGFoTXNGcUZPVHU1Y21xcWJOak1TTXY0U1hILV94MnpNcVVYVmZVcVltczN1UTFPcWdVTVhfZ1BCd2RGRFY0N2NhRWI4emN4b1E0V1JxTmphc1MtVDdR?oc=5"" target=""_blank"">覆盖全球！平安银行全球守护信用卡，出行安全感拉满</a>&nbsp;&nbsp;<font color=""#6f6f6f"">新浪财经</font>",https://news.google.com/rss/articles/CBMibkFVX3lxTE9UYzlYQld3U214aUE2VFhMMGFoTXNGcUZPVHU1Y21xcWJOak1TTXY0U1hILV94MnpNcVVYVmZVcVltczN1UTFPcWdVTVhfZ1BCd2RGRFY0N2NhRWI4emN4b1E0V1JxTmphc1MtVDdR?oc=5,平安银行,覆盖全球！平安银行全球守护信用卡，出行安全感拉满 - 新浪财经. 覆盖全球！平安银行全球守护信用卡，出行安全感拉满 新浪财经,neutral,0.060128033,zh,bootstrap,mixed_real_news_v6
2026-05-01,2026-05-01T19:30:54+00:00,000001.SZ,"""平安银行"" - Google 新闻",平安银行获得发明专利授权：“身份证信息的抽取方法、装置、计算机设备及存储介质” - 新浪财经,"<a href=""https://news.google.com/rss/articles/CBMibkFVX3lxTE1DRWdWdzg2OGtBMHFQWENlYnR0eWc4Q1JDMDN5VEVoeFdiMzMwa25WMFJZUWNwLU9tdlNfazBJWll0Y3pDUmNTd3RjLXREeEp0NDFmUVZ4aVE2Q3FSYV9CWEJRemJXeG5IbHA5bjdn?oc=5"" target=""_blank"">平安银行获得发明专利授权：“身份证信息的抽取方法、装置、计算机设备及存储介质”</a>&nbsp;&nbsp;<font color=""#6f6f6f"">新浪财经</font>",https://news.google.com/rss/articles/CBMibkFVX3lxTE1DRWdWdzg2OGtBMHFQWENlYnR0eWc4Q1JDMDN5VEVoeFdiMzMwa25WMFJZUWNwLU9tdlNfazBJWll0Y3pDUmNTd3RjLXREeEp0NDFmUVZ4aVE2Q3FSYV9CWEJRemJXeG5IbHA5bjdn?oc=5,平安银行,平安银行获得发明专利授权：“身份证信息的抽取方法、装置、计算机设备及存储介质” - 新浪财经. 平安银行获得发明专利授权：“身份证信息的抽取方法、装置、计算机设备及存储介质” 新浪财经,neutral,0.07498578,zh,bootstrap,mixed_real_news_v6
2026-05-02,2026-05-02T05:51:00+00:00,000001.SZ,平安银行 - Bing新聞,办马卡、领金马！平安银行岁岁平安骏马信用卡“金”喜上市,平安银行信用卡以“步步生花，岁岁平安”为主题首发马年生肖定制产品——平安银行岁岁平安骏马信用卡，并陆续推出一系列促消费活动。新产品以生肖文化为载体，为客户带来365天守护保障以及天天返利消费优惠，助力消费提振，服务美好生活。 马年主题卡面：设计匠心独具，融合传统生肖与现代美学 “岁岁平安骏马信用卡”卡面由知名艺术家胡云峰设计，以“步步生花，岁岁平安”为灵感，描绘火烈奔腾的骏马，姿态昂扬，辅以绶带、 ...,http://www.bing.com/news/apiclick.aspx?ref=FexRss&aid=&tid=69fb1697ba8743c0889fc07426afbc5c&url=https%3a%2f%2fwww.sohu.com%2fa%2f1017643367_120122868&c=17371350597633798736&mkt=zh-tw,平安银行,办马卡、领金马！平安银行岁岁平安骏马信用卡“金”喜上市. 平安银行信用卡以“步步生花，岁岁平安”为主题首发马年生肖定制产品——平安银行岁岁平安骏马信用卡，并陆续推出一系列促消费活动。新产品以生肖文化为载体，为客户带来365天守护保障以及天天返利消费优惠，助力消费提振，服务美好生活。 马年主题卡面：设计匠心独具，融合传统生肖与现代美学 “岁岁平安骏马信用卡”卡面由知名艺术家胡云峰设计，以“步步生花，岁岁平安”为灵感，描绘火烈奔腾的骏马，姿态昂扬，辅以绶带、 ...,neutral,0.09403549,zh,bootstrap,mixed_real_news_v6
2026-05-03,2026-05-03T08:15:00+00:00,000001.SZ,"""平安银行"" - Google 新闻",一生守护 十分平安 平安银行全球守护信用卡全新上市 - news.tom.com,"<a href=""https://news.google.com/rss/articles/CBMiVkFVX3lxTE1YR3JWX0xPdm5XNkFOcFZPYTlZTEJqdjk5dXh1RlhIZjFhcmtyUks2LUhIYlNmc1k2Z1lLaWtBTmdNRmNHbUN1MWk3VDBhNmo3VjNiWVJR?oc=5"" target=""_blank"">一生守护 十分平安 平安银行全球守护信用卡全新上市</a>&nbsp;&nbsp;<font color=""#6f6f6f"">news.tom.com</font>",https://news.google.com/rss/articles/CBMiVkFVX3lxTE1YR3JWX0xPdm5XNkFOcFZPYTlZTEJqdjk5dXh1RlhIZjFhcmtyUks2LUhIYlNmc1k2Z1lLaWtBTmdNRmNHbUN1MWk3VDBhNmo3VjNiWVJR?oc=5,平安银行,一生守护 十分平安 平安银行全球守护信用卡全新上市 - news.tom.com. 一生守护 十分平安 平安银行全球守护信用卡全新上市 news.tom.com,neutral,0.0017877668,zh,bootstrap,mixed_real_news_v6
2026-05-03,2026-05-03T08:22:00+00:00,000001.SZ,"""平安银行"" - Google 新闻",平安银行好车主信用卡加油充电优惠，年省至高720元 - news.tom.com,"<a href=""https://news.google.com/rss/articles/CBMiVkFVX3lxTE93b1FIQjVzeWhjNFp1Y0xBZkJyeXdhWHNsejNqbDNmZEJiMXpLU2JBSGtvMVBweTQ2YWRSdzRrMW9Td2ctQ0l6UWRUR2x4UDFMTktXNzRB?oc=5"" target=""_blank"">平安银行好车主信用卡加油充电优惠，年省至高720元</a>&nbsp;&nbsp;<font color=""#6f6f6f"">news.tom.com</font>",https://news.google.com/rss/articles/CBMiVkFVX3lxTE93b1FIQjVzeWhjNFp1Y0xBZkJyeXdhWHNsejNqbDNmZEJiMXpLU2JBSGtvMVBweTQ2YWRSdzRrMW9Td2ctQ0l6UWRUR2x4UDFMTktXNzRB?oc=5,平安银行,平安银行好车主信用卡加油充电优惠，年省至高720元 - news.tom.com. 平安银行好车主信用卡加油充电优惠，年省至高720元 news.tom.com,neutral,0.009236965,zh,bootstrap,mixed_real_news_v6
2026-05-03,2026-05-03T08:26:48+00:00,000001.SZ,"""Ping An Bank"" - Google 新闻",平安银行：关于召开2025年年度股东会的通知 - 富途牛牛,"<a href=""https://news.google.com/rss/articles/CBMingFBVV95cUxPd3Q3ZE5DdTRGSVpld0VWRVFuV3p6YlpWNXpZVTZMS2F3TTN5RERXVnRYNGxBM2tHLTc4c3NodGEtVThYYUhQT1Nld1lmZkNIZDktTHRQNm42Uk1VRUUzVkpiY1JTelExbXRWbmtsSWoyWFJUMHhjQUxQRXl3RWJSMWVwSjhhWXlVQmZHOVlnZEpFcV9sZmRyWHBTaHVRQQ?oc=5"" target=""_blank"">平安银行：关于召开2025年年度股东会的通知</a>&nbsp;&nbsp;<font color=""#6f6f6f"">富途牛牛</font>",https://news.google.com/rss/articles/CBMingFBVV95cUxPd3Q3ZE5DdTRGSVpld0VWRVFuV3p6YlpWNXpZVTZMS2F3TTN5RERXVnRYNGxBM2tHLTc4c3NodGEtVThYYUhQT1Nld1lmZkNIZDktTHRQNm42Uk1VRUUzVkpiY1JTelExbXRWbmtsSWoyWFJUMHhjQUxQRXl3RWJSMWVwSjhhWXlVQmZHOVlnZEpFcV9sZmRyWHBTaHVRQQ?oc=5,Ping An Bank,平安银行：关于召开2025年年度股东会的通知 - 富途牛牛. 平安银行：关于召开2025年年度股东会的通知 富途牛牛,neutral,0.038975198,zh,bootstrap,mixed_real_news_v6
2026-05-03,2026-05-03T10:10:17+00:00,000001.SZ,"""平安银行"" - Google 新闻",平安银行汽融中心连收两张罚单，汽车贷款余额超3000亿 - 东方财富,"<a href=""https://news.google.com/rss/articles/CBMiYEFVX3lxTFBBNnVkWElDLWgwdng5ZXFkTEswdFFiZHp5S21EWElRVTVXdnM2SUtGM0FPQWhOWnZYeTlQdGdqNnZWNWtoaGh1cWhZODl0TWxPYTBvUGRmOHBvLW1zZFRRVg?oc=5"" target=""_blank"">平安银行汽融中心连收两张罚单，汽车贷款余额超3000亿</a>&nbsp;&nbsp;<font color=""#6f6f6f"">东方财富</font>",https://news.google.com/rss/articles/CBMiYEFVX3lxTFBBNnVkWElDLWgwdng5ZXFkTEswdFFiZHp5S21EWElRVTVXdnM2SUtGM0FPQWhOWnZYeTlQdGdqNnZWNWtoaGh1cWhZODl0TWxPYTBvUGRmOHBvLW1zZFRRVg?oc=5,平安银行,平安银行汽融中心连收两张罚单，汽车贷款余额超3000亿 - 东方财富. 平安银行汽融中心连收两张罚单，汽车贷款余额超3000亿 东方财富,neutral,0.038835023,zh,bootstrap,mixed_real_news_v6
2026-05-03,2026-05-03T10:35:58+00:00,000001.SZ,"""平安银行"" - Google 新闻",平安银行好车主信用卡兼顾油车与电车，多种实用优惠回馈用户 - 中华网,"<a href=""https://news.google.com/rss/articles/CBMibEFVX3lxTE84clJuV1FVYzlGU1VjaU1ZRGhYSWpYV2RKRElxUzdBQ3BvRThZZENOZXAxLWxIbkZMNzE0Z2xLY2tvMWFhMWQ3cGlrYlpLdHdBRUxLTkQyZzB1UTRBWmp1aEV1Z1lQaUhnajh6Wg?oc=5"" target=""_blank"">平安银行好车主信用卡兼顾油车与电车，多种实用优惠回馈用户</a>&nbsp;&nbsp;<font color=""#6f6f6f"">中华网</font>",https://news.google.com/rss/articles/CBMibEFVX3lxTE84clJuV1FVYzlGU1VjaU1ZRGhYSWpYV2RKRElxUzdBQ3BvRThZZENOZXAxLWxIbkZMNzE0Z2xLY2tvMWFhMWQ3cGlrYlpLdHdBRUxLTkQyZzB1UTRBWmp1aEV1Z1lQaUhnajh6Wg?oc=5,平安银行,平安银行好车主信用卡兼顾油车与电车，多种实用优惠回馈用户 - 中华网. 平安银行好车主信用卡兼顾油车与电车，多种实用优惠回馈用户 中华网,neutral,0.032241613,zh,bootstrap,mixed_real_news_v6
2026-05-04,2026-05-04T06:25:00+00:00,000001.SZ,"""平安银行"" - Google 新闻",平安银行岁岁平安骏马信用卡带来“365天X五大守护” 服务用户美好生活 - news.tom.com,"<a href=""https://news.google.com/rss/articles/CBMiVkFVX3lxTFBROFRuYzgyU0FNZUJoa01oTklHU28wblRDRHZtSnRRV3hKYTEtbURMWG4xVUlqWDBwdmRUc1VTUlJubkNyc0Q1bDUxQlA5NnQ1dm5Sb1l3?oc=5"" target=""_blank"">平安银行岁岁平安骏马信用卡带来“365天X五大守护” 服务用户美好生活</a>&nbsp;&nbsp;<font color=""#6f6f6f"">news.tom.com</font>",https://news.google.com/rss/articles/CBMiVkFVX3lxTFBROFRuYzgyU0FNZUJoa01oTklHU28wblRDRHZtSnRRV3hKYTEtbURMWG4xVUlqWDBwdmRUc1VTUlJubkNyc0Q1bDUxQlA5NnQ1dm5Sb1l3?oc=5,平安银行,平安银行岁岁平安骏马信用卡带来“365天X五大守护” 服务用户美好生活 - news.tom.com. 平安银行岁岁平安骏马信用卡带来“365天X五大守护” 服务用户美好生活 news.tom.com,neutral,0.010414606,zh,bootstrap,mixed_real_news_v6
2026-05-05,2026-05-05T04:03:07+00:00,000001.SZ,"""平安银行"" - Google 新闻",平安银行信用卡上线“天天红包”活动，刷卡消费可享红包礼遇 - 中华网,"<a href=""https://news.google.com/rss/articles/CBMibEFVX3lxTE1EaXlKdC1LUnQwaU51QjZFVXM0LUNyV21wVGtGbTZFWVR6N3dSV1VGS19kMEctYXJYQXRIVkFraGJWU1RLNUJDRjVmbERRazJRR21ZSV9xanVZa19LWVE3STIyeW5ZMjZITE4wQw?oc=5"" target=""_blank"">平安银行信用卡上线“天天红包”活动，刷卡消费可享红包礼遇</a>&nbsp;&nbsp;<font color=""#6f6f6f"">中华网</font>",https://news.google.com/rss/articles/CBMibEFVX3lxTE1EaXlKdC1LUnQwaU51QjZFVXM0LUNyV21wVGtGbTZFWVR6N3dSV1VGS19kMEctYXJYQXRIVkFraGJWU1RLNUJDRjVmbERRazJRR21ZSV9xanVZa19LWVE3STIyeW5ZMjZITE4wQw?oc=5,平安银行,平安银行信用卡上线“天天红包”活动，刷卡消费可享红包礼遇 - 中华网. 平安银行信用卡上线“天天红包”活动，刷卡消费可享红包礼遇 中华网,neutral,0.06879957,zh,bootstrap,mixed_real_news_v6
2026-05-05,2026-05-05T23:49:00+00:00,000001.SZ,平安银行 - Bing新聞,满分高管谢永林只用30天，打了所有看空平安银行人的脸,4月25日，当平安银行公布了2026年一季度报告时，那些在股价低位抛售股票的股东们追悔莫及。谁也没有想到，3月20日才公布2025年年报的平安银行，时隔仅30余天，就以一季度营收、利润双增的业绩，给坚定看好他们的长期投资者送上了“蜜糖”。更不会想到，平安股价的下跌仅仅在3月21日、23日、24日给出了极短时间的抄底机会， ...,http://www.bing.com/news/apiclick.aspx?ref=FexRss&aid=&tid=69fb1697ba8743c0889fc07426afbc5c&url=https%3a%2f%2fnews.qq.com%2frain%2fa%2f20260506A03SNT00&c=7200856475632595200&mkt=zh-tw,平安银行,满分高管谢永林只用30天，打了所有看空平安银行人的脸. 4月25日，当平安银行公布了2026年一季度报告时，那些在股价低位抛售股票的股东们追悔莫及。谁也没有想到，3月20日才公布2025年年报的平安银行，时隔仅30余天，就以一季度营收、利润双增的业绩，给坚定看好他们的长期投资者送上了“蜜糖”。更不会想到，平安股价的下跌仅仅在3月21日、23日、24日给出了极短时间的抄底机会， ...,neutral,0.06495278,zh,bootstrap,mixed_real_news_v6
2026-05-06,2026-05-06T01:46:00+00:00,000001.SZ,平安银行 - Bing新聞,从“能动”到“会干”，平安银行“企望中国行”走进智元机器人,当机器人不再只是春晚舞台上的“表演者”，而是能够在工厂里连续8小时零失误作业的“正式员工”，一场关于生产力的深刻变革正在发生。近日，由平安银行与正和岛联合主办的“企望中国行”企业探访系列活动走进全球领先的通用具身智能与人形机器人企业——智元机器人，携手20余位来自科技、实业、投资等领域的优秀企业家客户，共同开启一场关于“人机共融未来”的探索之旅，深入解码具身智能技术如何从实验室走向产业一线，重新定 ...,http://www.bing.com/news/apiclick.aspx?ref=FexRss&aid=&tid=69fb1697ba8743c0889fc07426afbc5c&url=https%3a%2f%2ffinance.sina.com.cn%2ftech%2froll%2f2026-05-06%2fdoc-inhwycsf8991378.shtml&c=15700985228064698919&mkt=zh-tw,平安银行,从“能动”到“会干”，平安银行“企望中国行”走进智元机器人. 当机器人不再只是春晚舞台上的“表演者”，而是能够在工厂里连续8小时零失误作业的“正式员工”，一场关于生产力的深刻变革正在发生。近日，由平安银行与正和岛联合主办的“企望中国行”企业探访系列活动走进全球领先的通用具身智能与人形机器人企业——智元机器人，携手20余位来自科技、实业、投资等领域的优秀企业家客户，共同开启一场关于“人机共融未来”的探索之旅，深入解码具身智能技术如何从实验室走向产业一线，重新定 ...,neutral,0.07966207,zh,bootstrap,mixed_real_news_v6
2026-05-06,2026-05-06T02:29:10+00:00,000001.SZ,"""平安银行"" - Google 新闻",平安银行“农险+信贷”首单落地 破解农户融资难题 - 六安新闻网,"<a href=""https://news.google.com/rss/articles/CBMiXEFVX3lxTFBfRVEzc0x4bnk2aGlhY25OeGM1RkhLZDk0Z3hDTWM1QXlGM3ZhUmN6M2p0bDlBczk5QVZKZUtWcFBodVhJOWw2WFBMWXNFRV85TmhaOUM3dHpnOXBU?oc=5"" target=""_blank"">平安银行“农险+信贷”首单落地 破解农户融资难题</a>&nbsp;&nbsp;<font color=""#6f6f6f"">六安新闻网</font>",https://news.google.com/rss/articles/CBMiXEFVX3lxTFBfRVEzc0x4bnk2aGlhY25OeGM1RkhLZDk0Z3hDTWM1QXlGM3ZhUmN6M2p0bDlBczk5QVZKZUtWcFBodVhJOWw2WFBMWXNFRV85TmhaOUM3dHpnOXBU?oc=5,平安银行,平安银行“农险+信贷”首单落地 破解农户融资难题 - 六安新闻网. 平安银行“农险+信贷”首单落地 破解农户融资难题 六安新闻网,neutral,0.06835257,zh,bootstrap,mixed_real_news_v6
2026-05-06,2026-05-06T07:42:39+00:00,000001.SZ,"""平安银行"" - Google 新闻",持续升级客户体验，平安银行电话践行省心省时又省钱承诺 - 中华网,"<a href=""https://news.google.com/rss/articles/CBMibkFVX3lxTE10ZzNvcTloNFFBaDZqaWlFV1I1eGZISjNrS1IxdFRGdVlWNENpUHhXZTdKR1VaM0FWTDR3WHlDaENHeWJxaGpKQlVRTW5OT25SMGF4Rnd2SUxyYUNTQ19qTVpISWxuTG0tWDRmUXhn?oc=5"" target=""_blank"">持续升级客户体验，平安银行电话践行省心省时又省钱承诺</a>&nbsp;&nbsp;<font color=""#6f6f6f"">中华网</font>",https://news.google.com/rss/articles/CBMibkFVX3lxTE10ZzNvcTloNFFBaDZqaWlFV1I1eGZISjNrS1IxdFRGdVlWNENpUHhXZTdKR1VaM0FWTDR3WHlDaENHeWJxaGpKQlVRTW5OT25SMGF4Rnd2SUxyYUNTQ19qTVpISWxuTG0tWDRmUXhn?oc=5,平安银行,持续升级客户体验，平安银行电话践行省心省时又省钱承诺 - 中华网. 持续升级客户体验，平安银行电话践行省心省时又省钱承诺 中华网,neutral,0.058375612,zh,bootstrap,mixed_real_news_v6
2024-08-21,2024-08-21T07:00:00+00:00,600036.SH,"""招商银行"" - Google News","China Merchants Bank former VP under investigation for violating law, watchdog says - Reuters","<a href=""https://news.google.com/rss/articles/CBMixAFBVV95cUxOdEN1bll2Z0RZczJwS09qODRhbGZiMjgway1YaXF5b19GWnBVbkpfRU5UcHFSZkJpYmlwWmxXa1B5UmZlVVZjRGdhejdIbm52UDFGb1E3Qkd1bVZWLXhWWnZPSXVCZDQ0YVJOMk5IbDcwUUFmaGtmaVdITnNPZFl4OTZJOFJfSVNQR1RuOFFYUFhsZjh0UHVLcnVhRjYyMGlGM3RId3c0SDBMYlF5WGtQYU1JRDZHcTRLaG1OeGxDWUFuTDlI?oc=5"" target=""_blank"">China Merchants Bank former VP under investigation for violating law, watchdog says</a>&nbsp;&nbsp;<font color=""#6f6f6f"">Reuters</font>",https://news.google.com/rss/articles/CBMixAFBVV95cUxOdEN1bll2Z0RZczJwS09qODRhbGZiMjgway1YaXF5b19GWnBVbkpfRU5UcHFSZkJpYmlwWmxXa1B5UmZlVVZjRGdhejdIbm52UDFGb1E3Qkd1bVZWLXhWWnZPSXVCZDQ0YVJOMk5IbDcwUUFmaGtmaVdITnNPZFl4OTZJOFJfSVNQR1RuOFFYUFhsZjh0UHVLcnVhRjYyMGlGM3RId3c0SDBMYlF5WGtQYU1JRDZHcTRLaG1OeGxDWUFuTDlI?oc=5,招商银行,"China Merchants Bank former VP under investigation for violating law, watchdog says - Reuters. China Merchants Bank former VP under investigation for violating law, watchdog says Reuters",negative,-0.76008165,en,bootstrap,mixed_real_news_v6
2024-11-04,2024-11-04T08:00:00+00:00,600036.SH,"""600036"" - Google 新闻",股票行情快报：招商银行（600036）11月4日主力资金净买入4.04亿元_主力研究 - 证券之星,"<a href=""https://news.google.com/rss/articles/CBMiYkFVX3lxTFBJN1VxWlFrbUhBNkFkYlVKRm5EUjMteGpXcGthcV9KMFI2WXBnb0QzdEQ2WThxTFlzcllNU0ltZFBlZWIwcU00ajlLTnZ1N1FNVzZYMnFJVHQ2WDUwMmNob1RB?oc=5"" target=""_blank"">股票行情快报：招商银行（600036）11月4日主力资金净买入4.04亿元_主力研究</a>&nbsp;&nbsp;<font color=""#6f6f6f"">证券之星</font>",https://news.google.com/rss/articles/CBMiYkFVX3lxTFBJN1VxWlFrbUhBNkFkYlVKRm5EUjMteGpXcGthcV9KMFI2WXBnb0QzdEQ2WThxTFlzcllNU0ltZFBlZWIwcU00ajlLTnZ1N1FNVzZYMnFJVHQ2WDUwMmNob1RB?oc=5,600036,股票行情快报：招商银行（600036）11月4日主力资金净买入4.04亿元_主力研究 - 证券之星. 股票行情快报：招商银行（600036）11月4日主力资金净买入4.04亿元_主力研究 证券之星,neutral,0.15980615,zh,bootstrap,mixed_real_news_v6
2025-03-03,2025-03-03T08:00:00+00:00,600036.SH,"""600036"" - Google 新闻",股票行情快报：招商银行（600036）3月3日主力资金净买入2.04亿元_主力研究 - 证券之星,"<a href=""https://news.google.com/rss/articles/CBMiYkFVX3lxTE43M3Q4SmN3bWNrUzV3SnlqWUdJSnc1VWpDZ3FZUzI5MURzaHdFQWFlcFNhUkVqY2VWSkFlTDVKN3NzcDR3N1A0SldFMmlKLThJemJVaC10a0NqZThLN0ZuRWFn?oc=5"" target=""_blank"">股票行情快报：招商银行（600036）3月3日主力资金净买入2.04亿元_主力研究</a>&nbsp;&nbsp;<font color=""#6f6f6f"">证券之星</font>",https://news.google.com/rss/articles/CBMiYkFVX3lxTE43M3Q4SmN3bWNrUzV3SnlqWUdJSnc1VWpDZ3FZUzI5MURzaHdFQWFlcFNhUkVqY2VWSkFlTDVKN3NzcDR3N1A0SldFMmlKLThJemJVaC10a0NqZThLN0ZuRWFn?oc=5,600036,股票行情快报：招商银行（600036）3月3日主力资金净买入2.04亿元_主力研究 - 证券之星. 股票行情快报：招商银行（600036）3月3日主力资金净买入2.04亿元_主力研究 证券之星,neutral,0.15852949,zh,bootstrap,mixed_real_news_v6
2025-03-31,2025-03-31T07:00:00+00:00,600036.SH,"""China Merchants Bank"" - Google 新闻",【各大银行英文表达】中国银行:Bank of China中国工商银行:Industrial & Commercial Bank of China中国农业银行:Agricultural Bank of China中国建设银行:China Construction Bank中国招商银行:China Merchants Bank交通银行:Bank of Communications花旗银行:Ci - 新浪网,"<a href=""https://news.google.com/rss/articles/CBMiY0FVX3lxTFBVbDlvM1RRQTJSNTgyWXltclN0Z1lmV3ZWd1c1YnNHcTZCVFY5eV95U1hIbDVZUmZVM2VfRENyNlpQWncweUw4Qm9lMXVkNExERnliWmlQNXhvV01ZOE1yQkgwMA?oc=5"" target=""_blank"">【各大银行英文表达】中国银行:Bank of China中国工商银行:Industrial & Commercial Bank of China中国农业银行:Agricultural Bank of China中国建设银行:China Construction Bank中国招商银行:China Merchants Bank交通银行:Bank of Communications花旗银行:Ci</a>&nbsp;&nbsp;<font color=""#6f6f6f"">新浪网</font>",https://news.google.com/rss/articles/CBMiY0FVX3lxTFBVbDlvM1RRQTJSNTgyWXltclN0Z1lmV3ZWd1c1YnNHcTZCVFY5eV95U1hIbDVZUmZVM2VfRENyNlpQWncweUw4Qm9lMXVkNExERnliWmlQNXhvV01ZOE1yQkgwMA?oc=5,China Merchants Bank,【各大银行英文表达】中国银行:Bank of China中国工商银行:Industrial & Commercial Bank of China中国农业银行:Agricultural Bank of China中国建设银行:China Construction Bank中国招商银行:China Merchants Bank交通银行:Bank of Communications花旗银行:Ci - 新浪网. 【各大银行英文表达】中国银行:Bank of China中国工商银行:Industrial & Commercial Bank of China中国农业银行:Agricultural Bank of China中国建设银行:China Construction Bank中国招商银行:China Merchants Bank交通银行:Bank of Communications花旗银行:Ci 新浪网,neutral,-0.009633988,en,bootstrap,mixed_real_news_v6
2025-06-16,2025-06-16T07:00:00+00:00,600036.SH,"""600036"" - Google 新闻",股票行情快报：招商银行（600036）6月16日主力资金净买入1.46亿元_主力研究 - 证券之星,"<a href=""https://news.google.com/rss/articles/CBMiYkFVX3lxTFBiQXlvajRKVkVlSjNOZnJHYmNmMm1uWXJ4c21YQUphbzZJbDRGZUZHTW9YNHBHc2ZLSEFHN2VUaF9ScnUwa284OW16Qm5PNVo4dHBnRHl1dWF3Q2lVMmE3Q2dR?oc=5"" target=""_blank"">股票行情快报：招商银行（600036）6月16日主力资金净买入1.46亿元_主力研究</a>&nbsp;&nbsp;<font color=""#6f6f6f"">证券之星</font>",https://news.google.com/rss/articles/CBMiYkFVX3lxTFBiQXlvajRKVkVlSjNOZnJHYmNmMm1uWXJ4c21YQUphbzZJbDRGZUZHTW9YNHBHc2ZLSEFHN2VUaF9ScnUwa284OW16Qm5PNVo4dHBnRHl1dWF3Q2lVMmE3Q2dR?oc=5,600036,股票行情快报：招商银行（600036）6月16日主力资金净买入1.46亿元_主力研究 - 证券之星. 股票行情快报：招商银行（600036）6月16日主力资金净买入1.46亿元_主力研究 证券之星,neutral,0.107919574,zh,bootstrap,mixed_real_news_v6
2025-06-27,2025-06-27T07:00:00+00:00,600036.SH,"""600036"" - Google 新闻",招商银行（600036）新增一起对外投资，被投资公司为上海安路信息科技股份有限公司_公司新闻 - 证券之星,"<a href=""https://news.google.com/rss/articles/CBMiZEFVX3lxTFBsdFNhYnFCTHpKcmI5UFRhX1B2LWFWOVJ6eXVIbnEwRmFnS3ROT2NRZXFOLU5CUjl2MlZCY1RjZWNVMU9seDVtWlE0MW9hSUgwVmRvT3pJOVVyOGxUVF9IZjd3bFQ?oc=5"" target=""_blank"">招商银行（600036）新增一起对外投资，被投资公司为上海安路信息科技股份有限公司_公司新闻</a>&nbsp;&nbsp;<font color=""#6f6f6f"">证券之星</font>",https://news.google.com/rss/articles/CBMiZEFVX3lxTFBsdFNhYnFCTHpKcmI5UFRhX1B2LWFWOVJ6eXVIbnEwRmFnS3ROT2NRZXFOLU5CUjl2MlZCY1RjZWNVMU9seDVtWlE0MW9hSUgwVmRvT3pJOVVyOGxUVF9IZjd3bFQ?oc=5,600036,招商银行（600036）新增一起对外投资，被投资公司为上海安路信息科技股份有限公司_公司新闻 - 证券之星. 招商银行（600036）新增一起对外投资，被投资公司为上海安路信息科技股份有限公司_公司新闻 证券之星,neutral,0.21538493,zh,bootstrap,mixed_real_news_v6
2025-06-28,2025-06-28T07:00:00+00:00,600036.SH,"""600036"" - Google 新闻",招商银行（600036）新增一起对外投资，被投资公司为苏州苏大维格科技集团股份有限公司_公司新闻 - 证券之星,"<a href=""https://news.google.com/rss/articles/CBMiZEFVX3lxTE8xQjR0dFRlTDVTbU9nUWZrcXhlLUJ0bTJheTFGZEo5MU9rUGRKeDJvM0d4NXB2R1N6RHM1d1E5TFhqYmdfTVlZRjZzdjd1em15N1ZQNVRqNEpZVWF0V3FtZVJVdWo?oc=5"" target=""_blank"">招商银行（600036）新增一起对外投资，被投资公司为苏州苏大维格科技集团股份有限公司_公司新闻</a>&nbsp;&nbsp;<font color=""#6f6f6f"">证券之星</font>",https://news.google.com/rss/articles/CBMiZEFVX3lxTE8xQjR0dFRlTDVTbU9nUWZrcXhlLUJ0bTJheTFGZEo5MU9rUGRKeDJvM0d4NXB2R1N6RHM1d1E5TFhqYmdfTVlZRjZzdjd1em15N1ZQNVRqNEpZVWF0V3FtZVJVdWo?oc=5,600036,招商银行（600036）新增一起对外投资，被投资公司为苏州苏大维格科技集团股份有限公司_公司新闻 - 证券之星. 招商银行（600036）新增一起对外投资，被投资公司为苏州苏大维格科技集团股份有限公司_公司新闻 证券之星,neutral,0.2641871,zh,bootstrap,mixed_real_news_v6
2025-06-29,2025-06-29T07:00:00+00:00,600036.SH,"""China Merchants Bank"" - Google News",Foster+Partners reveal new China Merchants Bank HQ in Shenzhen - Markets of Tomorrow,"<a href=""https://news.google.com/rss/articles/CBMikwFBVV95cUxOZEh0ZHF4UWo5eEh6cm1vVG1IUHZWSTFkTnZhS2VMb1hvdlQzUXA2TjVhTTJCb3ktWjg2Y3hvMFpmRExwanlwdndMRGUzUDE4cDNINjVjbWZmNHF6WUhGOG9obnF3cEk2SWRxc1ZqaWlfR3VfOWpmeTVESUhlNHYxQzI0T2NxVjJxSU1oaGlES0dJUWc?oc=5"" target=""_blank"">Foster+Partners reveal new China Merchants Bank HQ in Shenzhen</a>&nbsp;&nbsp;<font color=""#6f6f6f"">Markets of Tomorrow</font>",https://news.google.com/rss/articles/CBMikwFBVV95cUxOZEh0ZHF4UWo5eEh6cm1vVG1IUHZWSTFkTnZhS2VMb1hvdlQzUXA2TjVhTTJCb3ktWjg2Y3hvMFpmRExwanlwdndMRGUzUDE4cDNINjVjbWZmNHF6WUhGOG9obnF3cEk2SWRxc1ZqaWlfR3VfOWpmeTVESUhlNHYxQzI0T2NxVjJxSU1oaGlES0dJUWc?oc=5,China Merchants Bank,Foster+Partners reveal new China Merchants Bank HQ in Shenzhen - Markets of Tomorrow. Foster+Partners reveal new China Merchants Bank HQ in Shenzhen Markets of Tomorrow,neutral,0.02534937,en,bootstrap,mixed_real_news_v6
2025-07-02,2025-07-02T07:00:00+00:00,600036.SH,"""China Merchants Bank"" - Google News",Foster + Partners reveals photos of China Merchants Bank Headquarters - Dezeen,"<a href=""https://news.google.com/rss/articles/CBMinwFBVV95cUxOaEtqMXRldEl5Q09TRm85UzJwa3dQZFBmRUpTYU9XbFg0QzVidHZGMzA3T1FtNC1WUnBlM2lrNmJNRTZYcE9QVjdVMUxLY0stcHJ3RVZRMEJPY1BuWVdMRXIwclFibWVTc3FtcnlUeWpvOFZZblRWNEhlc0ZaMHcxMTFoNGNuRjJISWlhTGZvOWZQY3c1LUVkaHRlY2dRV1E?oc=5"" target=""_blank"">Foster + Partners reveals photos of China Merchants Bank Headquarters</a>&nbsp;&nbsp;<font color=""#6f6f6f"">Dezeen</font>",https://news.google.com/rss/articles/CBMinwFBVV95cUxOaEtqMXRldEl5Q09TRm85UzJwa3dQZFBmRUpTYU9XbFg0QzVidHZGMzA3T1FtNC1WUnBlM2lrNmJNRTZYcE9QVjdVMUxLY0stcHJ3RVZRMEJPY1BuWVdMRXIwclFibWVTc3FtcnlUeWpvOFZZblRWNEhlc0ZaMHcxMTFoNGNuRjJISWlhTGZvOWZQY3c1LUVkaHRlY2dRV1E?oc=5,China Merchants Bank,Foster + Partners reveals photos of China Merchants Bank Headquarters - Dezeen. Foster + Partners reveals photos of China Merchants Bank Headquarters Dezeen,neutral,0.008772116,en,bootstrap,mixed_real_news_v6
2025-07-03,2025-07-03T07:00:00+00:00,600036.SH,"""China Merchants Bank"" - Google 新闻","China Merchants Bank: Genehmigung zur Gründung der China Merchants Financial Asset Investment Co., Ltd. erteilt. Das Registerkapital beträgt 15 Milliarden Yuan. - eu.36kr.com","<a href=""https://news.google.com/rss/articles/CBMiYEFVX3lxTFBqZmFROGlXUE5NZmtzbUZyLVhaYmlxY2Rqc1oyYXIybkRzS3phd1JGYTBMZ3NkZ0V4V1lHYUpVMHB4NkRrdWx2VUxZTW9vZS1RdzVTYnhobGxQM2tqSVZTaA?oc=5"" target=""_blank"">China Merchants Bank: Genehmigung zur Gründung der China Merchants Financial Asset Investment Co., Ltd. erteilt. Das Registerkapital beträgt 15 Milliarden Yuan.</a>&nbsp;&nbsp;<font color=""#6f6f6f"">eu.36kr.com</font>",https://news.google.com/rss/articles/CBMiYEFVX3lxTFBqZmFROGlXUE5NZmtzbUZyLVhaYmlxY2Rqc1oyYXIybkRzS3phd1JGYTBMZ3NkZ0V4V1lHYUpVMHB4NkRrdWx2VUxZTW9vZS1RdzVTYnhobGxQM2tqSVZTaA?oc=5,China Merchants Bank,"China Merchants Bank: Genehmigung zur Gründung der China Merchants Financial Asset Investment Co., Ltd. erteilt. Das Registerkapital beträgt 15 Milliarden Yuan. - eu.36kr.com. China Merchants Bank: Genehmigung zur Gründung der China Merchants Financial Asset Investment Co., Ltd. erteilt. Das Registerkapital beträgt 15 Milliarden Yuan. eu.36kr.com",neutral,0.012545016,en,bootstrap,mixed_real_news_v6
2025-07-05,2025-07-05T04:52:52+00:00,600036.SH,"""600036"" - Google 新闻",招商银行(600036)股票预测和分析师评级 - Moomoo,"<a href=""https://news.google.com/rss/articles/CBMiYkFVX3lxTE5NV2k2MzJ0Yl9rSHRRSnNfbnNrNmRGUllFNTFpM2wtdDZRbEZZVHJJZXlSd2FQMFhtd3VqeV9Ec3RGa2d4UENQQzhSSDY0ZHctaV9FdkFEUHFvRnhhdEhhbGVB?oc=5"" target=""_blank"">招商银行(600036)股票预测和分析师评级</a>&nbsp;&nbsp;<font color=""#6f6f6f"">Moomoo</font>",https://news.google.com/rss/articles/CBMiYkFVX3lxTE5NV2k2MzJ0Yl9rSHRRSnNfbnNrNmRGUllFNTFpM2wtdDZRbEZZVHJJZXlSd2FQMFhtd3VqeV9Ec3RGa2d4UENQQzhSSDY0ZHctaV9FdkFEUHFvRnhhdEhhbGVB?oc=5,600036,招商银行(600036)股票预测和分析师评级 - Moomoo. 招商银行(600036)股票预测和分析师评级 Moomoo,neutral,0.013417592,zh,bootstrap,mixed_real_news_v6
2025-07-08,2025-07-08T07:00:00+00:00,600036.SH,"""China Merchants Bank"" - Google News",China Merchants Bank wins Achievement in Liquidity Risk Management in Asia Pacific for its data-driven governance model and robust liquidity safeguards - The Asian Banker,"<a href=""https://news.google.com/rss/articles/CBMijwJBVV95cUxPUVNkcXdMOEdlMnA1Tmo0LXFQLXpDeEZKOUd4ODBYZDRUN05TZHpmZDQ0UnRCQXJ3LW5iZmJ0RDNvb1JqTE1ScVBuUFZQTVJYQTMyd01sSEhNeHN5QUxMUEVrbUkwRnB3VXZud1M3MldqLWMtbjhIZGhpZU1qbFJhTFJzZDd1ckZCeFFzSk1fSDhDTm9FUkxvUVFxc1dfbm0xR1NlNmlyX0lMdk1NQktyczBCSldTRHRuNmlMZGRUUmdRMWFNYnNnVFE4a1F3NXNHSXFZUWxZakpuRFhmenpsMUtTQWYwVDV5Tzd0RmpkS3psU2ptaEhNWXdINlM5RFE2WU1MaWgwWTk0blZKVWZV?oc=5"" target=""_blank"">China Merchants Bank wins Achievement in Liquidity Risk Management in Asia Pacific for its data-driven governance model and robust liquidity safeguards</a>&nbsp;&nbsp;<font color=""#6f6f6f"">The Asian Banker</font>",https://news.google.com/rss/articles/CBMijwJBVV95cUxPUVNkcXdMOEdlMnA1Tmo0LXFQLXpDeEZKOUd4ODBYZDRUN05TZHpmZDQ0UnRCQXJ3LW5iZmJ0RDNvb1JqTE1ScVBuUFZQTVJYQTMyd01sSEhNeHN5QUxMUEVrbUkwRnB3VXZud1M3MldqLWMtbjhIZGhpZU1qbFJhTFJzZDd1ckZCeFFzSk1fSDhDTm9FUkxvUVFxc1dfbm0xR1NlNmlyX0lMdk1NQktyczBCSldTRHRuNmlMZGRUUmdRMWFNYnNnVFE4a1F3NXNHSXFZUWxZakpuRFhmenpsMUtTQWYwVDV5Tzd0RmpkS3psU2ptaEhNWXdINlM5RFE2WU1MaWgwWTk0blZKVWZV?oc=5,China Merchants Bank,China Merchants Bank wins Achievement in Liquidity Risk Management in Asia Pacific for its data-driven governance model and robust liquidity safeguards - The Asian Banker. China Merchants Bank wins Achievement in Liquidity Risk Management in Asia Pacific for its data-driven governance model and robust liquidity safeguards The Asian Banker,positive,0.9219543,en,bootstrap,mixed_real_news_v6
2025-07-09,2025-07-09T07:00:00+00:00,600036.SH,"""China Merchants Bank"" - Google News",China Merchants Bank wins Best Big Data and Analytics Initiative in Asia Pacific for comprehensive and data-driven risk management approach - The Asian Banker,"<a href=""https://news.google.com/rss/articles/CBMi_wFBVV95cUxNTlpweUxVT3FXZnA1b1FKanpRWDN3VFFVUnkySG1ldk5Nb2tod3hfb3pOYXZmeXpiUnZ6THJCMDFVN0hRWXJGVUVNQXZRYVdUWE9td2N2WkctVW1KQkhKU2JtZWtKSU5BRGZhMjMzQnlnLU5qc3EyS3BlaThISFp4dFhnSGpHUk90YTVjOEgwX2tmU0pybE1MTTdqaFNzUENGV3FJcXFVVURJM252QTVNVktFZkg5YWdnQklEUmNIOUU5YlNoUjVPSUNsZ0tHM1lRcm9ZRHhSOHc3aG5FNEJIQXh2ZDRtZTJlbEQ4WTFKV3FOcmpVNF9QNkVBQnV6clk?oc=5"" target=""_blank"">China Merchants Bank wins Best Big Data and Analytics Initiative in Asia Pacific for comprehensive and data-driven risk management approach</a>&nbsp;&nbsp;<font color=""#6f6f6f"">The Asian Banker</font>",https://news.google.com/rss/articles/CBMi_wFBVV95cUxNTlpweUxVT3FXZnA1b1FKanpRWDN3VFFVUnkySG1ldk5Nb2tod3hfb3pOYXZmeXpiUnZ6THJCMDFVN0hRWXJGVUVNQXZRYVdUWE9td2N2WkctVW1KQkhKU2JtZWtKSU5BRGZhMjMzQnlnLU5qc3EyS3BlaThISFp4dFhnSGpHUk90YTVjOEgwX2tmU0pybE1MTTdqaFNzUENGV3FJcXFVVURJM252QTVNVktFZkg5YWdnQklEUmNIOUU5YlNoUjVPSUNsZ0tHM1lRcm9ZRHhSOHc3aG5FNEJIQXh2ZDRtZTJlbEQ4WTFKV3FOcmpVNF9QNkVBQnV6clk?oc=5,China Merchants Bank,China Merchants Bank wins Best Big Data and Analytics Initiative in Asia Pacific for comprehensive and data-driven risk management approach - The Asian Banker. China Merchants Bank wins Best Big Data and Analytics Initiative in Asia Pacific for comprehensive and data-driven risk management approach The Asian Banker,positive,0.8909977,en,bootstrap,mixed_real_news_v6
2025-07-09,2025-07-09T07:00:00+00:00,600036.SH,"""China Merchants Bank"" - Google News",China Merchants Bank recognised as Best Joint Stock Retail Bank in China and Best Retail Bank in China from strong financial performance and digital innovation - The Asian Banker,"<a href=""https://news.google.com/rss/articles/CBMijgJBVV95cUxQMWxKdWVtb09adnRnZzVtYTRzcXRZYnY2NElxb2VfS0tmX0J0MUtoLVduckM5VGRtLWQ5TzJjQkZMZEVINWtuamZJVV9hOGpXZ3Z3ZEcyR1ZsNFJ0VF9MMWMzRlVOVmtiSjQteFk4QnFmakt5WGFsQVBYOFFVTEtHM09fMmpKaGt2WmVfT2VOX0pFWFAzeWlnQzktbU5hQzJqZXJrSzZrSEo3a2FJbnFWd1FnVm5rZmNITHNfWUVXNG05WFQwNU9pWk8wR1dTSlMxY0Jqc2ZnMGI5aWRDbEwyV0NaTXprSkkySWNYVThCTnFRYk0waHh3c1dUelhHb21qUElaeFNRQnJjM01pd2c?oc=5"" target=""_blank"">China Merchants Bank recognised as Best Joint Stock Retail Bank in China and Best Retail Bank in China from strong financial performance and digital innovation</a>&nbsp;&nbsp;<font color=""#6f6f6f"">The Asian Banker</font>",https://news.google.com/rss/articles/CBMijgJBVV95cUxQMWxKdWVtb09adnRnZzVtYTRzcXRZYnY2NElxb2VfS0tmX0J0MUtoLVduckM5VGRtLWQ5TzJjQkZMZEVINWtuamZJVV9hOGpXZ3Z3ZEcyR1ZsNFJ0VF9MMWMzRlVOVmtiSjQteFk4QnFmakt5WGFsQVBYOFFVTEtHM09fMmpKaGt2WmVfT2VOX0pFWFAzeWlnQzktbU5hQzJqZXJrSzZrSEo3a2FJbnFWd1FnVm5rZmNITHNfWUVXNG05WFQwNU9pWk8wR1dTSlMxY0Jqc2ZnMGI5aWRDbEwyV0NaTXprSkkySWNYVThCTnFRYk0waHh3c1dUelhHb21qUElaeFNRQnJjM01pd2c?oc=5,China Merchants Bank,China Merchants Bank recognised as Best Joint Stock Retail Bank in China and Best Retail Bank in China from strong financial performance and digital innovation - The Asian Banker. China Merchants Bank recognised as Best Joint Stock Retail Bank in China and Best Retail Bank in China from strong financial performance and digital innovation The Asian Banker,positive,0.8771494,en,bootstrap,mixed_real_news_v6
2025-07-09,2025-07-09T07:00:00+00:00,600036.SH,"""China Merchants Bank"" - Google News",China Merchants Bank recognised as Best Wealth Management Bank in China for pioneering digital transformation and comprehensive wealth management solutions - The Asian Banker,"<a href=""https://news.google.com/rss/articles/CBMiiAJBVV95cUxOYWlfeGhLQkNZTHpENmlndXJsa1l0eklXWjR3eEhwUXNVVlgtOUxXbzJPOU1nc21QbzVsR2w2bURfdUgxVGQ0TzRBSHVLNTMwRlFEVlZsMF81VWxfcE9kZ1BsLWdMY2pLLWxxWHZqNUp0RWdvb09WZzRZaUFwUkFncTliaG1yX2VCaF9DalQ1TFZOUjUtZUw0V3ZaYlZ1eWJ4bHhKTFVxalBOOVpjYU5henBac3FyWlZnbWtFWjFWOTdzY3V1b2lTRjlJYl93b3RvMnJXTlNMWUJiVmdEVVFuVFhQZkFqYUppYXNGZ2d4aG5sQllUb19mUHR6VFotM3Njbktta2RYUUI?oc=5"" target=""_blank"">China Merchants Bank recognised as Best Wealth Management Bank in China for pioneering digital transformation and comprehensive wealth management solutions</a>&nbsp;&nbsp;<font color=""#6f6f6f"">The Asian Banker</font>",https://news.google.com/rss/articles/CBMiiAJBVV95cUxOYWlfeGhLQkNZTHpENmlndXJsa1l0eklXWjR3eEhwUXNVVlgtOUxXbzJPOU1nc21QbzVsR2w2bURfdUgxVGQ0TzRBSHVLNTMwRlFEVlZsMF81VWxfcE9kZ1BsLWdMY2pLLWxxWHZqNUp0RWdvb09WZzRZaUFwUkFncTliaG1yX2VCaF9DalQ1TFZOUjUtZUw0V3ZaYlZ1eWJ4bHhKTFVxalBOOVpjYU5henBac3FyWlZnbWtFWjFWOTdzY3V1b2lTRjlJYl93b3RvMnJXTlNMWUJiVmdEVVFuVFhQZkFqYUppYXNGZ2d4aG5sQllUb19mUHR6VFotM3Njbktta2RYUUI?oc=5,China Merchants Bank,China Merchants Bank recognised as Best Wealth Management Bank in China for pioneering digital transformation and comprehensive wealth management solutions - The Asian Banker. China Merchants Bank recognised as Best Wealth Management Bank in China for pioneering digital transformation and comprehensive wealth management solutions The Asian Banker,positive,0.8206533,en,bootstrap,mixed_real_news_v6
2025-07-14,2025-07-14T07:00:00+00:00,600036.SH,"""招商银行"" - Google 新闻",五心映红棉 奋进新征程 招商银行广州分行党建品牌宣传片上线 - 新华网,"<a href=""https://news.google.com/rss/articles/CBMifkFVX3lxTE5BMDAwR2ZmYVlRckxQODN1Mk5qX2pPZTlZcVItZWl2VkpMRHd2UHQzZ1ZKLVJOSlhjSnRqbDNrWGhuajJ4VHctX19hR2xQLXV1Vzd2VFJmbUpxUDhrZTE0Y3VMWHc0THJmejRhbWxWY2JZVjBtWjlsQ1JMRU9KQQ?oc=5"" target=""_blank"">五心映红棉 奋进新征程 招商银行广州分行党建品牌宣传片上线</a>&nbsp;&nbsp;<font color=""#6f6f6f"">新华网</font>",https://news.google.com/rss/articles/CBMifkFVX3lxTE5BMDAwR2ZmYVlRckxQODN1Mk5qX2pPZTlZcVItZWl2VkpMRHd2UHQzZ1ZKLVJOSlhjSnRqbDNrWGhuajJ4VHctX19hR2xQLXV1Vzd2VFJmbUpxUDhrZTE0Y3VMWHc0THJmejRhbWxWY2JZVjBtWjlsQ1JMRU9KQQ?oc=5,招商银行,五心映红棉 奋进新征程 招商银行广州分行党建品牌宣传片上线 - 新华网. 五心映红棉 奋进新征程 招商银行广州分行党建品牌宣传片上线 新华网,neutral,0.022273477,zh,bootstrap,mixed_real_news_v6
2025-07-15,2025-07-15T07:00:00+00:00,600036.SH,"""China Merchants Bank"" - Google News",China Merchants Bank’s brokerage arm gets virtual asset licence in Hong Kong - South China Morning Post,"<a href=""https://news.google.com/rss/articles/CBMiyAFBVV95cUxNeDN0MWY3SVZRVlZfNV9uT1BiRlJsbmdidkpBcEFjUkRSem4xVjk4NmpvMTUxNFRYcTZsdUZSdVVXMTliOE5mcUYwaGpjdUZtOXJmRHBTQ09Eel81Y0swTmh2ZU5OOVJSdzdJQnIxcF82U2d2SnVIRmlwZldZRzRNSk93ano3RjlxcE5HUzhvZUl5V2h4UFlLalM2Qi1JSlNXOGRsX0YtX3ZPekkwdzlZR084cWZxcjhwMVg2Y3IzUVduVUJCaTNRWdIByAFBVV95cUxPOTBralEzZDNWdXVoN1VtQVdrcGdqYnBYMVZkM3Y3QmdLenV1VzBBSENHbmRkM0xqbW9FaHZyRFVHN24xM1VBRWFhdEZqNGhxNlRIdzlIVmJwRHU4di00M1M3Q3VncUN5VENaa3R6bjBBd1BWOXg3eTlVUnMtUG50eVJIaXU2SEQ4UVE1cHgtNGZNQWJQejJWSS05aTJQWFA0Z0hGMlBGYVhUcEtvZVhuTGZRZmdieERaUTEwZEdYSDJIcHpLMy12Nw?oc=5"" target=""_blank"">China Merchants Bank’s brokerage arm gets virtual asset licence in Hong Kong</a>&nbsp;&nbsp;<font color=""#6f6f6f"">South China Morning Post</font>",https://news.google.com/rss/articles/CBMiyAFBVV95cUxNeDN0MWY3SVZRVlZfNV9uT1BiRlJsbmdidkpBcEFjUkRSem4xVjk4NmpvMTUxNFRYcTZsdUZSdVVXMTliOE5mcUYwaGpjdUZtOXJmRHBTQ09Eel81Y0swTmh2ZU5OOVJSdzdJQnIxcF82U2d2SnVIRmlwZldZRzRNSk93ano3RjlxcE5HUzhvZUl5V2h4UFlLalM2Qi1JSlNXOGRsX0YtX3ZPekkwdzlZR084cWZxcjhwMVg2Y3IzUVduVUJCaTNRWdIByAFBVV95cUxPOTBralEzZDNWdXVoN1VtQVdrcGdqYnBYMVZkM3Y3QmdLenV1VzBBSENHbmRkM0xqbW9FaHZyRFVHN24xM1VBRWFhdEZqNGhxNlRIdzlIVmJwRHU4di00M1M3Q3VncUN5VENaa3R6bjBBd1BWOXg3eTlVUnMtUG50eVJIaXU2SEQ4UVE1cHgtNGZNQWJQejJWSS05aTJQWFA0Z0hGMlBGYVhUcEtvZVhuTGZRZmdieERaUTEwZEdYSDJIcHpLMy12Nw?oc=5,China Merchants Bank,China Merchants Bank’s brokerage arm gets virtual asset licence in Hong Kong - South China Morning Post. China Merchants Bank’s brokerage arm gets virtual asset licence in Hong Kong South China Morning Post,neutral,0.10316696,en,bootstrap,mixed_real_news_v6
2025-07-16,2025-07-16T07:00:00+00:00,600036.SH,"""China Merchants Bank"" - Google News",China Merchants Bank’s Brokerage Arm Secures Hong Kong Virtual Assets License: Report - CoinDesk,"<a href=""https://news.google.com/rss/articles/CBMixAFBVV95cUxQMGg4YVl0MG1Mc1RrUnV2aDA3bUdabkdyQTB3ak1kbHJCT3huODAtVmQxOWVxNmNUZW1naDJPWnNvNmY3cDJMNU5rMV9qQjRxNUN3aUJaQ3VXYjZCckhPc25SaWMySmY1UVdBSzloazlMVWhsM0JVaVJBb1B4Y3A5Tk1uZHVHVFFVZXplN2J2WDU3UWhYY1JiczNjb1JiMFhYNkRJVUhGRzVTWUhHcDRXLUJRaWRkVWI3Yk52a003NVJtRENn?oc=5"" target=""_blank"">China Merchants Bank’s Brokerage Arm Secures Hong Kong Virtual Assets License: Report</a>&nbsp;&nbsp;<font color=""#6f6f6f"">CoinDesk</font>",https://news.google.com/rss/articles/CBMixAFBVV95cUxQMGg4YVl0MG1Mc1RrUnV2aDA3bUdabkdyQTB3ak1kbHJCT3huODAtVmQxOWVxNmNUZW1naDJPWnNvNmY3cDJMNU5rMV9qQjRxNUN3aUJaQ3VXYjZCckhPc25SaWMySmY1UVdBSzloazlMVWhsM0JVaVJBb1B4Y3A5Tk1uZHVHVFFVZXplN2J2WDU3UWhYY1JiczNjb1JiMFhYNkRJVUhGRzVTWUhHcDRXLUJRaWRkVWI3Yk52a003NVJtRENn?oc=5,China Merchants Bank,China Merchants Bank’s Brokerage Arm Secures Hong Kong Virtual Assets License: Report - CoinDesk. China Merchants Bank’s Brokerage Arm Secures Hong Kong Virtual Assets License: Report CoinDesk,neutral,0.031003295,en,bootstrap,mixed_real_news_v6
2025-07-17,2025-07-17T07:00:00+00:00,600036.SH,"""China Merchants Bank"" - Google News",China Merchants Bank Arm Wins Crypto Licence in Hong Kong - Bitcoin News,"<a href=""https://news.google.com/rss/articles/CBMiiwFBVV95cUxONE1KSWNfcVhMZzdVWmJLODctOWxrWHlWT0ViSFNJelYyWktWTUNVN2xWM1MzeV9DWlFQSVktenlsdlFkcDdmeEFsamhnanJ4dVpPQm4xbEJyMHVNVG54bUpqTFo1VnFYVUNTb1Radl85MzFNczJKY1N2bC1WeXluQjhZaC1rb3pXZXlJ?oc=5"" target=""_blank"">China Merchants Bank Arm Wins Crypto Licence in Hong Kong</a>&nbsp;&nbsp;<font color=""#6f6f6f"">Bitcoin News</font>",https://news.google.com/rss/articles/CBMiiwFBVV95cUxONE1KSWNfcVhMZzdVWmJLODctOWxrWHlWT0ViSFNJelYyWktWTUNVN2xWM1MzeV9DWlFQSVktenlsdlFkcDdmeEFsamhnanJ4dVpPQm4xbEJyMHVNVG54bUpqTFo1VnFYVUNTb1Radl85MzFNczJKY1N2bC1WeXluQjhZaC1rb3pXZXlJ?oc=5,China Merchants Bank,China Merchants Bank Arm Wins Crypto Licence in Hong Kong - Bitcoin News. China Merchants Bank Arm Wins Crypto Licence in Hong Kong Bitcoin News,neutral,0.19165532,en,bootstrap,mixed_real_news_v6
2025-07-18,2025-07-18T07:00:00+00:00,600036.SH,"""China Merchants Bank"" - Google News",Asia’s best bank for consumers 2025: China Merchants Bank - Euromoney,"<a href=""https://news.google.com/rss/articles/CBMi3gFBVV95cUxQdGNvMEZ0cGZrVmQ5T0ZCTU14ZHNtM3VvZFBoT3RVc0g3bElhRXhSc290SXdqQlY2dUZyS3I3MHp6YmEtNnFfV19BYVM1QnZyek83SERmN1NSRTZwcHFtNHdENDRJRm0zdGl4aDg5QUgzcXRRc25lUUxBeXVSYkJGQ05KNGVVaEplZEJsa2FJLWhHY3M2TEZ2VXEwejdleUY0b1ZGc2s5aWdtQnRPMU9QS1g1T2dZOWZDNk1BenU2ME1XN2poOGR0bXR5MGRWb2gtQTZuOU05ampmdU5wbGc?oc=5"" target=""_blank"">Asia’s best bank for consumers 2025: China Merchants Bank</a>&nbsp;&nbsp;<font color=""#6f6f6f"">Euromoney</font>",https://news.google.com/rss/articles/CBMi3gFBVV95cUxQdGNvMEZ0cGZrVmQ5T0ZCTU14ZHNtM3VvZFBoT3RVc0g3bElhRXhSc290SXdqQlY2dUZyS3I3MHp6YmEtNnFfV19BYVM1QnZyek83SERmN1NSRTZwcHFtNHdENDRJRm0zdGl4aDg5QUgzcXRRc25lUUxBeXVSYkJGQ05KNGVVaEplZEJsa2FJLWhHY3M2TEZ2VXEwejdleUY0b1ZGc2s5aWdtQnRPMU9QS1g1T2dZOWZDNk1BenU2ME1XN2poOGR0bXR5MGRWb2gtQTZuOU05ampmdU5wbGc?oc=5,China Merchants Bank,Asia’s best bank for consumers 2025: China Merchants Bank - Euromoney. Asia’s best bank for consumers 2025: China Merchants Bank Euromoney,neutral,0.084336385,en,bootstrap,mixed_real_news_v6
2025-07-22,2025-07-22T07:00:00+00:00,600036.SH,"""600036"" - Google 新闻",股票行情快报：招商银行（600036）7月22日主力资金净买入2.53亿元_主力研究 - 证券之星,"<a href=""https://news.google.com/rss/articles/CBMiYEFVX3lxTE9Gb1p5b2FPXzJYb2RvOWp1YkUtWU5GcmZTeS1TVDBzSl9odkQ2VFVEcmRuSmVVU19SQ0t5WlNDckFxc2wyQUdCWFY2X3dJdjJFWmU5TDY0MG1sU0tyZV9sTg?oc=5"" target=""_blank"">股票行情快报：招商银行（600036）7月22日主力资金净买入2.53亿元_主力研究</a>&nbsp;&nbsp;<font color=""#6f6f6f"">证券之星</font>",https://news.google.com/rss/articles/CBMiYEFVX3lxTE9Gb1p5b2FPXzJYb2RvOWp1YkUtWU5GcmZTeS1TVDBzSl9odkQ2VFVEcmRuSmVVU19SQ0t5WlNDckFxc2wyQUdCWFY2X3dJdjJFWmU5TDY0MG1sU0tyZV9sTg?oc=5,600036,股票行情快报：招商银行（600036）7月22日主力资金净买入2.53亿元_主力研究 - 证券之星. 股票行情快报：招商银行（600036）7月22日主力资金净买入2.53亿元_主力研究 证券之星,neutral,0.1397109,zh,bootstrap,mixed_real_news_v6
2025-07-29,2025-07-29T07:00:00+00:00,600036.SH,"""China Merchants Bank"" - Google News","China Merchants Bank (CIHKY): Company Profile, Stock Price, News, Rankings - Fortune","<a href=""https://news.google.com/rss/articles/CBMiXkFVX3lxTE5WN3pKY1ZCTHBMSmdib3h3UkhhdFgtWll6QjBnZHJ0bmZsUTM3YzIzRktJSkEtWlFpdUE4a2hKYUlKRHRSWUNVSFFVdG5Ic1JRMmZ2ODdSWG5PWkk1dlE?oc=5"" target=""_blank"">China Merchants Bank (CIHKY): Company Profile, Stock Price, News, Rankings</a>&nbsp;&nbsp;<font color=""#6f6f6f"">Fortune</font>",https://news.google.com/rss/articles/CBMiXkFVX3lxTE5WN3pKY1ZCTHBMSmdib3h3UkhhdFgtWll6QjBnZHJ0bmZsUTM3YzIzRktJSkEtWlFpdUE4a2hKYUlKRHRSWUNVSFFVdG5Ic1JRMmZ2ODdSWG5PWkk1dlE?oc=5,China Merchants Bank,"China Merchants Bank (CIHKY): Company Profile, Stock Price, News, Rankings - Fortune. China Merchants Bank (CIHKY): Company Profile, Stock Price, News, Rankings Fortune",neutral,0.028654642,en,bootstrap,mixed_real_news_v6
2025-08-17,2025-08-17T07:00:00+00:00,600036.SH,"""China Merchants Bank"" - Google News",China Merchants Bank unit ventures into crypto through Hong Kong gateway - Bitget,"<a href=""https://news.google.com/rss/articles/CBMiXkFVX3lxTE5CSjUxOXNHbGhwQXZHSVNDbnFRdTZvTmVXc21UTVZkdTZiOUZ1N0JfSkVfM0xMcEQ0YndHc2dBazU1V1dtOFRqMnFIdmhEVzZuZzJ5NnNzcUphVEFyYVHSAWNBVV95cUxPRDZKQV82N19fTG94Q2VlVmNfNllGS1RGTFo1YWRFVDk1b2FHcXhFSWEwNTBxSmd5MVc2Z3g4bDU3cHJ4bTVOV2hLYS1aMnY1ejVKMU1lZWdUcjN2M3RzbTF1MUU?oc=5"" target=""_blank"">China Merchants Bank unit ventures into crypto through Hong Kong gateway</a>&nbsp;&nbsp;<font color=""#6f6f6f"">Bitget</font>",https://news.google.com/rss/articles/CBMiXkFVX3lxTE5CSjUxOXNHbGhwQXZHSVNDbnFRdTZvTmVXc21UTVZkdTZiOUZ1N0JfSkVfM0xMcEQ0YndHc2dBazU1V1dtOFRqMnFIdmhEVzZuZzJ5NnNzcUphVEFyYVHSAWNBVV95cUxPRDZKQV82N19fTG94Q2VlVmNfNllGS1RGTFo1YWRFVDk1b2FHcXhFSWEwNTBxSmd5MVc2Z3g4bDU3cHJ4bTVOV2hLYS1aMnY1ejVKMU1lZWdUcjN2M3RzbTF1MUU?oc=5,China Merchants Bank,China Merchants Bank unit ventures into crypto through Hong Kong gateway - Bitget. China Merchants Bank unit ventures into crypto through Hong Kong gateway Bitget,neutral,0.022626463,en,bootstrap,mixed_real_news_v6
2025-08-18,2025-08-18T07:00:00+00:00,600036.SH,"""China Merchants Bank"" - Google News",China Merchants Bank subsidiary launches crypto exchange in Hong Kong - TradingView,"<a href=""https://news.google.com/rss/articles/CBMizgFBVV95cUxOWW5Xb1ZaWml3cEpwMWJISUVYX3dIRkdBd2luUUl5LTRzR1JtOU9oRGJNblpfa1pFZVZzdDItRkdGZ3VGc2tjRERoQWhpaThFSlZBNGdsWjdxUGY5RFp3RWxVRmg1VWEwVFdCdU91UW5ndHRZMHQxdTdLR3ppT0R6Q2NhMy16R2J5VEhaMUV6NGZybFpiTVFkNHZCU2FhblJBV0Y4S3NqODhzbGFTWXBRWm1xQzk2cXlqdXRlOWhKVmhCMWV6bHZoZEtlQ3lPZw?oc=5"" target=""_blank"">China Merchants Bank subsidiary launches crypto exchange in Hong Kong</a>&nbsp;&nbsp;<font color=""#6f6f6f"">TradingView</font>",https://news.google.com/rss/articles/CBMizgFBVV95cUxOWW5Xb1ZaWml3cEpwMWJISUVYX3dIRkdBd2luUUl5LTRzR1JtOU9oRGJNblpfa1pFZVZzdDItRkdGZ3VGc2tjRERoQWhpaThFSlZBNGdsWjdxUGY5RFp3RWxVRmg1VWEwVFdCdU91UW5ndHRZMHQxdTdLR3ppT0R6Q2NhMy16R2J5VEhaMUV6NGZybFpiTVFkNHZCU2FhblJBV0Y4S3NqODhzbGFTWXBRWm1xQzk2cXlqdXRlOWhKVmhCMWV6bHZoZEtlQ3lPZw?oc=5,China Merchants Bank,China Merchants Bank subsidiary launches crypto exchange in Hong Kong - TradingView. China Merchants Bank subsidiary launches crypto exchange in Hong Kong TradingView,neutral,0.015696287,en,bootstrap,mixed_real_news_v6
2025-09-01,2025-09-01T07:00:00+00:00,600036.SH,"""招商银行"" - Google 新闻",招商银行高管称零售信贷风险拐点未至，未来“仍会小幅上升”，息差承压但趋势可控|直击业绩会 - 财联社,"<a href=""https://news.google.com/rss/articles/CBMiSEFVX3lxTE5teERMMXdGTm5ISDNxZFFCWFBkeUpITV9WaVRyRVhWLXV6LXdwRm9EbEQyYlpqWlpCaGJVMW85ZF9PSlRzTzhvZg?oc=5"" target=""_blank"">招商银行高管称零售信贷风险拐点未至，未来“仍会小幅上升”，息差承压但趋势可控|直击业绩会</a>&nbsp;&nbsp;<font color=""#6f6f6f"">财联社</font>",https://news.google.com/rss/articles/CBMiSEFVX3lxTE5teERMMXdGTm5ISDNxZFFCWFBkeUpITV9WaVRyRVhWLXV6LXdwRm9EbEQyYlpqWlpCaGJVMW85ZF9PSlRzTzhvZg?oc=5,招商银行,招商银行高管称零售信贷风险拐点未至，未来“仍会小幅上升”，息差承压但趋势可控|直击业绩会 - 财联社. 招商银行高管称零售信贷风险拐点未至，未来“仍会小幅上升”，息差承压但趋势可控|直击业绩会 财联社,neutral,0.055342186,zh,bootstrap,mixed_real_news_v6
2025-09-03,2025-09-03T07:00:00+00:00,600036.SH,"""China Merchants Bank"" - Google News",Best bank for digital in the Greater Bay Area 2025: China Merchants Bank - Euromoney,"<a href=""https://news.google.com/rss/articles/CBMi9gFBVV95cUxQY0NYRjFXT2g4YnpMNEtSUG1iQnc5WElTN21qR2N6TE11UU9zaEJwMmpDRnlQVnh6UnZfUXJyam1nRGZnblNHQlY5TDdnVjR6N0lLTG8yRV90Wjc0NElQeGg2ZU9TZ1p6Z2pvRl9RcktzeEc4Zy0yMjdkWTJ2cFRoaXB1Y2MzbVJucFZfMjVMem5HS0ROSlJNZUFOQ1dqMGVKdjF1czNEalNOUDVaeGI1NHVydlRxQkRyUVBTWUVRYjNtNlZoa1RBUnI2ZlF6alloQ1JBamtCSkFVc0NoRnU5cGxWaVFZQ1NMOUF0alk0WDMtWU5vUHc?oc=5"" target=""_blank"">Best bank for digital in the Greater Bay Area 2025: China Merchants Bank</a>&nbsp;&nbsp;<font color=""#6f6f6f"">Euromoney</font>",https://news.google.com/rss/articles/CBMi9gFBVV95cUxQY0NYRjFXT2g4YnpMNEtSUG1iQnc5WElTN21qR2N6TE11UU9zaEJwMmpDRnlQVnh6UnZfUXJyam1nRGZnblNHQlY5TDdnVjR6N0lLTG8yRV90Wjc0NElQeGg2ZU9TZ1p6Z2pvRl9RcktzeEc4Zy0yMjdkWTJ2cFRoaXB1Y2MzbVJucFZfMjVMem5HS0ROSlJNZUFOQ1dqMGVKdjF1czNEalNOUDVaeGI1NHVydlRxQkRyUVBTWUVRYjNtNlZoa1RBUnI2ZlF6alloQ1JBamtCSkFVc0NoRnU5cGxWaVFZQ1NMOUF0alk0WDMtWU5vUHc?oc=5,China Merchants Bank,Best bank for digital in the Greater Bay Area 2025: China Merchants Bank - Euromoney. Best bank for digital in the Greater Bay Area 2025: China Merchants Bank Euromoney,neutral,0.2696789,en,bootstrap,mixed_real_news_v6
2025-09-08,2025-09-08T07:00:00+00:00,600036.SH,"""招商银行"" - Google 新闻",招商银行绿色金融助力经济高质量发展 - 人民日报,"<a href=""https://news.google.com/rss/articles/CBMigAFBVV95cUxNa212eTVTU2VBMzE0ZkhDX1FuODc2X1F5NHFKZUVHWUd3UnFvVmZXMzBmYzk0TEFreVdKQ0JTUTRhaUlVNUliX2JYaGtrUzdsNmdWZjJVMWpsa3dZcXdzX2p2MGhSX3VHVnZCWWVmSU8zTkhlaXR1a05Mb1J5VWwtZg?oc=5"" target=""_blank"">招商银行绿色金融助力经济高质量发展</a>&nbsp;&nbsp;<font color=""#6f6f6f"">人民日报</font>",https://news.google.com/rss/articles/CBMigAFBVV95cUxNa212eTVTU2VBMzE0ZkhDX1FuODc2X1F5NHFKZUVHWUd3UnFvVmZXMzBmYzk0TEFreVdKQ0JTUTRhaUlVNUliX2JYaGtrUzdsNmdWZjJVMWpsa3dZcXdzX2p2MGhSX3VHVnZCWWVmSU8zTkhlaXR1a05Mb1J5VWwtZg?oc=5,招商银行,招商银行绿色金融助力经济高质量发展 - 人民日报. 招商银行绿色金融助力经济高质量发展 人民日报,neutral,0.09301265,zh,bootstrap,mixed_real_news_v6
2025-09-19,2025-09-19T07:00:00+00:00,600036.SH,"""招商银行"" - Google 新闻",招商银行杭州分行深入开展“金融教育宣传周”活动 - 新华网浙江,"<a href=""https://news.google.com/rss/articles/CBMiggFBVV95cUxPUnRZT2pzQ21BUDlSWUpXSHQ1SkFmOGJhX054RmtTRTZmZ1gtbUpyaFZkZ2hoM2dMaGdHaDNueFBPZ09YSEFwVF9kYXdCbnkzZjBiSXAtYzdnLVhwQnliNUxvQS02UmtKOElHbUszenM1WHcxR2ViVFlCTmdtMlpvS3ZB?oc=5"" target=""_blank"">招商银行杭州分行深入开展“金融教育宣传周”活动</a>&nbsp;&nbsp;<font color=""#6f6f6f"">新华网浙江</font>",https://news.google.com/rss/articles/CBMiggFBVV95cUxPUnRZT2pzQ21BUDlSWUpXSHQ1SkFmOGJhX054RmtTRTZmZ1gtbUpyaFZkZ2hoM2dMaGdHaDNueFBPZ09YSEFwVF9kYXdCbnkzZjBiSXAtYzdnLVhwQnliNUxvQS02UmtKOElHbUszenM1WHcxR2ViVFlCTmdtMlpvS3ZB?oc=5,招商银行,招商银行杭州分行深入开展“金融教育宣传周”活动 - 新华网浙江. 招商银行杭州分行深入开展“金融教育宣传周”活动 新华网浙江,neutral,0.082537666,zh,bootstrap,mixed_real_news_v6
2025-09-27,2025-09-27T07:00:00+00:00,600036.SH,"""China Merchants Bank"" - Google News","China Merchants Bank Hangzhou Branch fined RMB 3 million for inadequate 'three checks' on working capital loans, among other issues. - Moomoo","<a href=""https://news.google.com/rss/articles/CBMipAFBVV95cUxPQUxCWjhPY2ZySTdkd3l4ZGEyNWJ1WHhFSmRwQy1WY2tMNk0xZHcyeVdINnVscnVmck1iVWlGNGVFWE1rVkxYbmVDSXpKNkZVR0NHVmFMLTVlakRHNVRsYzVlcWhzOHltNlVILUhWS0hubk9Lc05IM3dpM1FpZk1UY2VITXd3akxoai1TMXExdFJWeWZGenV0bzFQZHFveHFJWm1FTw?oc=5"" target=""_blank"">China Merchants Bank Hangzhou Branch fined RMB 3 million for inadequate 'three checks' on working capital loans, among other issues.</a>&nbsp;&nbsp;<font color=""#6f6f6f"">Moomoo</font>",https://news.google.com/rss/articles/CBMipAFBVV95cUxPQUxCWjhPY2ZySTdkd3l4ZGEyNWJ1WHhFSmRwQy1WY2tMNk0xZHcyeVdINnVscnVmck1iVWlGNGVFWE1rVkxYbmVDSXpKNkZVR0NHVmFMLTVlakRHNVRsYzVlcWhzOHltNlVILUhWS0hubk9Lc05IM3dpM1FpZk1UY2VITXd3akxoai1TMXExdFJWeWZGenV0bzFQZHFveHFJWm1FTw?oc=5,China Merchants Bank,"China Merchants Bank Hangzhou Branch fined RMB 3 million for inadequate 'three checks' on working capital loans, among other issues. - Moomoo. China Merchants Bank Hangzhou Branch fined RMB 3 million for inadequate 'three checks' on working capital loans, among other issues. Moomoo",negative,-0.9204601,en,bootstrap,mixed_real_news_v6
2025-10-09,2025-10-09T07:00:00+00:00,600036.SH,"""招商银行"" - Google 新闻",招商银行人事调整 北上深三大分行负责人确定 - 21财经,"<a href=""https://news.google.com/rss/articles/CBMijwFBVV95cUxOVTVuUDJZWjBBZlJRYUp5LTdybnJOVm9UZWpsRTM0Y2hGWW9fUDUxS1FrWlFnMTB0eUZ5cEpHaUlYZW15Si13S2lYd0taY0dBTFEtQmhHdWZWbWY5WU1GYkMteTcxU0VYSThoSGxWcTBDNXlPVkdxdHk4aVdOY1hUdlVwaDZZb1dSZmQ0c0dJSQ?oc=5"" target=""_blank"">招商银行人事调整 北上深三大分行负责人确定</a>&nbsp;&nbsp;<font color=""#6f6f6f"">21财经</font>",https://news.google.com/rss/articles/CBMijwFBVV95cUxOVTVuUDJZWjBBZlJRYUp5LTdybnJOVm9UZWpsRTM0Y2hGWW9fUDUxS1FrWlFnMTB0eUZ5cEpHaUlYZW15Si13S2lYd0taY0dBTFEtQmhHdWZWbWY5WU1GYkMteTcxU0VYSThoSGxWcTBDNXlPVkdxdHk4aVdOY1hUdlVwaDZZb1dSZmQ0c0dJSQ?oc=5,招商银行,招商银行人事调整 北上深三大分行负责人确定 - 21财经. 招商银行人事调整 北上深三大分行负责人确定 21财经,neutral,0.059849292,zh,bootstrap,mixed_real_news_v6
2025-10-15,2025-10-15T07:00:00+00:00,600036.SH,"""China Merchants Bank"" - Google News","BNB Holds Near $1,190 as China Merchants Bank Tokenizes Fund on BNB Chain - Yahoo Finance Singapore","<a href=""https://news.google.com/rss/articles/CBMieEFVX3lxTFBhcWZ1SnNzN04xelJNSS13VXdneHY0ZGM0U0RvZEl3ZHRua3o2a1JFeHo2T19VekttR3BCZWg1TDRkeW84LTVJZHVBWTFTRkc0UTBROGVzaEV0UXZUb1NCQWpzYlJ3Z05BSkNBWjFNUWh2R3VvamZBbQ?oc=5"" target=""_blank"">BNB Holds Near $1,190 as China Merchants Bank Tokenizes Fund on BNB Chain</a>&nbsp;&nbsp;<font color=""#6f6f6f"">Yahoo Finance Singapore</font>",https://news.google.com/rss/articles/CBMieEFVX3lxTFBhcWZ1SnNzN04xelJNSS13VXdneHY0ZGM0U0RvZEl3ZHRua3o2a1JFeHo2T19VekttR3BCZWg1TDRkeW84LTVJZHVBWTFTRkc0UTBROGVzaEV0UXZUb1NCQWpzYlJ3Z05BSkNBWjFNUWh2R3VvamZBbQ?oc=5,China Merchants Bank,"BNB Holds Near $1,190 as China Merchants Bank Tokenizes Fund on BNB Chain - Yahoo Finance Singapore. BNB Holds Near $1,190 as China Merchants Bank Tokenizes Fund on BNB Chain Yahoo Finance Singapore",neutral,0.045971505,en,bootstrap,mixed_real_news_v6
2025-11-21,2025-11-21T08:00:00+00:00,600036.SH,"""China Merchants Bank"" - Google News",The second joint-stock bank's AIC has been approved for operation. China Merchants Bank announced overnight that its initial registered capital of RMB 150 billion is the highest in the industry. - Moomoo,"<a href=""https://news.google.com/rss/articles/CBMimAFBVV95cUxNMXgtQ015bEhmdWppNnlvRWpVcXFJNHZPU3hHSDVQbnlMOGtZbXVJdjdmYmd3bkdXVndkcTBFNDB2Rkx5Q00wS2pZUHREcXNSb01adlU4S0t1Vmd4UEEwTmlrS0tNVTlXeDk0ZnFWQ29QNkJyY0xvc1BFZms4bEphNmhzR0NNdF9ud0NPZ0JGLUN2TTJqUDdSTA?oc=5"" target=""_blank"">The second joint-stock bank's AIC has been approved for operation. China Merchants Bank announced overnight that its initial registered capital of RMB 150 billion is the highest in the industry.</a>&nbsp;&nbsp;<font color=""#6f6f6f"">Moomoo</font>",https://news.google.com/rss/articles/CBMimAFBVV95cUxNMXgtQ015bEhmdWppNnlvRWpVcXFJNHZPU3hHSDVQbnlMOGtZbXVJdjdmYmd3bkdXVndkcTBFNDB2Rkx5Q00wS2pZUHREcXNSb01adlU4S0t1Vmd4UEEwTmlrS0tNVTlXeDk0ZnFWQ29QNkJyY0xvc1BFZms4bEphNmhzR0NNdF9ud0NPZ0JGLUN2TTJqUDdSTA?oc=5,China Merchants Bank,The second joint-stock bank's AIC has been approved for operation. China Merchants Bank announced overnight that its initial registered capital of RMB 150 billion is the highest in the industry. - Moomoo. The second joint-stock bank's AIC has been approved for operation. China Merchants Bank announced overnight that its initial registered capital of RMB 150 billion is the highest in the industry. Moomoo,positive,0.58145636,en,bootstrap,mixed_real_news_v6
2025-11-24,2025-11-24T08:00:00+00:00,600036.SH,"""China Merchants Bank"" - Google News","China Approves New Asset Investment Arms for CITIC Bank, China Merchants Bank - Caixin Global","<a href=""https://news.google.com/rss/articles/CBMiywFBVV95cUxONm0wN2MxU2c1cU80dTl5RGlDTFY0VGFWRmpxR21BUGJPaTNhZVc3YnlLU1pqX01FUmV2ODJGczI4V1ZUVlp1VHFkT2k1YllNSXZ3OXBtYy12TDcyRHZVeEo4RGJjWnZnbDVhRVA0NDBXN3pIQjRVZllsWXQtNFRqd1FCbzJ4LWtaT0Y2ZWx4VmNXcktJLU9OdDhlRGZWNTRqMVdaclF0NjBtaGJSM3hyOUROejFNdHZOTmdpSnRwZXMxdUxYamZnSm1kQQ?oc=5"" target=""_blank"">China Approves New Asset Investment Arms for CITIC Bank, China Merchants Bank</a>&nbsp;&nbsp;<font color=""#6f6f6f"">Caixin Global</font>",https://news.google.com/rss/articles/CBMiywFBVV95cUxONm0wN2MxU2c1cU80dTl5RGlDTFY0VGFWRmpxR21BUGJPaTNhZVc3YnlLU1pqX01FUmV2ODJGczI4V1ZUVlp1VHFkT2k1YllNSXZ3OXBtYy12TDcyRHZVeEo4RGJjWnZnbDVhRVA0NDBXN3pIQjRVZllsWXQtNFRqd1FCbzJ4LWtaT0Y2ZWx4VmNXcktJLU9OdDhlRGZWNTRqMVdaclF0NjBtaGJSM3hyOUROejFNdHZOTmdpSnRwZXMxdUxYamZnSm1kQQ?oc=5,China Merchants Bank,"China Approves New Asset Investment Arms for CITIC Bank, China Merchants Bank - Caixin Global. China Approves New Asset Investment Arms for CITIC Bank, China Merchants Bank Caixin Global",neutral,0.22253527,en,bootstrap,mixed_real_news_v6
2025-11-24,2025-11-24T08:00:00+00:00,600036.SH,"""招商银行"" - Google 新闻",AIC队伍再扩容 中信银行、招商银行同期获批在粤开业 - 财新,"<a href=""https://news.google.com/rss/articles/CBMiYkFVX3lxTFBxTDd2cXFVakdJbmhRcVJsbTFWMTV3RUtPeEhtREFoM2xobktKNWVobDItNE1xS2xTcC10N0hqOHNkdmRiYmcxZWptMmxfaGd1MXJIVUhvUXRxRFYzZV9qdnN3?oc=5"" target=""_blank"">AIC队伍再扩容 中信银行、招商银行同期获批在粤开业</a>&nbsp;&nbsp;<font color=""#6f6f6f"">财新</font>",https://news.google.com/rss/articles/CBMiYkFVX3lxTFBxTDd2cXFVakdJbmhRcVJsbTFWMTV3RUtPeEhtREFoM2xobktKNWVobDItNE1xS2xTcC10N0hqOHNkdmRiYmcxZWptMmxfaGd1MXJIVUhvUXRxRFYzZV9qdnN3?oc=5,招商银行,AIC队伍再扩容 中信银行、招商银行同期获批在粤开业 - 财新. AIC队伍再扩容 中信银行、招商银行同期获批在粤开业 财新,neutral,0.036980174,zh,bootstrap,mixed_real_news_v6
2025-12-04,2025-12-04T08:00:00+00:00,600036.SH,"""600036"" - Google 新闻",股票行情快报：招商银行（600036）12月4日主力资金净卖出8141.58万元_主力研究 - 证券之星,"<a href=""https://news.google.com/rss/articles/CBMiYkFVX3lxTFBYSlB2MWVUZDRETVNLcVFrTGNxWXhlUXNjV0FKVVdvZTFzUFpxU29fS0huMGVZREp0UTZJYWtxaUZCdmMzUGt1WVJrajlLZzV3aUJ0aklFbzRwZGgyT0hyTUhB?oc=5"" target=""_blank"">股票行情快报：招商银行（600036）12月4日主力资金净卖出8141.58万元_主力研究</a>&nbsp;&nbsp;<font color=""#6f6f6f"">证券之星</font>",https://news.google.com/rss/articles/CBMiYkFVX3lxTFBYSlB2MWVUZDRETVNLcVFrTGNxWXhlUXNjV0FKVVdvZTFzUFpxU29fS0huMGVZREp0UTZJYWtxaUZCdmMzUGt1WVJrajlLZzV3aUJ0aklFbzRwZGgyT0hyTUhB?oc=5,600036,股票行情快报：招商银行（600036）12月4日主力资金净卖出8141.58万元_主力研究 - 证券之星. 股票行情快报：招商银行（600036）12月4日主力资金净卖出8141.58万元_主力研究 证券之星,neutral,0.13443574,zh,bootstrap,mixed_real_news_v6
2025-12-20,2025-12-20T08:00:00+00:00,600036.SH,"""China Merchants Bank"" - Google News","China Merchants Bank: The reversal of yen carry trades may persist, putting long-term pressure on global asset liquidity - Bitget","<a href=""https://news.google.com/rss/articles/CBMiXkFVX3lxTE9JTXVocHFJUFZaUGNJS200cjRRSGZnbEdlQjlhV0cyc20wY0x1ekNIY2ZrdkpUSlR4dXl1NUJ6ZUdXX2MzUUZHMGZGb01tbVV1MWxyU2V5SS1mb2hTckHSAWNBVV95cUxNWWZmU0RweXR5c2JHeWh1RFZxb29RWUdWRUwxWmJYaFQ5Nm9GUFl2QnJZWUtKVmVFTEtBVlROWmFucWczeFJ2TUhaZTIyLXA0RVBvZFNKc213ekZNOHJ5cm5mUjQ?oc=5"" target=""_blank"">China Merchants Bank: The reversal of yen carry trades may persist, putting long-term pressure on global asset liquidity</a>&nbsp;&nbsp;<font color=""#6f6f6f"">Bitget</font>",https://news.google.com/rss/articles/CBMiXkFVX3lxTE9JTXVocHFJUFZaUGNJS200cjRRSGZnbEdlQjlhV0cyc20wY0x1ekNIY2ZrdkpUSlR4dXl1NUJ6ZUdXX2MzUUZHMGZGb01tbVV1MWxyU2V5SS1mb2hTckHSAWNBVV95cUxNWWZmU0RweXR5c2JHeWh1RFZxb29RWUdWRUwxWmJYaFQ5Nm9GUFl2QnJZWUtKVmVFTEtBVlROWmFucWczeFJ2TUhaZTIyLXA0RVBvZFNKc213ekZNOHJ5cm5mUjQ?oc=5,China Merchants Bank,"China Merchants Bank: The reversal of yen carry trades may persist, putting long-term pressure on global asset liquidity - Bitget. China Merchants Bank: The reversal of yen carry trades may persist, putting long-term pressure on global asset liquidity Bitget",negative,-0.89846224,en,bootstrap,mixed_real_news_v6
2025-12-28,2025-12-28T22:08:00+00:00,600036.SH,招商银行 - Bing新聞,金融电子化 | 招商银行与洞见科技、平安科技等五方隐私计算平台互联互通实践,数字化时代，数据成为重要的生产要素，也是银行数字化经营和风险控制的关键。但在现实生活中，数据产生于不同的场景，金融机构往往需要从众多机构实体中获取海量数据以支撑业务体系。 2021年国家出台《数据安全法》《个人信息保护法》等系列法案，填补数据保护领域的空白。人民银行也颁布《征信业务管理办法》，明确金融行业征信业务数据使用原则、信息采集、使用规范、监督管理等相关要求。数据直接在实体间转移、交换，违反 ...,http://www.bing.com/news/apiclick.aspx?ref=FexRss&aid=&tid=69fb16b8ebf44eb2bfbfea81a15c48c4&url=https%3a%2f%2fwww.36kr.com%2fp%2f1618640320211970&c=11270454051357808032&mkt=zh-tw,招商银行,金融电子化 | 招商银行与洞见科技、平安科技等五方隐私计算平台互联互通实践. 数字化时代，数据成为重要的生产要素，也是银行数字化经营和风险控制的关键。但在现实生活中，数据产生于不同的场景，金融机构往往需要从众多机构实体中获取海量数据以支撑业务体系。 2021年国家出台《数据安全法》《个人信息保护法》等系列法案，填补数据保护领域的空白。人民银行也颁布《征信业务管理办法》，明确金融行业征信业务数据使用原则、信息采集、使用规范、监督管理等相关要求。数据直接在实体间转移、交换，违反 ...,neutral,0.06935969,zh,bootstrap,mixed_real_news_v6
2025-12-30,2025-12-30T08:00:00+00:00,600036.SH,"""China Merchants Bank"" - Google News","China Merchants Bank Appoints Ma Xianghui, Wong Yuk Shan, and Lu Liping as Directors - webull.com.my","<a href=""https://news.google.com/rss/articles/CBMiZkFVX3lxTE9MUzF0dDhzaUk1Zlpmd0NrdWNQdkYzSmxOVG5MNHdrT2NnQXdlQ2VTSEFnMGNJaWphQzdIMWRrWEd0MEdvNmI5dm1WOTNBUTJTUDNHZWYwZnRLeldaaHNicDVPNWhyZw?oc=5"" target=""_blank"">China Merchants Bank Appoints Ma Xianghui, Wong Yuk Shan, and Lu Liping as Directors</a>&nbsp;&nbsp;<font color=""#6f6f6f"">webull.com.my</font>",https://news.google.com/rss/articles/CBMiZkFVX3lxTE9MUzF0dDhzaUk1Zlpmd0NrdWNQdkYzSmxOVG5MNHdrT2NnQXdlQ2VTSEFnMGNJaWphQzdIMWRrWEd0MEdvNmI5dm1WOTNBUTJTUDNHZWYwZnRLeldaaHNicDVPNWhyZw?oc=5,China Merchants Bank,"China Merchants Bank Appoints Ma Xianghui, Wong Yuk Shan, and Lu Liping as Directors - webull.com.my. China Merchants Bank Appoints Ma Xianghui, Wong Yuk Shan, and Lu Liping as Directors webull.com.my",neutral,-0.005635293,en,bootstrap,mixed_real_news_v6
2025-12-30,2025-12-30T08:00:00+00:00,600036.SH,"""招商银行"" - Google 新闻",招商银行：明年2月9日派发中期股息1.013元/股 - 东方财富,"<a href=""https://news.google.com/rss/articles/CBMiYEFVX3lxTE5IVTRTYXBKOFgtQmVnV0pWRklqX0d4YndIV3NhdC1IS3FIb2NBRldLVUlpZ01YMkJUUmY3ZzFGckl3d2JhZURHSFhZNkVhOFh3REg5SHRpb1ZVOHdWR0pVag?oc=5"" target=""_blank"">招商银行：明年2月9日派发中期股息1.013元/股</a>&nbsp;&nbsp;<font color=""#6f6f6f"">东方财富</font>",https://news.google.com/rss/articles/CBMiYEFVX3lxTE5IVTRTYXBKOFgtQmVnV0pWRklqX0d4YndIV3NhdC1IS3FIb2NBRldLVUlpZ01YMkJUUmY3ZzFGckl3d2JhZURHSFhZNkVhOFh3REg5SHRpb1ZVOHdWR0pVag?oc=5,招商银行,招商银行：明年2月9日派发中期股息1.013元/股 - 东方财富. 招商银行：明年2月9日派发中期股息1.013元/股 东方财富,neutral,0.020681024,zh,bootstrap,mixed_real_news_v6
2026-01-09,2026-01-09T08:00:00+00:00,600036.SH,"""招商银行"" - Google 新闻",招商银行：2025年半年度每股派发现金红利1.013元 - 东方财富,"<a href=""https://news.google.com/rss/articles/CBMiYEFVX3lxTE85cExTdEQ3X1o5VUxBUFB6THZwdXU0MnZHNlVlTHhFeG5fQ01uOWxWTHJ0Nl9lb2poZnFzcXpCd2ZZYkM1WVZOZGlMQ09zS2c1NWdPQ1Nibk5sXzMzRk9YMw?oc=5"" target=""_blank"">招商银行：2025年半年度每股派发现金红利1.013元</a>&nbsp;&nbsp;<font color=""#6f6f6f"">东方财富</font>",https://news.google.com/rss/articles/CBMiYEFVX3lxTE85cExTdEQ3X1o5VUxBUFB6THZwdXU0MnZHNlVlTHhFeG5fQ01uOWxWTHJ0Nl9lb2poZnFzcXpCd2ZZYkM1WVZOZGlMQ09zS2c1NWdPQ1Nibk5sXzMzRk9YMw?oc=5,招商银行,招商银行：2025年半年度每股派发现金红利1.013元 - 东方财富. 招商银行：2025年半年度每股派发现金红利1.013元 东方财富,neutral,0.040871374,zh,bootstrap,mixed_real_news_v6
2026-01-14,2026-01-14T08:00:00+00:00,600036.SH,"""招商银行"" - Google 新闻",招商银行中期分红使用方案2026年1月9日， 招商银行发布中期分红公告。中期红利派发的股权登记日为2026年1月15日，红利发放和除息日为20... - 雪球,"<a href=""https://news.google.com/rss/articles/CBMiUEFVX3lxTE04T0tLQXFzdXBCSTZkLXUxejJCWHFDZXlEdTNLdENVU1NrbGxqb3YwUk5Rd1EtaWZUdUhtcUt4OXgxaVhrRDJud0QtaG5lSkNB?oc=5"" target=""_blank"">招商银行中期分红使用方案2026年1月9日， 招商银行发布中期分红公告。中期红利派发的股权登记日为2026年1月15日，红利发放和除息日为20...</a>&nbsp;&nbsp;<font color=""#6f6f6f"">雪球</font>",https://news.google.com/rss/articles/CBMiUEFVX3lxTE04T0tLQXFzdXBCSTZkLXUxejJCWHFDZXlEdTNLdENVU1NrbGxqb3YwUk5Rd1EtaWZUdUhtcUt4OXgxaVhrRDJud0QtaG5lSkNB?oc=5,招商银行,招商银行中期分红使用方案2026年1月9日， 招商银行发布中期分红公告。中期红利派发的股权登记日为2026年1月15日，红利发放和除息日为20... - 雪球. 招商银行中期分红使用方案2026年1月9日， 招商银行发布中期分红公告。中期红利派发的股权登记日为2026年1月15日，红利发放和除息日为20... 雪球,neutral,0.03772279,zh,bootstrap,mixed_real_news_v6
2026-01-19,2026-01-19T08:00:00+00:00,600036.SH,"""China Merchants Bank"" - Google News","China Merchants Bank Financial Leasing Names 16,000 TEU LNG Dual-Fuel Container Vessel, Chartered by MSC - imarinenews.com","<a href=""https://news.google.com/rss/articles/CBMiT0FVX3lxTE1WR3p5MVVHeV9HeUhKTGhrbTAzNXZSMkQ2ZlVsTUVySERfNUx2TlRtYjZmYlVieFB5aUlJaFBJeU5LVjJ1MUVZOUVKZ2xGSzQ?oc=5"" target=""_blank"">China Merchants Bank Financial Leasing Names 16,000 TEU LNG Dual-Fuel Container Vessel, Chartered by MSC</a>&nbsp;&nbsp;<font color=""#6f6f6f"">imarinenews.com</font>",https://news.google.com/rss/articles/CBMiT0FVX3lxTE1WR3p5MVVHeV9HeUhKTGhrbTAzNXZSMkQ2ZlVsTUVySERfNUx2TlRtYjZmYlVieFB5aUlJaFBJeU5LVjJ1MUVZOUVKZ2xGSzQ?oc=5,China Merchants Bank,"China Merchants Bank Financial Leasing Names 16,000 TEU LNG Dual-Fuel Container Vessel, Chartered by MSC - imarinenews.com. China Merchants Bank Financial Leasing Names 16,000 TEU LNG Dual-Fuel Container Vessel, Chartered by MSC imarinenews.com",neutral,0.011246806,en,bootstrap,mixed_real_news_v6
2026-01-19,2026-01-19T08:00:00+00:00,600036.SH,"""招商银行"" - Google 新闻",招商银行信用卡中心“换帅” 总行财富平台部总经理厉明东已到岗 - 东方财富,"<a href=""https://news.google.com/rss/articles/CBMiYEFVX3lxTFAtOEFqR08yV1ZTSnIyOUk4N2hRb01nXzE0RmFsazBodzd6SzgzalI2NHNlMkQ4dW5qeGJjNzNvTHoyYXMxZEZ5N0psNExwWHFaN1NCQm1ESFhxZ1ZwX2t2eA?oc=5"" target=""_blank"">招商银行信用卡中心“换帅” 总行财富平台部总经理厉明东已到岗</a>&nbsp;&nbsp;<font color=""#6f6f6f"">东方财富</font>",https://news.google.com/rss/articles/CBMiYEFVX3lxTFAtOEFqR08yV1ZTSnIyOUk4N2hRb01nXzE0RmFsazBodzd6SzgzalI2NHNlMkQ4dW5qeGJjNzNvTHoyYXMxZEZ5N0psNExwWHFaN1NCQm1ESFhxZ1ZwX2t2eA?oc=5,招商银行,招商银行信用卡中心“换帅” 总行财富平台部总经理厉明东已到岗 - 东方财富. 招商银行信用卡中心“换帅” 总行财富平台部总经理厉明东已到岗 东方财富,neutral,0.07426461,zh,bootstrap,mixed_real_news_v6
2026-01-23,2026-01-23T08:00:00+00:00,600036.SH,"""招商银行"" - Google 新闻",招商银行2025年业绩快报：归母净利润1501.81亿元 增长1.21% - 东方财富,"<a href=""https://news.google.com/rss/articles/CBMiZkFVX3lxTE52V1N2bW9jXzhSbDhadHRCdk5WTmtXZmZURC0zaHJaMDdzdVc0R0Rja2FER1JDb0dIZ3V0ajYwaG1YekxPc2FHQUhRM3QxMFYtaHkzclFEd1NGWDNHSGVzektIRkJWUQ?oc=5"" target=""_blank"">招商银行2025年业绩快报：归母净利润1501.81亿元 增长1.21%</a>&nbsp;&nbsp;<font color=""#6f6f6f"">东方财富</font>",https://news.google.com/rss/articles/CBMiZkFVX3lxTE52V1N2bW9jXzhSbDhadHRCdk5WTmtXZmZURC0zaHJaMDdzdVc0R0Rja2FER1JDb0dIZ3V0ajYwaG1YekxPc2FHQUhRM3QxMFYtaHkzclFEd1NGWDNHSGVzektIRkJWUQ?oc=5,招商银行,招商银行2025年业绩快报：归母净利润1501.81亿元 增长1.21% - 东方财富. 招商银行2025年业绩快报：归母净利润1501.81亿元 增长1.21% 东方财富,neutral,-0.0024562702,zh,bootstrap,mixed_real_news_v6
2026-01-23,2026-01-23T08:00:00+00:00,600036.SH,"""招商银行"" - Google 新闻",招商银行：2025年净利1501.81亿元 同比增长1.21% - 东方财富,"<a href=""https://news.google.com/rss/articles/CBMiZkFVX3lxTE1RTU9EWUxrbDNsb2FZdmNjR01qNE9waTVPU0FteWcyV05xVnJ0ZmJtdm9DZWFTcGNzUTZYWE9TOVRPM2NyeVJqR1VLWUlndmFGNWJsOXo3N2p0clJpZGJZQlpxTVk1Zw?oc=5"" target=""_blank"">招商银行：2025年净利1501.81亿元 同比增长1.21%</a>&nbsp;&nbsp;<font color=""#6f6f6f"">东方财富</font>",https://news.google.com/rss/articles/CBMiZkFVX3lxTE1RTU9EWUxrbDNsb2FZdmNjR01qNE9waTVPU0FteWcyV05xVnJ0ZmJtdm9DZWFTcGNzUTZYWE9TOVRPM2NyeVJqR1VLWUlndmFGNWJsOXo3N2p0clJpZGJZQlpxTVk1Zw?oc=5,招商银行,招商银行：2025年净利1501.81亿元 同比增长1.21% - 东方财富. 招商银行：2025年净利1501.81亿元 同比增长1.21% 东方财富,neutral,0.025299832,zh,bootstrap,mixed_real_news_v6
2026-01-28,2026-01-28T08:00:00+00:00,600036.SH,"""China Merchants Bank"" - Google News",China Merchants Bank falters as economic slowdown wipes out growth - thebambooworks.com,"<a href=""https://news.google.com/rss/articles/CBMimgFBVV95cUxQdjJQSGRRWF9hNFZvZE5nUWFtaU9nTjZDUnd4alpqSEhkSFRFb19Bcy03bk13MkVZdVZZR3dQSDdDbWEyNUVfMVljbUcxbEZaSjduWUtVLXdRV3Z2ZkpqMFlMUzdGWlR6Ul9ySE55dXlmX2dTREdOSF82WGkwV1JPVGttLVBNS21PZ1NOV3VXOVJpSUF3NElzSWtR?oc=5"" target=""_blank"">China Merchants Bank falters as economic slowdown wipes out growth</a>&nbsp;&nbsp;<font color=""#6f6f6f"">thebambooworks.com</font>",https://news.google.com/rss/articles/CBMimgFBVV95cUxQdjJQSGRRWF9hNFZvZE5nUWFtaU9nTjZDUnd4alpqSEhkSFRFb19Bcy03bk13MkVZdVZZR3dQSDdDbWEyNUVfMVljbUcxbEZaSjduWUtVLXdRV3Z2ZkpqMFlMUzdGWlR6Ul9ySE55dXlmX2dTREdOSF82WGkwV1JPVGttLVBNS21PZ1NOV3VXOVJpSUF3NElzSWtR?oc=5,China Merchants Bank,China Merchants Bank falters as economic slowdown wipes out growth - thebambooworks.com. China Merchants Bank falters as economic slowdown wipes out growth thebambooworks.com,negative,-0.61440945,en,bootstrap,mixed_real_news_v6
2026-02-04,2026-02-04T08:00:00+00:00,600036.SH,"""招商银行"" - Google 新闻",缪建民出席招商银行2026年工作会议 - cmhk.com,"<a href=""https://news.google.com/rss/articles/CBMikgFBVV95cUxOTEhobThUaUNXSzNWQ2tPdHdMMEs1SW1pa2g1ZlY4emNhQm1vVklPb0J4LWNoTUEtMFFrbDZIR3lnR2NmTTFGVEhEdUdtQVhuNzlnNTNPdE1uZDcwYVVza0ZWNEdEUzB6TGp6dlplN2VhNTdxeC1zcktlQ2lSa1plQkIzR0NMZ21oQVd4NU5Pa21SQQ?oc=5"" target=""_blank"">缪建民出席招商银行2026年工作会议</a>&nbsp;&nbsp;<font color=""#6f6f6f"">cmhk.com</font>",https://news.google.com/rss/articles/CBMikgFBVV95cUxOTEhobThUaUNXSzNWQ2tPdHdMMEs1SW1pa2g1ZlY4emNhQm1vVklPb0J4LWNoTUEtMFFrbDZIR3lnR2NmTTFGVEhEdUdtQVhuNzlnNTNPdE1uZDcwYVVza0ZWNEdEUzB6TGp6dlplN2VhNTdxeC1zcktlQ2lSa1plQkIzR0NMZ21oQVd4NU5Pa21SQQ?oc=5,招商银行,缪建民出席招商银行2026年工作会议 - cmhk.com. 缪建民出席招商银行2026年工作会议 cmhk.com,neutral,0.010610668,zh,bootstrap,mixed_real_news_v6
2026-02-04,2026-02-04T08:00:00+00:00,600036.SH,"""600036"" - Google 新闻",股市必读：招商银行（600036）2月3日主力资金净流出2.04亿元，占总成交额6.33%_每日必读_数据解析 - 证券之星,"<a href=""https://news.google.com/rss/articles/CBMiYkFVX3lxTFBualNuTmR5QXl2Uk00b0owUU5EQ0hoTVYxWnF5NEVtZ1NsTHNwU3Y2Q2tRX3JLWHRHSDUxbnJXUUdleE9JUGlrMHd5QXJaNmhoem1zajA3ekZMUndhOTNpVmRB?oc=5"" target=""_blank"">股市必读：招商银行（600036）2月3日主力资金净流出2.04亿元，占总成交额6.33%_每日必读_数据解析</a>&nbsp;&nbsp;<font color=""#6f6f6f"">证券之星</font>",https://news.google.com/rss/articles/CBMiYkFVX3lxTFBualNuTmR5QXl2Uk00b0owUU5EQ0hoTVYxWnF5NEVtZ1NsTHNwU3Y2Q2tRX3JLWHRHSDUxbnJXUUdleE9JUGlrMHd5QXJaNmhoem1zajA3ekZMUndhOTNpVmRB?oc=5,600036,股市必读：招商银行（600036）2月3日主力资金净流出2.04亿元，占总成交额6.33%_每日必读_数据解析 - 证券之星. 股市必读：招商银行（600036）2月3日主力资金净流出2.04亿元，占总成交额6.33%_每日必读_数据解析 证券之星,neutral,0.050461665,zh,bootstrap,mixed_real_news_v6
2026-02-08,2026-02-08T08:00:00+00:00,600036.SH,"""招商银行"" - Google 新闻",招商银行，又放了一颗卫星 - thepaper.cn,"<a href=""https://news.google.com/rss/articles/CBMiXkFVX3lxTE03Y3M2Y09yY1BuVGp0MlJYLU9BajVkRnExZlhWRGFwX0VDMHdnVE5rTjdVdW9sWkZqRDJYUW9HU0g4MzNqRGp0YVR4NEFSNGZDTnJQUEZzaThfSDM1dXc?oc=5"" target=""_blank"">招商银行，又放了一颗卫星</a>&nbsp;&nbsp;<font color=""#6f6f6f"">thepaper.cn</font>",https://news.google.com/rss/articles/CBMiXkFVX3lxTE03Y3M2Y09yY1BuVGp0MlJYLU9BajVkRnExZlhWRGFwX0VDMHdnVE5rTjdVdW9sWkZqRDJYUW9HU0g4MzNqRGp0YVR4NEFSNGZDTnJQUEZzaThfSDM1dXc?oc=5,招商银行,招商银行，又放了一颗卫星 - thepaper.cn. 招商银行，又放了一颗卫星 thepaper.cn,neutral,0.010738317,zh,bootstrap,mixed_real_news_v6
2026-02-10,2026-02-10T08:00:00+00:00,600036.SH,"""招商银行"" - Google 新闻",招商银行举办“千鹰展翼2.0”科技金融赋能系列活动首场——“圳启科创·招银友约”深圳专场 - 手机新浪网,"<a href=""https://news.google.com/rss/articles/CBMizgJBVV95cUxQOVk3anUxdUpJSmtRbzlpQVNjd2N2TDhuOTdvZTZSQmpLZVQyUlVTZFNWdC1zQUVGX2o3ZE5FdEpvVDB3bXFhbGtxM2FWaTNDRGJxclRldGNCWld4WXJHenRmVWNaVi1HX3hLTW00blo1c1JKVU1OR3c3SDNkUjdjZ25lcHNTcE5lT3ZfNkRjcjR0QThCTnBZV1J6c3ZtWG9lX2N1VzNPMUQ2S3FGaHY3UlFTRTdJOGw0dlgzanFROW1ISTY4ZlJUTkhRVktTZzNkaFZzSlBJN2xwX3BhYlB2RU9JQW5KbktlRno0bGRMaC1aUjR6bzNpWnBabllaR3prTXV4Z3dxZzF2ZG95U0xJVGxZb2ZSTWJfMW9mdTNjdlMzYUJRRTBHNVI5Q3B4YUpZUkl0Y0ZmWXJMaG53c3liRjNGUTF6d2ZjaUZ2cWN3?oc=5"" target=""_blank"">招商银行举办“千鹰展翼2.0”科技金融赋能系列活动首场——“圳启科创·招银友约”深圳专场</a>&nbsp;&nbsp;<font color=""#6f6f6f"">手机新浪网</font>",https://news.google.com/rss/articles/CBMizgJBVV95cUxQOVk3anUxdUpJSmtRbzlpQVNjd2N2TDhuOTdvZTZSQmpLZVQyUlVTZFNWdC1zQUVGX2o3ZE5FdEpvVDB3bXFhbGtxM2FWaTNDRGJxclRldGNCWld4WXJHenRmVWNaVi1HX3hLTW00blo1c1JKVU1OR3c3SDNkUjdjZ25lcHNTcE5lT3ZfNkRjcjR0QThCTnBZV1J6c3ZtWG9lX2N1VzNPMUQ2S3FGaHY3UlFTRTdJOGw0dlgzanFROW1ISTY4ZlJUTkhRVktTZzNkaFZzSlBJN2xwX3BhYlB2RU9JQW5KbktlRno0bGRMaC1aUjR6bzNpWnBabllaR3prTXV4Z3dxZzF2ZG95U0xJVGxZb2ZSTWJfMW9mdTNjdlMzYUJRRTBHNVI5Q3B4YUpZUkl0Y0ZmWXJMaG53c3liRjNGUTF6d2ZjaUZ2cWN3?oc=5,招商银行,招商银行举办“千鹰展翼2.0”科技金融赋能系列活动首场——“圳启科创·招银友约”深圳专场 - 手机新浪网. 招商银行举办“千鹰展翼2.0”科技金融赋能系列活动首场——“圳启科创·招银友约”深圳专场 手机新浪网,neutral,0.082804054,zh,bootstrap,mixed_real_news_v6
2026-02-12,2026-02-12T08:00:00+00:00,600036.SH,"""招商银行"" - Google 新闻",招商银行的股息率将近8%了嘛？ - 雪球,"<a href=""https://news.google.com/rss/articles/CBMiUEFVX3lxTE1IbnNEdkZVQ0NvRnl4VHlwX19NV0NmUUgwdE95RzFvbm5zNTNBTUQwUnIyNWZaeGtaSjBCbDFPZWlVTXRCM0hYN0pBTFBOdHFr?oc=5"" target=""_blank"">招商银行的股息率将近8%了嘛？</a>&nbsp;&nbsp;<font color=""#6f6f6f"">雪球</font>",https://news.google.com/rss/articles/CBMiUEFVX3lxTE1IbnNEdkZVQ0NvRnl4VHlwX19NV0NmUUgwdE95RzFvbm5zNTNBTUQwUnIyNWZaeGtaSjBCbDFPZWlVTXRCM0hYN0pBTFBOdHFr?oc=5,招商银行,招商银行的股息率将近8%了嘛？ - 雪球. 招商银行的股息率将近8%了嘛？ 雪球,neutral,0.034579173,zh,bootstrap,mixed_real_news_v6
2026-03-12,2026-03-12T07:00:00+00:00,600036.SH,"""招商银行"" - Google 新闻",4万条投诉背后，招商银行怎么了？ - 新浪财经,"<a href=""https://news.google.com/rss/articles/CBMibkFVX3lxTE9EYlljS24tendXbnFKZ3BXMXA1eTRpR0UzTDBGTmZXdDRkZDJwbE9OeVlCUG9IdkM3UFZYQ1FQRDhPN2lPNTRBdHduTlpONVo1M05FWktsZ3N3akpaZXU2VmY1cEFmbmlhMS1VQm1R?oc=5"" target=""_blank"">4万条投诉背后，招商银行怎么了？</a>&nbsp;&nbsp;<font color=""#6f6f6f"">新浪财经</font>",https://news.google.com/rss/articles/CBMibkFVX3lxTE9EYlljS24tendXbnFKZ3BXMXA1eTRpR0UzTDBGTmZXdDRkZDJwbE9OeVlCUG9IdkM3UFZYQ1FQRDhPN2lPNTRBdHduTlpONVo1M05FWktsZ3N3akpaZXU2VmY1cEFmbmlhMS1VQm1R?oc=5,招商银行,4万条投诉背后，招商银行怎么了？ - 新浪财经. 4万条投诉背后，招商银行怎么了？ 新浪财经,neutral,0.03628462,zh,bootstrap,mixed_real_news_v6
2026-03-16,2026-03-16T07:00:00+00:00,600036.SH,"""招商银行"" - Google 新闻",厚植为民情怀 守护金融权益丨招商银行贵阳分行开展“3·15”金融教育宣传活动 - 中国日报网,"<a href=""https://news.google.com/rss/articles/CBMie0FVX3lxTE9yOTRPSUpjV1drSC1rU0hUelBSa0pldnVndVNzVW9XN1BkZWZBUW5jU0otXzk0eEJnU3NuTW5zRnRkamszR1V6ZTR2TVMzTUM5SzdGdllBbkZGamstdTlvUVRXS3diT3ZLN1VCV1Q0NHZRMkF2UUJLZGhIUQ?oc=5"" target=""_blank"">厚植为民情怀 守护金融权益丨招商银行贵阳分行开展“3·15”金融教育宣传活动</a>&nbsp;&nbsp;<font color=""#6f6f6f"">中国日报网</font>",https://news.google.com/rss/articles/CBMie0FVX3lxTE9yOTRPSUpjV1drSC1rU0hUelBSa0pldnVndVNzVW9XN1BkZWZBUW5jU0otXzk0eEJnU3NuTW5zRnRkamszR1V6ZTR2TVMzTUM5SzdGdllBbkZGamstdTlvUVRXS3diT3ZLN1VCV1Q0NHZRMkF2UUJLZGhIUQ?oc=5,招商银行,厚植为民情怀 守护金融权益丨招商银行贵阳分行开展“3·15”金融教育宣传活动 - 中国日报网. 厚植为民情怀 守护金融权益丨招商银行贵阳分行开展“3·15”金融教育宣传活动 中国日报网,neutral,0.18553057,zh,bootstrap,mixed_real_news_v6
2026-03-17,2026-03-17T07:00:00+00:00,600036.SH,"""招商银行"" - Google 新闻",招商银行杭州分行开展“3·15”消费者权益保护系列活动 - 新华网浙江,"<a href=""https://news.google.com/rss/articles/CBMiggFBVV95cUxPNXFRLVBtQWFRc1ZTd0VoMTVHUGx5N1JiVDBFX2VyNVdCZlN0YmEtcHFxUlRzUWVxdGQ5RW9QTjJPMWZvWjB3Z2NWY2YwLW5wXzZJSmRhYkdUcTU4R05NSy0xS2JTa0d3WlZfdnNiY3dWenA0Y0EzRWZSMkFQZmlVY0dR?oc=5"" target=""_blank"">招商银行杭州分行开展“3·15”消费者权益保护系列活动</a>&nbsp;&nbsp;<font color=""#6f6f6f"">新华网浙江</font>",https://news.google.com/rss/articles/CBMiggFBVV95cUxPNXFRLVBtQWFRc1ZTd0VoMTVHUGx5N1JiVDBFX2VyNVdCZlN0YmEtcHFxUlRzUWVxdGQ5RW9QTjJPMWZvWjB3Z2NWY2YwLW5wXzZJSmRhYkdUcTU4R05NSy0xS2JTa0d3WlZfdnNiY3dWenA0Y0EzRWZSMkFQZmlVY0dR?oc=5,招商银行,招商银行杭州分行开展“3·15”消费者权益保护系列活动 - 新华网浙江. 招商银行杭州分行开展“3·15”消费者权益保护系列活动 新华网浙江,neutral,0.056850307,zh,bootstrap,mixed_real_news_v6
2026-03-18,2026-03-18T07:00:00+00:00,600036.SH,"""招商银行"" - Google 新闻",招商银行哈尔滨分行开展“3·15”金融消费者权益保护教育宣传活动 - 新华网,"<a href=""https://news.google.com/rss/articles/CBMigwFBVV95cUxPS2lzQXRGSmp6Z3IwM0xQSTFOM1R0TTV0VlI0eWRxVXpGbUJpMDNSN1cwaDUyOG9DTUF5OU91VjU2bEgxaFNoVmRXQ0F4eEg4aGYxSTc0M1NRXzVlT0tmb1lkQnhrZjFDQS1melJTZ3BKV3FtaEtDai11X0hWOWtJVkhtOA?oc=5"" target=""_blank"">招商银行哈尔滨分行开展“3·15”金融消费者权益保护教育宣传活动</a>&nbsp;&nbsp;<font color=""#6f6f6f"">新华网</font>",https://news.google.com/rss/articles/CBMigwFBVV95cUxPS2lzQXRGSmp6Z3IwM0xQSTFOM1R0TTV0VlI0eWRxVXpGbUJpMDNSN1cwaDUyOG9DTUF5OU91VjU2bEgxaFNoVmRXQ0F4eEg4aGYxSTc0M1NRXzVlT0tmb1lkQnhrZjFDQS1melJTZ3BKV3FtaEtDai11X0hWOWtJVkhtOA?oc=5,招商银行,招商银行哈尔滨分行开展“3·15”金融消费者权益保护教育宣传活动 - 新华网. 招商银行哈尔滨分行开展“3·15”金融消费者权益保护教育宣传活动 新华网,neutral,0.0737306,zh,bootstrap,mixed_real_news_v6
2026-03-20,2026-03-20T07:00:00+00:00,600036.SH,"""China Merchants Bank"" - Google News",China Merchants Bank Sets Webcast for 2025 Annual Results Briefing - TipRanks,"<a href=""https://news.google.com/rss/articles/CBMiugFBVV95cUxNVm9TRlB6WTZhWF9jaUM0ckZ3STZ5Z2J2N0xES1FJWTA1NzlLemkyVHktZnVZYnZ2WHJKNkktT2Z5aDNJaWNRNmxGSFRacmFEVTItNkhBNng3a2F3ekYxMVVPTkRBWkNhc3h2WDZuVkgxbkpiWDE1VUZJUXM1Mjlja3BxYnFJenBtNFJEWlZXdk42NkRMWDJDcXNQTU41Z0I0SlMxY2ZfSlZJbU10TC0tNTBIVmxJejg0VkE?oc=5"" target=""_blank"">China Merchants Bank Sets Webcast for 2025 Annual Results Briefing</a>&nbsp;&nbsp;<font color=""#6f6f6f"">TipRanks</font>",https://news.google.com/rss/articles/CBMiugFBVV95cUxNVm9TRlB6WTZhWF9jaUM0ckZ3STZ5Z2J2N0xES1FJWTA1NzlLemkyVHktZnVZYnZ2WHJKNkktT2Z5aDNJaWNRNmxGSFRacmFEVTItNkhBNng3a2F3ekYxMVVPTkRBWkNhc3h2WDZuVkgxbkpiWDE1VUZJUXM1Mjlja3BxYnFJenBtNFJEWlZXdk42NkRMWDJDcXNQTU41Z0I0SlMxY2ZfSlZJbU10TC0tNTBIVmxJejg0VkE?oc=5,China Merchants Bank,China Merchants Bank Sets Webcast for 2025 Annual Results Briefing - TipRanks. China Merchants Bank Sets Webcast for 2025 Annual Results Briefing TipRanks,neutral,0.012885058,en,bootstrap,mixed_real_news_v6
2026-03-23,2026-03-23T07:00:00+00:00,600036.SH,"""招商银行"" - Google 新闻",招商银行北京分行积极开展“3·15”活动 护航“两司两员”金融安全 - 新华网,"<a href=""https://news.google.com/rss/articles/CBMijwFBVV95cUxQSXZUdkdrNTdFQjU0UEFId1d4NFFWOXJSZGRyWEV6YTE3ZGhncFI1a3FVUG52M3FqVVMtTmlURUNIWjJxOWkzZlhXcG1sZ1dRRFM2VmJqdGxFSXVmbzB5SkZkdHBWV1hrMktXcmtKdHJCVDIxX0Y5NDFUd3Awci01SlJOdzllV0M0MEpQY3FoSQ?oc=5"" target=""_blank"">招商银行北京分行积极开展“3·15”活动 护航“两司两员”金融安全</a>&nbsp;&nbsp;<font color=""#6f6f6f"">新华网</font>",https://news.google.com/rss/articles/CBMijwFBVV95cUxQSXZUdkdrNTdFQjU0UEFId1d4NFFWOXJSZGRyWEV6YTE3ZGhncFI1a3FVUG52M3FqVVMtTmlURUNIWjJxOWkzZlhXcG1sZ1dRRFM2VmJqdGxFSXVmbzB5SkZkdHBWV1hrMktXcmtKdHJCVDIxX0Y5NDFUd3Awci01SlJOdzllV0M0MEpQY3FoSQ?oc=5,招商银行,招商银行北京分行积极开展“3·15”活动 护航“两司两员”金融安全 - 新华网. 招商银行北京分行积极开展“3·15”活动 护航“两司两员”金融安全 新华网,neutral,0.13867635,zh,bootstrap,mixed_real_news_v6
2026-03-24,2026-03-24T07:00:00+00:00,600036.SH,"""China Merchants Bank"" - Google 新闻",招商银行外汇牌价 - 招行外汇牌价查询_今日招行最新外汇汇率表 - 新浪财经,"<a href=""https://news.google.com/rss/articles/CBMihAFBVV95cUxNYnV5UlhxdVdudFBweTE5eGlJR3lTU3U0MF8talhISHVOMmo0YVMxUXIwWUdNbE5uanBzZXVNLUN4bGtraUtsS0xZYzdXbVMwcGVCTXc3RGlOb3BrT2dKNlg4VjN1bjlfdWt5ZUlIWW11ZWJ0MVZ0Z0M1UzlxUDZJUF9tTUo?oc=5"" target=""_blank"">招商银行外汇牌价 - 招行外汇牌价查询_今日招行最新外汇汇率表</a>&nbsp;&nbsp;<font color=""#6f6f6f"">新浪财经</font>",https://news.google.com/rss/articles/CBMihAFBVV95cUxNYnV5UlhxdVdudFBweTE5eGlJR3lTU3U0MF8talhISHVOMmo0YVMxUXIwWUdNbE5uanBzZXVNLUN4bGtraUtsS0xZYzdXbVMwcGVCTXc3RGlOb3BrT2dKNlg4VjN1bjlfdWt5ZUlIWW11ZWJ0MVZ0Z0M1UzlxUDZJUF9tTUo?oc=5,China Merchants Bank,招商银行外汇牌价 - 招行外汇牌价查询_今日招行最新外汇汇率表 - 新浪财经. 招商银行外汇牌价 - 招行外汇牌价查询_今日招行最新外汇汇率表 新浪财经,neutral,0.014046837,zh,bootstrap,mixed_real_news_v6
2026-03-24,2026-03-24T07:00:00+00:00,600036.SH,"""招商银行"" - Google 新闻",招商银行珠海分行：消保工作重细节，特色服务有温度 - 珠海网,"<a href=""https://news.google.com/rss/articles/CBMid0FVX3lxTE40Y0ZrdXhtS2dEU29uWGxGQTJMeVkzRzh3eHR4aURFSnFFa09wSGkyVmZhODBaNFFuNUpxWHRCc09JRlhMWFktc0FlaEdYQlR4c19jUWh1SkYtYkVWOUkyaFZSVmpsbkp0MjBhdXBya0h0dzlYdFM0?oc=5"" target=""_blank"">招商银行珠海分行：消保工作重细节，特色服务有温度</a>&nbsp;&nbsp;<font color=""#6f6f6f"">珠海网</font>",https://news.google.com/rss/articles/CBMid0FVX3lxTE40Y0ZrdXhtS2dEU29uWGxGQTJMeVkzRzh3eHR4aURFSnFFa09wSGkyVmZhODBaNFFuNUpxWHRCc09JRlhMWFktc0FlaEdYQlR4c19jUWh1SkYtYkVWOUkyaFZSVmpsbkp0MjBhdXBya0h0dzlYdFM0?oc=5,招商银行,招商银行珠海分行：消保工作重细节，特色服务有温度 - 珠海网. 招商银行珠海分行：消保工作重细节，特色服务有温度 珠海网,neutral,0.037484482,zh,bootstrap,mixed_real_news_v6
2026-03-24,2026-03-24T07:00:00+00:00,600036.SH,"""招商银行"" - Google 新闻",招商银行私人银行（合肥高新）中心开业 - 人民网－安徽频道,"<a href=""https://news.google.com/rss/articles/CBMiakFVX3lxTE5QMzNBOFNaR2I4dVk5LTBpeWNNQ3hMaWVHTWxPVVBDT0hpS1BVYzFScDkxUWJSZVJ3T0xzUWJ1SWRKNnBFY20yd3hKNVN0NExKTXF0dE92VU1HRnlEelFWa1BDT2RBV2tMZEE?oc=5"" target=""_blank"">招商银行私人银行（合肥高新）中心开业</a>&nbsp;&nbsp;<font color=""#6f6f6f"">人民网－安徽频道</font>",https://news.google.com/rss/articles/CBMiakFVX3lxTE5QMzNBOFNaR2I4dVk5LTBpeWNNQ3hMaWVHTWxPVVBDT0hpS1BVYzFScDkxUWJSZVJ3T0xzUWJ1SWRKNnBFY20yd3hKNVN0NExKTXF0dE92VU1HRnlEelFWa1BDT2RBV2tMZEE?oc=5,招商银行,招商银行私人银行（合肥高新）中心开业 - 人民网－安徽频道. 招商银行私人银行（合肥高新）中心开业 人民网－安徽频道,neutral,0.3875461,zh,bootstrap,mixed_real_news_v6
2026-03-27,2026-03-27T07:00:00+00:00,600036.SH,"""China Merchants Bank"" - Google News",China Merchants Bank Sets 35% Interim Dividend Payout for First Half of 2026 - TipRanks,"<a href=""https://news.google.com/rss/articles/CBMixgFBVV95cUxPNkZ5M2pUQi0yQVNoR2trWFIxNGV5c1ZsU20yT1NrdU5kVDAwbUo1N2dVTkhpMGhuVmxBaXBxZFNRSTQzaVhKSEN4anRjMzFGNGxCS3RVWloxQWxtWjVnWTE4YWRWR1pmeXVIOXhPVEswY2tTQllsTEc5ZjVKa2VNQVpSWWJrWlk5eUx1X1JGTjhRNndMVm9YM1h2eVZsYmJZOEtDM0lrb3Y3Q1FfM2hyc3ZicTJ3dHdmMkhLNlg1Z3UwUWtEcmc?oc=5"" target=""_blank"">China Merchants Bank Sets 35% Interim Dividend Payout for First Half of 2026</a>&nbsp;&nbsp;<font color=""#6f6f6f"">TipRanks</font>",https://news.google.com/rss/articles/CBMixgFBVV95cUxPNkZ5M2pUQi0yQVNoR2trWFIxNGV5c1ZsU20yT1NrdU5kVDAwbUo1N2dVTkhpMGhuVmxBaXBxZFNRSTQzaVhKSEN4anRjMzFGNGxCS3RVWloxQWxtWjVnWTE4YWRWR1pmeXVIOXhPVEswY2tTQllsTEc5ZjVKa2VNQVpSWWJrWlk5eUx1X1JGTjhRNndMVm9YM1h2eVZsYmJZOEtDM0lrb3Y3Q1FfM2hyc3ZicTJ3dHdmMkhLNlg1Z3UwUWtEcmc?oc=5,China Merchants Bank,China Merchants Bank Sets 35% Interim Dividend Payout for First Half of 2026 - TipRanks. China Merchants Bank Sets 35% Interim Dividend Payout for First Half of 2026 TipRanks,neutral,0.019940957,en,bootstrap,mixed_real_news_v6
2026-03-27,2026-03-27T07:00:00+00:00,600036.SH,"""招商银行"" - Google 新闻",招商银行新设科技金融部，零售AUM突破17万亿元 - 东方财富,"<a href=""https://news.google.com/rss/articles/CBMiYEFVX3lxTE9ReUtKbWw2YUp3RUhFNFJlemh0aE0zcWpVT2lJdzQ0YW1ZT2JaaHNnOGpwQmFZamFEVmlrUEdLcEJCQUxUS2NTV1RuYXQxMDdrcFFGTlZtd2NJa3VEcmE4LQ?oc=5"" target=""_blank"">招商银行新设科技金融部，零售AUM突破17万亿元</a>&nbsp;&nbsp;<font color=""#6f6f6f"">东方财富</font>",https://news.google.com/rss/articles/CBMiYEFVX3lxTE9ReUtKbWw2YUp3RUhFNFJlemh0aE0zcWpVT2lJdzQ0YW1ZT2JaaHNnOGpwQmFZamFEVmlrUEdLcEJCQUxUS2NTV1RuYXQxMDdrcFFGTlZtd2NJa3VEcmE4LQ?oc=5,招商银行,招商银行新设科技金融部，零售AUM突破17万亿元 - 东方财富. 招商银行新设科技金融部，零售AUM突破17万亿元 东方财富,neutral,0.068154864,zh,bootstrap,mixed_real_news_v6
2026-03-28,2026-03-28T07:00:00+00:00,600036.SH,"""招商银行"" - Google 新闻",招商银行贵阳分行开展“地球一小时”公益活动 - 人民网贵州,"<a href=""https://news.google.com/rss/articles/CBMiakFVX3lxTE03QzVaMDBhd1EwUThZdUNpelNVNlBrWm5lRnYzejVKdjQtLUMwbjM1UDJTbDU0VVhqX2g3WHphNXNFUW9SdlhKd0RRNmhDd1A0TGFyS0JEZW85Qm1BNkpybUhMYjBGUVFWcGc?oc=5"" target=""_blank"">招商银行贵阳分行开展“地球一小时”公益活动</a>&nbsp;&nbsp;<font color=""#6f6f6f"">人民网贵州</font>",https://news.google.com/rss/articles/CBMiakFVX3lxTE03QzVaMDBhd1EwUThZdUNpelNVNlBrWm5lRnYzejVKdjQtLUMwbjM1UDJTbDU0VVhqX2g3WHphNXNFUW9SdlhKd0RRNmhDd1A0TGFyS0JEZW85Qm1BNkpybUhMYjBGUVFWcGc?oc=5,招商银行,招商银行贵阳分行开展“地球一小时”公益活动 - 人民网贵州. 招商银行贵阳分行开展“地球一小时”公益活动 人民网贵州,neutral,0.06763734,zh,bootstrap,mixed_real_news_v6
2026-03-28,2026-03-28T07:00:00+00:00,600036.SH,"""招商银行"" - Google 新闻",招商银行：2025年净利润1501.81亿元 同比增长1.21% 拟10派10.03元 - 东方财富,"<a href=""https://news.google.com/rss/articles/CBMiZkFVX3lxTE5QbUpGN1VvTTQtaGZaY0RUc3l4akFPUFpNQnRkaVE4WldpRmlLNG42MWVrcTQ4QU1RX1c4V1dzWlhFWlNhNF9rZng2aXV1U1FOMGYxOFBROEExZmtDR2NvQzJfZGppQQ?oc=5"" target=""_blank"">招商银行：2025年净利润1501.81亿元 同比增长1.21% 拟10派10.03元</a>&nbsp;&nbsp;<font color=""#6f6f6f"">东方财富</font>",https://news.google.com/rss/articles/CBMiZkFVX3lxTE5QbUpGN1VvTTQtaGZaY0RUc3l4akFPUFpNQnRkaVE4WldpRmlLNG42MWVrcTQ4QU1RX1c4V1dzWlhFWlNhNF9rZng2aXV1U1FOMGYxOFBROEExZmtDR2NvQzJfZGppQQ?oc=5,招商银行,招商银行：2025年净利润1501.81亿元 同比增长1.21% 拟10派10.03元 - 东方财富. 招商银行：2025年净利润1501.81亿元 同比增长1.21% 拟10派10.03元 东方财富,neutral,0.018942319,zh,bootstrap,mixed_real_news_v6
2026-03-29,2026-03-29T07:00:00+00:00,600036.SH,"""China Merchants Bank"" - Google News",China Merchants Bank Focuses on Maintaining Leading Net Interest Margin - Binance,"<a href=""https://news.google.com/rss/articles/CBMiZEFVX3lxTE5mTmZUTkJ3d2QwcFRIazczLXU4WnF5bWVfQU9oaTVGeXl6eHhSTHVnSGkxTWNYOE9YSFFwb1Y5VS1OUDRjcXF3MmVjenkzNWctMFZKbEVEUkhqOXdNRUVCdnZ0ZHk?oc=5"" target=""_blank"">China Merchants Bank Focuses on Maintaining Leading Net Interest Margin</a>&nbsp;&nbsp;<font color=""#6f6f6f"">Binance</font>",https://news.google.com/rss/articles/CBMiZEFVX3lxTE5mTmZUTkJ3d2QwcFRIazczLXU4WnF5bWVfQU9oaTVGeXl6eHhSTHVnSGkxTWNYOE9YSFFwb1Y5VS1OUDRjcXF3MmVjenkzNWctMFZKbEVEUkhqOXdNRUVCdnZ0ZHk?oc=5,China Merchants Bank,China Merchants Bank Focuses on Maintaining Leading Net Interest Margin - Binance. China Merchants Bank Focuses on Maintaining Leading Net Interest Margin Binance,neutral,0.10616039,en,bootstrap,mixed_real_news_v6
2026-03-29,2026-03-29T17:00:00+00:00,600036.SH,600036 - Bing新聞,招商銀行 股票預測,我們的 China Merchants Bank Co Ltd 普遍預期頁是基於分析師的一致預測，涵蓋了上市公司的每股收益和收入。 我們會提供給您招商銀行強買、強賣或持有的整體普遍預測，根據分析師的12個月的價格目標 ...,http://www.bing.com/news/apiclick.aspx?ref=FexRss&aid=&tid=69fb16bc22944cd3aea658b883950712&url=https%3a%2f%2fhk.investing.com%2fequities%2fmerchants-bank-consensus-estimates&c=5644810847656205071&mkt=zh-tw,600036,招商銀行 股票預測. 我們的 China Merchants Bank Co Ltd 普遍預期頁是基於分析師的一致預測，涵蓋了上市公司的每股收益和收入。 我們會提供給您招商銀行強買、強賣或持有的整體普遍預測，根據分析師的12個月的價格目標 ...,neutral,0.038803168,zh,bootstrap,mixed_real_news_v6
2026-03-30,2026-03-30T07:00:00+00:00,600036.SH,"""China Merchants Bank"" - Google News","China Merchants Bank's management stated that the main business focus for 2026 is 'stabilizing interest margins and controlling risks,' with the strategy of offering mutual fund distribution at a minimum 10% discount proving effective last year. - 富途牛牛","<a href=""https://news.google.com/rss/articles/CBMipwFBVV95cUxQeW40bFJyY01jblZ6TmV4eFBfbEZ2Nnl3TzZzc0tMSU5WWnZQaDVIcTR6aTUyODV3SndydVZqZlJhX3FBT0NhT29zQ2c3UHJDck9CZU0yR1B2WHpwZmxlMER4OW15NU1NTlVGNnJOeF81a0g1eXNESFBNWXVpLUx3TEl2bFJqaFB6QnJDNzNDb0d4SkduMzF1ekt6dl9GNWl3MDk4cFpwZw?oc=5"" target=""_blank"">China Merchants Bank's management stated that the main business focus for 2026 is 'stabilizing interest margins and controlling risks,' with the strategy of offering mutual fund distribution at a minimum 10% discount proving effective last year.</a>&nbsp;&nbsp;<font color=""#6f6f6f"">富途牛牛</font>",https://news.google.com/rss/articles/CBMipwFBVV95cUxQeW40bFJyY01jblZ6TmV4eFBfbEZ2Nnl3TzZzc0tMSU5WWnZQaDVIcTR6aTUyODV3SndydVZqZlJhX3FBT0NhT29zQ2c3UHJDck9CZU0yR1B2WHpwZmxlMER4OW15NU1NTlVGNnJOeF81a0g1eXNESFBNWXVpLUx3TEl2bFJqaFB6QnJDNzNDb0d4SkduMzF1ekt6dl9GNWl3MDk4cFpwZw?oc=5,China Merchants Bank,"China Merchants Bank's management stated that the main business focus for 2026 is 'stabilizing interest margins and controlling risks,' with the strategy of offering mutual fund distribution at a minimum 10% discount proving effective last year. - 富途牛牛. China Merchants Bank's management stated that the main business focus for 2026 is 'stabilizing interest margins and controlling risks,' with the strategy of offering mutual fund distribution at a minimum 10% discount proving effective last year. 富途牛牛",neutral,0.058587443,en,bootstrap,mixed_real_news_v6
2026-03-30,2026-03-30T07:00:00+00:00,600036.SH,"""招商银行"" - Google 新闻",“清朗金融网络 守护安心消费”招商银行信用卡中心重庆分中心在行动 - 人民网,"<a href=""https://news.google.com/rss/articles/CBMiakFVX3lxTE96aWoxWVZmZjlUbE0wYVZBbTVYNXVYT05rbl8tTmdCMTlKZGtmRG52UGlFekttZVhSejloWVNaWjJFdENnUm1pRHh3STdBamFWbkVnbUxWU1p0NTM1VG45bnk2dFJmdDljanc?oc=5"" target=""_blank"">“清朗金融网络 守护安心消费”招商银行信用卡中心重庆分中心在行动</a>&nbsp;&nbsp;<font color=""#6f6f6f"">人民网</font>",https://news.google.com/rss/articles/CBMiakFVX3lxTE96aWoxWVZmZjlUbE0wYVZBbTVYNXVYT05rbl8tTmdCMTlKZGtmRG52UGlFekttZVhSejloWVNaWjJFdENnUm1pRHh3STdBamFWbkVnbUxWU1p0NTM1VG45bnk2dFJmdDljanc?oc=5,招商银行,“清朗金融网络 守护安心消费”招商银行信用卡中心重庆分中心在行动 - 人民网. “清朗金融网络 守护安心消费”招商银行信用卡中心重庆分中心在行动 人民网,neutral,0.072292194,zh,bootstrap,mixed_real_news_v6
2026-03-30,2026-03-30T07:00:00+00:00,600036.SH,"""招商银行"" - Google 新闻",透视年报｜“零售之王”招商银行策略变阵 - 新京报,"<a href=""https://news.google.com/rss/articles/CBMiYkFVX3lxTE5EY0ZwLWxMYnZjUjFmSlR5bU42SDNEaXNJbGRneHgxb1Vwei10aDB1VVFJai1tX1U0N1ItdVpMRjc3TWR4bHZEajlNdVZoQzJmMDVMQ3hLN2ZTQ3RMMFdvX1Bn?oc=5"" target=""_blank"">透视年报｜“零售之王”招商银行策略变阵</a>&nbsp;&nbsp;<font color=""#6f6f6f"">新京报</font>",https://news.google.com/rss/articles/CBMiYkFVX3lxTE5EY0ZwLWxMYnZjUjFmSlR5bU42SDNEaXNJbGRneHgxb1Vwei10aDB1VVFJai1tX1U0N1ItdVpMRjc3TWR4bHZEajlNdVZoQzJmMDVMQ3hLN2ZTQ3RMMFdvX1Bn?oc=5,招商银行,透视年报｜“零售之王”招商银行策略变阵 - 新京报. 透视年报｜“零售之王”招商银行策略变阵 新京报,neutral,0.105298154,zh,bootstrap,mixed_real_news_v6
2026-03-30,2026-03-30T07:00:00+00:00,600036.SH,"""招商银行"" - Google 新闻",招商银行2025年实现归母净利润1501.81亿元 同比增长1.21% - 东方财富,"<a href=""https://news.google.com/rss/articles/CBMiYEFVX3lxTE93cXRjbkNLb2M2WGhteVZNVXpaWnNYU2F5NEI4dFBOajNkcVdqZ0VBNDVsNnFHekxoU2pPZ0g3RHVZT1dYNktqbm1kNGJFNHN4Y2pXdGJHLVN5ZkpIMUlaUw?oc=5"" target=""_blank"">招商银行2025年实现归母净利润1501.81亿元 同比增长1.21%</a>&nbsp;&nbsp;<font color=""#6f6f6f"">东方财富</font>",https://news.google.com/rss/articles/CBMiYEFVX3lxTE93cXRjbkNLb2M2WGhteVZNVXpaWnNYU2F5NEI4dFBOajNkcVdqZ0VBNDVsNnFHekxoU2pPZ0g3RHVZT1dYNktqbm1kNGJFNHN4Y2pXdGJHLVN5ZkpIMUlaUw?oc=5,招商银行,招商银行2025年实现归母净利润1501.81亿元 同比增长1.21% - 东方财富. 招商银行2025年实现归母净利润1501.81亿元 同比增长1.21% 东方财富,neutral,0.018348191,zh,bootstrap,mixed_real_news_v6
2026-03-30,2026-03-30T07:00:00+00:00,600036.SH,"""招商银行"" - Google 新闻",招商银行首席信息官周天虹：根据大模型作用，将全行工作分为高、中、低价值三类 - 东方财富,"<a href=""https://news.google.com/rss/articles/CBMiYEFVX3lxTE1ZXzBiVl9uQjlDQ3NSWlloekszUkNQS3RGVkt4ellWVDRVUGNwaTZiLWlVaVBPeGstVktWN3BuaTMtbTZwZTFhSVBCMHpvcU84N0FlUUgzbjVGLUkxM1Z0Sg?oc=5"" target=""_blank"">招商银行首席信息官周天虹：根据大模型作用，将全行工作分为高、中、低价值三类</a>&nbsp;&nbsp;<font color=""#6f6f6f"">东方财富</font>",https://news.google.com/rss/articles/CBMiYEFVX3lxTE1ZXzBiVl9uQjlDQ3NSWlloekszUkNQS3RGVkt4ellWVDRVUGNwaTZiLWlVaVBPeGstVktWN3BuaTMtbTZwZTFhSVBCMHpvcU84N0FlUUgzbjVGLUkxM1Z0Sg?oc=5,招商银行,招商银行首席信息官周天虹：根据大模型作用，将全行工作分为高、中、低价值三类 - 东方财富. 招商银行首席信息官周天虹：根据大模型作用，将全行工作分为高、中、低价值三类 东方财富,neutral,0.10242501,zh,bootstrap,mixed_real_news_v6
2026-03-30,2026-03-30T07:35:32+00:00,600036.SH,"""600036"" - Google 新闻",招商银行(600036)：息差边际企稳 盈利持续修复 - 富途牛牛,"<a href=""https://news.google.com/rss/articles/CBMiswFBVV95cUxOSlVEdEJaWEtua0w1Y3R6RmJaR0pMVjhhRzN1WWsxNUVNTkRBM2pVN3kxQ3NLT1ZhQkljSWdZTC1OVUdRVmVIdnExTG1lQXJaN1c2ZXk5VDlLM2wxakt5TF9KVW9rMnZwMWFONlN2ZmhMdGRhRFpUeUN0WVQzQ3ljMnpmM1VuU3M0RXdhblU2S2lmMVl0VUk3cVh2bEx3NkdxVnBQdkc1T1I4NEc0ZTYydkNuSQ?oc=5"" target=""_blank"">招商银行(600036)：息差边际企稳 盈利持续修复</a>&nbsp;&nbsp;<font color=""#6f6f6f"">富途牛牛</font>",https://news.google.com/rss/articles/CBMiswFBVV95cUxOSlVEdEJaWEtua0w1Y3R6RmJaR0pMVjhhRzN1WWsxNUVNTkRBM2pVN3kxQ3NLT1ZhQkljSWdZTC1OVUdRVmVIdnExTG1lQXJaN1c2ZXk5VDlLM2wxakt5TF9KVW9rMnZwMWFONlN2ZmhMdGRhRFpUeUN0WVQzQ3ljMnpmM1VuU3M0RXdhblU2S2lmMVl0VUk3cVh2bEx3NkdxVnBQdkc1T1I4NEc0ZTYydkNuSQ?oc=5,600036,招商银行(600036)：息差边际企稳 盈利持续修复 - 富途牛牛. 招商银行(600036)：息差边际企稳 盈利持续修复 富途牛牛,neutral,0.0063304305,zh,bootstrap,mixed_real_news_v6
2026-03-31,2026-03-31T07:00:00+00:00,600036.SH,"""招商银行"" - Google 新闻",招商银行召开2025年度业绩发布会 - 中国基金报,"<a href=""https://news.google.com/rss/articles/CBMiekFVX3lxTE1WTFM2cERTUEo2amFtM3RSbTRmREFVamFJTFZpR2h5d0FtSmxaek1EMGprMTZLTHNNY0l3a3hTWnJVTzlJcGU1OGxial9tcV9ORTdVNnNUeEVCMTJVZThzZVN6SnJoZURBY2lNV3Q3ZnZxdDNpSU45bzVR?oc=5"" target=""_blank"">招商银行召开2025年度业绩发布会</a>&nbsp;&nbsp;<font color=""#6f6f6f"">中国基金报</font>",https://news.google.com/rss/articles/CBMiekFVX3lxTE1WTFM2cERTUEo2amFtM3RSbTRmREFVamFJTFZpR2h5d0FtSmxaek1EMGprMTZLTHNNY0l3a3hTWnJVTzlJcGU1OGxial9tcV9ORTdVNnNUeEVCMTJVZThzZVN6SnJoZURBY2lNV3Q3ZnZxdDNpSU45bzVR?oc=5,招商银行,招商银行召开2025年度业绩发布会 - 中国基金报. 招商银行召开2025年度业绩发布会 中国基金报,neutral,0.088069946,zh,bootstrap,mixed_real_news_v6
2026-03-31,2026-03-31T07:00:00+00:00,600036.SH,"""招商银行"" - Google 新闻",招商银行董事长缪建民：未来零售业务的重要突破口是财富管理 - 中国电子银行网,"<a href=""https://news.google.com/rss/articles/CBMiXkFVX3lxTE1qQXR0UkxWeXVxZjh0bjBvczdWbXJpbE5fNVNQOEdMMnoxNm5vRngxYmF0ZTl0V1dUMC1GaF9ybGxubXktLVRLOGxsVXd6dWdjRGRFMUl4QmhuZzdySkE?oc=5"" target=""_blank"">招商银行董事长缪建民：未来零售业务的重要突破口是财富管理</a>&nbsp;&nbsp;<font color=""#6f6f6f"">中国电子银行网</font>",https://news.google.com/rss/articles/CBMiXkFVX3lxTE1qQXR0UkxWeXVxZjh0bjBvczdWbXJpbE5fNVNQOEdMMnoxNm5vRngxYmF0ZTl0V1dUMC1GaF9ybGxubXktLVRLOGxsVXd6dWdjRGRFMUl4QmhuZzdySkE?oc=5,招商银行,招商银行董事长缪建民：未来零售业务的重要突破口是财富管理 - 中国电子银行网. 招商银行董事长缪建民：未来零售业务的重要突破口是财富管理 中国电子银行网,neutral,0.058386393,zh,bootstrap,mixed_real_news_v6
2026-03-31,2026-03-31T07:00:00+00:00,600036.SH,"""招商银行"" - Google 新闻",一场招商银行的压力测试 - 华尔街见闻,"<a href=""https://news.google.com/rss/articles/CBMiU0FVX3lxTE1tZmhVS2RMUXI1cnR2NnBZY2NFa3BGeVF5N29MQ0JlazluSkhkZHJXazFqd2hwQ01zUm5DdHVPb2s5dXFNVGU4X2RTZmNDaXlaTkZr?oc=5"" target=""_blank"">一场招商银行的压力测试</a>&nbsp;&nbsp;<font color=""#6f6f6f"">华尔街见闻</font>",https://news.google.com/rss/articles/CBMiU0FVX3lxTE1tZmhVS2RMUXI1cnR2NnBZY2NFa3BGeVF5N29MQ0JlazluSkhkZHJXazFqd2hwQ01zUm5DdHVPb2s5dXFNVGU4X2RTZmNDaXlaTkZr?oc=5,招商银行,一场招商银行的压力测试 - 华尔街见闻. 一场招商银行的压力测试 华尔街见闻,neutral,0.022294106,zh,bootstrap,mixed_real_news_v6
2026-03-31,2026-03-31T11:42:55+00:00,600036.SH,"""600036"" - Google 新闻",招商银行(600036)2025年年报点评：单季息差拐点 财富管理加速 - 富途牛牛,"<a href=""https://news.google.com/rss/articles/CBMipwFBVV95cUxPSXd6RHlwaXpaSnNOd0p4ZGdidjUzUFQxWWVGZ3dzSklDRFpKdXhsQ2FnXzZoRTdpUEJKVDNiZGpXUGVxRHJqRllvNi16eTlvN2M4YUtudlZFUHh6VWNzWlNoNURhdmRNT0MtSlUyUzhlNEFxZm9IZ2lZT2pmeV8zZ3BnQ21sTmNsaHpVc215eW1lZ0FZZTcxaDBNblZuWkhKR1psLWNZQQ?oc=5"" target=""_blank"">招商银行(600036)2025年年报点评：单季息差拐点 财富管理加速</a>&nbsp;&nbsp;<font color=""#6f6f6f"">富途牛牛</font>",https://news.google.com/rss/articles/CBMipwFBVV95cUxPSXd6RHlwaXpaSnNOd0p4ZGdidjUzUFQxWWVGZ3dzSklDRFpKdXhsQ2FnXzZoRTdpUEJKVDNiZGpXUGVxRHJqRllvNi16eTlvN2M4YUtudlZFUHh6VWNzWlNoNURhdmRNT0MtSlUyUzhlNEFxZm9IZ2lZT2pmeV8zZ3BnQ21sTmNsaHpVc215eW1lZ0FZZTcxaDBNblZuWkhKR1psLWNZQQ?oc=5,600036,招商银行(600036)2025年年报点评：单季息差拐点 财富管理加速 - 富途牛牛. 招商银行(600036)2025年年报点评：单季息差拐点 财富管理加速 富途牛牛,neutral,0.013674576,zh,bootstrap,mixed_real_news_v6
2026-04-01,2026-04-01T07:00:00+00:00,600036.SH,"""招商银行"" - Google 新闻",营收“转正” 招商银行如何“稳”住零售压舱石？ - cb.com.cn,"<a href=""https://news.google.com/rss/articles/CBMiYkFVX3lxTFBXMlFNd0p4a052Z3VibDZsT1pLa2JHczhpZm0wTWxwVDg0bXJnUXkydXpoQW9mVGdYQTl1RU5RQkViNk5TclJUb3pTeHE1RVJia0FUQ2NJMlVMZDhlQnREYzB3?oc=5"" target=""_blank"">营收“转正” 招商银行如何“稳”住零售压舱石？</a>&nbsp;&nbsp;<font color=""#6f6f6f"">cb.com.cn</font>",https://news.google.com/rss/articles/CBMiYkFVX3lxTFBXMlFNd0p4a052Z3VibDZsT1pLa2JHczhpZm0wTWxwVDg0bXJnUXkydXpoQW9mVGdYQTl1RU5RQkViNk5TclJUb3pTeHE1RVJia0FUQ2NJMlVMZDhlQnREYzB3?oc=5,招商银行,营收“转正” 招商银行如何“稳”住零售压舱石？ - cb.com.cn. 营收“转正” 招商银行如何“稳”住零售压舱石？ cb.com.cn,neutral,0.005995173,zh,bootstrap,mixed_real_news_v6
2026-04-02,2026-04-02T07:00:00+00:00,600036.SH,"""招商银行"" - Google 新闻",招商银行董事长缪建民称“招行员工很少准点下班” 不要乱理解成加班文化 - 新浪财经,"<a href=""https://news.google.com/rss/articles/CBMi_wFBVV95cUxQN0pIUW5ucl9QYUk2RnNmVGNvWTJkVHlSeEVJcmVRYmNTYmQzNFM0aHZhMlBGWjZDZkUtWWY2Qk9rMGo5UFlFQ0lBSzZxTWtaVGdUa2NSWXBFemE3X3dZR1JfRWdmbHN6VzAyeWZ6UEM1WWRhYUVXRS03VTl1d0NBUXhkY2NYUGI0NEV3U1h6RVlpNHZvalJQOGFTYjVwV3lUQzFfSkEtVERFVENwb1NhUmxjd1BCb0ZJci1FUzdhQVFxVDFtMW9sRzlGUDlBTUZIQU9vNUxibTM5aTF3RUpwVWFZdUV1SW5UQmx5RkpSWWFHQllaNUt0RzhnNHNmYXc?oc=5"" target=""_blank"">招商银行董事长缪建民称“招行员工很少准点下班” 不要乱理解成加班文化</a>&nbsp;&nbsp;<font color=""#6f6f6f"">新浪财经</font>",https://news.google.com/rss/articles/CBMi_wFBVV95cUxQN0pIUW5ucl9QYUk2RnNmVGNvWTJkVHlSeEVJcmVRYmNTYmQzNFM0aHZhMlBGWjZDZkUtWWY2Qk9rMGo5UFlFQ0lBSzZxTWtaVGdUa2NSWXBFemE3X3dZR1JfRWdmbHN6VzAyeWZ6UEM1WWRhYUVXRS03VTl1d0NBUXhkY2NYUGI0NEV3U1h6RVlpNHZvalJQOGFTYjVwV3lUQzFfSkEtVERFVENwb1NhUmxjd1BCb0ZJci1FUzdhQVFxVDFtMW9sRzlGUDlBTUZIQU9vNUxibTM5aTF3RUpwVWFZdUV1SW5UQmx5RkpSWWFHQllaNUt0RzhnNHNmYXc?oc=5,招商银行,招商银行董事长缪建民称“招行员工很少准点下班” 不要乱理解成加班文化 - 新浪财经. 招商银行董事长缪建民称“招行员工很少准点下班” 不要乱理解成加班文化 新浪财经,neutral,0.066309966,zh,bootstrap,mixed_real_news_v6
2026-04-02,2026-04-02T07:00:00+00:00,600036.SH,"""招商银行"" - Google 新闻",招商银行东莞分行：全国首创“四流合一”模式赋能连接器产业发展 - 21财经,"<a href=""https://news.google.com/rss/articles/CBMijwFBVV95cUxPQmJWMTkyVzdJSFpNNlF0M1Rpd000RnhqRkpJR1pUMkdCR0JFdVotNEN4RnduUzI5ZWpMSjh0Yl83QmRhN1g5WGNfeFdtdFdBMHZMTXd3VnVZaHpXZlJYTHl6OWVoVHpySm8tYlVSaHZ1Y1lVNEw4UEhqVlhrRE9HSzJpZGk0WTNSdkJldGpSYw?oc=5"" target=""_blank"">招商银行东莞分行：全国首创“四流合一”模式赋能连接器产业发展</a>&nbsp;&nbsp;<font color=""#6f6f6f"">21财经</font>",https://news.google.com/rss/articles/CBMijwFBVV95cUxPQmJWMTkyVzdJSFpNNlF0M1Rpd000RnhqRkpJR1pUMkdCR0JFdVotNEN4RnduUzI5ZWpMSjh0Yl83QmRhN1g5WGNfeFdtdFdBMHZMTXd3VnVZaHpXZlJYTHl6OWVoVHpySm8tYlVSaHZ1Y1lVNEw4UEhqVlhrRE9HSzJpZGk0WTNSdkJldGpSYw?oc=5,招商银行,招商银行东莞分行：全国首创“四流合一”模式赋能连接器产业发展 - 21财经. 招商银行东莞分行：全国首创“四流合一”模式赋能连接器产业发展 21财经,neutral,0.060714852,zh,bootstrap,mixed_real_news_v6
2026-04-03,2026-04-03T07:00:00+00:00,600036.SH,"""China Merchants Bank"" - Google News",China Merchants Bank Co (CIHHF) Gets a Buy from Bank of China - The Globe and Mail,"<a href=""https://news.google.com/rss/articles/CBMi3gFBVV95cUxQb3RoWUE1OEE5YnhJaTdwYko3aUVEekZnQmxtWk9WN2lUQTZxNUhKLTYwTzdWX2xIejFmb1A1X3dVeGF2bXpVS2ZPVnVMZkJ4eVdMSHB4MGtURDhkVnoxR2gtdlhvamFQUEhrSDZBeEJGUGhhbUVtSkw5Tm03MjBxWnNyRk1ZanhTdl9KR05RXzVFVXUtZEllZjY1YjMzXzloSjFDV0lPU2NVUFJ4cGw0TGhYODFQWlRZRDNnc09KMjZxWDVsSi1CM1Z6QktpU0lUZkx0NVVKaTRnRTJGTGc?oc=5"" target=""_blank"">China Merchants Bank Co (CIHHF) Gets a Buy from Bank of China</a>&nbsp;&nbsp;<font color=""#6f6f6f"">The Globe and Mail</font>",https://news.google.com/rss/articles/CBMi3gFBVV95cUxQb3RoWUE1OEE5YnhJaTdwYko3aUVEekZnQmxtWk9WN2lUQTZxNUhKLTYwTzdWX2xIejFmb1A1X3dVeGF2bXpVS2ZPVnVMZkJ4eVdMSHB4MGtURDhkVnoxR2gtdlhvamFQUEhrSDZBeEJGUGhhbUVtSkw5Tm03MjBxWnNyRk1ZanhTdl9KR05RXzVFVXUtZEllZjY1YjMzXzloSjFDV0lPU2NVUFJ4cGw0TGhYODFQWlRZRDNnc09KMjZxWDVsSi1CM1Z6QktpU0lUZkx0NVVKaTRnRTJGTGc?oc=5,China Merchants Bank,China Merchants Bank Co (CIHHF) Gets a Buy from Bank of China - The Globe and Mail. China Merchants Bank Co (CIHHF) Gets a Buy from Bank of China The Globe and Mail,neutral,0.34936926,en,bootstrap,mixed_real_news_v6
2026-04-05,2026-04-05T07:00:00+00:00,600036.SH,"""China Merchants Bank"" - Google News",China Renaissance Sticks to Its Buy Rating for China Merchants Bank Co (CIHHF) - The Globe and Mail,"<a href=""https://news.google.com/rss/articles/CBMi9AFBVV95cUxNZFUtVFBpM1pIMkkzWUVWRTZKbmRNM3JWZVlmLWE1THREM19rd05FN2NJNmd0OFpxc1E3TVczMzRqWXNyZ1lKY1ZGejUtcTVSeDZtMlNhVzQ4RFB1VFFGUW5HMjAzeEtmeGNrVU5Oc2RqSUQ0SElla2Z4cFRuOWJlR2FKekJEbVhqMG5wNy1CNDF3TWFPLTAwVWFtOFFLX1Rma0tYMl9aLU14aXFrN3ozY1NIcm95STAyTWdEZVd6aGlSZ3o3UWdnMjdfal85WjJpcjNRLVRNQXlKVjRYRnB2cF9fX0tvSERDajhtdGZRd0Q1RFF5?oc=5"" target=""_blank"">China Renaissance Sticks to Its Buy Rating for China Merchants Bank Co (CIHHF)</a>&nbsp;&nbsp;<font color=""#6f6f6f"">The Globe and Mail</font>",https://news.google.com/rss/articles/CBMi9AFBVV95cUxNZFUtVFBpM1pIMkkzWUVWRTZKbmRNM3JWZVlmLWE1THREM19rd05FN2NJNmd0OFpxc1E3TVczMzRqWXNyZ1lKY1ZGejUtcTVSeDZtMlNhVzQ4RFB1VFFGUW5HMjAzeEtmeGNrVU5Oc2RqSUQ0SElla2Z4cFRuOWJlR2FKekJEbVhqMG5wNy1CNDF3TWFPLTAwVWFtOFFLX1Rma0tYMl9aLU14aXFrN3ozY1NIcm95STAyTWdEZVd6aGlSZ3o3UWdnMjdfal85WjJpcjNRLVRNQXlKVjRYRnB2cF9fX0tvSERDajhtdGZRd0Q1RFF5?oc=5,China Merchants Bank,China Renaissance Sticks to Its Buy Rating for China Merchants Bank Co (CIHHF) - The Globe and Mail. China Renaissance Sticks to Its Buy Rating for China Merchants Bank Co (CIHHF) The Globe and Mail,neutral,0.04830012,en,bootstrap,mixed_real_news_v6
2026-04-08,2026-04-08T07:00:00+00:00,600036.SH,"""600036"" - Google 新闻",东海研究 | 招商银行（600036）：息差压力缓解，财富管理修复延续 - 新浪财经,"<a href=""https://news.google.com/rss/articles/CBMihAFBVV95cUxPdUo4eWE0VVBmdHRuWE55RDJaWEFSWnJzRVFIMmVnV2dSbWRTaE5TOTVzZ29ZYmlaeTZRbHpiTTk5UzdtX1pjaW9wc3M2d3llb2JUOF9rR09QQjlRQi1OTExkR2paS1FuUmJiZTZIMkUtNkxBdUVSN1RCLWFlSmw2SU5VZlU?oc=5"" target=""_blank"">东海研究 | 招商银行（600036）：息差压力缓解，财富管理修复延续</a>&nbsp;&nbsp;<font color=""#6f6f6f"">新浪财经</font>",https://news.google.com/rss/articles/CBMihAFBVV95cUxPdUo4eWE0VVBmdHRuWE55RDJaWEFSWnJzRVFIMmVnV2dSbWRTaE5TOTVzZ29ZYmlaeTZRbHpiTTk5UzdtX1pjaW9wc3M2d3llb2JUOF9rR09QQjlRQi1OTExkR2paS1FuUmJiZTZIMkUtNkxBdUVSN1RCLWFlSmw2SU5VZlU?oc=5,600036,东海研究 | 招商银行（600036）：息差压力缓解，财富管理修复延续 - 新浪财经. 东海研究 | 招商银行（600036）：息差压力缓解，财富管理修复延续 新浪财经,neutral,0.019957457,zh,bootstrap,mixed_real_news_v6
2026-04-09,2026-04-09T07:00:00+00:00,600036.SH,"""China Merchants Bank"" - Google News","China Merchants Bank Co., Ltd. 2025 Q4 - Results - Earnings Call Presentation (OTCMKTS:CIHKY) 2026-04-09 - Seeking Alpha","<a href=""https://news.google.com/rss/articles/CBMisAFBVV95cUxQcmx3Yml4RWU2bkpjZUlwMS1pemszVU5RN3dFUG13SjAxYzJqUWgzbEgya3RRNTYxRS14bjlQMWpoaU1sSG1DYmtZdzc1SmZmMHNkQ1dCY1dubENLVFJ1V0hER0VjVHAwUXEzWGRYb2YzQWZKajE2S2Juc2V1bW41S3B1UnF5YjgxRGxpcGxpd2F4OU9UYnFHbmsxRDlrdzhyQXlRc2RndnpEUkZTcnVncQ?oc=5"" target=""_blank"">China Merchants Bank Co., Ltd. 2025 Q4 - Results - Earnings Call Presentation (OTCMKTS:CIHKY) 2026-04-09</a>&nbsp;&nbsp;<font color=""#6f6f6f"">Seeking Alpha</font>",https://news.google.com/rss/articles/CBMisAFBVV95cUxQcmx3Yml4RWU2bkpjZUlwMS1pemszVU5RN3dFUG13SjAxYzJqUWgzbEgya3RRNTYxRS14bjlQMWpoaU1sSG1DYmtZdzc1SmZmMHNkQ1dCY1dubENLVFJ1V0hER0VjVHAwUXEzWGRYb2YzQWZKajE2S2Juc2V1bW41S3B1UnF5YjgxRGxpcGxpd2F4OU9UYnFHbmsxRDlrdzhyQXlRc2RndnpEUkZTcnVncQ?oc=5,China Merchants Bank,"China Merchants Bank Co., Ltd. 2025 Q4 - Results - Earnings Call Presentation (OTCMKTS:CIHKY) 2026-04-09 - Seeking Alpha. China Merchants Bank Co., Ltd. 2025 Q4 - Results - Earnings Call Presentation (OTCMKTS:CIHKY) 2026-04-09 Seeking Alpha",neutral,0.03089956,en,bootstrap,mixed_real_news_v6
2026-04-09,2026-04-09T07:00:00+00:00,600036.SH,"""China Merchants Bank"" - Google News",China Merchants Bank to Fully Redeem and Delist 2017 Domestic Preference Shares - TipRanks,"<a href=""https://news.google.com/rss/articles/CBMiywFBVV95cUxPTHBIWnlCLXE1aGkzaTBLT0xHT0FWLUphX1l6cjVUZmFybkxqRFAtSzkwNFJHY3BmZlNWdXJZS2tCN1FxQ19JYVg4S0pVUkRqUFp1OHFMU1pzbVVmb3dtMXlJVWZwQnJRbGNYZ0VJRkRaNWk3cEFJdkhaNGVNNWZIQzVVZTBmcTloajdBbTVBY1dXVVNHWVloVS1pdzJXdjluR3hNcGNZeG5Sb0VfdEM1WmV4OUM2dVpBQ3piOVJLb3BDNUxxSDNsQ3l6aw?oc=5"" target=""_blank"">China Merchants Bank to Fully Redeem and Delist 2017 Domestic Preference Shares</a>&nbsp;&nbsp;<font color=""#6f6f6f"">TipRanks</font>",https://news.google.com/rss/articles/CBMiywFBVV95cUxPTHBIWnlCLXE1aGkzaTBLT0xHT0FWLUphX1l6cjVUZmFybkxqRFAtSzkwNFJHY3BmZlNWdXJZS2tCN1FxQ19JYVg4S0pVUkRqUFp1OHFMU1pzbVVmb3dtMXlJVWZwQnJRbGNYZ0VJRkRaNWk3cEFJdkhaNGVNNWZIQzVVZTBmcTloajdBbTVBY1dXVVNHWVloVS1pdzJXdjluR3hNcGNZeG5Sb0VfdEM1WmV4OUM2dVpBQ3piOVJLb3BDNUxxSDNsQ3l6aw?oc=5,China Merchants Bank,China Merchants Bank to Fully Redeem and Delist 2017 Domestic Preference Shares - TipRanks. China Merchants Bank to Fully Redeem and Delist 2017 Domestic Preference Shares TipRanks,neutral,0.043738335,en,bootstrap,mixed_real_news_v6
2026-04-09,2026-04-09T07:00:00+00:00,600036.SH,"""招商银行"" - Google 新闻",招商银行：4月14日优先股停牌 次日赎回注销2.75亿股优先股 - 东方财富,"<a href=""https://news.google.com/rss/articles/CBMiZkFVX3lxTE5kTWtoWmsxVi1iLUZ0VnN5NEtWemstak9wZ0x6MW94YUFXMVhtMmZJc2YyLVFmX2x1a3Rwa3lQZUtsSXpmR0tBYXR0bGFjZWc5ZTJPUFltOV9ldFcwb09LX2RPdkt4Zw?oc=5"" target=""_blank"">招商银行：4月14日优先股停牌 次日赎回注销2.75亿股优先股</a>&nbsp;&nbsp;<font color=""#6f6f6f"">东方财富</font>",https://news.google.com/rss/articles/CBMiZkFVX3lxTE5kTWtoWmsxVi1iLUZ0VnN5NEtWemstak9wZ0x6MW94YUFXMVhtMmZJc2YyLVFmX2x1a3Rwa3lQZUtsSXpmR0tBYXR0bGFjZWc5ZTJPUFltOV9ldFcwb09LX2RPdkt4Zw?oc=5,招商银行,招商银行：4月14日优先股停牌 次日赎回注销2.75亿股优先股 - 东方财富. 招商银行：4月14日优先股停牌 次日赎回注销2.75亿股优先股 东方财富,neutral,0.01023037,zh,bootstrap,mixed_real_news_v6
2026-04-13,2026-04-13T07:05:00+00:00,600036.SH,"""招商银行"" - Google 新闻",招商信诺协同招商银行及其子公司共绘3•15 消保同心圆 - 美通社,"<a href=""https://news.google.com/rss/articles/CBMiV0FVX3lxTFBfLThnSEtIbmpEUl9ZSHZwWDhlTzZJcUloNVVrMXJCRVZGVmpubWFpWXZtelp0ai1LdWU0eWpncVdFdXNMbEJTdmJpMG1TNmV0RVcxMnJ5cw?oc=5"" target=""_blank"">招商信诺协同招商银行及其子公司共绘3•15 消保同心圆</a>&nbsp;&nbsp;<font color=""#6f6f6f"">美通社</font>",https://news.google.com/rss/articles/CBMiV0FVX3lxTFBfLThnSEtIbmpEUl9ZSHZwWDhlTzZJcUloNVVrMXJCRVZGVmpubWFpWXZtelp0ai1LdWU0eWpncVdFdXNMbEJTdmJpMG1TNmV0RVcxMnJ5cw?oc=5,招商银行,招商信诺协同招商银行及其子公司共绘3•15 消保同心圆 - 美通社. 招商信诺协同招商银行及其子公司共绘3•15 消保同心圆 美通社,neutral,0.083362624,zh,bootstrap,mixed_real_news_v6
2026-04-14,2026-04-14T07:00:00+00:00,600036.SH,"""China Merchants Bank"" - Google 新闻",招商银行伦敦分行拟发行3年期人民币债券，初始指导价2.25% - 新浪财经,"<a href=""https://news.google.com/rss/articles/CBMiiwFBVV95cUxNZzl0VU1ZUEs3N1Bxb2loSHhwRk12aklZVGVWTWEwZURnU214bjQtQjd0VFJMUk1lY3Z6dzRRV1pURFNMNHpad3E5dkh3MFJwLTlxSmpwSE5GWWlMdFBvM1BNb3hfVTF4VWJwR1pqdGc0eUZqNll2eDhOZmo4LVVxa1VLV2hNY2U2dW1F?oc=5"" target=""_blank"">招商银行伦敦分行拟发行3年期人民币债券，初始指导价2.25%</a>&nbsp;&nbsp;<font color=""#6f6f6f"">新浪财经</font>",https://news.google.com/rss/articles/CBMiiwFBVV95cUxNZzl0VU1ZUEs3N1Bxb2loSHhwRk12aklZVGVWTWEwZURnU214bjQtQjd0VFJMUk1lY3Z6dzRRV1pURFNMNHpad3E5dkh3MFJwLTlxSmpwSE5GWWlMdFBvM1BNb3hfVTF4VWJwR1pqdGc0eUZqNll2eDhOZmo4LVVxa1VLV2hNY2U2dW1F?oc=5,China Merchants Bank,招商银行伦敦分行拟发行3年期人民币债券，初始指导价2.25% - 新浪财经. 招商银行伦敦分行拟发行3年期人民币债券，初始指导价2.25% 新浪财经,neutral,0.020176493,zh,bootstrap,mixed_real_news_v6
2026-04-15,2026-04-15T07:00:00+00:00,600036.SH,"""China Merchants Bank"" - Google News",China Merchants Bank Raises RMB30 Billion Through Additional Tier 1 Capital Bonds - TipRanks,"<a href=""https://news.google.com/rss/articles/CBMizgFBVV95cUxOb3NoWVFkYlRVTHdiVy1ZMnExai1TNTRiMzJOWkdreHRzM2VkX3Z4RjEySFFBc1BVOVNKYzczcUJWVm9QN3BNcW9WbF9YMDdnNVlkSl9JTkE4WGFIYzg5dGtmeGNVUEZ5Qk9QWlp4Vm9KVmxwOFJNc1JoYkNKZXpyN2VlYkY4TEVFb2U3Q3ctVElnNUNpMFZMQkNjMy1FTzZpZUpySXhoVTdqM1JKLVRYY1JYYWlUblpGTVAzaVZtQmVob2dMbmk5S3A5ZEFTQQ?oc=5"" target=""_blank"">China Merchants Bank Raises RMB30 Billion Through Additional Tier 1 Capital Bonds</a>&nbsp;&nbsp;<font color=""#6f6f6f"">TipRanks</font>",https://news.google.com/rss/articles/CBMizgFBVV95cUxOb3NoWVFkYlRVTHdiVy1ZMnExai1TNTRiMzJOWkdreHRzM2VkX3Z4RjEySFFBc1BVOVNKYzczcUJWVm9QN3BNcW9WbF9YMDdnNVlkSl9JTkE4WGFIYzg5dGtmeGNVUEZ5Qk9QWlp4Vm9KVmxwOFJNc1JoYkNKZXpyN2VlYkY4TEVFb2U3Q3ctVElnNUNpMFZMQkNjMy1FTzZpZUpySXhoVTdqM1JKLVRYY1JYYWlUblpGTVAzaVZtQmVob2dMbmk5S3A5ZEFTQQ?oc=5,China Merchants Bank,China Merchants Bank Raises RMB30 Billion Through Additional Tier 1 Capital Bonds - TipRanks. China Merchants Bank Raises RMB30 Billion Through Additional Tier 1 Capital Bonds TipRanks,positive,0.80074835,en,bootstrap,mixed_real_news_v6
2026-04-15,2026-04-15T07:00:00+00:00,600036.SH,"""招商银行"" - Google 新闻",招商银行：300亿元无固定期限资本债券完成发行 - 东方财富,"<a href=""https://news.google.com/rss/articles/CBMiYEFVX3lxTE1RY0xEbVRtUzhvYk9SdmNuc1lUT3JRS3NpZVVnQm93TmUwQ2YwQUdyaEVPQ0J3NmhwY3lHc1VWLTBoUEQxaVVMVUxLc0w4NmVvVWs0NWlyWHFSTnNadXdQUQ?oc=5"" target=""_blank"">招商银行：300亿元无固定期限资本债券完成发行</a>&nbsp;&nbsp;<font color=""#6f6f6f"">东方财富</font>",https://news.google.com/rss/articles/CBMiYEFVX3lxTE1RY0xEbVRtUzhvYk9SdmNuc1lUT3JRS3NpZVVnQm93TmUwQ2YwQUdyaEVPQ0J3NmhwY3lHc1VWLTBoUEQxaVVMVUxLc0w4NmVvVWs0NWlyWHFSTnNadXdQUQ?oc=5,招商银行,招商银行：300亿元无固定期限资本债券完成发行 - 东方财富. 招商银行：300亿元无固定期限资本债券完成发行 东方财富,neutral,0.046523087,zh,bootstrap,mixed_real_news_v6
2026-04-15,2026-04-15T07:00:00+00:00,600036.SH,"""招商银行"" - Google 新闻",招商银行西安分行携手上交所“开讲” - 西部网,"<a href=""https://news.google.com/rss/articles/CBMiYEFVX3lxTE84Tk9aemdqQ2lSM2pWTnBvRWVTdnRZNndBOXlLTlNIWUJqY3lQd3RtSUFlSnNnd3VNcHM3QzNXUkgtMzJsWUF5Yk84d0swTmkxdTQzS09pVmFreW1kbFFGYw?oc=5"" target=""_blank"">招商银行西安分行携手上交所“开讲”</a>&nbsp;&nbsp;<font color=""#6f6f6f"">西部网</font>",https://news.google.com/rss/articles/CBMiYEFVX3lxTE84Tk9aemdqQ2lSM2pWTnBvRWVTdnRZNndBOXlLTlNIWUJqY3lQd3RtSUFlSnNnd3VNcHM3QzNXUkgtMzJsWUF5Yk84d0swTmkxdTQzS09pVmFreW1kbFFGYw?oc=5,招商银行,招商银行西安分行携手上交所“开讲” - 西部网. 招商银行西安分行携手上交所“开讲” 西部网,neutral,0.115208104,zh,bootstrap,mixed_real_news_v6
2026-04-15,2026-04-15T07:00:00+00:00,600036.SH,"""招商银行"" - Google 新闻",招商银行完成发行300亿元无固定期限资本债券 - 东方财富,"<a href=""https://news.google.com/rss/articles/CBMiZkFVX3lxTE9QT2t3VjdramdremtObnVSZk5jVUtISzNFVjdpSC04VzZoc25TTVdNQ09QcFdzLXlQN2VQNHN6NFVudkh6Y2RGdWpJTXpsVHltMDB3QjlLSGRSaG5sZnZnVnV4UUFFQQ?oc=5"" target=""_blank"">招商银行完成发行300亿元无固定期限资本债券</a>&nbsp;&nbsp;<font color=""#6f6f6f"">东方财富</font>",https://news.google.com/rss/articles/CBMiZkFVX3lxTE9QT2t3VjdramdremtObnVSZk5jVUtISzNFVjdpSC04VzZoc25TTVdNQ09QcFdzLXlQN2VQNHN6NFVudkh6Y2RGdWpJTXpsVHltMDB3QjlLSGRSaG5sZnZnVnV4UUFFQQ?oc=5,招商银行,招商银行完成发行300亿元无固定期限资本债券 - 东方财富. 招商银行完成发行300亿元无固定期限资本债券 东方财富,neutral,0.05456181,zh,bootstrap,mixed_real_news_v6
2026-04-15,2026-04-15T07:00:00+00:00,600036.SH,"""招商银行"" - Google 新闻",招商银行(03968)完成发行300亿元无固定期限资本债券 - 新浪财经,"<a href=""https://news.google.com/rss/articles/CBMib0FVX3lxTFBWWFJfanR5c0txeVg4eWdOV29rcGVyN3FuNXhLM0R2VzFWd1U4NmVoNXNhQ2xvUWJDVGdESzlQTXJ4c3Q1MWFKUnpramt4WDlfMjFtY1RfQzhaVzNsOHU5ZU5Fb1JIV0FmdUw0NDJINA?oc=5"" target=""_blank"">招商银行(03968)完成发行300亿元无固定期限资本债券</a>&nbsp;&nbsp;<font color=""#6f6f6f"">新浪财经</font>",https://news.google.com/rss/articles/CBMib0FVX3lxTFBWWFJfanR5c0txeVg4eWdOV29rcGVyN3FuNXhLM0R2VzFWd1U4NmVoNXNhQ2xvUWJDVGdESzlQTXJ4c3Q1MWFKUnpramt4WDlfMjFtY1RfQzhaVzNsOHU5ZU5Fb1JIV0FmdUw0NDJINA?oc=5,招商银行,招商银行(03968)完成发行300亿元无固定期限资本债券 - 新浪财经. 招商银行(03968)完成发行300亿元无固定期限资本债券 新浪财经,neutral,0.023102019,zh,bootstrap,mixed_real_news_v6
2026-04-16,2026-04-16T08:19:00+00:00,600036.SH,"""China Merchants Bank"" - Google News","CICC forecasts that the net profit of Chinese banking stocks will increase by 2% year-on-year in the first quarter, with a focus on major state-owned banks, China Merchants Bank, and Minsheng Bank. - 富途牛牛","<a href=""https://news.google.com/rss/articles/CBMiowFBVV95cUxQenRUakd5Uy1kajJyUkdGdTJTSXMzaU0zLTJZNHlRaW5uSUZlT3ZjbWh5Y3hUcm43WjhnSlcyNUxjaEVYdUFDMUF2Q0VaR04tanFQUHd5cF9sR0FBTmdmdHdDcmdKWkVGdEExTDVTbFlxRmUyNldSSU1ZOGRMR1E0anRHNzdua3djc0k0WVJSUEV0ZTZERW9sQmFpVVpjbkdsNEtF?oc=5"" target=""_blank"">CICC forecasts that the net profit of Chinese banking stocks will increase by 2% year-on-year in the first quarter, with a focus on major state-owned banks, China Merchants Bank, and Minsheng Bank.</a>&nbsp;&nbsp;<font color=""#6f6f6f"">富途牛牛</font>",https://news.google.com/rss/articles/CBMiowFBVV95cUxQenRUakd5Uy1kajJyUkdGdTJTSXMzaU0zLTJZNHlRaW5uSUZlT3ZjbWh5Y3hUcm43WjhnSlcyNUxjaEVYdUFDMUF2Q0VaR04tanFQUHd5cF9sR0FBTmdmdHdDcmdKWkVGdEExTDVTbFlxRmUyNldSSU1ZOGRMR1E0anRHNzdua3djc0k0WVJSUEV0ZTZERW9sQmFpVVpjbkdsNEtF?oc=5,China Merchants Bank,"CICC forecasts that the net profit of Chinese banking stocks will increase by 2% year-on-year in the first quarter, with a focus on major state-owned banks, China Merchants Bank, and Minsheng Bank. - 富途牛牛. CICC forecasts that the net profit of Chinese banking stocks will increase by 2% year-on-year in the first quarter, with a focus on major state-owned banks, China Merchants Bank, and Minsheng Bank. 富途牛牛",positive,0.9099098,en,bootstrap,mixed_real_news_v6
2026-04-21,2026-04-21T07:00:00+00:00,600036.SH,"""招商银行"" - Google 新闻",招商银行：融资净买入1552.38万元，融资余额114.07亿元 - 东方财富,"<a href=""https://news.google.com/rss/articles/CBMiYEFVX3lxTE8xSDdRdUhXbjVkSFlXMm13MHd2bS1xNWNHbE91VlVKeHNsemlIaVBzcGl1STcxS1JHSjhDUWlCWmozYl9JdWRmNnV6V2p6VFRDbjlmUGxmeUl0b2Y4UVhRMA?oc=5"" target=""_blank"">招商银行：融资净买入1552.38万元，融资余额114.07亿元</a>&nbsp;&nbsp;<font color=""#6f6f6f"">东方财富</font>",https://news.google.com/rss/articles/CBMiYEFVX3lxTE8xSDdRdUhXbjVkSFlXMm13MHd2bS1xNWNHbE91VlVKeHNsemlIaVBzcGl1STcxS1JHSjhDUWlCWmozYl9JdWRmNnV6V2p6VFRDbjlmUGxmeUl0b2Y4UVhRMA?oc=5,招商银行,招商银行：融资净买入1552.38万元，融资余额114.07亿元 - 东方财富. 招商银行：融资净买入1552.38万元，融资余额114.07亿元 东方财富,neutral,0.006597806,zh,bootstrap,mixed_real_news_v6
2026-04-22,2026-04-22T07:00:00+00:00,600036.SH,"""China Merchants Bank"" - Google News","China Merchants Bank (03968.HK) has been approved for the trading of its 3 billion yuan notes, which mature in 2029 and carry a coupon rate of 1.73%. - 富途牛牛","<a href=""https://news.google.com/rss/articles/CBMinAFBVV95cUxQT2ZuN0VleTl0X3NuX0hVUjlseGZsQXlPbXVOZkRQSnp5Y2FFNGhLa1pJYlhtRC1YeE5mTEJmTkZNZFlOVTJWRHR1emtVRXRJcXd1dUtJOVlWaUVVc2VPUEhLb2l0T0NkandQLXRkT0VHMWNwQ2h4SklFNHRRM055c3ktbFhlRUxlckxoYUYwQXMxNHBGbVF3RkFmNEc?oc=5"" target=""_blank"">China Merchants Bank (03968.HK) has been approved for the trading of its 3 billion yuan notes, which mature in 2029 and carry a coupon rate of 1.73%.</a>&nbsp;&nbsp;<font color=""#6f6f6f"">富途牛牛</font>",https://news.google.com/rss/articles/CBMinAFBVV95cUxQT2ZuN0VleTl0X3NuX0hVUjlseGZsQXlPbXVOZkRQSnp5Y2FFNGhLa1pJYlhtRC1YeE5mTEJmTkZNZFlOVTJWRHR1emtVRXRJcXd1dUtJOVlWaUVVc2VPUEhLb2l0T0NkandQLXRkT0VHMWNwQ2h4SklFNHRRM055c3ktbFhlRUxlckxoYUYwQXMxNHBGbVF3RkFmNEc?oc=5,China Merchants Bank,"China Merchants Bank (03968.HK) has been approved for the trading of its 3 billion yuan notes, which mature in 2029 and carry a coupon rate of 1.73%. - 富途牛牛. China Merchants Bank (03968.HK) has been approved for the trading of its 3 billion yuan notes, which mature in 2029 and carry a coupon rate of 1.73%. 富途牛牛",neutral,0.059653647,en,bootstrap,mixed_real_news_v6
2026-04-22,2026-04-22T07:00:00+00:00,600036.SH,"""招商银行"" - Google 新闻",“纸鸢乘风 招享春趣” 招商银行西安分行成功举办风筝节品牌活动 - 西部网,"<a href=""https://news.google.com/rss/articles/CBMiY0FVX3lxTE9yTEdUbzRmbmNORG40Z1dKWXNQNXp1d2dEQzZQampBREZxd3BvdGJINE1ta0RRQUJ5ZHhUS0Rxc2tGYmR5REhybFhPTzZNSmZXNVFlZ1VSeHE2UGh2SlhleHd0SQ?oc=5"" target=""_blank"">“纸鸢乘风 招享春趣” 招商银行西安分行成功举办风筝节品牌活动</a>&nbsp;&nbsp;<font color=""#6f6f6f"">西部网</font>",https://news.google.com/rss/articles/CBMiY0FVX3lxTE9yTEdUbzRmbmNORG40Z1dKWXNQNXp1d2dEQzZQampBREZxd3BvdGJINE1ta0RRQUJ5ZHhUS0Rxc2tGYmR5REhybFhPTzZNSmZXNVFlZ1VSeHE2UGh2SlhleHd0SQ?oc=5,招商银行,“纸鸢乘风 招享春趣” 招商银行西安分行成功举办风筝节品牌活动 - 西部网. “纸鸢乘风 招享春趣” 招商银行西安分行成功举办风筝节品牌活动 西部网,neutral,0.07591309,zh,bootstrap,mixed_real_news_v6
2026-04-23,2026-04-23T01:58:00+00:00,600036.SH,"""China Merchants Bank"" - Google News",CHINA MERCHANTS BANK (03968.HK) London Branch Issues RMB3 billion Notes at 1.73% Coupon - AASTOCKS.com,"<a href=""https://news.google.com/rss/articles/CBMiggFBVV95cUxOOXVSZkUxb3lYU2l2dHRQU2VzOUpkM2xDX0p1cVp5dHkwdkhpN2lLb1hvMEN4eFhzQmNOSzh3TnVJaTczYmVWSDlRc21kN2p2MERDNk5hN0ZsUUtPNlBrMWMxYndlQ1k4TUthWUlyOEE4b1lES3BDVUh6Ul9qbGJrcmxR?oc=5"" target=""_blank"">CHINA MERCHANTS BANK (03968.HK) London Branch Issues RMB3 billion Notes at 1.73% Coupon</a>&nbsp;&nbsp;<font color=""#6f6f6f"">AASTOCKS.com</font>",https://news.google.com/rss/articles/CBMiggFBVV95cUxOOXVSZkUxb3lYU2l2dHRQU2VzOUpkM2xDX0p1cVp5dHkwdkhpN2lLb1hvMEN4eFhzQmNOSzh3TnVJaTczYmVWSDlRc21kN2p2MERDNk5hN0ZsUUtPNlBrMWMxYndlQ1k4TUthWUlyOEE4b1lES3BDVUh6Ul9qbGJrcmxR?oc=5,China Merchants Bank,CHINA MERCHANTS BANK (03968.HK) London Branch Issues RMB3 billion Notes at 1.73% Coupon - AASTOCKS.com. CHINA MERCHANTS BANK (03968.HK) London Branch Issues RMB3 billion Notes at 1.73% Coupon AASTOCKS.com,neutral,0.017175019,en,bootstrap,mixed_real_news_v6
2026-04-24,2026-04-24T14:43:39+00:00,600036.SH,"""招商银行"" - Google 新闻",招商银行长沙分行“科技+票据”赋能实体经济发展 - 湖南红网,"<a href=""https://news.google.com/rss/articles/CBMiZkFVX3lxTE9kREZHNFBMUE00aFJJVVNXT0ZiSWVwSXZjczA5dy1Vd08ySi1GR0EzX3BuWTJNYTBNTkVleFB3WmVESWJCSWJ3dlNOM2g4ZWVMTng5T1l0WFJ1VGdEdENwNXo1TnVUUQ?oc=5"" target=""_blank"">招商银行长沙分行“科技+票据”赋能实体经济发展</a>&nbsp;&nbsp;<font color=""#6f6f6f"">湖南红网</font>",https://news.google.com/rss/articles/CBMiZkFVX3lxTE9kREZHNFBMUE00aFJJVVNXT0ZiSWVwSXZjczA5dy1Vd08ySi1GR0EzX3BuWTJNYTBNTkVleFB3WmVESWJCSWJ3dlNOM2g4ZWVMTng5T1l0WFJ1VGdEdENwNXo1TnVUUQ?oc=5,招商银行,招商银行长沙分行“科技+票据”赋能实体经济发展 - 湖南红网. 招商银行长沙分行“科技+票据”赋能实体经济发展 湖南红网,neutral,0.054569904,zh,bootstrap,mixed_real_news_v6
2026-04-25,2026-04-25T07:00:00+00:00,600036.SH,"""China Merchants Bank"" - Google News",China Merchants Bank (OTCMKTS:CIHKY) Upgraded at Zacks Research - MarketBeat,"<a href=""https://news.google.com/rss/articles/CBMitAFBVV95cUxPT2w3ZjVGTkZsdlEwTERPVnF4NUZuNVdXUWRrUkFDVmlLWmkzT3NJWXktVDkwdGFYNWlJaFBPLXpPcHZ3NHZwb0RhbU5laExoTUZZa2RQQ2JRUm50RmJxV0lqRlAyTDI5Yk91WlFNUnB3MTV4QmJTVXZucUNHblY0WHVzYk9UZ1Y4al9rRmFsWmtRcE95cG5Wdk43ZHBjbER4WlJRUWJZclhRUXJXSEl1aHRVTjc?oc=5"" target=""_blank"">China Merchants Bank (OTCMKTS:CIHKY) Upgraded at Zacks Research</a>&nbsp;&nbsp;<font color=""#6f6f6f"">MarketBeat</font>",https://news.google.com/rss/articles/CBMitAFBVV95cUxPT2w3ZjVGTkZsdlEwTERPVnF4NUZuNVdXUWRrUkFDVmlLWmkzT3NJWXktVDkwdGFYNWlJaFBPLXpPcHZ3NHZwb0RhbU5laExoTUZZa2RQQ2JRUm50RmJxV0lqRlAyTDI5Yk91WlFNUnB3MTV4QmJTVXZucUNHblY0WHVzYk9UZ1Y4al9rRmFsWmtRcE95cG5Wdk43ZHBjbER4WlJRUWJZclhRUXJXSEl1aHRVTjc?oc=5,China Merchants Bank,China Merchants Bank (OTCMKTS:CIHKY) Upgraded at Zacks Research - MarketBeat. China Merchants Bank (OTCMKTS:CIHKY) Upgraded at Zacks Research MarketBeat,positive,0.7046423,en,bootstrap,mixed_real_news_v6
2026-04-25,2026-04-25T07:00:00+00:00,600036.SH,"""招商银行"" - Google 新闻",招商银行：融资净买入1.28亿元，融资余额116.03亿元 - 东方财富,"<a href=""https://news.google.com/rss/articles/CBMiYEFVX3lxTFBfRUxyM2JxUDdHY01KUlY4d3d5eXFOM25wdWJ3Wk9CWS1ONDJVdDRwVi1aS1ltSWliTUFibHotczktNFNhVy1CeTF2VHh6NFNOa0V5OWNuc2F0Y1I4NXNnMg?oc=5"" target=""_blank"">招商银行：融资净买入1.28亿元，融资余额116.03亿元</a>&nbsp;&nbsp;<font color=""#6f6f6f"">东方财富</font>",https://news.google.com/rss/articles/CBMiYEFVX3lxTFBfRUxyM2JxUDdHY01KUlY4d3d5eXFOM25wdWJ3Wk9CWS1ONDJVdDRwVi1aS1ltSWliTUFibHotczktNFNhVy1CeTF2VHh6NFNOa0V5OWNuc2F0Y1I4NXNnMg?oc=5,招商银行,招商银行：融资净买入1.28亿元，融资余额116.03亿元 - 东方财富. 招商银行：融资净买入1.28亿元，融资余额116.03亿元 东方财富,neutral,0.01340377,zh,bootstrap,mixed_real_news_v6
2026-04-27,2026-04-27T10:31:23+00:00,600036.SH,"""China Merchants Bank"" - Google News",China Merchants Bank announced as a founding partner for Centenary Tables Programme - Table Tennis England,"<a href=""https://news.google.com/rss/articles/CBMiywFBVV95cUxOTm5kaFNpM1JxalMwaHlxVndiZWplOFVnbUtoN1Y0RUFyandYOThtaUFmSDBja3VUd1lrMmRXWFpGT1J1cEduR3JvS3FmVHlFUTZjUHhpNVduemd5bWRDN05qckVrQVlYREZVVDM3cmY5a2t0c1lUTE44QjFxUGk0TkZiYnhSQ09IUGRmWm4xN0MyN3Z3YlhwajBpQmRPVklBSk5kdV9yWVZYQXpLa2NiTkhqYnp1a21rUll0OUNadU9Xdkp1WmxsbFhvYw?oc=5"" target=""_blank"">China Merchants Bank announced as a founding partner for Centenary Tables Programme</a>&nbsp;&nbsp;<font color=""#6f6f6f"">Table Tennis England</font>",https://news.google.com/rss/articles/CBMiywFBVV95cUxOTm5kaFNpM1JxalMwaHlxVndiZWplOFVnbUtoN1Y0RUFyandYOThtaUFmSDBja3VUd1lrMmRXWFpGT1J1cEduR3JvS3FmVHlFUTZjUHhpNVduemd5bWRDN05qckVrQVlYREZVVDM3cmY5a2t0c1lUTE44QjFxUGk0TkZiYnhSQ09IUGRmWm4xN0MyN3Z3YlhwajBpQmRPVklBSk5kdV9yWVZYQXpLa2NiTkhqYnp1a21rUll0OUNadU9Xdkp1WmxsbFhvYw?oc=5,China Merchants Bank,China Merchants Bank announced as a founding partner for Centenary Tables Programme - Table Tennis England. China Merchants Bank announced as a founding partner for Centenary Tables Programme Table Tennis England,neutral,0.16447318,en,bootstrap,mixed_real_news_v6
2026-04-27,2026-04-27T14:21:00+00:00,600036.SH,"""招商银行"" - Google 新闻",招商银行东莞分行：打造全天候金融便民窗口 - 21财经,"<a href=""https://news.google.com/rss/articles/CBMijwFBVV95cUxNQnZMT0V3U0ZuUzZyVVRoWmFISjBkMUJybTdIblZjdVFDQUdETFhTeVpkVkhRSXdBclhKYkZfek44VkxYcEl1QjM0c0htVmlsODV0RTB5a0poaGhhS3RXaXZzeWM0WjBKTDBfa21XVGZuNVhZQ1d1MUJ1MVhWQlR3YmVGWDVhZWV5aFotZEpxNA?oc=5"" target=""_blank"">招商银行东莞分行：打造全天候金融便民窗口</a>&nbsp;&nbsp;<font color=""#6f6f6f"">21财经</font>",https://news.google.com/rss/articles/CBMijwFBVV95cUxNQnZMT0V3U0ZuUzZyVVRoWmFISjBkMUJybTdIblZjdVFDQUdETFhTeVpkVkhRSXdBclhKYkZfek44VkxYcEl1QjM0c0htVmlsODV0RTB5a0poaGhhS3RXaXZzeWM0WjBKTDBfa21XVGZuNVhZQ1d1MUJ1MVhWQlR3YmVGWDVhZWV5aFotZEpxNA?oc=5,招商银行,招商银行东莞分行：打造全天候金融便民窗口 - 21财经. 招商银行东莞分行：打造全天候金融便民窗口 21财经,neutral,0.059227757,zh,bootstrap,mixed_real_news_v6
2026-04-28,2026-04-28T00:11:21+00:00,600036.SH,"""China Merchants Bank"" - Google News","Jushuitan (06687) shareholders have deposited shares into China Merchants Bank International Securities, with a total market value of HKD 529 million. - Moomoo","<a href=""https://news.google.com/rss/articles/CBMiugFBVV95cUxQV3BLT21kUUVsMzVnNTc3Y2tSbFpzUE5UNzR6YTVZdWVRY05lT0dOZkdpSmYxRzF2Qm5STVpfMGdidGl5aVpLWTZQTWtlQnJXUmdDZ2xoT3pzY0RFR08wMnVJUHJKYWk5SDh2MlNPSC0tcFd5cjJWRnJKNHUwNVkzd19jZ0VKZmswR2tENE5NYkdNYk4yTl9OWnZHTDlYSzUyTjBvZXUxUV93RGhBczhEZS1vbXJrOWd6VGc?oc=5"" target=""_blank"">Jushuitan (06687) shareholders have deposited shares into China Merchants Bank International Securities, with a total market value of HKD 529 million.</a>&nbsp;&nbsp;<font color=""#6f6f6f"">Moomoo</font>",https://news.google.com/rss/articles/CBMiugFBVV95cUxQV3BLT21kUUVsMzVnNTc3Y2tSbFpzUE5UNzR6YTVZdWVRY05lT0dOZkdpSmYxRzF2Qm5STVpfMGdidGl5aVpLWTZQTWtlQnJXUmdDZ2xoT3pzY0RFR08wMnVJUHJKYWk5SDh2MlNPSC0tcFd5cjJWRnJKNHUwNVkzd19jZ0VKZmswR2tENE5NYkdNYk4yTl9OWnZHTDlYSzUyTjBvZXUxUV93RGhBczhEZS1vbXJrOWd6VGc?oc=5,China Merchants Bank,"Jushuitan (06687) shareholders have deposited shares into China Merchants Bank International Securities, with a total market value of HKD 529 million. - Moomoo. Jushuitan (06687) shareholders have deposited shares into China Merchants Bank International Securities, with a total market value of HKD 529 million. Moomoo",neutral,0.013560994,en,bootstrap,mixed_real_news_v6
2026-04-28,2026-04-28T03:32:36+00:00,600036.SH,"""招商银行"" - Google 新闻",招商银行的护城河，该换一种砌法了 - 风闻,"<a href=""https://news.google.com/rss/articles/CBMiW0FVX3lxTE9pbTdPWjc5TU1RY3lkcTNMYTEwOWVuUWxwVDY3VXFSMTBBZkxFelNXeHBSdnBHclBiUXhZVWhFLXRBNzJRRkNWZEluWnVFT2EtU3NaeWkxdHQ2dTA?oc=5"" target=""_blank"">招商银行的护城河，该换一种砌法了</a>&nbsp;&nbsp;<font color=""#6f6f6f"">风闻</font>",https://news.google.com/rss/articles/CBMiW0FVX3lxTE9pbTdPWjc5TU1RY3lkcTNMYTEwOWVuUWxwVDY3VXFSMTBBZkxFelNXeHBSdnBHclBiUXhZVWhFLXRBNzJRRkNWZEluWnVFT2EtU3NaeWkxdHQ2dTA?oc=5,招商银行,招商银行的护城河，该换一种砌法了 - 风闻. 招商银行的护城河，该换一种砌法了 风闻,neutral,0.04981868,zh,bootstrap,mixed_real_news_v6
2026-04-28,2026-04-28T07:00:00+00:00,600036.SH,"""招商银行"" - Google 新闻",招商银行一季报：从零售之王到价值银行，这才是压舱石的终极形态 - 财富号,"<a href=""https://news.google.com/rss/articles/CBMia0FVX3lxTFA5YUlWNnluOUFhWlpWTnlwbk5HcFQwRWJkdklMQkd1cWx0c2pxYjJaOVBWVWdYejhodVBTTS1GWkZrd3NEWmpLUTd6a0M1bEFuT1M5RWxMOVRrRmFBbzZVVjlxUjN6QjhISmdJ?oc=5"" target=""_blank"">招商银行一季报：从零售之王到价值银行，这才是压舱石的终极形态</a>&nbsp;&nbsp;<font color=""#6f6f6f"">财富号</font>",https://news.google.com/rss/articles/CBMia0FVX3lxTFA5YUlWNnluOUFhWlpWTnlwbk5HcFQwRWJkdklMQkd1cWx0c2pxYjJaOVBWVWdYejhodVBTTS1GWkZrd3NEWmpLUTd6a0M1bEFuT1M5RWxMOVRrRmFBbzZVVjlxUjN6QjhISmdJ?oc=5,招商银行,招商银行一季报：从零售之王到价值银行，这才是压舱石的终极形态 - 财富号. 招商银行一季报：从零售之王到价值银行，这才是压舱石的终极形态 财富号,neutral,0.027866192,zh,bootstrap,mixed_real_news_v6
2026-04-28,2026-04-28T09:17:00+00:00,600036.SH,"""招商银行"" - Google 新闻",招商银行中层调整 多位分行干部获提任 - 新浪财经,"<a href=""https://news.google.com/rss/articles/CBMi3wFBVV95cUxORXgwZUpyeThXRFM5akFiNWs1ZkdJdkhwWThIYnNsU1A0RHh0NWVacUJ2eC1fX1dRUkx5a3dTYjFCUW5LX2xRWVdmN25YaG1wQjJuekt1aEN1ZnpjYUpZelE0dVhHMnMyM1RzUkZ5Uk9ZOTRrazR3V2k0YUNLQWpKTm5NTnZHc1VFRE0wakw1MnhxUlk4SWZsYkwtQXc5enpDRm9GYngyMnFfQ3NzYUtpV0FUNFdaWkRKWDBrUGNyRnR6MVJZTXkybWRKU0JDTjJpeUVnZzl5R2g2Q3FqQXFR?oc=5"" target=""_blank"">招商银行中层调整 多位分行干部获提任</a>&nbsp;&nbsp;<font color=""#6f6f6f"">新浪财经</font>",https://news.google.com/rss/articles/CBMi3wFBVV95cUxORXgwZUpyeThXRFM5akFiNWs1ZkdJdkhwWThIYnNsU1A0RHh0NWVacUJ2eC1fX1dRUkx5a3dTYjFCUW5LX2xRWVdmN25YaG1wQjJuekt1aEN1ZnpjYUpZelE0dVhHMnMyM1RzUkZ5Uk9ZOTRrazR3V2k0YUNLQWpKTm5NTnZHc1VFRE0wakw1MnhxUlk4SWZsYkwtQXc5enpDRm9GYngyMnFfQ3NzYUtpV0FUNFdaWkRKWDBrUGNyRnR6MVJZTXkybWRKU0JDTjJpeUVnZzl5R2g2Q3FqQXFR?oc=5,招商银行,招商银行中层调整 多位分行干部获提任 - 新浪财经. 招商银行中层调整 多位分行干部获提任 新浪财经,neutral,0.075306386,zh,bootstrap,mixed_real_news_v6
2026-04-28,2026-04-28T10:06:43+00:00,600036.SH,"""China Merchants Bank"" - Google News",China Merchants Bank Q1 Net Profit Up 1.5% Y/Y - TradingView,"<a href=""https://news.google.com/rss/articles/CBMitgFBVV95cUxNa2IyWUl5THNmWXdZOFQ0U3JmNnNQR3VRcTd1RUdmYUtwb0hXUDdQQVdtdUJYNUdkaV8zOG1HV0J4ZUlMSkx1Mi10a2hYbWVpOUs1STNiUmdTc05kYjFybjZSTVRnZXY2VTBxaDZWT0xsRmVwTUdSeml2QVFSbUJjUzI1ZzMxRFVlVElBcWpyRUl1QWtBS0FEcmhPSzF1azhCVVdZZ25FdGp1UXhsS0tPREFzZllDdw?oc=5"" target=""_blank"">China Merchants Bank Q1 Net Profit Up 1.5% Y/Y</a>&nbsp;&nbsp;<font color=""#6f6f6f"">TradingView</font>",https://news.google.com/rss/articles/CBMitgFBVV95cUxNa2IyWUl5THNmWXdZOFQ0U3JmNnNQR3VRcTd1RUdmYUtwb0hXUDdQQVdtdUJYNUdkaV8zOG1HV0J4ZUlMSkx1Mi10a2hYbWVpOUs1STNiUmdTc05kYjFybjZSTVRnZXY2VTBxaDZWT0xsRmVwTUdSeml2QVFSbUJjUzI1ZzMxRFVlVElBcWpyRUl1QWtBS0FEcmhPSzF1azhCVVdZZ25FdGp1UXhsS0tPREFzZllDdw?oc=5,China Merchants Bank,China Merchants Bank Q1 Net Profit Up 1.5% Y/Y - TradingView. China Merchants Bank Q1 Net Profit Up 1.5% Y/Y TradingView,positive,0.9269794,en,bootstrap,mixed_real_news_v6
2026-04-28,2026-04-28T10:09:20+00:00,600036.SH,"""招商银行"" - Google 新闻",招商银行：第一季度净利润同比增长1.52% - 东方财富,"<a href=""https://news.google.com/rss/articles/CBMiYEFVX3lxTE9pYV8zSWhhRFl3WnphRmduVzRxelZueVFQZjZDRGdweEQxLWpfckxHX0h5OGE1c3FoYkg5bmhZSHYzMDk2QURPUFIzd2VudnV0TVNkWl94ZzZEenFJTUhkMQ?oc=5"" target=""_blank"">招商银行：第一季度净利润同比增长1.52%</a>&nbsp;&nbsp;<font color=""#6f6f6f"">东方财富</font>",https://news.google.com/rss/articles/CBMiYEFVX3lxTE9pYV8zSWhhRFl3WnphRmduVzRxelZueVFQZjZDRGdweEQxLWpfckxHX0h5OGE1c3FoYkg5bmhZSHYzMDk2QURPUFIzd2VudnV0TVNkWl94ZzZEenFJTUhkMQ?oc=5,招商银行,招商银行：第一季度净利润同比增长1.52% - 东方财富. 招商银行：第一季度净利润同比增长1.52% 东方财富,neutral,0.007065337,zh,bootstrap,mixed_real_news_v6
2026-04-28,2026-04-28T10:09:47+00:00,600036.SH,"""招商银行"" - Google 新闻",18:04:52【招商银行：第一季度净利润同比增长1.52% 资产负债规模增长】 - 财联社,"<a href=""https://news.google.com/rss/articles/CBMiSEFVX3lxTE5xVHd5cy1aMkppdi1pcnMzOEljbzJ5MEM0cktYTm9EWW04endVQ2xjZVlyYlJ5d1Rhd21FVUc4RTNMQm1ZMlVOaw?oc=5"" target=""_blank"">18:04:52【招商银行：第一季度净利润同比增长1.52% 资产负债规模增长】</a>&nbsp;&nbsp;<font color=""#6f6f6f"">财联社</font>",https://news.google.com/rss/articles/CBMiSEFVX3lxTE5xVHd5cy1aMkppdi1pcnMzOEljbzJ5MEM0cktYTm9EWW04endVQ2xjZVlyYlJ5d1Rhd21FVUc4RTNMQm1ZMlVOaw?oc=5,招商银行,18:04:52【招商银行：第一季度净利润同比增长1.52% 资产负债规模增长】 - 财联社. 18:04:52【招商银行：第一季度净利润同比增长1.52% 资产负债规模增长】 财联社,neutral,-0.0010078251,zh,bootstrap,mixed_real_news_v6
2026-04-28,2026-04-28T10:12:14+00:00,600036.SH,"""600036"" - Google 新闻",招商银行(600036.SH)一季度归母净利润378.52亿元，同比增长1.52% - Moomoo,"<a href=""https://news.google.com/rss/articles/CBMiWkFVX3lxTE53UXJkUlFfdGFCZHIxTF8wUl9BMzIwZl9McUFSd3JQaldleWFrMDhPT3poc3BieTZZT2VQcUVsNFBDUXlNenYxd0FxSUxTU2E5aXB6Tm5JNk9rQQ?oc=5"" target=""_blank"">招商银行(600036.SH)一季度归母净利润378.52亿元，同比增长1.52%</a>&nbsp;&nbsp;<font color=""#6f6f6f"">Moomoo</font>",https://news.google.com/rss/articles/CBMiWkFVX3lxTE53UXJkUlFfdGFCZHIxTF8wUl9BMzIwZl9McUFSd3JQaldleWFrMDhPT3poc3BieTZZT2VQcUVsNFBDUXlNenYxd0FxSUxTU2E5aXB6Tm5JNk9rQQ?oc=5,600036,招商银行(600036.SH)一季度归母净利润378.52亿元，同比增长1.52% - Moomoo. 招商银行(600036.SH)一季度归母净利润378.52亿元，同比增长1.52% Moomoo,neutral,0.018138053,zh,bootstrap,mixed_real_news_v6
2026-04-28,2026-04-28T10:12:24+00:00,600036.SH,"""China Merchants Bank"" - Google News","China Merchants Bank: Net interest income in the Q1 2026 earnings report increased by 5%, signaling a bottoming out and stabilization of interest margin. - Moomoo","<a href=""https://news.google.com/rss/articles/CBMingFBVV95cUxOT3pjbTREczhLbnJ0SkZsRHhUQWdyc0hReXZwY0VhdXlraHdtR0NtcTlZc2VuN2Mxa3E5QjhWa0VlTEtYNUtqSnppSjh2NXQ4V2lEaVl5dGJ6dFhtOGxNdHZTNjBRSGhEVFRUM2t2SmNpbzdoUHFVZ2d0cDU0elZHNzdTRTJIUDMwSHBUZnBBVDlCMDRVaklMa2ZKQTJYUQ?oc=5"" target=""_blank"">China Merchants Bank: Net interest income in the Q1 2026 earnings report increased by 5%, signaling a bottoming out and stabilization of interest margin.</a>&nbsp;&nbsp;<font color=""#6f6f6f"">Moomoo</font>",https://news.google.com/rss/articles/CBMingFBVV95cUxOT3pjbTREczhLbnJ0SkZsRHhUQWdyc0hReXZwY0VhdXlraHdtR0NtcTlZc2VuN2Mxa3E5QjhWa0VlTEtYNUtqSnppSjh2NXQ4V2lEaVl5dGJ6dFhtOGxNdHZTNjBRSGhEVFRUM2t2SmNpbzdoUHFVZ2d0cDU0elZHNzdTRTJIUDMwSHBUZnBBVDlCMDRVaklMa2ZKQTJYUQ?oc=5,China Merchants Bank,"China Merchants Bank: Net interest income in the Q1 2026 earnings report increased by 5%, signaling a bottoming out and stabilization of interest margin. - Moomoo. China Merchants Bank: Net interest income in the Q1 2026 earnings report increased by 5%, signaling a bottoming out and stabilization of interest margin. Moomoo",positive,0.93024725,en,bootstrap,mixed_real_news_v6
2026-04-28,2026-04-28T10:12:24+00:00,600036.SH,"""China Merchants Bank"" - Google 新闻",招商银行：2026年一季报净利息收入增长5%，息差触底企稳信号显现 - 富途牛牛,"<a href=""https://news.google.com/rss/articles/CBMinAFBVV95cUxNaW5FMHo2NHU4QlpyWVpkTENwUXBFdWpEU2l5eTNHaGp4Q21nZlJvWmgxUjAwbEhjdmQzWEFnY0xxX1lqeGFXYl9RREZEeFpnczBvQktkaVpnSFVYRW9JWENnUkFhRy1NOUxuWXlZd3ZPeElsc3VybFhRODJtY3JaX3I0TGR1MnlWMkxMSThfU2ZHdHZWZHF1d202REQ?oc=5"" target=""_blank"">招商银行：2026年一季报净利息收入增长5%，息差触底企稳信号显现</a>&nbsp;&nbsp;<font color=""#6f6f6f"">富途牛牛</font>",https://news.google.com/rss/articles/CBMinAFBVV95cUxNaW5FMHo2NHU4QlpyWVpkTENwUXBFdWpEU2l5eTNHaGp4Q21nZlJvWmgxUjAwbEhjdmQzWEFnY0xxX1lqeGFXYl9RREZEeFpnczBvQktkaVpnSFVYRW9JWENnUkFhRy1NOUxuWXlZd3ZPeElsc3VybFhRODJtY3JaX3I0TGR1MnlWMkxMSThfU2ZHdHZWZHF1d202REQ?oc=5,China Merchants Bank,招商银行：2026年一季报净利息收入增长5%，息差触底企稳信号显现 - 富途牛牛. 招商银行：2026年一季报净利息收入增长5%，息差触底企稳信号显现 富途牛牛,neutral,0.025635287,zh,bootstrap,mixed_real_news_v6
2026-04-28,2026-04-28T10:13:00+00:00,600036.SH,"""China Merchants Bank"" - Google 新闻",招商银行：一季度归母净利润378.52亿元，同比增长1.52% - 富途牛牛,"<a href=""https://news.google.com/rss/articles/CBMiUkFVX3lxTE5laWRpa0VPWGhmdHhxa3k3anhYbkdQQmNPQV9KZ2dqN2J2RVN2c3hpRTlTSzcyUUhsSWZ1MEwwY0ZmcEp3U2t3Um5sUEt2ZlZoemc?oc=5"" target=""_blank"">招商银行：一季度归母净利润378.52亿元，同比增长1.52%</a>&nbsp;&nbsp;<font color=""#6f6f6f"">富途牛牛</font>",https://news.google.com/rss/articles/CBMiUkFVX3lxTE5laWRpa0VPWGhmdHhxa3k3anhYbkdQQmNPQV9KZ2dqN2J2RVN2c3hpRTlTSzcyUUhsSWZ1MEwwY0ZmcEp3U2t3Um5sUEt2ZlZoemc?oc=5,China Merchants Bank,招商银行：一季度归母净利润378.52亿元，同比增长1.52% - 富途牛牛. 招商银行：一季度归母净利润378.52亿元，同比增长1.52% 富途牛牛,neutral,0.016311117,zh,bootstrap,mixed_real_news_v6
2026-04-28,2026-04-28T10:14:29+00:00,600036.SH,"""China Merchants Bank"" - Google 新闻",招商银行股份有限公司2026年第一季度报告 - 富途牛牛,"<a href=""https://news.google.com/rss/articles/CBMinAFBVV95cUxQSjlJZEtYcndkNDRnaW9GREV5cDU4dkgwbFA3T2daSDVaRmlQVlJqYUstb1gtaUN1NzFtUDRhX19XcF9iQldhWWZ5a2JqTV9TaTV1WnRPM2JjMkxXUjU3TlV6cWpaQzR2UTZwZWlXVUtyY0FyelZPZVliLVF3ZTBnaXQxQXQwTEttSmJVclMtcGJsSnJSN3ZtU3BUbnk?oc=5"" target=""_blank"">招商银行股份有限公司2026年第一季度报告</a>&nbsp;&nbsp;<font color=""#6f6f6f"">富途牛牛</font>",https://news.google.com/rss/articles/CBMinAFBVV95cUxQSjlJZEtYcndkNDRnaW9GREV5cDU4dkgwbFA3T2daSDVaRmlQVlJqYUstb1gtaUN1NzFtUDRhX19XcF9iQldhWWZ5a2JqTV9TaTV1WnRPM2JjMkxXUjU3TlV6cWpaQzR2UTZwZWlXVUtyY0FyelZPZVliLVF3ZTBnaXQxQXQwTEttSmJVclMtcGJsSnJSN3ZtU3BUbnk?oc=5,China Merchants Bank,招商银行股份有限公司2026年第一季度报告 - 富途牛牛. 招商银行股份有限公司2026年第一季度报告 富途牛牛,neutral,0.047162585,zh,bootstrap,mixed_real_news_v6
2026-04-28,2026-04-28T10:40:12+00:00,600036.SH,"""China Merchants Bank"" - Google News",China Merchants Bank Q1 net profit up 1.5% Y/Y - marketscreener.com,"<a href=""https://news.google.com/rss/articles/CBMinwFBVV95cUxPbDZwRUNWM0FtczlMMG9SdXY4bjJkSDhMZm0zV1JGQzNPdmZmTkxZa21aTDlQZ1pxY2hudkcxX0gtM3Y0amdLVXpqZjF1aE1xSGx3QkxITE9XeXlodlBiZF8yWlJPNkdsbUl3Mmh1NlQwZ0twVHRWR002VVl6YVpmVGpYNHU5bng5VTNZWEIxcHdhak1yUnNjQ25FTzc1Y2c?oc=5"" target=""_blank"">China Merchants Bank Q1 net profit up 1.5% Y/Y</a>&nbsp;&nbsp;<font color=""#6f6f6f"">marketscreener.com</font>",https://news.google.com/rss/articles/CBMinwFBVV95cUxPbDZwRUNWM0FtczlMMG9SdXY4bjJkSDhMZm0zV1JGQzNPdmZmTkxZa21aTDlQZ1pxY2hudkcxX0gtM3Y0amdLVXpqZjF1aE1xSGx3QkxITE9XeXlodlBiZF8yWlJPNkdsbUl3Mmh1NlQwZ0twVHRWR002VVl6YVpmVGpYNHU5bng5VTNZWEIxcHdhak1yUnNjQ25FTzc1Y2c?oc=5,China Merchants Bank,China Merchants Bank Q1 net profit up 1.5% Y/Y - marketscreener.com. China Merchants Bank Q1 net profit up 1.5% Y/Y marketscreener.com,positive,0.9083548,en,bootstrap,mixed_real_news_v6
2026-04-28,2026-04-28T11:18:06+00:00,600036.SH,"""招商银行"" - Google 新闻",招商银行中层调整 多位分行干部获提任 - 新浪财经,"<a href=""https://news.google.com/rss/articles/CBMilgJBVV95cUxNRzJCN0dBSjZtTmt6VmlvRWsteDVJYWpRV0RkaE5mSEJjbWdCdGFBQzlLZnFKaHFDUE95bk04dXNOV2tEZWVVdkNjRWV0S25IVTFlR1hMRHhsR21BRXRiY2NFS20tbFBjQjdqUXBWUTRlSjE0NzEwYk5nV0paOVlkckJuVlNTRlgwcXVtdHptVWhXMEZCc1ZENWVNNmtlMnFNNE9lMi1ONXJQZEdDWm1Ub093NE9Xc2M1b3dPcVQ5dWtibkJxQ2tsTlFqcTFwYThJbEZGeGF3UGpvRVJrTURIRmt3cWRyS2tLUFZ1UTRhT0c0Q01PQ1hjcWRlaXpYb2JfaE0tbDNDZHU1clhvV2NuYVQ1bS1KUQ?oc=5"" target=""_blank"">招商银行中层调整 多位分行干部获提任</a>&nbsp;&nbsp;<font color=""#6f6f6f"">新浪财经</font>",https://news.google.com/rss/articles/CBMilgJBVV95cUxNRzJCN0dBSjZtTmt6VmlvRWsteDVJYWpRV0RkaE5mSEJjbWdCdGFBQzlLZnFKaHFDUE95bk04dXNOV2tEZWVVdkNjRWV0S25IVTFlR1hMRHhsR21BRXRiY2NFS20tbFBjQjdqUXBWUTRlSjE0NzEwYk5nV0paOVlkckJuVlNTRlgwcXVtdHptVWhXMEZCc1ZENWVNNmtlMnFNNE9lMi1ONXJQZEdDWm1Ub093NE9Xc2M1b3dPcVQ5dWtibkJxQ2tsTlFqcTFwYThJbEZGeGF3UGpvRVJrTURIRmt3cWRyS2tLUFZ1UTRhT0c0Q01PQ1hjcWRlaXpYb2JfaE0tbDNDZHU1clhvV2NuYVQ1bS1KUQ?oc=5,招商银行,招商银行中层调整 多位分行干部获提任 - 新浪财经. 招商银行中层调整 多位分行干部获提任 新浪财经,neutral,0.075306386,zh,bootstrap,mixed_real_news_v6
2026-04-28,2026-04-28T12:35:00+00:00,600036.SH,"""China Merchants Bank"" - Google News","China Merchants Bank Co., Ltd. Announces Resignation of Li Chaoxian as Independent Non-Executive Director, Chairman of the Related Party Transactions Management and Consumer Rights Protection Committee, and Member of the Strategy and Sustaina - marketscreener.com","<a href=""https://news.google.com/rss/articles/CBMi5AFBVV95cUxNamVNVXo0VHkwQ1FrVkxEajJnN2s3ZzhraGRPb1UzdVJyS3BxVmMxa1BjNGlyb0hDMk9DVmFhbGV5eVNMZTRGTXJNaFowT29Ca0JWZ2w1Y01sX0wzNnl3Vm5IZmtwOXB0NE9NSjdZbXI0WEpGbU9jRzdpNFczaS0tYmxOM1Y0RDdsYVVhd0FqUENRbGpqMlZDRFl4Z2UzNTBUZ0lRMGRfY0FJRnl3M29ETDVHeU1aRmZvWGExbXpkWV8wOXhnbE16aTRYWUptel91UjZrWFVOQ18yakF0MGhBMUZaS2s?oc=5"" target=""_blank"">China Merchants Bank Co., Ltd. Announces Resignation of Li Chaoxian as Independent Non-Executive Director, Chairman of the Related Party Transactions Management and Consumer Rights Protection Committee, and Member of the Strategy and Sustaina</a>&nbsp;&nbsp;<font color=""#6f6f6f"">marketscreener.com</font>",https://news.google.com/rss/articles/CBMi5AFBVV95cUxNamVNVXo0VHkwQ1FrVkxEajJnN2s3ZzhraGRPb1UzdVJyS3BxVmMxa1BjNGlyb0hDMk9DVmFhbGV5eVNMZTRGTXJNaFowT29Ca0JWZ2w1Y01sX0wzNnl3Vm5IZmtwOXB0NE9NSjdZbXI0WEpGbU9jRzdpNFczaS0tYmxOM1Y0RDdsYVVhd0FqUENRbGpqMlZDRFl4Z2UzNTBUZ0lRMGRfY0FJRnl3M29ETDVHeU1aRmZvWGExbXpkWV8wOXhnbE16aTRYWUptel91UjZrWFVOQ18yakF0MGhBMUZaS2s?oc=5,China Merchants Bank,"China Merchants Bank Co., Ltd. Announces Resignation of Li Chaoxian as Independent Non-Executive Director, Chairman of the Related Party Transactions Management and Consumer Rights Protection Committee, and Member of the Strategy and Sustaina - marketscreener.com. China Merchants Bank Co., Ltd. Announces Resignation of Li Chaoxian as Independent Non-Executive Director, Chairman of the Related Party Transactions Management and Consumer Rights Protection Committee, and Member of the Strategy and Sustaina marketscreener.com",negative,-0.67898154,en,bootstrap,mixed_real_news_v6
2026-04-28,2026-04-28T12:36:33+00:00,600036.SH,"""China Merchants Bank"" - Google News","China Merchants Bank (03968) reported a net profit attributable to shareholders of 37.852 billion yuan in the first quarter, representing a year-on-year increase of 1.52%. - 富途牛牛","<a href=""https://news.google.com/rss/articles/CBMiqAFBVV95cUxNX2tQc2I0bGxKTV9oT0ZOeXItWUdxOHFheVk5dDdiX2tnMWF5QXQ0N2NHbG1pUHV3c2hFZUlfYlc5WmR3Tmc5elgwLWVWUjlwb2M1bGxhVE1mc2ZCNFdhbmhkYWRXM2pqY3l6UEtFSkpicjI5RUlBdTZqRXNGNUdTdktpNk1qSmVvdnRKLW1JVTM3QzFGeTlUNG04eC1kekI5aWMxS3dWTVE?oc=5"" target=""_blank"">China Merchants Bank (03968) reported a net profit attributable to shareholders of 37.852 billion yuan in the first quarter, representing a year-on-year increase of 1.52%.</a>&nbsp;&nbsp;<font color=""#6f6f6f"">富途牛牛</font>",https://news.google.com/rss/articles/CBMiqAFBVV95cUxNX2tQc2I0bGxKTV9oT0ZOeXItWUdxOHFheVk5dDdiX2tnMWF5QXQ0N2NHbG1pUHV3c2hFZUlfYlc5WmR3Tmc5elgwLWVWUjlwb2M1bGxhVE1mc2ZCNFdhbmhkYWRXM2pqY3l6UEtFSkpicjI5RUlBdTZqRXNGNUdTdktpNk1qSmVvdnRKLW1JVTM3QzFGeTlUNG04eC1kekI5aWMxS3dWTVE?oc=5,China Merchants Bank,"China Merchants Bank (03968) reported a net profit attributable to shareholders of 37.852 billion yuan in the first quarter, representing a year-on-year increase of 1.52%. - 富途牛牛. China Merchants Bank (03968) reported a net profit attributable to shareholders of 37.852 billion yuan in the first quarter, representing a year-on-year increase of 1.52%. 富途牛牛",positive,0.8778051,en,bootstrap,mixed_real_news_v6
2026-04-28,2026-04-28T12:38:47+00:00,600036.SH,"""China Merchants Bank"" - Google News","China Merchants Bank (03968.HK) reported a net profit attributable to shareholders of RMB 37.852 billion in the first quarter, representing a year-on-year increase of 1.52%. - 富途牛牛","<a href=""https://news.google.com/rss/articles/CBMiqAFBVV95cUxOVV9xV24yNEtYMHQzSHVIRmViWUp5c3ZraUJQUEVtTGltMl9reTBHWk1NczNhd3lZdnFaOC1nREhadmxCTS1VMEpiYTJCRXQyc3VOUUNlaEI0QTlWWThpTllMWFRqdXZFeDIxZmFsLVZnV3lwT3pmb1F2b1FCcUZjZjFtakxQcTJSWWtCdC1WMVpPeUxZeFBxVVJjSkpGb1c3eDlibGIwSXI?oc=5"" target=""_blank"">China Merchants Bank (03968.HK) reported a net profit attributable to shareholders of RMB 37.852 billion in the first quarter, representing a year-on-year increase of 1.52%.</a>&nbsp;&nbsp;<font color=""#6f6f6f"">富途牛牛</font>",https://news.google.com/rss/articles/CBMiqAFBVV95cUxOVV9xV24yNEtYMHQzSHVIRmViWUp5c3ZraUJQUEVtTGltMl9reTBHWk1NczNhd3lZdnFaOC1nREhadmxCTS1VMEpiYTJCRXQyc3VOUUNlaEI0QTlWWThpTllMWFRqdXZFeDIxZmFsLVZnV3lwT3pmb1F2b1FCcUZjZjFtakxQcTJSWWtCdC1WMVpPeUxZeFBxVVJjSkpGb1c3eDlibGIwSXI?oc=5,China Merchants Bank,"China Merchants Bank (03968.HK) reported a net profit attributable to shareholders of RMB 37.852 billion in the first quarter, representing a year-on-year increase of 1.52%. - 富途牛牛. China Merchants Bank (03968.HK) reported a net profit attributable to shareholders of RMB 37.852 billion in the first quarter, representing a year-on-year increase of 1.52%. 富途牛牛",positive,0.89599866,en,bootstrap,mixed_real_news_v6
2026-04-28,2026-04-28T12:53:53+00:00,600036.SH,"""China Merchants Bank"" - Google News",China Merchants Bank Independent Director Li Chaoxian Resigns Ahead of Term End - TipRanks,"<a href=""https://news.google.com/rss/articles/CBMiywFBVV95cUxPZVVtTWU5OTF1M0lha2NkY3M2LUFucld4RGdYZHo3N3cyemZlN3JiazFVVEV0dXQtdWlueTJzLU5WTG5aaUdyMjEycmZ3OVYtVHhhM3h2Tmowb0hMUW5LYWxnb2kwOHA0QWM4QmtFQWQ0X0g5MTNndDM4bHZmaVp1cWFucnZ6cjNEa21pMWE4S1ota2l4anFyeWVtdjJQVk1JV3U3d2tlQ0F5VW9WVG1qNDdUX215Umtib05XcUlucWlGVGZrMmJWdlJGRQ?oc=5"" target=""_blank"">China Merchants Bank Independent Director Li Chaoxian Resigns Ahead of Term End</a>&nbsp;&nbsp;<font color=""#6f6f6f"">TipRanks</font>",https://news.google.com/rss/articles/CBMiywFBVV95cUxPZVVtTWU5OTF1M0lha2NkY3M2LUFucld4RGdYZHo3N3cyemZlN3JiazFVVEV0dXQtdWlueTJzLU5WTG5aaUdyMjEycmZ3OVYtVHhhM3h2Tmowb0hMUW5LYWxnb2kwOHA0QWM4QmtFQWQ0X0g5MTNndDM4bHZmaVp1cWFucnZ6cjNEa21pMWE4S1ota2l4anFyeWVtdjJQVk1JV3U3d2tlQ0F5VW9WVG1qNDdUX215Umtib05XcUlucWlGVGZrMmJWdlJGRQ?oc=5,China Merchants Bank,China Merchants Bank Independent Director Li Chaoxian Resigns Ahead of Term End - TipRanks. China Merchants Bank Independent Director Li Chaoxian Resigns Ahead of Term End TipRanks,negative,-0.86490214,en,bootstrap,mixed_real_news_v6
2026-04-28,2026-04-28T12:57:52+00:00,600036.SH,"""China Merchants Bank"" - Google News",China Merchants Bank Details Board Composition and Committee Roles - TipRanks,"<a href=""https://news.google.com/rss/articles/CBMiugFBVV95cUxQS1VIaDlZaFBuWWJwMTlyNXpkd0k0WmNDQnp0MWRZXzBUaFVoeGs3Q1B4azJsR0kzVS1JaVdWWmlUZ3NRY0VfS01Bc0hrRk5OMGUxREFrUHlad3NmbElFMXNkR0NjTG5JSVgtQVBFRTJKekgxdWNsM0kyYklfNFAxMUs0bXB2NmY1U25nWHRaMU1HVEotQUJVeW80aHlBbnpmQk1va0k3THFzcDVHeW1WSHBOSVN4U2FhYnc?oc=5"" target=""_blank"">China Merchants Bank Details Board Composition and Committee Roles</a>&nbsp;&nbsp;<font color=""#6f6f6f"">TipRanks</font>",https://news.google.com/rss/articles/CBMiugFBVV95cUxQS1VIaDlZaFBuWWJwMTlyNXpkd0k0WmNDQnp0MWRZXzBUaFVoeGs3Q1B4azJsR0kzVS1JaVdWWmlUZ3NRY0VfS01Bc0hrRk5OMGUxREFrUHlad3NmbElFMXNkR0NjTG5JSVgtQVBFRTJKekgxdWNsM0kyYklfNFAxMUs0bXB2NmY1U25nWHRaMU1HVEotQUJVeW80aHlBbnpmQk1va0k3THFzcDVHeW1WSHBOSVN4U2FhYnc?oc=5,China Merchants Bank,China Merchants Bank Details Board Composition and Committee Roles - TipRanks. China Merchants Bank Details Board Composition and Committee Roles TipRanks,neutral,-0.024842694,en,bootstrap,mixed_real_news_v6
2026-04-28,2026-04-28T12:58:19+00:00,600036.SH,"""China Merchants Bank"" - Google News","China Merchants Bank Files Unaudited Q1 2026 IFRS Report, Cautions on Forward-Looking Risks - TipRanks","<a href=""https://news.google.com/rss/articles/CBMi2gFBVV95cUxPM2VRd0Z4RzdGR0w2NG1KSGxZZVh5WWw4eHNXYnFHak5reXFzWUozVldGQkdpU0stZWRSRUNCako1ODZ3c3E4Unp4REVEZDFielRTVFAyRGV5RVljR0pkdGZBZm05enZfckE5YTVYQXF1bkQ0ZW16ai1Nb1ZLWThaU2hOWUxjVlZWajNLajNONEdqMUFwekhQaVVwbXZvWVA0WEFGU0tOLXNQck1YdFJNc2YwZzE4M3NEVjZOWEdZUm5DSm1nbmlEV0c2bHJuTkFFSHg4OWJSNDdZZw?oc=5"" target=""_blank"">China Merchants Bank Files Unaudited Q1 2026 IFRS Report, Cautions on Forward-Looking Risks</a>&nbsp;&nbsp;<font color=""#6f6f6f"">TipRanks</font>",https://news.google.com/rss/articles/CBMi2gFBVV95cUxPM2VRd0Z4RzdGR0w2NG1KSGxZZVh5WWw4eHNXYnFHak5reXFzWUozVldGQkdpU0stZWRSRUNCako1ODZ3c3E4Unp4REVEZDFielRTVFAyRGV5RVljR0pkdGZBZm05enZfckE5YTVYQXF1bkQ0ZW16ai1Nb1ZLWThaU2hOWUxjVlZWajNLajNONEdqMUFwekhQaVVwbXZvWVA0WEFGU0tOLXNQck1YdFJNc2YwZzE4M3NEVjZOWEdZUm5DSm1nbmlEV0c2bHJuTkFFSHg4OWJSNDdZZw?oc=5,China Merchants Bank,"China Merchants Bank Files Unaudited Q1 2026 IFRS Report, Cautions on Forward-Looking Risks - TipRanks. China Merchants Bank Files Unaudited Q1 2026 IFRS Report, Cautions on Forward-Looking Risks TipRanks",neutral,-0.30572516,en,bootstrap,mixed_real_news_v6
2026-04-28,2026-04-28T13:45:30+00:00,600036.SH,"""600036"" - Google 新闻",股票行情快报：招商银行（600036）4月28日主力资金净买入7224.21万元 - Sohu,"<a href=""https://news.google.com/rss/articles/CBMiVkFVX3lxTE8zZ2JmdkdyVFFDQkx3V1N0SHhSR1R3NU84WDF2YWRGbmtBOXJGenVLVWZELWwxc0VLYWFLdXU4OUd6b042dC1OWGhjY2VpTHNhdTh6X0J3?oc=5"" target=""_blank"">股票行情快报：招商银行（600036）4月28日主力资金净买入7224.21万元</a>&nbsp;&nbsp;<font color=""#6f6f6f"">Sohu</font>",https://news.google.com/rss/articles/CBMiVkFVX3lxTE8zZ2JmdkdyVFFDQkx3V1N0SHhSR1R3NU84WDF2YWRGbmtBOXJGenVLVWZELWwxc0VLYWFLdXU4OUd6b042dC1OWGhjY2VpTHNhdTh6X0J3?oc=5,600036,股票行情快报：招商银行（600036）4月28日主力资金净买入7224.21万元 - Sohu. 股票行情快报：招商银行（600036）4月28日主力资金净买入7224.21万元 Sohu,neutral,0.03986287,zh,bootstrap,mixed_real_news_v6
2026-04-28,2026-04-28T15:05:57+00:00,600036.SH,"""招商银行"" - Google 新闻",招商银行一季度营收、归母净利润同比双增 - 东方财富,"<a href=""https://news.google.com/rss/articles/CBMiX0FVX3lxTE5yUWdWa09HUVQzZHk5Zkd0U2l4WnZWRk1wMFoxalQ0T1JudjlPMHJ6WGdXMFVFY01fSnFxTGNveDl6YnU4VHRramhwbGxXSVlIN19NMjJWVmRUVmx5cFAw?oc=5"" target=""_blank"">招商银行一季度营收、归母净利润同比双增</a>&nbsp;&nbsp;<font color=""#6f6f6f"">东方财富</font>",https://news.google.com/rss/articles/CBMiX0FVX3lxTE5yUWdWa09HUVQzZHk5Zkd0U2l4WnZWRk1wMFoxalQ0T1JudjlPMHJ6WGdXMFVFY01fSnFxTGNveDl6YnU4VHRramhwbGxXSVlIN19NMjJWVmRUVmx5cFAw?oc=5,招商银行,招商银行一季度营收、归母净利润同比双增 - 东方财富. 招商银行一季度营收、归母净利润同比双增 东方财富,neutral,0.04324235,zh,bootstrap,mixed_real_news_v6
2026-04-28,2026-04-28T15:26:00+00:00,600036.SH,"""600036"" - Google 新闻",$招商银行(SH600036)$ 废了 - 雪球,"<a href=""https://news.google.com/rss/articles/CBMiUEFVX3lxTE9tX0hyZnFOeTNPc2hXX3hDVGVZY2ltNDVKa3hVLWtQVG9Sc2kwRGhWN1BLVFdHVnBVYW5mODhhcTlPVUlUMjZhUkktbGh6YzBR?oc=5"" target=""_blank"">$招商银行(SH600036)$ 废了</a>&nbsp;&nbsp;<font color=""#6f6f6f"">雪球</font>",https://news.google.com/rss/articles/CBMiUEFVX3lxTE9tX0hyZnFOeTNPc2hXX3hDVGVZY2ltNDVKa3hVLWtQVG9Sc2kwRGhWN1BLVFdHVnBVYW5mODhhcTlPVUlUMjZhUkktbGh6YzBR?oc=5,600036,$招商银行(SH600036)$ 废了 - 雪球. $招商银行(SH600036)$ 废了 雪球,neutral,0.012369674,zh,bootstrap,mixed_real_news_v6
2026-04-28,2026-04-28T16:00:00+00:00,600036.SH,"""China Merchants Bank"" - Google News",招商银行(600036)：财富管理进入修复期 - Futubull - 富途牛牛,"<a href=""https://news.google.com/rss/articles/CBMirwFBVV95cUxOMDMwYjZBNGprVFJVOF9KWm01cW82aXh6dFdqdmVNMWcxbmk0TC15QmtURi12OXJ2WTFCWkswT3c0NVZROUpHeHZkX1c0d0FWa1lpS1BXUjc5NG5YamF1alNGcTlmbEJRUGVkbm9MSHAwMlRqZDRCcm1zczFTRXhqNkgzWUstRVFxLXQ2aFRpaG9kSUtVaTcxS2J5N3RzZW9NQm9PaS1BYUNaQm1UNDBj?oc=5"" target=""_blank"">招商银行(600036)：财富管理进入修复期 - Futubull</a>&nbsp;&nbsp;<font color=""#6f6f6f"">富途牛牛</font>",https://news.google.com/rss/articles/CBMirwFBVV95cUxOMDMwYjZBNGprVFJVOF9KWm01cW82aXh6dFdqdmVNMWcxbmk0TC15QmtURi12OXJ2WTFCWkswT3c0NVZROUpHeHZkX1c0d0FWa1lpS1BXUjc5NG5YamF1alNGcTlmbEJRUGVkbm9MSHAwMlRqZDRCcm1zczFTRXhqNkgzWUstRVFxLXQ2aFRpaG9kSUtVaTcxS2J5N3RzZW9NQm9PaS1BYUNaQm1UNDBj?oc=5,China Merchants Bank,招商银行(600036)：财富管理进入修复期 - Futubull - 富途牛牛. 招商银行(600036)：财富管理进入修复期 - Futubull 富途牛牛,neutral,0.009950288,zh,bootstrap,mixed_real_news_v6
2026-04-28,2026-04-28T16:00:00+00:00,600036.SH,"""China Merchants Bank"" - Google 新闻",招商银行：招商银行股份有限公司2026年第一季度报告 - Moomoo,"<a href=""https://news.google.com/rss/articles/CBMiqwFBVV95cUxPb3Mtd1lmUElGZlQtM003LTVYQkpWaWluckV0SHBBcVNQeUYwRm5BeHhlN0trTXFjNHBjb1BGZ3VJeW5hR2wtbUFkalRfVnpmLXBUR3AxZGNITG5pUTJVd3pGU01rcUF0S2lhcjBsM2xTdDI0OTNYSGlCVS1SUFo5ci01X3NEYkVCcEY3c0otMkZVUG1qd09PSUNMaUd1NklES3k4c2dLeEdXYzA?oc=5"" target=""_blank"">招商银行：招商银行股份有限公司2026年第一季度报告</a>&nbsp;&nbsp;<font color=""#6f6f6f"">Moomoo</font>",https://news.google.com/rss/articles/CBMiqwFBVV95cUxPb3Mtd1lmUElGZlQtM003LTVYQkpWaWluckV0SHBBcVNQeUYwRm5BeHhlN0trTXFjNHBjb1BGZ3VJeW5hR2wtbUFkalRfVnpmLXBUR3AxZGNITG5pUTJVd3pGU01rcUF0S2lhcjBsM2xTdDI0OTNYSGlCVS1SUFo5ci01X3NEYkVCcEY3c0otMkZVUG1qd09PSUNMaUd1NklES3k4c2dLeEdXYzA?oc=5,China Merchants Bank,招商银行：招商银行股份有限公司2026年第一季度报告 - Moomoo. 招商银行：招商银行股份有限公司2026年第一季度报告 Moomoo,neutral,0.027863495,zh,bootstrap,mixed_real_news_v6
2026-04-28,2026-04-28T16:57:45+00:00,600036.SH,"""China Merchants Bank"" - Google News","China Merchants Bank (600036.SH) announced its Q1 financial results, with a net profit attributable to shareholders of 37.852 billion yuan, representing an increase of 1.52%. - Moomoo","<a href=""https://news.google.com/rss/articles/CBMiqwFBVV95cUxPZDB4ZWV2cHd4bVBrWk41TUJ0Wm1KVnRNOXBWcGdYdTA1LVBBeU1RcS11ZW9jdWZkbXpRa28wMkhERTdGWW82RlR6VU5zdXMyN2VxZHlXbFd0SWtjLTdodWFrWElTWjNqQ05MODI1eC0xNjlpd3dtTmJqazRtelZhNTRHMW12cEItV0VNQU9vUEZia3dPb2x1Y2JFRm9hZWVSSjZ4eERnZTZCUm8?oc=5"" target=""_blank"">China Merchants Bank (600036.SH) announced its Q1 financial results, with a net profit attributable to shareholders of 37.852 billion yuan, representing an increase of 1.52%.</a>&nbsp;&nbsp;<font color=""#6f6f6f"">Moomoo</font>",https://news.google.com/rss/articles/CBMiqwFBVV95cUxPZDB4ZWV2cHd4bVBrWk41TUJ0Wm1KVnRNOXBWcGdYdTA1LVBBeU1RcS11ZW9jdWZkbXpRa28wMkhERTdGWW82RlR6VU5zdXMyN2VxZHlXbFd0SWtjLTdodWFrWElTWjNqQ05MODI1eC0xNjlpd3dtTmJqazRtelZhNTRHMW12cEItV0VNQU9vUEZia3dPb2x1Y2JFRm9hZWVSSjZ4eERnZTZCUm8?oc=5,China Merchants Bank,"China Merchants Bank (600036.SH) announced its Q1 financial results, with a net profit attributable to shareholders of 37.852 billion yuan, representing an increase of 1.52%. - Moomoo. China Merchants Bank (600036.SH) announced its Q1 financial results, with a net profit attributable to shareholders of 37.852 billion yuan, representing an increase of 1.52%. Moomoo",positive,0.79843974,en,bootstrap,mixed_real_news_v6
2026-04-29,2026-04-29T01:08:15+00:00,600036.SH,"""China Merchants Bank"" - Google News","China Merchants Bank's Q1 Profit Rises 1.5%, Net Interest Income Up 5% - marketscreener.com","<a href=""https://news.google.com/rss/articles/CBMivAFBVV95cUxPYnhHQ1BVN0EyZ0pFMkRuWHdpcnpxMkhuR1BYblVVcmtwY1pOdm1ZcVpXa3JVblE1dk50ZHJPNXoxd3hLVkFyN2FfQ3pfc2dFUEJkcFZYWWU0OXZwUU5zdkFaM0lod3BDZDBOcjI3U1R3dENtZzNjR0duMTVmeUZzMUFmVTNzaWZyVExaank4bUNxMmFuMzdkZUNEZ0ZKRnJ6cTlhd0VZQXpXOEgwdVhWMnhDRXJsSzJWTzQ3aA?oc=5"" target=""_blank"">China Merchants Bank's Q1 Profit Rises 1.5%, Net Interest Income Up 5%</a>&nbsp;&nbsp;<font color=""#6f6f6f"">marketscreener.com</font>",https://news.google.com/rss/articles/CBMivAFBVV95cUxPYnhHQ1BVN0EyZ0pFMkRuWHdpcnpxMkhuR1BYblVVcmtwY1pOdm1ZcVpXa3JVblE1dk50ZHJPNXoxd3hLVkFyN2FfQ3pfc2dFUEJkcFZYWWU0OXZwUU5zdkFaM0lod3BDZDBOcjI3U1R3dENtZzNjR0duMTVmeUZzMUFmVTNzaWZyVExaank4bUNxMmFuMzdkZUNEZ0ZKRnJ6cTlhd0VZQXpXOEgwdVhWMnhDRXJsSzJWTzQ3aA?oc=5,China Merchants Bank,"China Merchants Bank's Q1 Profit Rises 1.5%, Net Interest Income Up 5% - marketscreener.com. China Merchants Bank's Q1 Profit Rises 1.5%, Net Interest Income Up 5% marketscreener.com",positive,0.9050728,en,bootstrap,mixed_real_news_v6
2026-04-29,2026-04-29T02:03:14+00:00,600036.SH,"""China Merchants Bank"" - Google News",Morning Market Movements | China Merchants Bank Falls Over 3% as First-Quarter Net Profit Rises 1.52% YoY - 富途牛牛,"<a href=""https://news.google.com/rss/articles/CBMipAFBVV95cUxNYXhzZy1Nb1RhY1VnVXV4R2pBSGJ0am90Q3ZFeTBoSzNjNnFMcGR5YUx6M2E0a0FHWTRFZzc5YllKV1ZnOFRsQnAzTUFmcVczRlJhSmoxS0lQU2Y3Y2F3T05PUF9Bd0xuRTUxYzdTZU5NYk5vSDczY1gyaWhvWTZnUzM2V0MtYndhdzZnVnVVYW45MkVLYTJ3YWtVQXVhQXc3UW5HVQ?oc=5"" target=""_blank"">Morning Market Movements | China Merchants Bank Falls Over 3% as First-Quarter Net Profit Rises 1.52% YoY</a>&nbsp;&nbsp;<font color=""#6f6f6f"">富途牛牛</font>",https://news.google.com/rss/articles/CBMipAFBVV95cUxNYXhzZy1Nb1RhY1VnVXV4R2pBSGJ0am90Q3ZFeTBoSzNjNnFMcGR5YUx6M2E0a0FHWTRFZzc5YllKV1ZnOFRsQnAzTUFmcVczRlJhSmoxS0lQU2Y3Y2F3T05PUF9Bd0xuRTUxYzdTZU5NYk5vSDczY1gyaWhvWTZnUzM2V0MtYndhdzZnVnVVYW45MkVLYTJ3YWtVQXVhQXc3UW5HVQ?oc=5,China Merchants Bank,Morning Market Movements | China Merchants Bank Falls Over 3% as First-Quarter Net Profit Rises 1.52% YoY - 富途牛牛. Morning Market Movements | China Merchants Bank Falls Over 3% as First-Quarter Net Profit Rises 1.52% YoY 富途牛牛,negative,-0.8362491,en,bootstrap,mixed_real_news_v6
2026-04-29,2026-04-29T02:03:14+00:00,600036.SH,"""China Merchants Bank"" - Google 新闻",早盘异动 | 招商银行跌超3%，一季度净利润同比增长1.52% - 富途牛牛,"<a href=""https://news.google.com/rss/articles/CBMioAFBVV95cUxOMjdhQU9PZW5paXAtSDJrN1RNXzFEa1UwMzRzcDllQmQxSUwxNnU3WHU5dURhdUtDWFRoak82YUI0SDVIY0doVmlkNWFCY3h4VFpMTXVSVUlHd2pjOGVyNDdqQlZTOXZRVDg4TFlSRXhMSTNseVA1eWozeXJHQkpXcHhtNWZCaWdIYXVBcERoV05yNVF3U2lfbDh0MmRmNnM2?oc=5"" target=""_blank"">早盘异动 | 招商银行跌超3%，一季度净利润同比增长1.52%</a>&nbsp;&nbsp;<font color=""#6f6f6f"">富途牛牛</font>",https://news.google.com/rss/articles/CBMioAFBVV95cUxOMjdhQU9PZW5paXAtSDJrN1RNXzFEa1UwMzRzcDllQmQxSUwxNnU3WHU5dURhdUtDWFRoak82YUI0SDVIY0doVmlkNWFCY3h4VFpMTXVSVUlHd2pjOGVyNDdqQlZTOXZRVDg4TFlSRXhMSTNseVA1eWozeXJHQkpXcHhtNWZCaWdIYXVBcERoV05yNVF3U2lfbDh0MmRmNnM2?oc=5,China Merchants Bank,早盘异动 | 招商银行跌超3%，一季度净利润同比增长1.52% - 富途牛牛. 早盘异动 | 招商银行跌超3%，一季度净利润同比增长1.52% 富途牛牛,neutral,-0.013182577,zh,bootstrap,mixed_real_news_v6
2026-04-29,2026-04-29T02:06:29+00:00,600036.SH,"""China Merchants Bank"" - Google News","Bank of America Securities: China Merchants Bank's (03968.HK) Q1 performance met expectations, maintaining a rating of 'Underperform'. - 富途牛牛","<a href=""https://news.google.com/rss/articles/CBMioAFBVV95cUxPVnVCRzczMWRZV2VEVmRBbHdJU21jeUtxMExqT29qTC0yZlF3NUxqc1Vrd3RmSFJPOEdCNzBHLXAzWHR5elVjQXFCQWpzT1FEd21JOHcwVHFrMUREWmp0RUdYRzljQ1BTQWZkckI3UFE4WDNsUXFmTUVUUWNXbU9ZWXBzOE8yUHZfR2JGT1lIUVlZeVNkN2dsalByN1U0bFdz?oc=5"" target=""_blank"">Bank of America Securities: China Merchants Bank's (03968.HK) Q1 performance met expectations, maintaining a rating of 'Underperform'.</a>&nbsp;&nbsp;<font color=""#6f6f6f"">富途牛牛</font>",https://news.google.com/rss/articles/CBMioAFBVV95cUxPVnVCRzczMWRZV2VEVmRBbHdJU21jeUtxMExqT29qTC0yZlF3NUxqc1Vrd3RmSFJPOEdCNzBHLXAzWHR5elVjQXFCQWpzT1FEd21JOHcwVHFrMUREWmp0RUdYRzljQ1BTQWZkckI3UFE4WDNsUXFmTUVUUWNXbU9ZWXBzOE8yUHZfR2JGT1lIUVlZeVNkN2dsalByN1U0bFdz?oc=5,China Merchants Bank,"Bank of America Securities: China Merchants Bank's (03968.HK) Q1 performance met expectations, maintaining a rating of 'Underperform'. - 富途牛牛. Bank of America Securities: China Merchants Bank's (03968.HK) Q1 performance met expectations, maintaining a rating of 'Underperform'. 富途牛牛",positive,0.31851286,en,bootstrap,mixed_real_news_v6
2026-04-29,2026-04-29T02:32:48+00:00,600036.SH,"""China Merchants Bank"" - Google 新闻",一季报公布 招商银行要好起来了 - 富途牛牛,"<a href=""https://news.google.com/rss/articles/CBMiUkFVX3lxTE5BWjhkbEFsRjR1RENnd1JzaXV0TTJkMG9Jd1Ytb3lwOU0zSVlsMU9aZll2ejRlTDI2VkNmTDJzc1RlYlQ4NmdzVU56U2l6WWJfNnc?oc=5"" target=""_blank"">一季报公布 招商银行要好起来了</a>&nbsp;&nbsp;<font color=""#6f6f6f"">富途牛牛</font>",https://news.google.com/rss/articles/CBMiUkFVX3lxTE5BWjhkbEFsRjR1RENnd1JzaXV0TTJkMG9Jd1Ytb3lwOU0zSVlsMU9aZll2ejRlTDI2VkNmTDJzc1RlYlQ4NmdzVU56U2l6WWJfNnc?oc=5,China Merchants Bank,一季报公布 招商银行要好起来了 - 富途牛牛. 一季报公布 招商银行要好起来了 富途牛牛,neutral,0.027955383,zh,bootstrap,mixed_real_news_v6
2026-04-29,2026-04-29T02:57:40+00:00,600036.SH,"""China Merchants Bank"" - Google News",Hong Kong Stock Movement | China Merchants Bank (03968) fell over 4% as Q1 net profit increased by 1.52% year-on-year; JPMorgan noted its valuation premium relative to peers. - Moomoo,"<a href=""https://news.google.com/rss/articles/CBMipgFBVV95cUxNN05sRkZHRVN1R1RlZm94dFA0LU9pbmtVYVpBNEJrQWFZN1FUWTlFUEZXVlRhbTJ6eXQ1Mk5Od0wxOGIza1dZbC1naVMza0VaV2RkRzE3ZkEzLURLNVotZFVYMXFjWHhKTGRmQU1vdDF4NFNVU1JpNmxaeFJuMTNvTEVHQjk5b3VRaVVaTy1ZUkh2RHVXVHBWTjQyUjFDWkVtS0dGcXhR?oc=5"" target=""_blank"">Hong Kong Stock Movement | China Merchants Bank (03968) fell over 4% as Q1 net profit increased by 1.52% year-on-year; JPMorgan noted its valuation premium relative to peers.</a>&nbsp;&nbsp;<font color=""#6f6f6f"">Moomoo</font>",https://news.google.com/rss/articles/CBMipgFBVV95cUxNN05sRkZHRVN1R1RlZm94dFA0LU9pbmtVYVpBNEJrQWFZN1FUWTlFUEZXVlRhbTJ6eXQ1Mk5Od0wxOGIza1dZbC1naVMza0VaV2RkRzE3ZkEzLURLNVotZFVYMXFjWHhKTGRmQU1vdDF4NFNVU1JpNmxaeFJuMTNvTEVHQjk5b3VRaVVaTy1ZUkh2RHVXVHBWTjQyUjFDWkVtS0dGcXhR?oc=5,China Merchants Bank,Hong Kong Stock Movement | China Merchants Bank (03968) fell over 4% as Q1 net profit increased by 1.52% year-on-year; JPMorgan noted its valuation premium relative to peers. - Moomoo. Hong Kong Stock Movement | China Merchants Bank (03968) fell over 4% as Q1 net profit increased by 1.52% year-on-year; JPMorgan noted its valuation premium relative to peers. Moomoo,negative,-0.9349196,en,bootstrap,mixed_real_news_v6
2026-04-29,2026-04-29T03:13:24+00:00,600036.SH,"""China Merchants Bank"" - Google News","JPMorgan noted that China Merchants Bank (03968.HK)’s recovery in net interest income has not translated into robust profit growth, and expects it to underperform its peers in the short term. - 富途牛牛","<a href=""https://news.google.com/rss/articles/CBMiowFBVV95cUxQd0E4NjFNQlZ5eGg0dk0wdE1wWFJQaUVpUlBvdDFnQUI5MG9DbUJhNzR6ZUVtanJZaUQ3QV8tWFhlcGh0N0EyUUZUOXV6clRITXFCMnZnckhtaWQ3OHlzVTVKZms3T0RLZmNsZG9mRWM0SjFKTDNsdVJtZVdCbkVtNlRDRmd1bkxSVl9Jb1lwX1VqMWxpN2JCLXpabzNLZW9MWnM0?oc=5"" target=""_blank"">JPMorgan noted that China Merchants Bank (03968.HK)’s recovery in net interest income has not translated into robust profit growth, and expects it to underperform its peers in the short term.</a>&nbsp;&nbsp;<font color=""#6f6f6f"">富途牛牛</font>",https://news.google.com/rss/articles/CBMiowFBVV95cUxQd0E4NjFNQlZ5eGg0dk0wdE1wWFJQaUVpUlBvdDFnQUI5MG9DbUJhNzR6ZUVtanJZaUQ3QV8tWFhlcGh0N0EyUUZUOXV6clRITXFCMnZnckhtaWQ3OHlzVTVKZms3T0RLZmNsZG9mRWM0SjFKTDNsdVJtZVdCbkVtNlRDRmd1bkxSVl9Jb1lwX1VqMWxpN2JCLXpabzNLZW9MWnM0?oc=5,China Merchants Bank,"JPMorgan noted that China Merchants Bank (03968.HK)’s recovery in net interest income has not translated into robust profit growth, and expects it to underperform its peers in the short term. - 富途牛牛. JPMorgan noted that China Merchants Bank (03968.HK)’s recovery in net interest income has not translated into robust profit growth, and expects it to underperform its peers in the short term. 富途牛牛",positive,0.7310096,en,bootstrap,mixed_real_news_v6
2026-04-29,2026-04-29T06:06:31+00:00,600036.SH,"""China Merchants Bank"" - Google News",China Merchants Bank's Q1 Profit Rises Marginally Amid Ongoing Real Estate Slump - 富途牛牛,"<a href=""https://news.google.com/rss/articles/CBMipgFBVV95cUxON2RYM25GTXFUOHNHbmNOWm04WV95U0hIOE5mOU5aQUdkdllvTHJMbUs2Ry1YU0dZdFU1NEEybVRFQmx6NV9yUmxuTGZzS19OenltV3dodGdFNkQ3TXBmdS1oU3A0V095T21PU243bGllQ0xzS09iNWI2bXdjLXdEOTJjRVdsbTl1dVpISlJHamJONFdMeDByUVZyZXpIcmlXZl9ueEh3?oc=5"" target=""_blank"">China Merchants Bank's Q1 Profit Rises Marginally Amid Ongoing Real Estate Slump</a>&nbsp;&nbsp;<font color=""#6f6f6f"">富途牛牛</font>",https://news.google.com/rss/articles/CBMipgFBVV95cUxON2RYM25GTXFUOHNHbmNOWm04WV95U0hIOE5mOU5aQUdkdllvTHJMbUs2Ry1YU0dZdFU1NEEybVRFQmx6NV9yUmxuTGZzS19OenltV3dodGdFNkQ3TXBmdS1oU3A0V095T21PU243bGllQ0xzS09iNWI2bXdjLXdEOTJjRVdsbTl1dVpISlJHamJONFdMeDByUVZyZXpIcmlXZl9ueEh3?oc=5,China Merchants Bank,China Merchants Bank's Q1 Profit Rises Marginally Amid Ongoing Real Estate Slump - 富途牛牛. China Merchants Bank's Q1 Profit Rises Marginally Amid Ongoing Real Estate Slump 富途牛牛,positive,0.83531916,en,bootstrap,mixed_real_news_v6
2026-04-29,2026-04-29T06:41:29+00:00,600036.SH,"""China Merchants Bank"" - Google News","HSBC Research: It will take longer for China Merchants Bank (03968.HK) to translate its retail banking advantages into results, but its long-term potential remains promising. - 富途牛牛","<a href=""https://news.google.com/rss/articles/CBMioAFBVV95cUxNcnlGSnJJOVIzNWs5WW1jNk9rYlAzZncwZmtnTEhkSE5UcmRLaEl5eDY2Q1lGVkQxdVB5MkpKNVZkMDF4U3Z2RHFBSmFyWUIwLTdMOFpKVFNqbllYVGRHblF5UWhaQUlYVXF5N19rY0wzT1ExcXFOLVBKOWtuc2xmWTJrNFZSOUh4ZHJwWjZMRG5jN2xfSHJuUU1ZckppSHhl?oc=5"" target=""_blank"">HSBC Research: It will take longer for China Merchants Bank (03968.HK) to translate its retail banking advantages into results, but its long-term potential remains promising.</a>&nbsp;&nbsp;<font color=""#6f6f6f"">富途牛牛</font>",https://news.google.com/rss/articles/CBMioAFBVV95cUxNcnlGSnJJOVIzNWs5WW1jNk9rYlAzZncwZmtnTEhkSE5UcmRLaEl5eDY2Q1lGVkQxdVB5MkpKNVZkMDF4U3Z2RHFBSmFyWUIwLTdMOFpKVFNqbllYVGRHblF5UWhaQUlYVXF5N19rY0wzT1ExcXFOLVBKOWtuc2xmWTJrNFZSOUh4ZHJwWjZMRG5jN2xfSHJuUU1ZckppSHhl?oc=5,China Merchants Bank,"HSBC Research: It will take longer for China Merchants Bank (03968.HK) to translate its retail banking advantages into results, but its long-term potential remains promising. - 富途牛牛. HSBC Research: It will take longer for China Merchants Bank (03968.HK) to translate its retail banking advantages into results, but its long-term potential remains promising. 富途牛牛",positive,0.6142846,en,bootstrap,mixed_real_news_v6
2026-04-29,2026-04-29T06:47:00+00:00,600036.SH,"""China Merchants Bank"" - Google News",招商银行(600036)点评：营收超预期 静待零售拐点到来 - Futubull - 富途牛牛,"<a href=""https://news.google.com/rss/articles/CBMixwFBVV95cUxOZHZvNVJZdFdmd0Q3UmxUY1dCbTEwdTFvTnRwT2NETEtlMTNIazBUNm0zQXkxNmU3cW0tRHRkc1dRWkpCY2RtSU95NjNOVmNSck1zRkJkaGlHcE1CZ0Vmak93aElNVnlSZXg4YzVWN0hxUHZab1c0c0RYQVpTY0p4WmNKSHYwRy1ZVXpxNzJvT3d2YWtPREN5aWFWeDNER3VPcDVURGZtd1pQcDFSN2tjbFNZeXM5eWVBZ0g4aVV5WS03b19CRm9v?oc=5"" target=""_blank"">招商银行(600036)点评：营收超预期 静待零售拐点到来 - Futubull</a>&nbsp;&nbsp;<font color=""#6f6f6f"">富途牛牛</font>",https://news.google.com/rss/articles/CBMixwFBVV95cUxOZHZvNVJZdFdmd0Q3UmxUY1dCbTEwdTFvTnRwT2NETEtlMTNIazBUNm0zQXkxNmU3cW0tRHRkc1dRWkpCY2RtSU95NjNOVmNSck1zRkJkaGlHcE1CZ0Vmak93aElNVnlSZXg4YzVWN0hxUHZab1c0c0RYQVpTY0p4WmNKSHYwRy1ZVXpxNzJvT3d2YWtPREN5aWFWeDNER3VPcDVURGZtd1pQcDFSN2tjbFNZeXM5eWVBZ0g4aVV5WS03b19CRm9v?oc=5,China Merchants Bank,招商银行(600036)点评：营收超预期 静待零售拐点到来 - Futubull - 富途牛牛. 招商银行(600036)点评：营收超预期 静待零售拐点到来 - Futubull 富途牛牛,neutral,0.0020324811,zh,bootstrap,mixed_real_news_v6
2026-04-29,2026-04-29T06:47:00+00:00,600036.SH,"""600036"" - Google 新闻",招商银行(600036)点评：营收超预期 静待零售拐点到来 - 富途牛牛,"<a href=""https://news.google.com/rss/articles/CBMiwwFBVV95cUxObUh5dE92dkVMSC1NaEJmUjFORlhHV3ZCME5HSEstdEg4YUM2TWQzSXp5T2JDZWpudUswUGRIZ3ZiNWhVaS1LTXgyM1QzMHlWT3JoN1IyZ0hhRWNEdjBrTjNqa3JURks0M0VmYnhTVEo3NEpDWjV5Uk9GVHNSTkNQM2R1OEhwYWpFWEZlWnhfZ3NDb1Z2bHo0NHp1V1hMRDlsUG0xcy00eTcyTE4ySFFLdWFtNUVQSWYxQnFPWXo1WExxTEk?oc=5"" target=""_blank"">招商银行(600036)点评：营收超预期 静待零售拐点到来</a>&nbsp;&nbsp;<font color=""#6f6f6f"">富途牛牛</font>",https://news.google.com/rss/articles/CBMiwwFBVV95cUxObUh5dE92dkVMSC1NaEJmUjFORlhHV3ZCME5HSEstdEg4YUM2TWQzSXp5T2JDZWpudUswUGRIZ3ZiNWhVaS1LTXgyM1QzMHlWT3JoN1IyZ0hhRWNEdjBrTjNqa3JURks0M0VmYnhTVEo3NEpDWjV5Uk9GVHNSTkNQM2R1OEhwYWpFWEZlWnhfZ3NDb1Z2bHo0NHp1V1hMRDlsUG0xcy00eTcyTE4ySFFLdWFtNUVQSWYxQnFPWXo1WExxTEk?oc=5,600036,招商银行(600036)点评：营收超预期 静待零售拐点到来 - 富途牛牛. 招商银行(600036)点评：营收超预期 静待零售拐点到来 富途牛牛,neutral,0.0058406033,zh,bootstrap,mixed_real_news_v6
2026-04-29,2026-04-29T07:21:14+00:00,600036.SH,"""China Merchants Bank"" - Google News",Stock Movement in Hong Kong | China Merchants Bank fell nearly 5% as Q1 net profit missed expectations. - 富途牛牛,"<a href=""https://news.google.com/rss/articles/CBMiowFBVV95cUxOd2MyUVh2SFRPLVZObDdRLUkxZmMxd09VcFZfVFNqS1dyN0VaZmktbm1NdkdXelE4dU1YNk83XzV5QzZUS2tVdWNqMU03SzlZVUdpc1NjcUlybkR5U29oWkhyenVYX19qdmItRG9MVjRKbVNja29TRm5OaXFMLTNzbl9kVDN0N0hROXlBeWViSWM0WllaODFHWVpGVk4tTGw0aFBF?oc=5"" target=""_blank"">Stock Movement in Hong Kong | China Merchants Bank fell nearly 5% as Q1 net profit missed expectations.</a>&nbsp;&nbsp;<font color=""#6f6f6f"">富途牛牛</font>",https://news.google.com/rss/articles/CBMiowFBVV95cUxOd2MyUVh2SFRPLVZObDdRLUkxZmMxd09VcFZfVFNqS1dyN0VaZmktbm1NdkdXelE4dU1YNk83XzV5QzZUS2tVdWNqMU03SzlZVUdpc1NjcUlybkR5U29oWkhyenVYX19qdmItRG9MVjRKbVNja29TRm5OaXFMLTNzbl9kVDN0N0hROXlBeWViSWM0WllaODFHWVpGVk4tTGw0aFBF?oc=5,China Merchants Bank,Stock Movement in Hong Kong | China Merchants Bank fell nearly 5% as Q1 net profit missed expectations. - 富途牛牛. Stock Movement in Hong Kong | China Merchants Bank fell nearly 5% as Q1 net profit missed expectations. 富途牛牛,negative,-0.96419555,en,bootstrap,mixed_real_news_v6
2026-04-29,2026-04-29T08:08:00+00:00,600036.SH,"""招商银行"" - Google 新闻",招商银行西安分行成功举办“三十而熠 招焕新篇”2026年经济座谈会 - 西部网,"<a href=""https://news.google.com/rss/articles/CBMiYEFVX3lxTE1iYzJ6aktrdlVrMHRydXNhZUNHbEtLcjZBc3V2YTI3TkhmQkpBWTR5TXBMa0liZ1pBVVg3VEtNYmpUdzZkRTl2WWNDZUtrZEhVY3Ywb1hVWldWcjRHODY5Tw?oc=5"" target=""_blank"">招商银行西安分行成功举办“三十而熠 招焕新篇”2026年经济座谈会</a>&nbsp;&nbsp;<font color=""#6f6f6f"">西部网</font>",https://news.google.com/rss/articles/CBMiYEFVX3lxTE1iYzJ6aktrdlVrMHRydXNhZUNHbEtLcjZBc3V2YTI3TkhmQkpBWTR5TXBMa0liZ1pBVVg3VEtNYmpUdzZkRTl2WWNDZUtrZEhVY3Ywb1hVWldWcjRHODY5Tw?oc=5,招商银行,招商银行西安分行成功举办“三十而熠 招焕新篇”2026年经济座谈会 - 西部网. 招商银行西安分行成功举办“三十而熠 招焕新篇”2026年经济座谈会 西部网,neutral,0.07656269,zh,bootstrap,mixed_real_news_v6
2026-04-29,2026-04-29T08:58:25+00:00,600036.SH,"""招商银行"" - Google 新闻",招商银行成交额创2024年10月9日以来新高 - 东方财富,"<a href=""https://news.google.com/rss/articles/CBMiYEFVX3lxTFBXRV9NYlRRWHpCZ25CRmhicy0xcmJEZElHRmY3ZmlkWDBveEpnd1puVFNuaW1oVGdHNDBKcXdnYWlaV1N0T2llQmxONWpaR1doV3o0NzQ3eU1rdEh3ZlNvaQ?oc=5"" target=""_blank"">招商银行成交额创2024年10月9日以来新高</a>&nbsp;&nbsp;<font color=""#6f6f6f"">东方财富</font>",https://news.google.com/rss/articles/CBMiYEFVX3lxTFBXRV9NYlRRWHpCZ25CRmhicy0xcmJEZElHRmY3ZmlkWDBveEpnd1puVFNuaW1oVGdHNDBKcXdnYWlaV1N0T2llQmxONWpaR1doV3o0NzQ3eU1rdEh3ZlNvaQ?oc=5,招商银行,招商银行成交额创2024年10月9日以来新高 - 东方财富. 招商银行成交额创2024年10月9日以来新高 东方财富,neutral,0.012248412,zh,bootstrap,mixed_real_news_v6
2026-04-29,2026-04-29T09:41:19+00:00,600036.SH,"""600036"" - Google 新闻",招商银行(600036):招商银行股份有限公司2026年第一季度第三支柱报告 - 中财网,"<a href=""https://news.google.com/rss/articles/CBMiVkFVX3lxTE9WRHhlOXV2eGxDM3l1Y1VoVTFOT2p6alZ5VWJnb0tyT0daMHJ3T2QtZ1RyamgxbHhRUWpmSV9ITS15dnlsVFBIMW44MTlUWVlTbkV5Vk9B?oc=5"" target=""_blank"">招商银行(600036):招商银行股份有限公司2026年第一季度第三支柱报告</a>&nbsp;&nbsp;<font color=""#6f6f6f"">中财网</font>",https://news.google.com/rss/articles/CBMiVkFVX3lxTE9WRHhlOXV2eGxDM3l1Y1VoVTFOT2p6alZ5VWJnb0tyT0daMHJ3T2QtZ1RyamgxbHhRUWpmSV9ITS15dnlsVFBIMW44MTlUWVlTbkV5Vk9B?oc=5,600036,招商银行(600036):招商银行股份有限公司2026年第一季度第三支柱报告 - 中财网. 招商银行(600036):招商银行股份有限公司2026年第一季度第三支柱报告 中财网,neutral,0.032772258,zh,bootstrap,mixed_real_news_v6
2026-04-29,2026-04-29T10:08:00+00:00,600036.SH,"""招商银行"" - Google 新闻",招商银行超20万笔客户投诉，集中在这！ - 新浪财经,"<a href=""https://news.google.com/rss/articles/CBMihwFBVV95cUxNTXJlcTZraWF2LUE2QmpPeDBSYjVpU0s4cFdQZVI4UWkyN0toUms5TWs1UTFCemVlZGtJaUg1ejFpR0czemUtSlVreHRWSkRYbFJqaGRwMGM2TUVIZ2h4bTREampBenFxcWR5VndWekxad2REel81UkFQNko5YlFuUGdBeG5nbVU?oc=5"" target=""_blank"">招商银行超20万笔客户投诉，集中在这！</a>&nbsp;&nbsp;<font color=""#6f6f6f"">新浪财经</font>",https://news.google.com/rss/articles/CBMihwFBVV95cUxNTXJlcTZraWF2LUE2QmpPeDBSYjVpU0s4cFdQZVI4UWkyN0toUms5TWs1UTFCemVlZGtJaUg1ejFpR0czemUtSlVreHRWSkRYbFJqaGRwMGM2TUVIZ2h4bTREampBenFxcWR5VndWekxad2REel81UkFQNko5YlFuUGdBeG5nbVU?oc=5,招商银行,招商银行超20万笔客户投诉，集中在这！ - 新浪财经. 招商银行超20万笔客户投诉，集中在这！ 新浪财经,neutral,0.035955243,zh,bootstrap,mixed_real_news_v6
2026-04-29,2026-04-29T10:41:09+00:00,600036.SH,"""招商银行"" - Google News",招商银行(600036)2026年一季报点评：营收利润维持正增 财富管理业务表现较好 - Futubull - 富途牛牛,"<a href=""https://news.google.com/rss/articles/CBMiqAFBVV95cUxQZGwtTEg5VDFlUy1Ncmlzc3lHdE1kUkExMzFTcFB1cHNQODIzNmFFaThORms0a1NBczBycm84aE80OXgzX2xhYnhBSGZ2Q0lpZVhsQXQydldCWEhweTE4TlBuWTBDTFc1bEFRS3l5WS1SdHlVSGNlbktKdThNbDJiZEdSREpGcUZtdHJZN01BTm1UX3AwOWJ5ZllLdy1kU0tfXzBGS1FyNEs?oc=5"" target=""_blank"">招商银行(600036)2026年一季报点评：营收利润维持正增 财富管理业务表现较好 - Futubull</a>&nbsp;&nbsp;<font color=""#6f6f6f"">富途牛牛</font>",https://news.google.com/rss/articles/CBMiqAFBVV95cUxQZGwtTEg5VDFlUy1Ncmlzc3lHdE1kUkExMzFTcFB1cHNQODIzNmFFaThORms0a1NBczBycm84aE80OXgzX2xhYnhBSGZ2Q0lpZVhsQXQydldCWEhweTE4TlBuWTBDTFc1bEFRS3l5WS1SdHlVSGNlbktKdThNbDJiZEdSREpGcUZtdHJZN01BTm1UX3AwOWJ5ZllLdy1kU0tfXzBGS1FyNEs?oc=5,招商银行,招商银行(600036)2026年一季报点评：营收利润维持正增 财富管理业务表现较好 - Futubull - 富途牛牛. 招商银行(600036)2026年一季报点评：营收利润维持正增 财富管理业务表现较好 - Futubull 富途牛牛,neutral,0.018143114,zh,bootstrap,mixed_real_news_v6
2026-04-29,2026-04-29T10:53:40+00:00,600036.SH,"""600036"" - Google 新闻",招商银行(600036)2026年一季报点评：营收利润维持正增 财富管理业务表现较好 - 富途牛牛,"<a href=""https://news.google.com/rss/articles/CBMipAFBVV95cUxOY0ROQnJscXc3VzltdWxWbmhpNVQ2UVQyeUZVUVBnRjNpbEdNOXh5ekM5dElqc0wtVGgyQzFEeUtLNmprM1J3RDdESWlleXcwU1VYVFZkeER1dkQzUE1JZUk1Tnl4cUFVeWk4ZlBUSDNMZkJ6dGRFaDU2TjNiYWF6S0xqUlFpMGZjcjh6cVpNRE5qMmdXV2Q3NFdsOGJwRktzVDViYg?oc=5"" target=""_blank"">招商银行(600036)2026年一季报点评：营收利润维持正增 财富管理业务表现较好</a>&nbsp;&nbsp;<font color=""#6f6f6f"">富途牛牛</font>",https://news.google.com/rss/articles/CBMipAFBVV95cUxOY0ROQnJscXc3VzltdWxWbmhpNVQ2UVQyeUZVUVBnRjNpbEdNOXh5ekM5dElqc0wtVGgyQzFEeUtLNmprM1J3RDdESWlleXcwU1VYVFZkeER1dkQzUE1JZUk1Tnl4cUFVeWk4ZlBUSDNMZkJ6dGRFaDU2TjNiYWF6S0xqUlFpMGZjcjh6cVpNRE5qMmdXV2Q3NFdsOGJwRktzVDViYg?oc=5,600036,招商银行(600036)2026年一季报点评：营收利润维持正增 财富管理业务表现较好 - 富途牛牛. 招商银行(600036)2026年一季报点评：营收利润维持正增 财富管理业务表现较好 富途牛牛,neutral,0.026858222,zh,bootstrap,mixed_real_news_v6
2026-04-29,2026-04-29T16:46:56+00:00,600036.SH,"""China Merchants Bank"" - Google News",China Merchants Bank (OTCMKTS:CIHKY) Posts Earnings Results - MarketBeat,"<a href=""https://news.google.com/rss/articles/CBMirwFBVV95cUxQcDFKNDBYaTJIUUlBT2YzLVd1SDBaS1BUZm9kZ0VUazlVRnY2WV9mNGdqTXR1NTB0Sl9oeU15dUlub0VnOUhJMjE4bGpUZXRBaFhHb1lNNjlUV0xyYi1wa2dDa0FFMEExeFN0UlU3d01fbEp4WGhIMkNLeDh5SnhSUloycEw2S3JFZjM3Q09sZTBSNDhwUl9ndVl2Z0E0NmhraTlfOHptTXNhRmV2YVA4?oc=5"" target=""_blank"">China Merchants Bank (OTCMKTS:CIHKY) Posts Earnings Results</a>&nbsp;&nbsp;<font color=""#6f6f6f"">MarketBeat</font>",https://news.google.com/rss/articles/CBMirwFBVV95cUxQcDFKNDBYaTJIUUlBT2YzLVd1SDBaS1BUZm9kZ0VUazlVRnY2WV9mNGdqTXR1NTB0Sl9oeU15dUlub0VnOUhJMjE4bGpUZXRBaFhHb1lNNjlUV0xyYi1wa2dDa0FFMEExeFN0UlU3d01fbEp4WGhIMkNLeDh5SnhSUloycEw2S3JFZjM3Q09sZTBSNDhwUl9ndVl2Z0E0NmhraTlfOHptTXNhRmV2YVA4?oc=5,China Merchants Bank,China Merchants Bank (OTCMKTS:CIHKY) Posts Earnings Results - MarketBeat. China Merchants Bank (OTCMKTS:CIHKY) Posts Earnings Results MarketBeat,neutral,-0.034619343,en,bootstrap,mixed_real_news_v6
2026-04-29,2026-04-29T17:35:26+00:00,600036.SH,"""China Merchants Bank"" - Google News",China Merchants Bank (OTCMKTS:CIHKY) Shares Gap Down - Here's Why - MarketBeat,"<a href=""https://news.google.com/rss/articles/CBMiswFBVV95cUxNZm44a0J4YXg1UjFwRnpCaDd2MEJZczJFSGJ1ZjVfdEtCWG81eWhnc3dFeGZjd3dndmVTNVNTRjY4dkgzQUxvRDhOVlFsUkkzWVdyLWxSSmxnYmRMaVRZVHVOR3A4bzgtYXhscnl6enAtSllGWW85THQ2WEhOdG9YMlp0VUtwemNoZ0dNVnZENVY3QjVQMWdjU1habk1SXzgxa3Z0c2dyV0h1YUlUZzNfVFlyUQ?oc=5"" target=""_blank"">China Merchants Bank (OTCMKTS:CIHKY) Shares Gap Down - Here's Why</a>&nbsp;&nbsp;<font color=""#6f6f6f"">MarketBeat</font>",https://news.google.com/rss/articles/CBMiswFBVV95cUxNZm44a0J4YXg1UjFwRnpCaDd2MEJZczJFSGJ1ZjVfdEtCWG81eWhnc3dFeGZjd3dndmVTNVNTRjY4dkgzQUxvRDhOVlFsUkkzWVdyLWxSSmxnYmRMaVRZVHVOR3A4bzgtYXhscnl6enAtSllGWW85THQ2WEhOdG9YMlp0VUtwemNoZ0dNVnZENVY3QjVQMWdjU1habk1SXzgxa3Z0c2dyV0h1YUlUZzNfVFlyUQ?oc=5,China Merchants Bank,China Merchants Bank (OTCMKTS:CIHKY) Shares Gap Down - Here's Why - MarketBeat. China Merchants Bank (OTCMKTS:CIHKY) Shares Gap Down - Here's Why MarketBeat,neutral,-0.35014307,en,bootstrap,mixed_real_news_v6
2026-04-29,2026-04-29T19:20:00+00:00,600036.SH,招商银行 - Bing新聞,王小青接棒王良，“零售之王”招商银行迎来关键人事调整,财联社记者获悉，今日上午9点15分，招商银行召开干部大会，招商局集团相关负责人到场宣布，招商银行党委书记、行长王良到龄退休，由招商金控总经理王小青接任招商银行党委书记。按照惯例，在履行完必要的程序之后，王小青将出任招商银行下一任行长。,http://www.bing.com/news/apiclick.aspx?ref=FexRss&aid=&tid=69fb16b8ebf44eb2bfbfea81a15c48c4&url=https%3a%2f%2fwww.sohu.com%2fa%2f1016600855_222256&c=9234392293897578075&mkt=zh-tw,招商银行,王小青接棒王良，“零售之王”招商银行迎来关键人事调整. 财联社记者获悉，今日上午9点15分，招商银行召开干部大会，招商局集团相关负责人到场宣布，招商银行党委书记、行长王良到龄退休，由招商金控总经理王小青接任招商银行党委书记。按照惯例，在履行完必要的程序之后，王小青将出任招商银行下一任行长。,neutral,0.08164795,zh,bootstrap,mixed_real_news_v6
2026-04-29,2026-04-29T20:21:00+00:00,600036.SH,招商银行 - Bing新聞,招商银行39年第五任行长落定，救火队长谢幕、全能干将上位,据媒体证实，4月30日上午，招商银行召开相关会议，会上宣布王小青任招商银行党委书记，现任党委书记王良到龄退休。而按照招商银行公司章程“党委书记、行长由一人担任”的规定，意味着在履行必要的流程后，王小青将出任该行行长。 据公开简历，王小青1971年10月出生，复旦大学政治经济学博士研究生学历，经济师，2005年3月至2020年3月在中国人保资产管理有限公司工作，历任风险管理部副总经理、组合管理部副总 ...,http://www.bing.com/news/apiclick.aspx?ref=FexRss&aid=&tid=69fb16b8ebf44eb2bfbfea81a15c48c4&url=https%3a%2f%2fwww.sohu.com%2fa%2f1016660929_121948396&c=3998065497990945516&mkt=zh-tw,招商银行,招商银行39年第五任行长落定，救火队长谢幕、全能干将上位. 据媒体证实，4月30日上午，招商银行召开相关会议，会上宣布王小青任招商银行党委书记，现任党委书记王良到龄退休。而按照招商银行公司章程“党委书记、行长由一人担任”的规定，意味着在履行必要的流程后，王小青将出任该行行长。 据公开简历，王小青1971年10月出生，复旦大学政治经济学博士研究生学历，经济师，2005年3月至2020年3月在中国人保资产管理有限公司工作，历任风险管理部副总经理、组合管理部副总 ...,neutral,0.09086594,zh,bootstrap,mixed_real_news_v6
2026-04-29,2026-04-29T21:22:00+00:00,600036.SH,招商银行 - Bing新聞,“零售之王”招商银行交棒：王良到龄退休，王小青掌舵,去年5月，在深圳举办的“首届全球资产管理论坛”论坛上，王小青以招商银行副行长兼招商基金董事长、招商信诺人寿董事长、招商信诺资管董事长的身份，发表了《财富管理视角下的资产管理：携手共进，共创未来》主题演讲。,http://www.bing.com/news/apiclick.aspx?ref=FexRss&aid=&tid=69fb16b8ebf44eb2bfbfea81a15c48c4&url=https%3a%2f%2ffinance.sina.com.cn%2fjjxw%2f2026-04-30%2fdoc-inhwfyeh7194417.shtml&c=15845511381097237963&mkt=zh-tw,招商银行,“零售之王”招商银行交棒：王良到龄退休，王小青掌舵. 去年5月，在深圳举办的“首届全球资产管理论坛”论坛上，王小青以招商银行副行长兼招商基金董事长、招商信诺人寿董事长、招商信诺资管董事长的身份，发表了《财富管理视角下的资产管理：携手共进，共创未来》主题演讲。,neutral,0.073910624,zh,bootstrap,mixed_real_news_v6
2026-04-30,2026-04-30T00:17:19+00:00,600036.SH,"""China Merchants Bank"" - Google 新闻",大摩：招商银行给予“增持”评级 目标价为63.4港元 - 富途牛牛,"<a href=""https://news.google.com/rss/articles/CBMipwFBVV95cUxNWjhHbGx0d01Hbi1OcF9tUHI5Ynhpdms3V3FvWUhodEFVQnlmQjl6MDRjVHNNSm5DeTczYXRvSGM3b3NuYzVhb0lrVmV3eXhKSk9nSzNVSF8zcmpOclZ4WVBJSFVlYm13R0d6UG9TUV81a2h0Q3lubTFJOV9sV3Fwbjh4MzlkdG81NHR0QXY5azRHMFJkRWVUWG9MdUZwVzhkdzU0T3YxOA?oc=5"" target=""_blank"">大摩：招商银行给予“增持”评级 目标价为63.4港元</a>&nbsp;&nbsp;<font color=""#6f6f6f"">富途牛牛</font>",https://news.google.com/rss/articles/CBMipwFBVV95cUxNWjhHbGx0d01Hbi1OcF9tUHI5Ynhpdms3V3FvWUhodEFVQnlmQjl6MDRjVHNNSm5DeTczYXRvSGM3b3NuYzVhb0lrVmV3eXhKSk9nSzNVSF8zcmpOclZ4WVBJSFVlYm13R0d6UG9TUV81a2h0Q3lubTFJOV9sV3Fwbjh4MzlkdG81NHR0QXY5azRHMFJkRWVUWG9MdUZwVzhkdzU0T3YxOA?oc=5,China Merchants Bank,大摩：招商银行给予“增持”评级 目标价为63.4港元 - 富途牛牛. 大摩：招商银行给予“增持”评级 目标价为63.4港元 富途牛牛,neutral,0.032136742,zh,bootstrap,mixed_real_news_v6
2026-04-30,2026-04-30T00:18:20+00:00,600036.SH,"""China Merchants Bank"" - Google News","CLSA: China Merchants Bank's Q1 performance was mixed, with wealth management revenue and net interest margin surpassing expectations. - 富途牛牛","<a href=""https://news.google.com/rss/articles/CBMinwFBVV95cUxNRHFiVDlJNTVfU18tOTZOS0ZBLTYxdTV4dFVHRDBGY1NZR1BPc3RhSUJEb3FpRURGa1dFeU1wUlRBOFF6WVlja3dMNURWMGt1MDU4YWgyMXZWaHBBQnNCYW9rbDRuckYyWVJYN1pybWVqeUhvT0UwQndhR2h5bXBKbGY1dloyT2JSaFo2R253Nlk3dVFQeGFHcVhaRjZHaU0?oc=5"" target=""_blank"">CLSA: China Merchants Bank's Q1 performance was mixed, with wealth management revenue and net interest margin surpassing expectations.</a>&nbsp;&nbsp;<font color=""#6f6f6f"">富途牛牛</font>",https://news.google.com/rss/articles/CBMinwFBVV95cUxNRHFiVDlJNTVfU18tOTZOS0ZBLTYxdTV4dFVHRDBGY1NZR1BPc3RhSUJEb3FpRURGa1dFeU1wUlRBOFF6WVlja3dMNURWMGt1MDU4YWgyMXZWaHBBQnNCYW9rbDRuckYyWVJYN1pybWVqeUhvT0UwQndhR2h5bXBKbGY1dloyT2JSaFo2R253Nlk3dVFQeGFHcVhaRjZHaU0?oc=5,China Merchants Bank,"CLSA: China Merchants Bank's Q1 performance was mixed, with wealth management revenue and net interest margin surpassing expectations. - 富途牛牛. CLSA: China Merchants Bank's Q1 performance was mixed, with wealth management revenue and net interest margin surpassing expectations. 富途牛牛",negative,-0.92441416,en,bootstrap,mixed_real_news_v6
2026-04-30,2026-04-30T00:19:32+00:00,600036.SH,"""China Merchants Bank"" - Google News",JPMorgan: China Merchants Bank maintains an 'Overweight' rating with a target price of HKD 62. - 富途牛牛,"<a href=""https://news.google.com/rss/articles/CBMirAFBVV95cUxPWFNoZWFMQ1hOSHdmN2FJNGp0TGQ3cTk5Wk5EQzdRa2Nia2ljLWxncjdQUDNHbE9LNU5JMkFZekwxaVRCNHFYNVpsdUo0Ty1YcEtTZ2hVTUxRakpfVkxJTzY2YzJ3eVZWbVJORmw1NlQ2WXd4VWtqSy10M08xRFk0X1AtdXNtbjU0b1ZQc2ZWbGJCMTRyVk84MmRnaDhWR0h5aXh5MlItcjR6cV9s?oc=5"" target=""_blank"">JPMorgan: China Merchants Bank maintains an 'Overweight' rating with a target price of HKD 62.</a>&nbsp;&nbsp;<font color=""#6f6f6f"">富途牛牛</font>",https://news.google.com/rss/articles/CBMirAFBVV95cUxPWFNoZWFMQ1hOSHdmN2FJNGp0TGQ3cTk5Wk5EQzdRa2Nia2ljLWxncjdQUDNHbE9LNU5JMkFZekwxaVRCNHFYNVpsdUo0Ty1YcEtTZ2hVTUxRakpfVkxJTzY2YzJ3eVZWbVJORmw1NlQ2WXd4VWtqSy10M08xRFk0X1AtdXNtbjU0b1ZQc2ZWbGJCMTRyVk84MmRnaDhWR0h5aXh5MlItcjR6cV9s?oc=5,China Merchants Bank,JPMorgan: China Merchants Bank maintains an 'Overweight' rating with a target price of HKD 62. - 富途牛牛. JPMorgan: China Merchants Bank maintains an 'Overweight' rating with a target price of HKD 62. 富途牛牛,neutral,0.01794164,en,bootstrap,mixed_real_news_v6
2026-04-30,2026-04-30T00:41:33+00:00,600036.SH,"""China Merchants Bank"" - Google News",Morgan Stanley: China Merchants Bank rated 'Overweight' with a target price of HKD 63.4. - 富途牛牛,"<a href=""https://news.google.com/rss/articles/CBMiqwFBVV95cUxOY1ByNjJWVVN5TTNSbzE0SmNrdEY5R1c0RmVVbTRVZ0NydkRmWDlUX1Iwb0JjVGVCaVZFTFMxaWcxR0VSMk84bWtaNVJ6Z0Z6S3JiLVU1cmE3Yy1OODBPYkdyZmlKOWpVTHk5YUhKRDQ2aDZFNzN1emV2Q3FsQ3BaM1pPd1FnMnQ3ZDMxX1V0N1dGYzFVUWpFaThYWUFMMk0tZ1lXRUZmZUhYVU0?oc=5"" target=""_blank"">Morgan Stanley: China Merchants Bank rated 'Overweight' with a target price of HKD 63.4.</a>&nbsp;&nbsp;<font color=""#6f6f6f"">富途牛牛</font>",https://news.google.com/rss/articles/CBMiqwFBVV95cUxOY1ByNjJWVVN5TTNSbzE0SmNrdEY5R1c0RmVVbTRVZ0NydkRmWDlUX1Iwb0JjVGVCaVZFTFMxaWcxR0VSMk84bWtaNVJ6Z0Z6S3JiLVU1cmE3Yy1OODBPYkdyZmlKOWpVTHk5YUhKRDQ2aDZFNzN1emV2Q3FsQ3BaM1pPd1FnMnQ3ZDMxX1V0N1dGYzFVUWpFaThYWUFMMk0tZ1lXRUZmZUhYVU0?oc=5,China Merchants Bank,Morgan Stanley: China Merchants Bank rated 'Overweight' with a target price of HKD 63.4. - 富途牛牛. Morgan Stanley: China Merchants Bank rated 'Overweight' with a target price of HKD 63.4. 富途牛牛,neutral,0.018160876,en,bootstrap,mixed_real_news_v6
2026-04-30,2026-04-30T00:49:10+00:00,600036.SH,"""China Merchants Bank"" - Google 新闻",大摩：招商银行给予“增持”评级 目标价为63.4港元 - Moomoo,"<a href=""https://news.google.com/rss/articles/CBMiU0FVX3lxTE9nTGJMOFVmVHVnSUhUR3ZwTXVpMVhraWdybEhWdkUtQTdaRUU1dXpneUdkbGpkb3dQb0Q0dld1X0hORzRUal92SFVKOGFnbjZWQWpJ?oc=5"" target=""_blank"">大摩：招商银行给予“增持”评级 目标价为63.4港元</a>&nbsp;&nbsp;<font color=""#6f6f6f"">Moomoo</font>",https://news.google.com/rss/articles/CBMiU0FVX3lxTE9nTGJMOFVmVHVnSUhUR3ZwTXVpMVhraWdybEhWdkUtQTdaRUU1dXpneUdkbGpkb3dQb0Q0dld1X0hORzRUal92SFVKOGFnbjZWQWpJ?oc=5,China Merchants Bank,大摩：招商银行给予“增持”评级 目标价为63.4港元 - Moomoo. 大摩：招商银行给予“增持”评级 目标价为63.4港元 Moomoo,neutral,0.018417217,zh,bootstrap,mixed_real_news_v6
2026-04-30,2026-04-30T00:56:59+00:00,600036.SH,"""China Merchants Bank"" - Google News",Goldman Sachs: Maintains 'Buy' Rating for China Merchants Bank with a Target Price of HKD 52.86 - 富途牛牛,"<a href=""https://news.google.com/rss/articles/CBMiqAFBVV95cUxPZXBFNlJXNm44LWhCb1lfR25DLXFTa0UtbzQxRGNOUlJKcGtLZnVNQzZzTWJ0d1Rwa2ppSmtXeDFXNUNzYWtSb2JteWdfYkNvR2xXblpxbVZTR19YZU5qSld3WDRYWV9Qejg1Tnd0bHNDV1FRU0lEczN3UjJVLTdvcW1kZ1pCVDRqQmNnUUZxZUI3Sk9uOVRSMVQwRml1am9pb3JKYjN6aUc?oc=5"" target=""_blank"">Goldman Sachs: Maintains 'Buy' Rating for China Merchants Bank with a Target Price of HKD 52.86</a>&nbsp;&nbsp;<font color=""#6f6f6f"">富途牛牛</font>",https://news.google.com/rss/articles/CBMiqAFBVV95cUxPZXBFNlJXNm44LWhCb1lfR25DLXFTa0UtbzQxRGNOUlJKcGtLZnVNQzZzTWJ0d1Rwa2ppSmtXeDFXNUNzYWtSb2JteWdfYkNvR2xXblpxbVZTR19YZU5qSld3WDRYWV9Qejg1Tnd0bHNDV1FRU0lEczN3UjJVLTdvcW1kZ1pCVDRqQmNnUUZxZUI3Sk9uOVRSMVQwRml1am9pb3JKYjN6aUc?oc=5,China Merchants Bank,Goldman Sachs: Maintains 'Buy' Rating for China Merchants Bank with a Target Price of HKD 52.86 - 富途牛牛. Goldman Sachs: Maintains 'Buy' Rating for China Merchants Bank with a Target Price of HKD 52.86 富途牛牛,neutral,0.045894656,en,bootstrap,mixed_real_news_v6
2026-04-30,2026-04-30T01:28:35+00:00,600036.SH,"""China Merchants Bank"" - Google News",UBS Group: China Merchants Bank (03968) Q1 revenue and pre-provision profit largely in line with expectations; rated 'Neutral'. - Moomoo,"<a href=""https://news.google.com/rss/articles/CBMingFBVV95cUxNd0RxMFVUUWkzQmtzUXcxbVZ1UFFyZl9HbHB5YW1zdzY4RDE2S1RFOC1kdVdTRHJsN2VaUkVNOGdvRGlsbGk5QzBRb0Nld0lmaXQtT296MVVILTF3czZiR2JfeG9QN2w5ZzFQVGRsZ0VDZnRFWEdlcVM3VmVZdlFJN2J3U05CZUV1eVRFZllfckhYVURjU0xlcXB6em9rUQ?oc=5"" target=""_blank"">UBS Group: China Merchants Bank (03968) Q1 revenue and pre-provision profit largely in line with expectations; rated 'Neutral'.</a>&nbsp;&nbsp;<font color=""#6f6f6f"">Moomoo</font>",https://news.google.com/rss/articles/CBMingFBVV95cUxNd0RxMFVUUWkzQmtzUXcxbVZ1UFFyZl9HbHB5YW1zdzY4RDE2S1RFOC1kdVdTRHJsN2VaUkVNOGdvRGlsbGk5QzBRb0Nld0lmaXQtT296MVVILTF3czZiR2JfeG9QN2w5ZzFQVGRsZ0VDZnRFWEdlcVM3VmVZdlFJN2J3U05CZUV1eVRFZllfckhYVURjU0xlcXB6em9rUQ?oc=5,China Merchants Bank,UBS Group: China Merchants Bank (03968) Q1 revenue and pre-provision profit largely in line with expectations; rated 'Neutral'. - Moomoo. UBS Group: China Merchants Bank (03968) Q1 revenue and pre-provision profit largely in line with expectations; rated 'Neutral'. Moomoo,neutral,0.039478716,en,bootstrap,mixed_real_news_v6
2026-04-30,2026-04-30T02:01:28+00:00,600036.SH,"""China Merchants Bank"" - Google News",UBS Group: China Merchants Bank (03968) Q1 revenue and pre-provision profit largely in line with expectations; rated 'Neutral'. - 富途牛牛,"<a href=""https://news.google.com/rss/articles/CBMinAFBVV95cUxPRHhzdWJPWnBFUlQ5c1d0Sm9KdHAtQU9adG9hWWxTa1hvQXp4eGlsbHdNby11S3JUTkxmeHY4ZEhuU3JzaTcwZkRvVHM2OWp0UzNGbjNPbXhubEE2WjRrbWZnZ2NyODk4eGRLaFFrY2lWREVPM0hsX21sT2ZPVWR1YjFfWEt0SHE2d0dxU3V6bmZNalBhZ0tSV3NHQW4?oc=5"" target=""_blank"">UBS Group: China Merchants Bank (03968) Q1 revenue and pre-provision profit largely in line with expectations; rated 'Neutral'.</a>&nbsp;&nbsp;<font color=""#6f6f6f"">富途牛牛</font>",https://news.google.com/rss/articles/CBMinAFBVV95cUxPRHhzdWJPWnBFUlQ5c1d0Sm9KdHAtQU9adG9hWWxTa1hvQXp4eGlsbHdNby11S3JUTkxmeHY4ZEhuU3JzaTcwZkRvVHM2OWp0UzNGbjNPbXhubEE2WjRrbWZnZ2NyODk4eGRLaFFrY2lWREVPM0hsX21sT2ZPVWR1YjFfWEt0SHE2d0dxU3V6bmZNalBhZ0tSV3NHQW4?oc=5,China Merchants Bank,UBS Group: China Merchants Bank (03968) Q1 revenue and pre-provision profit largely in line with expectations; rated 'Neutral'. - 富途牛牛. UBS Group: China Merchants Bank (03968) Q1 revenue and pre-provision profit largely in line with expectations; rated 'Neutral'. 富途牛牛,neutral,0.05261054,en,bootstrap,mixed_real_news_v6
2026-04-30,2026-04-30T02:13:00+00:00,600036.SH,招商银行 - Bing新聞,13万亿招商银行“换帅”， 透视王小青的三大核心挑战,4月30日上午，招商银行（600036）召开相关会议，会上宣布王小青任招商银行党委书记，现任党委书记王良到龄退休。按照惯例，招商银行系党委书记、行长“一肩挑”。这就意味着，在走完公司内部相关流程以及获监管核准后，王小青将成为招商银行第五任行长。王小青（图片来自网络）对于老将王良来说，这是一次体面的谢幕。按照 ...,http://www.bing.com/news/apiclick.aspx?ref=FexRss&aid=&tid=69fb16b8ebf44eb2bfbfea81a15c48c4&url=https%3a%2f%2fnews.qq.com%2frain%2fa%2f20260430A06HHZ00&c=12629852862870118458&mkt=zh-tw,招商银行,13万亿招商银行“换帅”， 透视王小青的三大核心挑战. 4月30日上午，招商银行（600036）召开相关会议，会上宣布王小青任招商银行党委书记，现任党委书记王良到龄退休。按照惯例，招商银行系党委书记、行长“一肩挑”。这就意味着，在走完公司内部相关流程以及获监管核准后，王小青将成为招商银行第五任行长。王小青（图片来自网络）对于老将王良来说，这是一次体面的谢幕。按照 ...,neutral,0.06718327,zh,bootstrap,mixed_real_news_v6
2026-04-30,2026-04-30T02:19:00+00:00,600036.SH,"""招商银行"" - Google 新闻",王小青接棒王良，“零售之王”招商银行迎来关键人事调整 - 财联社,"<a href=""https://news.google.com/rss/articles/CBMiSEFVX3lxTE05bExHcU1ESVloeUw5ZXdkSmY4akEtbzg4eHkzekVPY1NTeDBZQzBxNURBVFV3OHpHaENKQXpELWRmQmZodzRKdg?oc=5"" target=""_blank"">王小青接棒王良，“零售之王”招商银行迎来关键人事调整</a>&nbsp;&nbsp;<font color=""#6f6f6f"">财联社</font>",https://news.google.com/rss/articles/CBMiSEFVX3lxTE05bExHcU1ESVloeUw5ZXdkSmY4akEtbzg4eHkzekVPY1NTeDBZQzBxNURBVFV3OHpHaENKQXpELWRmQmZodzRKdg?oc=5,招商银行,王小青接棒王良，“零售之王”招商银行迎来关键人事调整 - 财联社. 王小青接棒王良，“零售之王”招商银行迎来关键人事调整 财联社,neutral,0.12234558,zh,bootstrap,mixed_real_news_v6
2026-04-30,2026-04-30T02:32:59+00:00,600036.SH,"""招商银行"" - Google 新闻",招商银行迎关键人事调整：王良到龄退休 王小青接棒 - 新浪财经,"<a href=""https://news.google.com/rss/articles/CBMifEFVX3lxTE5iVXdQdDZtR2VLNjVMeWJVbFBfdFVPOGk3OEM2S2t5czZka3JLTHBHbEVPWHNybWE1c3ZOY3E3VWswVHBoTkE0a3NQdzQ5eV9GZENuUFlLdFhxdWpDUlJkdnBKV2ViWjhyRmpzSjJIMzgwX3hVanVQNzJpc3I?oc=5"" target=""_blank"">招商银行迎关键人事调整：王良到龄退休 王小青接棒</a>&nbsp;&nbsp;<font color=""#6f6f6f"">新浪财经</font>",https://news.google.com/rss/articles/CBMifEFVX3lxTE5iVXdQdDZtR2VLNjVMeWJVbFBfdFVPOGk3OEM2S2t5czZka3JLTHBHbEVPWHNybWE1c3ZOY3E3VWswVHBoTkE0a3NQdzQ5eV9GZENuUFlLdFhxdWpDUlJkdnBKV2ViWjhyRmpzSjJIMzgwX3hVanVQNzJpc3I?oc=5,招商银行,招商银行迎关键人事调整：王良到龄退休 王小青接棒 - 新浪财经. 招商银行迎关键人事调整：王良到龄退休 王小青接棒 新浪财经,neutral,0.08057523,zh,bootstrap,mixed_real_news_v6
2026-04-30,2026-04-30T03:26:00+00:00,600036.SH,"""招商银行"" - Google 新闻",13万亿招商银行“换帅”：第四任行长王良退休，王小青将接棒！ - thepaper.cn,"<a href=""https://news.google.com/rss/articles/CBMiXkFVX3lxTE1hRGJIX0dQVUN4bFdsRGxlNzB2d19ZWDRldDY2ZERtSWVVRUZNaFQybGxGVDl0NVZZVmlrYnVVdFg2MC1kTkFyaHpFVk9KdFZhRzgzeFdGYlZWeHFhT3c?oc=5"" target=""_blank"">13万亿招商银行“换帅”：第四任行长王良退休，王小青将接棒！</a>&nbsp;&nbsp;<font color=""#6f6f6f"">thepaper.cn</font>",https://news.google.com/rss/articles/CBMiXkFVX3lxTE1hRGJIX0dQVUN4bFdsRGxlNzB2d19ZWDRldDY2ZERtSWVVRUZNaFQybGxGVDl0NVZZVmlrYnVVdFg2MC1kTkFyaHpFVk9KdFZhRzgzeFdGYlZWeHFhT3c?oc=5,招商银行,13万亿招商银行“换帅”：第四任行长王良退休，王小青将接棒！ - thepaper.cn. 13万亿招商银行“换帅”：第四任行长王良退休，王小青将接棒！ thepaper.cn,neutral,0.016360132,zh,bootstrap,mixed_real_news_v6
2026-04-30,2026-04-30T04:19:00+00:00,600036.SH,"""招商银行"" - Google 新闻",年近不惑的招商银行迎来第五任行长 - 21财经,"<a href=""https://news.google.com/rss/articles/CBMijwFBVV95cUxNUjBoaGRtZGw3SUV0V2VFR1RtcGU5eWN5TE9WY0VXZXV1Y29Ub2xWbFIwRHpDZVFBRUpxM3NhYmMtaHlVVWd1NUw1ak5RTFZWVjlZYXEtWlJWZjFsMUdBMlZEVjEwSUZ3VEV1NktIa1dlaWRtUnJFcTdiRC1yOG84YkoxWTFscHRNRDUzQUg5Zw?oc=5"" target=""_blank"">年近不惑的招商银行迎来第五任行长</a>&nbsp;&nbsp;<font color=""#6f6f6f"">21财经</font>",https://news.google.com/rss/articles/CBMijwFBVV95cUxNUjBoaGRtZGw3SUV0V2VFR1RtcGU5eWN5TE9WY0VXZXV1Y29Ub2xWbFIwRHpDZVFBRUpxM3NhYmMtaHlVVWd1NUw1ak5RTFZWVjlZYXEtWlJWZjFsMUdBMlZEVjEwSUZ3VEV1NktIa1dlaWRtUnJFcTdiRC1yOG84YkoxWTFscHRNRDUzQUg5Zw?oc=5,招商银行,年近不惑的招商银行迎来第五任行长 - 21财经. 年近不惑的招商银行迎来第五任行长 21财经,neutral,0.027165513,zh,bootstrap,mixed_real_news_v6
2026-04-30,2026-04-30T05:20:00+00:00,600036.SH,"""招商银行"" - Google 新闻",招商银行“换帅”：王小青任党委书记，王良到龄退休 - thepaper.cn,"<a href=""https://news.google.com/rss/articles/CBMiXkFVX3lxTE1RYlh2TmcxMmVtZE4zY1JueGxUV2YzSmplbFhqaEwwd01YR0xpVEJfamF6NEFFbjRYRWhnbmxxckp1TjF6UWYtY2xpNnVVdEw0OXRJdk9RLWp0WHhfVFE?oc=5"" target=""_blank"">招商银行“换帅”：王小青任党委书记，王良到龄退休</a>&nbsp;&nbsp;<font color=""#6f6f6f"">thepaper.cn</font>",https://news.google.com/rss/articles/CBMiXkFVX3lxTE1RYlh2TmcxMmVtZE4zY1JueGxUV2YzSmplbFhqaEwwd01YR0xpVEJfamF6NEFFbjRYRWhnbmxxckp1TjF6UWYtY2xpNnVVdEw0OXRJdk9RLWp0WHhfVFE?oc=5,招商银行,招商银行“换帅”：王小青任党委书记，王良到龄退休 - thepaper.cn. 招商银行“换帅”：王小青任党委书记，王良到龄退休 thepaper.cn,neutral,0.0148813,zh,bootstrap,mixed_real_news_v6
2026-04-30,2026-04-30T05:34:00+00:00,600036.SH,招商银行 - Bing新聞,13万亿招商银行换帅！30年老将退场，“70后”全能手接棒,深圳蛇口——招商银行（600036.SH）诞生之地，一场关乎这家资产逾13万亿银行未来方向的人事调整，悄然落定。 接近招行人士向《21世纪经济报道》证实，4月30日上午，招行召开干部大会，招商局集团相关负责人到场宣布，该行党委书记、第四任行长王良因到龄退休，由招商金控总经理王小青接任该行党委书记。一位是在招行体系深耕30年的老将退场，另一位横跨银行、保险、证券、基金、金控的全能选手登场。 按照公司 ...,http://www.bing.com/news/apiclick.aspx?ref=FexRss&aid=&tid=69fb16b8ebf44eb2bfbfea81a15c48c4&url=https%3a%2f%2fnews.qq.com%2frain%2fa%2f20260430A084QX00&c=9051175263719924740&mkt=zh-tw,招商银行,13万亿招商银行换帅！30年老将退场，“70后”全能手接棒. 深圳蛇口——招商银行（600036.SH）诞生之地，一场关乎这家资产逾13万亿银行未来方向的人事调整，悄然落定。 接近招行人士向《21世纪经济报道》证实，4月30日上午，招行召开干部大会，招商局集团相关负责人到场宣布，该行党委书记、第四任行长王良因到龄退休，由招商金控总经理王小青接任该行党委书记。一位是在招行体系深耕30年的老将退场，另一位横跨银行、保险、证券、基金、金控的全能选手登场。 按照公司 ...,neutral,0.083199054,zh,bootstrap,mixed_real_news_v6
2026-04-30,2026-04-30T06:23:00+00:00,600036.SH,"""招商银行"" - Google 新闻",招商银行“换帅”：王小青任党委书记，王良到龄退休 - 新浪财经,"<a href=""https://news.google.com/rss/articles/CBMifkFVX3lxTE9qcGQxVi1JMjB1Z0xRbkJJMW1UTkg2WjFxLXlWaHhZcnJ5MzJiYWRmbUFfbUpEMHFaLXNQamQzVnRBbWZVUFQ3eFh5aDFjdVhWSVZEYmg4VkNSVHZCck04ZHV2NkRSaWEtM2ctUDE5djhKTGdYN255SE1ENzVFdw?oc=5"" target=""_blank"">招商银行“换帅”：王小青任党委书记，王良到龄退休</a>&nbsp;&nbsp;<font color=""#6f6f6f"">新浪财经</font>",https://news.google.com/rss/articles/CBMifkFVX3lxTE9qcGQxVi1JMjB1Z0xRbkJJMW1UTkg2WjFxLXlWaHhZcnJ5MzJiYWRmbUFfbUpEMHFaLXNQamQzVnRBbWZVUFQ3eFh5aDFjdVhWSVZEYmg4VkNSVHZCck04ZHV2NkRSaWEtM2ctUDE5djhKTGdYN255SE1ENzVFdw?oc=5,招商银行,招商银行“换帅”：王小青任党委书记，王良到龄退休 - 新浪财经. 招商银行“换帅”：王小青任党委书记，王良到龄退休 新浪财经,neutral,0.06902769,zh,bootstrap,mixed_real_news_v6
2026-04-30,2026-04-30T07:00:00+00:00,600036.SH,"""招商银行"" - Google 新闻",招商银行换帅：王小青接棒王良任党委书记，拟任第五任行长 - 新浪财经,"<a href=""https://news.google.com/rss/articles/CBMikgJBVV95cUxOTVJzTW5pQmJKOENGcVdLbGoxaThWeEZjejRFNTRMVmVjb0tOcnlKSUp2ZHZkT2JUdkZNUXhTdXl6ZmJ5WS1HWFJDUU5PTjlzRU1NN0o5YmdldjVjS3RnRlJ4VXpsS1lXQmszeTd4dUZxXzlCRkV6emdOd1lFazZCcm5oQk53WURtcDZ2Rlg3Vy1iQ0l0WXg2Y3lxOUQwRWFpM0l3dEk1MEJUbHNjVkp6Mi1Xbl9ickRodFpVM0IyOEl5ZE9CcTZQMWR6SkFZcTZOMmdMRElFUlE2VlN2dkkxRzRfaWthMDBvNkNmVVZaUkNCOVNpNzMxSkQzdnRXZUl1QVB2NS1HQzdZQS15SVJlRGxR?oc=5"" target=""_blank"">招商银行换帅：王小青接棒王良任党委书记，拟任第五任行长</a>&nbsp;&nbsp;<font color=""#6f6f6f"">新浪财经</font>",https://news.google.com/rss/articles/CBMikgJBVV95cUxOTVJzTW5pQmJKOENGcVdLbGoxaThWeEZjejRFNTRMVmVjb0tOcnlKSUp2ZHZkT2JUdkZNUXhTdXl6ZmJ5WS1HWFJDUU5PTjlzRU1NN0o5YmdldjVjS3RnRlJ4VXpsS1lXQmszeTd4dUZxXzlCRkV6emdOd1lFazZCcm5oQk53WURtcDZ2Rlg3Vy1iQ0l0WXg2Y3lxOUQwRWFpM0l3dEk1MEJUbHNjVkp6Mi1Xbl9ickRodFpVM0IyOEl5ZE9CcTZQMWR6SkFZcTZOMmdMRElFUlE2VlN2dkkxRzRfaWthMDBvNkNmVVZaUkNCOVNpNzMxSkQzdnRXZUl1QVB2NS1HQzdZQS15SVJlRGxR?oc=5,招商银行,招商银行换帅：王小青接棒王良任党委书记，拟任第五任行长 - 新浪财经. 招商银行换帅：王小青接棒王良任党委书记，拟任第五任行长 新浪财经,neutral,0.040207203,zh,bootstrap,mixed_real_news_v6
2026-04-30,2026-04-30T07:02:00+00:00,600036.SH,"""招商银行"" - Google 新闻",王小青接替王良，招商银行将迎新行长 - 新浪新闻_手机新浪网,"<a href=""https://news.google.com/rss/articles/CBMidEFVX3lxTE5DLU9HMm5fSWoyS3N6RS1oMHFFVVQ4WEZEVjIzcDZ2Q1NKU1dTc0hNSEM0dGFlTmJDdlpDN0ZncjNTWHJPVVY3cnd6em9xU0tqdlZfendyT2d3eTVkaDBBbmhsUktueHNWc0NkX3ZDa1NRMFA4?oc=5"" target=""_blank"">王小青接替王良，招商银行将迎新行长</a>&nbsp;&nbsp;<font color=""#6f6f6f"">新浪新闻_手机新浪网</font>",https://news.google.com/rss/articles/CBMidEFVX3lxTE5DLU9HMm5fSWoyS3N6RS1oMHFFVVQ4WEZEVjIzcDZ2Q1NKU1dTc0hNSEM0dGFlTmJDdlpDN0ZncjNTWHJPVVY3cnd6em9xU0tqdlZfendyT2d3eTVkaDBBbmhsUktueHNWc0NkX3ZDa1NRMFA4?oc=5,招商银行,王小青接替王良，招商银行将迎新行长 - 新浪新闻_手机新浪网. 王小青接替王良，招商银行将迎新行长 新浪新闻_手机新浪网,neutral,0.108240515,zh,bootstrap,mixed_real_news_v6
2026-04-30,2026-04-30T07:41:39+00:00,600036.SH,"""China Merchants Bank"" - Google 新闻",瑞银：招商银行给予“中性”评级 目标价56港元 - 富途牛牛,"<a href=""https://news.google.com/rss/articles/CBMinAFBVV95cUxOM1lFclRpZ0c5ZGtoZTA3eWZCMnVJWWhtZUIwTUJNbHRfeFB1eGJFQ2xRUnQ5R1E0TVZrSFJxVDRYVzV2VWJKSFNISXZiU1V4ZkRVd1hVOGR4RnNvS3Vnc3g0ZHluQlkyelFRNDlTdVhjYUtpdzRrM1ZQZ0c3TlBON01yeENtZFhXdldJOHhvY3M1LUNTN0hXOHNkek0?oc=5"" target=""_blank"">瑞银：招商银行给予“中性”评级 目标价56港元</a>&nbsp;&nbsp;<font color=""#6f6f6f"">富途牛牛</font>",https://news.google.com/rss/articles/CBMinAFBVV95cUxOM1lFclRpZ0c5ZGtoZTA3eWZCMnVJWWhtZUIwTUJNbHRfeFB1eGJFQ2xRUnQ5R1E0TVZrSFJxVDRYVzV2VWJKSFNISXZiU1V4ZkRVd1hVOGR4RnNvS3Vnc3g0ZHluQlkyelFRNDlTdVhjYUtpdzRrM1ZQZ0c3TlBON01yeENtZFhXdldJOHhvY3M1LUNTN0hXOHNkek0?oc=5,China Merchants Bank,瑞银：招商银行给予“中性”评级 目标价56港元 - 富途牛牛. 瑞银：招商银行给予“中性”评级 目标价56港元 富途牛牛,neutral,0.05092004,zh,bootstrap,mixed_real_news_v6
2026-04-30,2026-04-30T08:19:27+00:00,600036.SH,"""China Merchants Bank"" - Google News",UBS Group: China Merchants Bank rated 'Neutral' with a target price of HKD 56. - 富途牛牛,"<a href=""https://news.google.com/rss/articles/CBMioAFBVV95cUxPZU5ORmJRYnYwWnNGWERTT3VLb3JYT3Fvd0ZLcFFQRndmN0V4NzRuRjhrdTNnRGJtRXE2d2RZYjBBdnpWTlpmOVEzYTlMaUxvOTZOb095OVcxUzFsQ2ozZzBZZlB3VUxoQ2l1VWxOSlpiLXdEbml3dWFoa3NYcUdaYWNESUdjS3Z1WmV4STZWRl9xaGdoMEY1STNWN2JKMFJw?oc=5"" target=""_blank"">UBS Group: China Merchants Bank rated 'Neutral' with a target price of HKD 56.</a>&nbsp;&nbsp;<font color=""#6f6f6f"">富途牛牛</font>",https://news.google.com/rss/articles/CBMioAFBVV95cUxPZU5ORmJRYnYwWnNGWERTT3VLb3JYT3Fvd0ZLcFFQRndmN0V4NzRuRjhrdTNnRGJtRXE2d2RZYjBBdnpWTlpmOVEzYTlMaUxvOTZOb095OVcxUzFsQ2ozZzBZZlB3VUxoQ2l1VWxOSlpiLXdEbml3dWFoa3NYcUdaYWNESUdjS3Z1WmV4STZWRl9xaGdoMEY1STNWN2JKMFJw?oc=5,China Merchants Bank,UBS Group: China Merchants Bank rated 'Neutral' with a target price of HKD 56. - 富途牛牛. UBS Group: China Merchants Bank rated 'Neutral' with a target price of HKD 56. 富途牛牛,neutral,-0.0077436864,en,bootstrap,mixed_real_news_v6
2026-04-30,2026-04-30T09:36:00+00:00,600036.SH,"""600036"" - Google 新闻",招商银行(600036.SH)：执行董事、行长王良因年龄原因辞任财经新闻Financial News - AASTOCKS.com,"<a href=""https://news.google.com/rss/articles/CBMikwFBVV95cUxOaE1xdV9QcmtnUGRucE9YWGR4WnBUcE5mbDM3enRKNTNCY3pra205emRfbFVWN0ZsZUJCdlFJTVJnRXA4STJsbHRvZmpXRFprb2YyZHllUzFQaVQtR19LQ3ZYYng3X2UtOWh3NUtIZGZOWUl0T2VOeGhKOXNzR2Q4OFl0bnE4N2NxUmRIcFhvQVBwaDA?oc=5"" target=""_blank"">招商银行(600036.SH)：执行董事、行长王良因年龄原因辞任财经新闻Financial News</a>&nbsp;&nbsp;<font color=""#6f6f6f"">AASTOCKS.com</font>",https://news.google.com/rss/articles/CBMikwFBVV95cUxOaE1xdV9QcmtnUGRucE9YWGR4WnBUcE5mbDM3enRKNTNCY3pra205emRfbFVWN0ZsZUJCdlFJTVJnRXA4STJsbHRvZmpXRFprb2YyZHllUzFQaVQtR19LQ3ZYYng3X2UtOWh3NUtIZGZOWUl0T2VOeGhKOXNzR2Q4OFl0bnE4N2NxUmRIcFhvQVBwaDA?oc=5,600036,招商银行(600036.SH)：执行董事、行长王良因年龄原因辞任财经新闻Financial News - AASTOCKS.com. 招商银行(600036.SH)：执行董事、行长王良因年龄原因辞任财经新闻Financial News AASTOCKS.com,neutral,-0.008254431,zh,bootstrap,mixed_real_news_v6
2026-04-30,2026-04-30T09:36:00+00:00,600036.SH,"""600036"" - Google 新闻",招商银行(600036.SH)：执行董事、行长王良因年龄原因辞任 - AASTOCKS.com,"<a href=""https://news.google.com/rss/articles/CBMigAFBVV95cUxQSmtZbGh6YTdzUkVjbHNJdXlVUUxacDdFX2hfVGVNZmdLb0ZVNE53ZnlWWXFNTDRXYTY3NVdLd0V4bEJnMERkTXN5WHZqS1JyUlIyOW4wamtScGFOclc4NGhuNWt4TzRta1ZkZ0loWDUyUmYtMFhYZkJkOVlGUUtUYQ?oc=5"" target=""_blank"">招商银行(600036.SH)：执行董事、行长王良因年龄原因辞任</a>&nbsp;&nbsp;<font color=""#6f6f6f"">AASTOCKS.com</font>",https://news.google.com/rss/articles/CBMigAFBVV95cUxQSmtZbGh6YTdzUkVjbHNJdXlVUUxacDdFX2hfVGVNZmdLb0ZVNE53ZnlWWXFNTDRXYTY3NVdLd0V4bEJnMERkTXN5WHZqS1JyUlIyOW4wamtScGFOclc4NGhuNWt4TzRta1ZkZ0loWDUyUmYtMFhYZkJkOVlGUUtUYQ?oc=5,600036,招商银行(600036.SH)：执行董事、行长王良因年龄原因辞任 - AASTOCKS.com. 招商银行(600036.SH)：执行董事、行长王良因年龄原因辞任 AASTOCKS.com,neutral,-0.011756303,zh,bootstrap,mixed_real_news_v6
2026-04-30,2026-04-30T09:36:49+00:00,600036.SH,"""China Merchants Bank"" - Google News",China Merchants Bank (600036.SH): Executive Director and President Wang Liang has resigned due to age-related reasons. - 富途牛牛,"<a href=""https://news.google.com/rss/articles/CBMirgFBVV95cUxQMHlUUVVQcmh1bmlqSG54TW9KNW1IV1RBSzM1bmZTVk5NUl9iVVZ5dmNNQTZ0bWZLa0kyTXpSNThEb0I5RFI2QmdPNmNnc0MxM1BhT1h6QTFjaDVvQnYxNGl3b0Y4SzhpRV9WUVlnR2xpcm1ZRy0zM0lYNDNHelU2Vm1ZVFdXMm9sSXBROXMxRG5xYlNQMWphcXZ2Szd1SXNnQjc5ZElYU1FCU1NSdEE?oc=5"" target=""_blank"">China Merchants Bank (600036.SH): Executive Director and President Wang Liang has resigned due to age-related reasons.</a>&nbsp;&nbsp;<font color=""#6f6f6f"">富途牛牛</font>",https://news.google.com/rss/articles/CBMirgFBVV95cUxQMHlUUVVQcmh1bmlqSG54TW9KNW1IV1RBSzM1bmZTVk5NUl9iVVZ5dmNNQTZ0bWZLa0kyTXpSNThEb0I5RFI2QmdPNmNnc0MxM1BhT1h6QTFjaDVvQnYxNGl3b0Y4SzhpRV9WUVlnR2xpcm1ZRy0zM0lYNDNHelU2Vm1ZVFdXMm9sSXBROXMxRG5xYlNQMWphcXZ2Szd1SXNnQjc5ZElYU1FCU1NSdEE?oc=5,China Merchants Bank,China Merchants Bank (600036.SH): Executive Director and President Wang Liang has resigned due to age-related reasons. - 富途牛牛. China Merchants Bank (600036.SH): Executive Director and President Wang Liang has resigned due to age-related reasons. 富途牛牛,negative,-0.8769653,en,bootstrap,mixed_real_news_v6
2026-04-30,2026-04-30T09:36:49+00:00,600036.SH,"""600036"" - Google 新闻",招商银行(600036.SH)：执行董事、行长王良因年龄原因辞任_公司新闻 - 证券之星,"<a href=""https://news.google.com/rss/articles/CBMiYkFVX3lxTFA2aFJndGlhbllJSFFCS1RsMU5UXzZuNnJTZ2Ytd1NLZWFTZGk4OXZCcmNNTUlIUHBodDJ0X3lzejU3VHdSd2FVN0ZmYnpUd25FRVZsOEZVVkpBTWJkanVjUEtR?oc=5"" target=""_blank"">招商银行(600036.SH)：执行董事、行长王良因年龄原因辞任_公司新闻</a>&nbsp;&nbsp;<font color=""#6f6f6f"">证券之星</font>",https://news.google.com/rss/articles/CBMiYkFVX3lxTFA2aFJndGlhbllJSFFCS1RsMU5UXzZuNnJTZ2Ytd1NLZWFTZGk4OXZCcmNNTUlIUHBodDJ0X3lzejU3VHdSd2FVN0ZmYnpUd25FRVZsOEZVVkpBTWJkanVjUEtR?oc=5,600036,招商银行(600036.SH)：执行董事、行长王良因年龄原因辞任_公司新闻 - 证券之星. 招商银行(600036.SH)：执行董事、行长王良因年龄原因辞任_公司新闻 证券之星,neutral,0.03703122,zh,bootstrap,mixed_real_news_v6
2026-04-30,2026-04-30T09:38:00+00:00,600036.SH,"""招商银行"" - Google 新闻",招商银行(600036.SH)：聘任王小青为行长 - AASTOCKS.com,"<a href=""https://news.google.com/rss/articles/CBMimAFBVV95cUxQSUdfVXVWT2VORUJoV0tab3hPRldxZHdKNWVwUW1TVUZmLTBZS3JxNFNiOVNDbThOWEhJdl90VjlUREFrSFo1WWl3VlM4UFFKay1kRkRzMlZUYjd0SUJEdmpKZ3pOLTVUbzdfMC1hWjh3NzRlbkdJTGNfZ056MmpYMldVY3BNQ0lIQ09EYjNyZ1J6YlJ4Ri1CVg?oc=5"" target=""_blank"">招商银行(600036.SH)：聘任王小青为行长</a>&nbsp;&nbsp;<font color=""#6f6f6f"">AASTOCKS.com</font>",https://news.google.com/rss/articles/CBMimAFBVV95cUxQSUdfVXVWT2VORUJoV0tab3hPRldxZHdKNWVwUW1TVUZmLTBZS3JxNFNiOVNDbThOWEhJdl90VjlUREFrSFo1WWl3VlM4UFFKay1kRkRzMlZUYjd0SUJEdmpKZ3pOLTVUbzdfMC1hWjh3NzRlbkdJTGNfZ056MmpYMldVY3BNQ0lIQ09EYjNyZ1J6YlJ4Ri1CVg?oc=5,招商银行,招商银行(600036.SH)：聘任王小青为行长 - AASTOCKS.com. 招商银行(600036.SH)：聘任王小青为行长 AASTOCKS.com,neutral,-0.015037425,zh,bootstrap,mixed_real_news_v6
2026-04-30,2026-04-30T09:38:00+00:00,600036.SH,"""600036"" - Google 新闻",招商银行(600036.SH)：聘任王小青为行长财经新闻Financial News - AASTOCKS.com,"<a href=""https://news.google.com/rss/articles/CBMikwFBVV95cUxQSnZjOVJYekdJenVLeVo1QXc0RGJOLVJJZU4xcVdvZnQ1YWNucmdNWkVEQmJfTXlEVGh5aVVjejZCb1MwcmlfUHZSUGp4d1NyN21YamRvbFFqX2dwa3lncW5DNkMzTzB6Y0VMcUp4em80aWpMNU5NdTdSUUxwc1QwUEdoSlNqZ2lkaTZ1dzNDbW5ZdWs?oc=5"" target=""_blank"">招商银行(600036.SH)：聘任王小青为行长财经新闻Financial News</a>&nbsp;&nbsp;<font color=""#6f6f6f"">AASTOCKS.com</font>",https://news.google.com/rss/articles/CBMikwFBVV95cUxQSnZjOVJYekdJenVLeVo1QXc0RGJOLVJJZU4xcVdvZnQ1YWNucmdNWkVEQmJfTXlEVGh5aVVjejZCb1MwcmlfUHZSUGp4d1NyN21YamRvbFFqX2dwa3lncW5DNkMzTzB6Y0VMcUp4em80aWpMNU5NdTdSUUxwc1QwUEdoSlNqZ2lkaTZ1dzNDbW5ZdWs?oc=5,600036,招商银行(600036.SH)：聘任王小青为行长财经新闻Financial News - AASTOCKS.com. 招商银行(600036.SH)：聘任王小青为行长财经新闻Financial News AASTOCKS.com,neutral,-0.013806364,zh,bootstrap,mixed_real_news_v6
2026-04-30,2026-04-30T09:38:00+00:00,600036.SH,"""600036"" - Google 新闻",招商银行(600036.SH)：聘任王小青为行长 - AASTOCKS.com,"<a href=""https://news.google.com/rss/articles/CBMigAFBVV95cUxNN1hwV3dTS29VQWxFbWlsMVlpbVRmU1UzaW1Gek5PUWNkdVVhY2wzdlpWaGVhV0tuTndzemN0TWtKSnc0dlJmeDF0d2hjNHZkSklTei10bUEzaklCOHE5MHFVa09WTGdGZVRoc1JEZFBqQlNrNi1CR1pQckNEWGVIZQ?oc=5"" target=""_blank"">招商银行(600036.SH)：聘任王小青为行长</a>&nbsp;&nbsp;<font color=""#6f6f6f"">AASTOCKS.com</font>",https://news.google.com/rss/articles/CBMigAFBVV95cUxNN1hwV3dTS29VQWxFbWlsMVlpbVRmU1UzaW1Gek5PUWNkdVVhY2wzdlpWaGVhV0tuTndzemN0TWtKSnc0dlJmeDF0d2hjNHZkSklTei10bUEzaklCOHE5MHFVa09WTGdGZVRoc1JEZFBqQlNrNi1CR1pQckNEWGVIZQ?oc=5,600036,招商银行(600036.SH)：聘任王小青为行长 - AASTOCKS.com. 招商银行(600036.SH)：聘任王小青为行长 AASTOCKS.com,neutral,-0.015037425,zh,bootstrap,mixed_real_news_v6
2026-04-30,2026-04-30T09:38:14+00:00,600036.SH,"""600036"" - Google 新闻",招商银行(600036.SH)：聘任王小青为行长_公司新闻 - 证券之星,"<a href=""https://news.google.com/rss/articles/CBMiYkFVX3lxTE1BTFFjbGJCcWY2NEV1TTdJbWdxS2t2aUExZmQ0NkdqTjZaUG1oUFFaX1Q3ZnM5RWZyQkJiY2FpMG9ldTIyMGhSS2xPdzBzU1JscHdnenpCQVNJeGlXT3lLV213?oc=5"" target=""_blank"">招商银行(600036.SH)：聘任王小青为行长_公司新闻</a>&nbsp;&nbsp;<font color=""#6f6f6f"">证券之星</font>",https://news.google.com/rss/articles/CBMiYkFVX3lxTE1BTFFjbGJCcWY2NEV1TTdJbWdxS2t2aUExZmQ0NkdqTjZaUG1oUFFaX1Q3ZnM5RWZyQkJiY2FpMG9ldTIyMGhSS2xPdzBzU1JscHdnenpCQVNJeGlXT3lLV213?oc=5,600036,招商银行(600036.SH)：聘任王小青为行长_公司新闻 - 证券之星. 招商银行(600036.SH)：聘任王小青为行长_公司新闻 证券之星,neutral,0.049646355,zh,bootstrap,mixed_real_news_v6
2026-04-30,2026-04-30T09:40:46+00:00,600036.SH,"""China Merchants Bank"" - Google 新闻",招商银行(600036.SH)：执行董事、行长王良因年龄原因辞任 - 富途牛牛,"<a href=""https://news.google.com/rss/articles/CBMiqgFBVV95cUxOMjFnODF5aVFmN1Y5YUlVNF9SQlVkNTVmY3JMM2t5cmg0enh4ODQ3NzNzVFNWRGNhQlRPRkdwSFV3NEROVjJ1a0FkX21Ka2lFRXM2VjRiVEtCNzh2SlFuUnJJN19icmEwOVhIVzBHMVBUWXR4VXhLc2o0RWYyaTBGb1ZtSmNiaWxmak9neE5ZOVMzU1JaWEJOdkNYZjBMNzBuRVBKNkhiZ05YUQ?oc=5"" target=""_blank"">招商银行(600036.SH)：执行董事、行长王良因年龄原因辞任</a>&nbsp;&nbsp;<font color=""#6f6f6f"">富途牛牛</font>",https://news.google.com/rss/articles/CBMiqgFBVV95cUxOMjFnODF5aVFmN1Y5YUlVNF9SQlVkNTVmY3JMM2t5cmg0enh4ODQ3NzNzVFNWRGNhQlRPRkdwSFV3NEROVjJ1a0FkX21Ka2lFRXM2VjRiVEtCNzh2SlFuUnJJN19icmEwOVhIVzBHMVBUWXR4VXhLc2o0RWYyaTBGb1ZtSmNiaWxmak9neE5ZOVMzU1JaWEJOdkNYZjBMNzBuRVBKNkhiZ05YUQ?oc=5,China Merchants Bank,招商银行(600036.SH)：执行董事、行长王良因年龄原因辞任 - 富途牛牛. 招商银行(600036.SH)：执行董事、行长王良因年龄原因辞任 富途牛牛,neutral,-0.0027433708,zh,bootstrap,mixed_real_news_v6
2026-04-30,2026-04-30T09:42:00+00:00,600036.SH,"""招商银行"" - Google 新闻",“零售之王”招商银行迎来新行长 王小青接棒王良 - 新浪财经,"<a href=""https://news.google.com/rss/articles/CBMidkFVX3lxTFAyRWlQY3RIWWlvUVZTSzhDZ0pFZDVRTnBfNHpMYUxNV0c0bmgtR1J3UFlSclZ2aGdUY2NjWi1TSzhud1hhVVNNd3g4bzlOUEJNQ3k1dWVqd0R5ZGw5YWdUWW1jcXJfUDlkRHlOWngyYWFnbGtFamc?oc=5"" target=""_blank"">“零售之王”招商银行迎来新行长 王小青接棒王良</a>&nbsp;&nbsp;<font color=""#6f6f6f"">新浪财经</font>",https://news.google.com/rss/articles/CBMidkFVX3lxTFAyRWlQY3RIWWlvUVZTSzhDZ0pFZDVRTnBfNHpMYUxNV0c0bmgtR1J3UFlSclZ2aGdUY2NjWi1TSzhud1hhVVNNd3g4bzlOUEJNQ3k1dWVqd0R5ZGw5YWdUWW1jcXJfUDlkRHlOWngyYWFnbGtFamc?oc=5,招商银行,“零售之王”招商银行迎来新行长 王小青接棒王良 - 新浪财经. “零售之王”招商银行迎来新行长 王小青接棒王良 新浪财经,neutral,0.100021176,zh,bootstrap,mixed_real_news_v6
2026-04-30,2026-04-30T10:12:00+00:00,600036.SH,"""600036"" - Google 新闻",招商银行(600036.SH)：执行董事、行长王良因年龄原因辞任 - 新浪财经,"<a href=""https://news.google.com/rss/articles/CBMiiAFBVV95cUxNZWQxUnhoaE1XSWEwSFBSRWhKa3VqWDBqa0lDT0w3OU9iTlpGaVFPQzZ1bFNrcGpWZUZNME1IWmVBNlN2QTB5OHlGWEpOSUdFdDJLM0x5QmMyLVZXUERlZ1pnRXY2aDZVYlBmOVJlbGtxT2hnN0I5OVJPbk1pTTV2a1pGcUg5eXRK?oc=5"" target=""_blank"">招商银行(600036.SH)：执行董事、行长王良因年龄原因辞任</a>&nbsp;&nbsp;<font color=""#6f6f6f"">新浪财经</font>",https://news.google.com/rss/articles/CBMiiAFBVV95cUxNZWQxUnhoaE1XSWEwSFBSRWhKa3VqWDBqa0lDT0w3OU9iTlpGaVFPQzZ1bFNrcGpWZUZNME1IWmVBNlN2QTB5OHlGWEpOSUdFdDJLM0x5QmMyLVZXUERlZ1pnRXY2aDZVYlBmOVJlbGtxT2hnN0I5OVJPbk1pTTV2a1pGcUg5eXRK?oc=5,600036,招商银行(600036.SH)：执行董事、行长王良因年龄原因辞任 - 新浪财经. 招商银行(600036.SH)：执行董事、行长王良因年龄原因辞任 新浪财经,neutral,-0.0019676574,zh,bootstrap,mixed_real_news_v6
2026-04-30,2026-04-30T10:52:40+00:00,600036.SH,"""招商银行"" - Google 新闻",招商银行：王良因年龄原因辞任 - 东方财富,"<a href=""https://news.google.com/rss/articles/CBMiZkFVX3lxTE9pR1hOM1N6ejgzMHhtSW43cnA5eDh3bTNMUmZtell4dk9PZ0NLTXNLcjM4blNtc0RSN3JqVmFpb1dLZEZpOFVrSTFWVEE5dWRadzhVcUxTa1lsRW1lalloQVFGZXBiZw?oc=5"" target=""_blank"">招商银行：王良因年龄原因辞任</a>&nbsp;&nbsp;<font color=""#6f6f6f"">东方财富</font>",https://news.google.com/rss/articles/CBMiZkFVX3lxTE9pR1hOM1N6ejgzMHhtSW43cnA5eDh3bTNMUmZtell4dk9PZ0NLTXNLcjM4blNtc0RSN3JqVmFpb1dLZEZpOFVrSTFWVEE5dWRadzhVcUxTa1lsRW1lalloQVFGZXBiZw?oc=5,招商银行,招商银行：王良因年龄原因辞任 - 东方财富. 招商银行：王良因年龄原因辞任 东方财富,neutral,0.019153483,zh,bootstrap,mixed_real_news_v6
2026-04-30,2026-04-30T10:55:54+00:00,600036.SH,"""招商银行"" - Google 新闻",王小青接任招商银行行长 - 东方财富,"<a href=""https://news.google.com/rss/articles/CBMiYEFVX3lxTE5lN0J4cXloZ2syblhxNHdRak5MZDFVQ3Fnc0Z2eks1dDZHb2ZPRDFSOFJLYXN0Uzc0ODE5UzJCaGVGRnB0ZC1Ld0JHREVBZ2FHdENvSi1SZ0dLaDRRQUthSA?oc=5"" target=""_blank"">王小青接任招商银行行长</a>&nbsp;&nbsp;<font color=""#6f6f6f"">东方财富</font>",https://news.google.com/rss/articles/CBMiYEFVX3lxTE5lN0J4cXloZ2syblhxNHdRak5MZDFVQ3Fnc0Z2eks1dDZHb2ZPRDFSOFJLYXN0Uzc0ODE5UzJCaGVGRnB0ZC1Ld0JHREVBZ2FHdENvSi1SZ0dLaDRRQUthSA?oc=5,招商银行,王小青接任招商银行行长 - 东方财富. 王小青接任招商银行行长 东方财富,neutral,0.02221483,zh,bootstrap,mixed_real_news_v6
2026-04-30,2026-04-30T11:10:03+00:00,600036.SH,"""China Merchants Bank"" - Google News",China Merchants Bank President Wang Liang to Step Down in 2026 - TipRanks,"<a href=""https://news.google.com/rss/articles/CBMitAFBVV95cUxOTTdzQlcyOW1zQjgtNmdUelEwbW5QcFlQVEtlWmZIcHBoM25xLXR2Q1pmVUExdEY1azBYT09RVTdNUDFDZlZQSGFwbUpZV2N2S19Ed3JTQ0RBOGE5bDdwQjdNRTJpdUQ5RnQ3MUlLTzdNS0tjVkhFckRPN2hQdmFzbndPeG85T1JDczlsalJaZmVpU05Yb1FZNGJLZ3hSVENyb2trZ2NYVHhDRWtCSXZwTGRfNjU?oc=5"" target=""_blank"">China Merchants Bank President Wang Liang to Step Down in 2026</a>&nbsp;&nbsp;<font color=""#6f6f6f"">TipRanks</font>",https://news.google.com/rss/articles/CBMitAFBVV95cUxOTTdzQlcyOW1zQjgtNmdUelEwbW5QcFlQVEtlWmZIcHBoM25xLXR2Q1pmVUExdEY1azBYT09RVTdNUDFDZlZQSGFwbUpZV2N2S19Ed3JTQ0RBOGE5bDdwQjdNRTJpdUQ5RnQ3MUlLTzdNS0tjVkhFckRPN2hQdmFzbndPeG85T1JDczlsalJaZmVpU05Yb1FZNGJLZ3hSVENyb2trZ2NYVHhDRWtCSXZwTGRfNjU?oc=5,China Merchants Bank,China Merchants Bank President Wang Liang to Step Down in 2026 - TipRanks. China Merchants Bank President Wang Liang to Step Down in 2026 TipRanks,negative,-0.56081945,en,bootstrap,mixed_real_news_v6
2026-04-30,2026-04-30T11:41:08+00:00,600036.SH,"""招商银行"" - Google 新闻",招商银行聘任王小青为行长 - 东方财富,"<a href=""https://news.google.com/rss/articles/CBMiYEFVX3lxTE91VFEyR05lSDlXUEdXcm5ESVBZc3NxXzBpbHNoMlpfQWFNVU0zeHhNTmRiNVFBTDV4aGVSOEtDcGJJVUNWOGg4WERSWXZ6ZnZfY3FsUHQyQ3BISHl3a2pyUw?oc=5"" target=""_blank"">招商银行聘任王小青为行长</a>&nbsp;&nbsp;<font color=""#6f6f6f"">东方财富</font>",https://news.google.com/rss/articles/CBMiYEFVX3lxTE91VFEyR05lSDlXUEdXcm5ESVBZc3NxXzBpbHNoMlpfQWFNVU0zeHhNTmRiNVFBTDV4aGVSOEtDcGJJVUNWOGg4WERSWXZ6ZnZfY3FsUHQyQ3BISHl3a2pyUw?oc=5,招商银行,招商银行聘任王小青为行长 - 东方财富. 招商银行聘任王小青为行长 东方财富,neutral,0.05127017,zh,bootstrap,mixed_real_news_v6
2026-04-30,2026-04-30T11:47:25+00:00,600036.SH,"""China Merchants Bank"" - Google News","Wang Xiaoqing, a member of the 'post-70s generation,' has been announced as the successor to assume the role of president at China Merchants Bank, marking the 34-year career journey of a versatile financial expert. - 富途牛牛","<a href=""https://news.google.com/rss/articles/CBMimgFBVV95cUxOSWpTVkt4ZC03UHpSYjFCbjFnaXVSamRoOXYwYnpRRWdOM0VLVkM0ejU4ZHhMa2lEOHFrdGE5dDNnX29pamo5QklQSl9iTE96TlZCNkJNMEV3THhZZ1pHUWtSSzJUMjBoZWhBdnNSem80b0E1SFZYMmxHbE9KOW9teW1LVHhIYk5pMWxKbFhqbERkYWdGRGVuM0RR?oc=5"" target=""_blank"">Wang Xiaoqing, a member of the 'post-70s generation,' has been announced as the successor to assume the role of president at China Merchants Bank, marking the 34-year career journey of a versatile financial expert.</a>&nbsp;&nbsp;<font color=""#6f6f6f"">富途牛牛</font>",https://news.google.com/rss/articles/CBMimgFBVV95cUxOSWpTVkt4ZC03UHpSYjFCbjFnaXVSamRoOXYwYnpRRWdOM0VLVkM0ejU4ZHhMa2lEOHFrdGE5dDNnX29pamo5QklQSl9iTE96TlZCNkJNMEV3THhZZ1pHUWtSSzJUMjBoZWhBdnNSem80b0E1SFZYMmxHbE9KOW9teW1LVHhIYk5pMWxKbFhqbERkYWdGRGVuM0RR?oc=5,China Merchants Bank,"Wang Xiaoqing, a member of the 'post-70s generation,' has been announced as the successor to assume the role of president at China Merchants Bank, marking the 34-year career journey of a versatile financial expert. - 富途牛牛. Wang Xiaoqing, a member of the 'post-70s generation,' has been announced as the successor to assume the role of president at China Merchants Bank, marking the 34-year career journey of a versatile financial expert. 富途牛牛",neutral,0.055108156,en,bootstrap,mixed_real_news_v6
2026-04-30,2026-04-30T11:58:55+00:00,600036.SH,"""China Merchants Bank"" - Google News",China Merchants Bank Updates Board Composition and Committee Roles - TipRanks,"<a href=""https://news.google.com/rss/articles/CBMiugFBVV95cUxNTU9hVkp6MWxNS04wY3J0cS02cmpIZUkxVHVBX0VsS3lwWWtHaU5yQUpKRGdwaExmVHFtOWNEZmpMR016QngwWGNmck01S1o1YnpjcTNkTXZTTDdMUUpBeC04cGhtMVpITFRBRENFNXdENjFRU01LWm16U21xa081TGh3dGRVOFA4NUNmRE01VGpVSTJuaUtQa1k3OXl1UWt0azR5S2JuQUtEZ2JOOFF3WjhPakw2cS1sYmc?oc=5"" target=""_blank"">China Merchants Bank Updates Board Composition and Committee Roles</a>&nbsp;&nbsp;<font color=""#6f6f6f"">TipRanks</font>",https://news.google.com/rss/articles/CBMiugFBVV95cUxNTU9hVkp6MWxNS04wY3J0cS02cmpIZUkxVHVBX0VsS3lwWWtHaU5yQUpKRGdwaExmVHFtOWNEZmpMR016QngwWGNmck01S1o1YnpjcTNkTXZTTDdMUUpBeC04cGhtMVpITFRBRENFNXdENjFRU01LWm16U21xa081TGh3dGRVOFA4NUNmRE01VGpVSTJuaUtQa1k3OXl1UWt0azR5S2JuQUtEZ2JOOFF3WjhPakw2cS1sYmc?oc=5,China Merchants Bank,China Merchants Bank Updates Board Composition and Committee Roles - TipRanks. China Merchants Bank Updates Board Composition and Committee Roles TipRanks,neutral,-0.021737626,en,bootstrap,mixed_real_news_v6
2026-04-30,2026-04-30T11:58:55+00:00,600036.SH,"""China Merchants Bank"" - Google News",China Merchants Bank Names New President and Honors Retiring Leader - TipRanks,"<a href=""https://news.google.com/rss/articles/CBMiuwFBVV95cUxQZHhJQVIwT0FuLXVaYlFheXdxNUtMSXFXM25SWXJPSncxY3JNX29fbFBLRGt1anZzRGhCVkp6S3A2TXVoelhfcHNlOU9yTGtNd0lldlJ6cG4xMS1IbUd0cUVrTGp5RWdvOWttR2ptTDlvS2lqQ3NpdW9QeUhpRnlqU0pILUdNNXdKU3BneEIwVjVpWG44MENuZnJ4TzJPVy10QndQQnYzOV8tRmVyRDFFbWNUVzJpVXJESU1R?oc=5"" target=""_blank"">China Merchants Bank Names New President and Honors Retiring Leader</a>&nbsp;&nbsp;<font color=""#6f6f6f"">TipRanks</font>",https://news.google.com/rss/articles/CBMiuwFBVV95cUxQZHhJQVIwT0FuLXVaYlFheXdxNUtMSXFXM25SWXJPSncxY3JNX29fbFBLRGt1anZzRGhCVkp6S3A2TXVoelhfcHNlOU9yTGtNd0lldlJ6cG4xMS1IbUd0cUVrTGp5RWdvOWttR2ptTDlvS2lqQ3NpdW9QeUhpRnlqU0pILUdNNXdKU3BneEIwVjVpWG44MENuZnJ4TzJPVy10QndQQnYzOV8tRmVyRDFFbWNUVzJpVXJESU1R?oc=5,China Merchants Bank,China Merchants Bank Names New President and Honors Retiring Leader - TipRanks. China Merchants Bank Names New President and Honors Retiring Leader TipRanks,neutral,-0.067086875,en,bootstrap,mixed_real_news_v6
2026-04-30,2026-04-30T12:19:00+00:00,600036.SH,"""招商银行"" - Google 新闻",跨越千里，残币“新生”——招商银行上海分行协助客户兑换暴雨浸泡现金 - 新浪财经,"<a href=""https://news.google.com/rss/articles/CBMieEFVX3lxTE1fTHAwdmxWS2JSS3pHNjNBbFJPMVdlNndXTmtFOFVWYjZQVjU1UlBNdjBmWTZ5TUplM3JlQXMyUlpIeC0wSXQ5cmhKN3hvaFhXb25DandiZzkwNk5lN0pMTVc1UXdrRFo2dVhrenhsdXNGaElKWnhMcg?oc=5"" target=""_blank"">跨越千里，残币“新生”——招商银行上海分行协助客户兑换暴雨浸泡现金</a>&nbsp;&nbsp;<font color=""#6f6f6f"">新浪财经</font>",https://news.google.com/rss/articles/CBMieEFVX3lxTE1fTHAwdmxWS2JSS3pHNjNBbFJPMVdlNndXTmtFOFVWYjZQVjU1UlBNdjBmWTZ5TUplM3JlQXMyUlpIeC0wSXQ5cmhKN3hvaFhXb25DandiZzkwNk5lN0pMTVc1UXdrRFo2dVhrenhsdXNGaElKWnhMcg?oc=5,招商银行,跨越千里，残币“新生”——招商银行上海分行协助客户兑换暴雨浸泡现金 - 新浪财经. 跨越千里，残币“新生”——招商银行上海分行协助客户兑换暴雨浸泡现金 新浪财经,neutral,0.11250166,zh,bootstrap,mixed_real_news_v6
2026-04-30,2026-04-30T12:49:32+00:00,600036.SH,"""招商银行"" - Google 新闻",王小青拟任招商银行第五任行长 - 东方财富,"<a href=""https://news.google.com/rss/articles/CBMiYEFVX3lxTE50TDlGTV84TEI1aE1ZRFZINnFiYUg5ajVfYkdYMlRqWFJma0VIMk91eU9IV2pBc0ZNYmFSSTI5TklpcERSZkRWNTd6NlZTVnhpN05wVE40Ny01R1NtR1B0YQ?oc=5"" target=""_blank"">王小青拟任招商银行第五任行长</a>&nbsp;&nbsp;<font color=""#6f6f6f"">东方财富</font>",https://news.google.com/rss/articles/CBMiYEFVX3lxTE50TDlGTV84TEI1aE1ZRFZINnFiYUg5ajVfYkdYMlRqWFJma0VIMk91eU9IV2pBc0ZNYmFSSTI5TklpcERSZkRWNTd6NlZTVnhpN05wVE40Ny01R1NtR1B0YQ?oc=5,招商银行,王小青拟任招商银行第五任行长 - 东方财富. 王小青拟任招商银行第五任行长 东方财富,neutral,0.022480857,zh,bootstrap,mixed_real_news_v6
2026-04-30,2026-04-30T13:26:22+00:00,600036.SH,"""China Merchants Bank"" - Google News",China Merchants Bank Names Wang Xiaoqing as New President - TipRanks,"<a href=""https://news.google.com/rss/articles/CBMirgFBVV95cUxPbjJseHZhM2tsRkR4Q0c5VGdNRjB5UldJdmY0Q2ZtN2V3bncxY09xLW0zeGtpRUlwQ2Fjb1hGTkRmT1VsYWZaVGQ2VFZPbUp6SWpxSGRkUjRDVEt0b2xLUGtPMElmQ1MwNl9tQkVGV2ZqQTYtNlBuVkZOM3JMb2YwZm52NjJkVHdlRFNnUVFMRDBSY0x6bXU3Mzh4V3FJMXVpa0c5Ri1UMVdlOXJ5Q3c?oc=5"" target=""_blank"">China Merchants Bank Names Wang Xiaoqing as New President</a>&nbsp;&nbsp;<font color=""#6f6f6f"">TipRanks</font>",https://news.google.com/rss/articles/CBMirgFBVV95cUxPbjJseHZhM2tsRkR4Q0c5VGdNRjB5UldJdmY0Q2ZtN2V3bncxY09xLW0zeGtpRUlwQ2Fjb1hGTkRmT1VsYWZaVGQ2VFZPbUp6SWpxSGRkUjRDVEt0b2xLUGtPMElmQ1MwNl9tQkVGV2ZqQTYtNlBuVkZOM3JMb2YwZm52NjJkVHdlRFNnUVFMRDBSY0x6bXU3Mzh4V3FJMXVpa0c5Ri1UMVdlOXJ5Q3c?oc=5,China Merchants Bank,China Merchants Bank Names Wang Xiaoqing as New President - TipRanks. China Merchants Bank Names Wang Xiaoqing as New President TipRanks,neutral,0.031786896,en,bootstrap,mixed_real_news_v6
2026-04-30,2026-04-30T14:26:24+00:00,600036.SH,"""招商银行"" - Google 新闻",首位资管出身行长诞生？13.5万亿招商银行换帅：70后王小青接棒王良，曾任人保资产副总裁 - 新浪财经,"<a href=""https://news.google.com/rss/articles/CBMilgJBVV95cUxQLTNRaDJnSGJXNHAzc2ZUcEY1Z0ZieWwxWUJGZFNscmVMWTlHdTQ2Yk1jd2xtaE5BQXFpZHRxMXNJdXYxN1BBSVpSaG9xSThUNWs4dWF5eUVieUx1enFPSTNPM3pMV1pXeEs2STB2RFpRUmtfcXNTVUQwQUJ3Nm11YldiaWtpSW1fd1pQY1RyTDVLUmk2cDZjUHV0RUNQckpJZWhXMEZObExVUy1KOWhiYm52OVJuQjVfakJkYXMtWnVXVExQeXhuZTlJUUlaTldIU0MyejJTZ0JRWS13UVctT01TU2dDbFpfWVZxa2VDSWxySW1tLVlFU3BLbHpNbmM2d0MwVlR3SkhPOGtUQkFtZjlRLUE2dw?oc=5"" target=""_blank"">首位资管出身行长诞生？13.5万亿招商银行换帅：70后王小青接棒王良，曾任人保资产副总裁</a>&nbsp;&nbsp;<font color=""#6f6f6f"">新浪财经</font>",https://news.google.com/rss/articles/CBMilgJBVV95cUxQLTNRaDJnSGJXNHAzc2ZUcEY1Z0ZieWwxWUJGZFNscmVMWTlHdTQ2Yk1jd2xtaE5BQXFpZHRxMXNJdXYxN1BBSVpSaG9xSThUNWs4dWF5eUVieUx1enFPSTNPM3pMV1pXeEs2STB2RFpRUmtfcXNTVUQwQUJ3Nm11YldiaWtpSW1fd1pQY1RyTDVLUmk2cDZjUHV0RUNQckpJZWhXMEZObExVUy1KOWhiYm52OVJuQjVfakJkYXMtWnVXVExQeXhuZTlJUUlaTldIU0MyejJTZ0JRWS13UVctT01TU2dDbFpfWVZxa2VDSWxySW1tLVlFU3BLbHpNbmM2d0MwVlR3SkhPOGtUQkFtZjlRLUE2dw?oc=5,招商银行,首位资管出身行长诞生？13.5万亿招商银行换帅：70后王小青接棒王良，曾任人保资产副总裁 - 新浪财经. 首位资管出身行长诞生？13.5万亿招商银行换帅：70后王小青接棒王良，曾任人保资产副总裁 新浪财经,neutral,0.040564895,zh,bootstrap,mixed_real_news_v6
2026-04-30,2026-04-30T14:43:22+00:00,600036.SH,"""China Merchants Bank"" - Google News",China Merchants Bank president Wang Liang resigns - marketscreener.com,"<a href=""https://news.google.com/rss/articles/CBMipAFBVV95cUxQV2pYVUhWdkc4RzJkZWRzYjBndzgxbjJLOHFPbnVVekc1akVGMS1iNTRJR0Vjc1p2bGVSZV9NSjZkekR2TjlaRWxPeS1ieGtrS1A4T1paR3RiNHpOUFVVZ0w3WWJfU2pmSzF0eVVtWWMzTlR3S29jWXhST1R3MDlQbmV1OElGMXNZdkNhWlk5anpQYzNSc2ljbGlKUzRnQUFmbFJMVQ?oc=5"" target=""_blank"">China Merchants Bank president Wang Liang resigns</a>&nbsp;&nbsp;<font color=""#6f6f6f"">marketscreener.com</font>",https://news.google.com/rss/articles/CBMipAFBVV95cUxQV2pYVUhWdkc4RzJkZWRzYjBndzgxbjJLOHFPbnVVekc1akVGMS1iNTRJR0Vjc1p2bGVSZV9NSjZkekR2TjlaRWxPeS1ieGtrS1A4T1paR3RiNHpOUFVVZ0w3WWJfU2pmSzF0eVVtWWMzTlR3S29jWXhST1R3MDlQbmV1OElGMXNZdkNhWlk5anpQYzNSc2ljbGlKUzRnQUFmbFJMVQ?oc=5,China Merchants Bank,China Merchants Bank president Wang Liang resigns - marketscreener.com. China Merchants Bank president Wang Liang resigns marketscreener.com,neutral,-0.33040005,en,bootstrap,mixed_real_news_v6
2026-04-30,2026-04-30T15:53:26+00:00,600036.SH,"""招商银行"" - Google 新闻",招商银行高层更迭：行长王良到龄退休，王小青接棒 - 东方财富,"<a href=""https://news.google.com/rss/articles/CBMiYEFVX3lxTE1RR0p1bjVQMzlMd2NFWEtENGc1aUlEX0U2dFVXV3FwZ2dnVHFNQlhYTXoweGlOdWFVX0paTklnSm1Na3BtLVp0QVhnMk5zOHRUa1ZqVGRCeXJTNURzREJWYw?oc=5"" target=""_blank"">招商银行高层更迭：行长王良到龄退休，王小青接棒</a>&nbsp;&nbsp;<font color=""#6f6f6f"">东方财富</font>",https://news.google.com/rss/articles/CBMiYEFVX3lxTE1RR0p1bjVQMzlMd2NFWEtENGc1aUlEX0U2dFVXV3FwZ2dnVHFNQlhYTXoweGlOdWFVX0paTklnSm1Na3BtLVp0QVhnMk5zOHRUa1ZqVGRCeXJTNURzREJWYw?oc=5,招商银行,招商银行高层更迭：行长王良到龄退休，王小青接棒 - 东方财富. 招商银行高层更迭：行长王良到龄退休，王小青接棒 东方财富,neutral,0.05930977,zh,bootstrap,mixed_real_news_v6
2026-04-30,2026-04-30T23:26:15+00:00,600036.SH,"""招商银行"" - Google 新闻",招商银行换帅！“新掌门”王小青履历“银证保基”全覆盖 - 新浪财经,"<a href=""https://news.google.com/rss/articles/CBMioAJBVV95cUxPM1ZpVkIza1B1OHBUcndUSW9PSjRPdmw5Qmd5SWY0TFBGbVpWeDlGQWZjcXRDM25Odk9TX0tuZS1Ib09xcERRLV9vSFp0SVFwY2UwcnRMc0NicjlidndTMl9RWm1PMlFqSUpjWUhlcDlJenBUb2kzaHVLOTNKN2V5bVUxZ3E2YnJhNGoyOVlLVV9zdWI1WF9YOEpzbldjeVBPRmxkR24zLXFsb19tM0NQdkd4QXBNdkJ6TWRpRkZRNE80Uk5tQ1FBVG9RdHlXRjJ4RmZsMERVcC1uQkg3OExKS0pvNG9xNVN4eDZpOHQ2UC1COUtSQWhmc3hRX2MzcUFxU3pONnRxS213NDJvV04zN21kZnhuWl8wazNTazBZU00?oc=5"" target=""_blank"">招商银行换帅！“新掌门”王小青履历“银证保基”全覆盖</a>&nbsp;&nbsp;<font color=""#6f6f6f"">新浪财经</font>",https://news.google.com/rss/articles/CBMioAJBVV95cUxPM1ZpVkIza1B1OHBUcndUSW9PSjRPdmw5Qmd5SWY0TFBGbVpWeDlGQWZjcXRDM25Odk9TX0tuZS1Ib09xcERRLV9vSFp0SVFwY2UwcnRMc0NicjlidndTMl9RWm1PMlFqSUpjWUhlcDlJenBUb2kzaHVLOTNKN2V5bVUxZ3E2YnJhNGoyOVlLVV9zdWI1WF9YOEpzbldjeVBPRmxkR24zLXFsb19tM0NQdkd4QXBNdkJ6TWRpRkZRNE80Uk5tQ1FBVG9RdHlXRjJ4RmZsMERVcC1uQkg3OExKS0pvNG9xNVN4eDZpOHQ2UC1COUtSQWhmc3hRX2MzcUFxU3pONnRxS213NDJvV04zN21kZnhuWl8wazNTazBZU00?oc=5,招商银行,招商银行换帅！“新掌门”王小青履历“银证保基”全覆盖 - 新浪财经. 招商银行换帅！“新掌门”王小青履历“银证保基”全覆盖 新浪财经,neutral,0.06478923,zh,bootstrap,mixed_real_news_v6
2026-05-01,2026-05-01T00:56:00+00:00,600036.SH,"""China Merchants Bank"" - Google News",Citi Sticks to Their Buy Rating for China Merchants Bank Co (CIHHF) - The Globe and Mail,"<a href=""https://news.google.com/rss/articles/CBMi5gFBVV95cUxNQjZNNnl6SlpJNFJsVVVmUTZiMTF1dnhWWVJ4dVdON0lXZVc1SmVoVUZUaWhxZkRVU0RCV3JGWDRRUzMwQ0Z3aGFMb0VEQUR0OUQwaTNMWkJyWkdNVFJqNEdlZlYyV3lsdFBpcXJvd1BJSkc1QllKSjRSSUpJeXdqeUFQOHQwekluMDRfMExKUzhLTTRkVmtBd1J2enRFS3NDbUdTWEpUZGpJTWNrcVZ4TkJwQW5EcXRldWt5RWs0NGFHWkZyemdqakI5cHNCWmxkcEtZa3VMNGhndmx0b2w0UFI4Sk02QQ?oc=5"" target=""_blank"">Citi Sticks to Their Buy Rating for China Merchants Bank Co (CIHHF)</a>&nbsp;&nbsp;<font color=""#6f6f6f"">The Globe and Mail</font>",https://news.google.com/rss/articles/CBMi5gFBVV95cUxNQjZNNnl6SlpJNFJsVVVmUTZiMTF1dnhWWVJ4dVdON0lXZVc1SmVoVUZUaWhxZkRVU0RCV3JGWDRRUzMwQ0Z3aGFMb0VEQUR0OUQwaTNMWkJyWkdNVFJqNEdlZlYyV3lsdFBpcXJvd1BJSkc1QllKSjRSSUpJeXdqeUFQOHQwekluMDRfMExKUzhLTTRkVmtBd1J2enRFS3NDbUdTWEpUZGpJTWNrcVZ4TkJwQW5EcXRldWt5RWs0NGFHWkZyemdqakI5cHNCWmxkcEtZa3VMNGhndmx0b2w0UFI4Sk02QQ?oc=5,China Merchants Bank,Citi Sticks to Their Buy Rating for China Merchants Bank Co (CIHHF) - The Globe and Mail. Citi Sticks to Their Buy Rating for China Merchants Bank Co (CIHHF) The Globe and Mail,neutral,0.04134714,en,bootstrap,mixed_real_news_v6
2026-05-01,2026-05-01T02:39:22+00:00,600036.SH,"""China Merchants Bank"" - Google News",China Merchants Bank (03968.HK) has appointed Wang Xiaoqing as its president. - 富途牛牛,"<a href=""https://news.google.com/rss/articles/CBMiowFBVV95cUxQenQtRm14N0pta3Fsem1FQUJHRl82NDg5UTBqSmJxUXNUZkZvbHF1ajdGd0FyVlp5VzFDTm9JY2NUQ0JIYXMtYk1iOUQwQnlxSGJPMFU0Z1NadWlHZ1ZwMTJ1MGZHeHBrUTgwLVM1REZHUXQyTlB4aUpvYllDN1ZSOWtmcjZSM2RCVUs4Ykc1Y2stcWIyamppWlJPSXFKT3lhdDZz?oc=5"" target=""_blank"">China Merchants Bank (03968.HK) has appointed Wang Xiaoqing as its president.</a>&nbsp;&nbsp;<font color=""#6f6f6f"">富途牛牛</font>",https://news.google.com/rss/articles/CBMiowFBVV95cUxQenQtRm14N0pta3Fsem1FQUJHRl82NDg5UTBqSmJxUXNUZkZvbHF1ajdGd0FyVlp5VzFDTm9JY2NUQ0JIYXMtYk1iOUQwQnlxSGJPMFU0Z1NadWlHZ1ZwMTJ1MGZHeHBrUTgwLVM1REZHUXQyTlB4aUpvYllDN1ZSOWtmcjZSM2RCVUs4Ykc1Y2stcWIyamppWlJPSXFKT3lhdDZz?oc=5,China Merchants Bank,China Merchants Bank (03968.HK) has appointed Wang Xiaoqing as its president. - 富途牛牛. China Merchants Bank (03968.HK) has appointed Wang Xiaoqing as its president. 富途牛牛,neutral,0.02748221,en,bootstrap,mixed_real_news_v6
2026-05-01,2026-05-01T02:42:53+00:00,600036.SH,"""招商银行"" - Google 新闻",13万亿招商银行换帅！30年老将退场，“70后”全能手接棒 - 新浪财经,"<a href=""https://news.google.com/rss/articles/CBMiqAJBVV95cUxNeFdiY1F4ODZ3MzFJdWVYNzd6NUZYT3pjc0VmR1hVSXBpY0gwdWg1Rmx2WTRjaU1Za1ZSelhTUmIwazZRUFFzUjJwVjRQcHZ5R2xNZmxpWXJ2Y2NFSHJVUXMxLWcyeDQ1em9yX1Q3WUZVUmlraWVVZnBkcEdpMk9aQnBEOS1aLWpQbW9TOGVpanU2QlhyWW5ELWVvYUFqc3d6M0JSeVBTSzA5Y0xJQkE5ZlhrS1ZnTTY4dllQWDZvWFhFLTNWeklocGEtY3JRYnVHa0hiVkpjSTZDTlZkVEJqaTBPb2ZPeWRaUGVpX2JKMkpBNEIxX3NfdVBkc3U3a0NIZ0RnYVRfMDdXcTBnTUo3NUZSTUpQWGFMQlp0aG51a3RDa0FMMTVvLQ?oc=5"" target=""_blank"">13万亿招商银行换帅！30年老将退场，“70后”全能手接棒</a>&nbsp;&nbsp;<font color=""#6f6f6f"">新浪财经</font>",https://news.google.com/rss/articles/CBMiqAJBVV95cUxNeFdiY1F4ODZ3MzFJdWVYNzd6NUZYT3pjc0VmR1hVSXBpY0gwdWg1Rmx2WTRjaU1Za1ZSelhTUmIwazZRUFFzUjJwVjRQcHZ5R2xNZmxpWXJ2Y2NFSHJVUXMxLWcyeDQ1em9yX1Q3WUZVUmlraWVVZnBkcEdpMk9aQnBEOS1aLWpQbW9TOGVpanU2QlhyWW5ELWVvYUFqc3d6M0JSeVBTSzA5Y0xJQkE5ZlhrS1ZnTTY4dllQWDZvWFhFLTNWeklocGEtY3JRYnVHa0hiVkpjSTZDTlZkVEJqaTBPb2ZPeWRaUGVpX2JKMkpBNEIxX3NfdVBkc3U3a0NIZ0RnYVRfMDdXcTBnTUo3NUZSTUpQWGFMQlp0aG51a3RDa0FMMTVvLQ?oc=5,招商银行,13万亿招商银行换帅！30年老将退场，“70后”全能手接棒 - 新浪财经. 13万亿招商银行换帅！30年老将退场，“70后”全能手接棒 新浪财经,neutral,0.083459765,zh,bootstrap,mixed_real_news_v6
2026-05-01,2026-05-01T04:40:13+00:00,600036.SH,"""招商银行"" - Google 新闻",“零售之王”招商银行交棒：王良到龄退休，王小青掌舵 - 新浪财经,"<a href=""https://news.google.com/rss/articles/CBMieEFVX3lxTE9NR1Brcm95Q0tTVHFjNjdlQ2N2bkh3QWtqdUZuVktMcFQzZ1dqb0xKOVN2XzlSSnBDblA0Vnc0aHdfdFBGXzhIZHo1N0hLd0xFY2syZ0p3ckk2QVNkbEdjVHBsRjZDZ09lOEpwZk9IdHlsOFVsY2lLOQ?oc=5"" target=""_blank"">“零售之王”招商银行交棒：王良到龄退休，王小青掌舵</a>&nbsp;&nbsp;<font color=""#6f6f6f"">新浪财经</font>",https://news.google.com/rss/articles/CBMieEFVX3lxTE9NR1Brcm95Q0tTVHFjNjdlQ2N2bkh3QWtqdUZuVktMcFQzZ1dqb0xKOVN2XzlSSnBDblA0Vnc0aHdfdFBGXzhIZHo1N0hLd0xFY2syZ0p3ckk2QVNkbEdjVHBsRjZDZ09lOEpwZk9IdHlsOFVsY2lLOQ?oc=5,招商银行,“零售之王”招商银行交棒：王良到龄退休，王小青掌舵 - 新浪财经. “零售之王”招商银行交棒：王良到龄退休，王小青掌舵 新浪财经,neutral,0.08306213,zh,bootstrap,mixed_real_news_v6
2026-05-01,2026-05-01T04:45:24+00:00,600036.SH,"""招商银行"" - Google 新闻",招商银行王良到龄退休，王小青接任第五任行长 - 新浪财经,"<a href=""https://news.google.com/rss/articles/CBMieEFVX3lxTE1KX05wd3JoZFBVUU5hNmp2djZGSXJHaHJYZUl3NjVLb0hXRkM4NlpHaFNFSVhSRU5UUEZYUzRLbDl2NWhzc0lsTFk4b1ZzT29RWFd3cG1NMFN3SWhvbHNFRWxFNGhleGJGM191bXcxNmxuS1p6VGRLRA?oc=5"" target=""_blank"">招商银行王良到龄退休，王小青接任第五任行长</a>&nbsp;&nbsp;<font color=""#6f6f6f"">新浪财经</font>",https://news.google.com/rss/articles/CBMieEFVX3lxTE1KX05wd3JoZFBVUU5hNmp2djZGSXJHaHJYZUl3NjVLb0hXRkM4NlpHaFNFSVhSRU5UUEZYUzRLbDl2NWhzc0lsTFk4b1ZzT29RWFd3cG1NMFN3SWhvbHNFRWxFNGhleGJGM191bXcxNmxuS1p6VGRLRA?oc=5,招商银行,招商银行王良到龄退休，王小青接任第五任行长 - 新浪财经. 招商银行王良到龄退休，王小青接任第五任行长 新浪财经,neutral,0.049867537,zh,bootstrap,mixed_real_news_v6
2026-05-01,2026-05-01T05:19:57+00:00,600036.SH,"""招商银行"" - Google 新闻",13万亿招商银行“换帅”！一季度日赚4.2亿，花旗称业绩令人失望 - 新浪财经,"<a href=""https://news.google.com/rss/articles/CBMirwJBVV95cUxQUTVsVmdyWWk1QXkxa3N6alliV0xydFI3dTJlT3ZIaHZsOThVRk5mbl9UZ0Jkb2Uwek0waXJVbkcwOUFKZzNYM1BneW9oNWVFZm45eGRTMjVOX0k0SzJJNXZkWXFXTHRUSTJLTUZEQ0RDZXFaNVExX3FjRzY1ajFzM0ptTWp0QlFOQVFVM2VCWGtEYi16X2g5MkhfRjVnMFEweWxyY09idXNxOVI0SzRCSVZRa3dFNXRkOGV1Z2xVRmRhamNMcEc4WDNXbEkyX0d6ZklQSmVVQy11bmgxeThYLUZ5dHlMVlZmTmdvUEc2eVYza2VKZXZQUVJHSnRFLU9pMHFNZV9abGRiUVJPc1kwRzdMTVVINkt5U2Exd0JJQmVRWXhjaFBFaE1DQ1ZIdVk?oc=5"" target=""_blank"">13万亿招商银行“换帅”！一季度日赚4.2亿，花旗称业绩令人失望</a>&nbsp;&nbsp;<font color=""#6f6f6f"">新浪财经</font>",https://news.google.com/rss/articles/CBMirwJBVV95cUxQUTVsVmdyWWk1QXkxa3N6alliV0xydFI3dTJlT3ZIaHZsOThVRk5mbl9UZ0Jkb2Uwek0waXJVbkcwOUFKZzNYM1BneW9oNWVFZm45eGRTMjVOX0k0SzJJNXZkWXFXTHRUSTJLTUZEQ0RDZXFaNVExX3FjRzY1ajFzM0ptTWp0QlFOQVFVM2VCWGtEYi16X2g5MkhfRjVnMFEweWxyY09idXNxOVI0SzRCSVZRa3dFNXRkOGV1Z2xVRmRhamNMcEc4WDNXbEkyX0d6ZklQSmVVQy11bmgxeThYLUZ5dHlMVlZmTmdvUEc2eVYza2VKZXZQUVJHSnRFLU9pMHFNZV9abGRiUVJPc1kwRzdMTVVINkt5U2Exd0JJQmVRWXhjaFBFaE1DQ1ZIdVk?oc=5,招商银行,13万亿招商银行“换帅”！一季度日赚4.2亿，花旗称业绩令人失望 - 新浪财经. 13万亿招商银行“换帅”！一季度日赚4.2亿，花旗称业绩令人失望 新浪财经,neutral,0.023012545,zh,bootstrap,mixed_real_news_v6
2026-05-01,2026-05-01T06:21:00+00:00,600036.SH,"""招商银行"" - Google 新闻",招行发布公告：王小青任招商银行行长 - QQ News,"<a href=""https://news.google.com/rss/articles/CBMiV0FVX3lxTE1ydHhZb3FaTHNqT0kyYzhzbHRaTlJ2TUFGS0JaZHYyVlVTUzV4NXJpaFBmZkt3V2xQX0ZVTExqR2lkRXhNNmlmTUVFVmlVdWdBREZmcTRMdw?oc=5"" target=""_blank"">招行发布公告：王小青任招商银行行长</a>&nbsp;&nbsp;<font color=""#6f6f6f"">QQ News</font>",https://news.google.com/rss/articles/CBMiV0FVX3lxTE1ydHhZb3FaTHNqT0kyYzhzbHRaTlJ2TUFGS0JaZHYyVlVTUzV4NXJpaFBmZkt3V2xQX0ZVTExqR2lkRXhNNmlmTUVFVmlVdWdBREZmcTRMdw?oc=5,招商银行,招行发布公告：王小青任招商银行行长 - QQ News. 招行发布公告：王小青任招商银行行长 QQ News,neutral,0.017129483,zh,bootstrap,mixed_real_news_v6
2026-05-01,2026-05-01T10:08:47+00:00,600036.SH,"""招商银行"" - Google 新闻",招商银行：融资净偿还2.13亿元，融资余额119.97亿元 - 东方财富,"<a href=""https://news.google.com/rss/articles/CBMiYEFVX3lxTE1ERXBsQ3d3emtzWnJsWmdISHByRnFReFQ1cy1pMmRTZzdNaWlCMFozMkhMdmhvRkRLc3RVaE9WeTdUUGVEaV9PVUR2dkpRcXYtQTY2UmRVSVZHUjBnWXNGRA?oc=5"" target=""_blank"">招商银行：融资净偿还2.13亿元，融资余额119.97亿元</a>&nbsp;&nbsp;<font color=""#6f6f6f"">东方财富</font>",https://news.google.com/rss/articles/CBMiYEFVX3lxTE1ERXBsQ3d3emtzWnJsWmdISHByRnFReFQ1cy1pMmRTZzdNaWlCMFozMkhMdmhvRkRLc3RVaE9WeTdUUGVEaV9PVUR2dkpRcXYtQTY2UmRVSVZHUjBnWXNGRA?oc=5,招商银行,招商银行：融资净偿还2.13亿元，融资余额119.97亿元 - 东方财富. 招商银行：融资净偿还2.13亿元，融资余额119.97亿元 东方财富,neutral,0.018550288,zh,bootstrap,mixed_real_news_v6
2026-05-02,2026-05-02T02:31:07+00:00,600036.SH,"""600036"" - Google 新闻",每周股票复盘：招商银行（600036）招行一季报净利增1.52%_股市要闻_市场 - 中金在线,"<a href=""https://news.google.com/rss/articles/CBMibkFVX3lxTE5GMWVOd0dNQ1c4MEs2aDM1NGdUZ1kwQzdYQU5WVjUzOG5CQm1SSVVFc0dyMFFhcEd0TG1rWXphNHk0OUxMaURjc09xMm52VzJxNjhwelZaY1YwOVhiMGJRWThKOFUwREtpbUt5UGpR?oc=5"" target=""_blank"">每周股票复盘：招商银行（600036）招行一季报净利增1.52%_股市要闻_市场</a>&nbsp;&nbsp;<font color=""#6f6f6f"">中金在线</font>",https://news.google.com/rss/articles/CBMibkFVX3lxTE5GMWVOd0dNQ1c4MEs2aDM1NGdUZ1kwQzdYQU5WVjUzOG5CQm1SSVVFc0dyMFFhcEd0TG1rWXphNHk0OUxMaURjc09xMm52VzJxNjhwelZaY1YwOVhiMGJRWThKOFUwREtpbUt5UGpR?oc=5,600036,每周股票复盘：招商银行（600036）招行一季报净利增1.52%_股市要闻_市场 - 中金在线. 每周股票复盘：招商银行（600036）招行一季报净利增1.52%_股市要闻_市场 中金在线,neutral,0.022037856,zh,bootstrap,mixed_real_news_v6
2026-05-03,2026-05-03T03:00:41+00:00,600036.SH,招商银行 - Bing新聞,招商银行，还值得上车吗？,耐心等待机会 ...,http://www.bing.com/news/apiclick.aspx?ref=FexRss&aid=&tid=69fb16b8ebf44eb2bfbfea81a15c48c4&url=https%3a%2f%2fwww.msn.cn%2fzh-cn%2fmoney%2f%25E7%25BB%258F%25E6%25B5%258E%2f%25E6%258B%259B%25E5%2595%2586%25E9%2593%25B6%25E8%25A1%258C-%25E8%25BF%2598%25E5%2580%25BC%25E5%25BE%2597%25E4%25B8%258A%25E8%25BD%25A6%25E5%2590%2597%2far-AA22hhIl&c=16521179283992879809&mkt=zh-tw,招商银行,招商银行，还值得上车吗？. 耐心等待机会 ...,neutral,0.020212024,zh,bootstrap,mixed_real_news_v6
2026-05-03,2026-05-03T09:40:00+00:00,600036.SH,"""招商银行"" - Google 新闻",招商银行，还值得上车吗？ - 新浪财经,"<a href=""https://news.google.com/rss/articles/CBMidkFVX3lxTE5VY0xVbFhpRGN4WnBrZTdNRVZSbnRuSXViZXlLaHhHZ25zcWVTNTlOczNwazJ5eHdyLU1GT21wM21YTmFPblB2OFZuRUlYdnU4VWNmOHVyS2QzblJHSHNtY1dHUk9mR2t3MHpQUWl0S3hvanVXR2c?oc=5"" target=""_blank"">招商银行，还值得上车吗？</a>&nbsp;&nbsp;<font color=""#6f6f6f"">新浪财经</font>",https://news.google.com/rss/articles/CBMidkFVX3lxTE5VY0xVbFhpRGN4WnBrZTdNRVZSbnRuSXViZXlLaHhHZ25zcWVTNTlOczNwazJ5eHdyLU1GT21wM21YTmFPblB2OFZuRUlYdnU4VWNmOHVyS2QzblJHSHNtY1dHUk9mR2t3MHpQUWl0S3hvanVXR2c?oc=5,招商银行,招商银行，还值得上车吗？ - 新浪财经. 招商银行，还值得上车吗？ 新浪财经,neutral,0.060964465,zh,bootstrap,mixed_real_news_v6
2026-05-03,2026-05-03T09:40:00+00:00,600036.SH,"""招商银行"" - Google 新闻",招商银行，还值得上车吗？ - Sohu,"<a href=""https://news.google.com/rss/articles/CBMijAFBVV95cUxORXdfTjhpeHBKS3RGamFpNFBZeHhUQjRldlpMcUwyMUxNSWJiR3VoSkpZLTV5ZllTZjBMWGdUdXFUbjlUWm5LQkhkODZfOGhWSDBRT1RKNTJEdzJpQi1hMkVVNkJHNG1PNmRReWVtdXBEVGRMbWZsaWJIamJQSTJMRkNIeFRpNFlxYkpZNg?oc=5"" target=""_blank"">招商银行，还值得上车吗？</a>&nbsp;&nbsp;<font color=""#6f6f6f"">Sohu</font>",https://news.google.com/rss/articles/CBMijAFBVV95cUxORXdfTjhpeHBKS3RGamFpNFBZeHhUQjRldlpMcUwyMUxNSWJiR3VoSkpZLTV5ZllTZjBMWGdUdXFUbjlUWm5LQkhkODZfOGhWSDBRT1RKNTJEdzJpQi1hMkVVNkJHNG1PNmRReWVtdXBEVGRMbWZsaWJIamJQSTJMRkNIeFRpNFlxYkpZNg?oc=5,招商银行,招商银行，还值得上车吗？ - Sohu. 招商银行，还值得上车吗？ Sohu,neutral,0.035008483,zh,bootstrap,mixed_real_news_v6
2026-05-03,2026-05-03T09:53:00+00:00,600036.SH,"""招商银行"" - Google 新闻",招商银行(03968.HK)行长王良辞任 审议王小青接任 - AASTOCKS.com,"<a href=""https://news.google.com/rss/articles/CBMiggFBVV95cUxNNmVDNGlBLTJkVWluc1RpNUlXWk9TTzlQa3NjMkJuckdmRU5aYm1KRjkzSDVhdUJpd0VaTUotRmFNaFZqY0RQWTdqZDlYdDFmT0hYbUdCcjRtRUt1VXFQMi1SZ0RVYUpCTkFzODlZTWw0MUFaMzQ0MnRPeXJSTjJqVDFn?oc=5"" target=""_blank"">招商银行(03968.HK)行长王良辞任 审议王小青接任</a>&nbsp;&nbsp;<font color=""#6f6f6f"">AASTOCKS.com</font>",https://news.google.com/rss/articles/CBMiggFBVV95cUxNNmVDNGlBLTJkVWluc1RpNUlXWk9TTzlQa3NjMkJuckdmRU5aYm1KRjkzSDVhdUJpd0VaTUotRmFNaFZqY0RQWTdqZDlYdDFmT0hYbUdCcjRtRUt1VXFQMi1SZ0RVYUpCTkFzODlZTWw0MUFaMzQ0MnRPeXJSTjJqVDFn?oc=5,招商银行,招商银行(03968.HK)行长王良辞任 审议王小青接任 - AASTOCKS.com. 招商银行(03968.HK)行长王良辞任 审议王小青接任 AASTOCKS.com,neutral,0.0040441435,zh,bootstrap,mixed_real_news_v6
2026-05-03,2026-05-03T09:53:00+00:00,600036.SH,"""招商银行"" - Google 新闻",招商银行(03968.HK)行长王良辞任 审议王小青接任 - AASTOCKS.com,"<a href=""https://news.google.com/rss/articles/CBMib0FVX3lxTE96RTZKQ1BXTVUwY0FldXZ2SHN5TzRGQ3ZnSWRQdzd3VnZzZk81SGt4RXBCeHFpSkRYVHdFeXZVUHFucW95X1ptbXJqcGtKZ19DYWV0QXZySU5oQkx2VEdYSC11X1draVUtcmQ0Q1RObw?oc=5"" target=""_blank"">招商银行(03968.HK)行长王良辞任 审议王小青接任</a>&nbsp;&nbsp;<font color=""#6f6f6f"">AASTOCKS.com</font>",https://news.google.com/rss/articles/CBMib0FVX3lxTE96RTZKQ1BXTVUwY0FldXZ2SHN5TzRGQ3ZnSWRQdzd3VnZzZk81SGt4RXBCeHFpSkRYVHdFeXZVUHFucW95X1ptbXJqcGtKZ19DYWV0QXZySU5oQkx2VEdYSC11X1draVUtcmQ0Q1RObw?oc=5,招商银行,招商银行(03968.HK)行长王良辞任 审议王小青接任 - AASTOCKS.com. 招商银行(03968.HK)行长王良辞任 审议王小青接任 AASTOCKS.com,neutral,0.0040441435,zh,bootstrap,mixed_real_news_v6
2026-05-03,2026-05-03T10:00:41+00:00,600036.SH,"""China Merchants Bank"" - Google 新闻",招商银行，还值得上车吗？ - Moomoo,"<a href=""https://news.google.com/rss/articles/CBMiU0FVX3lxTE5RQU43MFRuN1JwWVhwcTVjUXFVbzBmZUNENGI2R1lKcERZajZiTTVwdjNRMy1OeEJyWGRXRF9UYzBIa0xwaXlUam95SkIwenBpMHVB?oc=5"" target=""_blank"">招商银行，还值得上车吗？</a>&nbsp;&nbsp;<font color=""#6f6f6f"">Moomoo</font>",https://news.google.com/rss/articles/CBMiU0FVX3lxTE5RQU43MFRuN1JwWVhwcTVjUXFVbzBmZUNENGI2R1lKcERZajZiTTVwdjNRMy1OeEJyWGRXRF9UYzBIa0xwaXlUam95SkIwenBpMHVB?oc=5,China Merchants Bank,招商银行，还值得上车吗？ - Moomoo. 招商银行，还值得上车吗？ Moomoo,neutral,0.015400544,zh,bootstrap,mixed_real_news_v6
2026-05-03,2026-05-03T10:09:27+00:00,600036.SH,"""China Merchants Bank"" - Google News",Is China Merchants Bank still worth investing in? - 富途牛牛,"<a href=""https://news.google.com/rss/articles/CBMikwFBVV95cUxOYU9fb2tiUFAzT2pyT3BhaUdJUjJjbDBZNnJzZHZtMnJjQU1VclBiMTFzZTAtd3pRNEkzX040N01Sd3F3dDZmb20wSHJ2NWV5MURqTGNMeS1jWUdrUkRTZkRWVHhvcDhtVFl4VkFwUi0wODQzckcxTTZiUTNZRGpjbnU2MExfLXFta1dtLXcxUDlJb0U?oc=5"" target=""_blank"">Is China Merchants Bank still worth investing in?</a>&nbsp;&nbsp;<font color=""#6f6f6f"">富途牛牛</font>",https://news.google.com/rss/articles/CBMikwFBVV95cUxOYU9fb2tiUFAzT2pyT3BhaUdJUjJjbDBZNnJzZHZtMnJjQU1VclBiMTFzZTAtd3pRNEkzX040N01Sd3F3dDZmb20wSHJ2NWV5MURqTGNMeS1jWUdrUkRTZkRWVHhvcDhtVFl4VkFwUi0wODQzckcxTTZiUTNZRGpjbnU2MExfLXFta1dtLXcxUDlJb0U?oc=5,China Merchants Bank,Is China Merchants Bank still worth investing in? - 富途牛牛. Is China Merchants Bank still worth investing in? 富途牛牛,neutral,0.038942393,en,bootstrap,mixed_real_news_v6
2026-05-03,2026-05-03T17:58:52+00:00,600036.SH,"""招商银行"" - Google 新闻",年薪297万的王良卸任，招商银行新行长浮出水面 - MSN,"<a href=""https://news.google.com/rss/articles/CBMixwJBVV95cUxOam5RaWVmQnhrbEZuTmZOT1BKNVZJTEF3cWd3NGhxSHVHelhHcUstQjBUXzNvS1FnVFV4ZThrWXRzQ2JoOHl4VTRoazFnYnZIbWdTTzN3OTNYOTNxOTRIRWV4QS13ZHNWdEtSN2pOMkptUXlxa3pYdF9lemVtTzE3QmlzVUE5OEo3bk1FcDVGNmFaZDZCY05GM0Eyb2ViQU9zdC1PZlNtZFI2UXhVV3JLcUlBbm83YjN2RHM2N2QwNHdLRUtRUEJmTU14X2E2bFpTZy1VN0tDdzhlX0hKcHBpVXRDVHczcXFPdXB4NjEwdWs0N1ZzRFBnNHhxVjZIa19Ocm1qSVpBRHcwOVM5Q3pEVnE1Yk9PZEI0NGxZTkp5bFB6Wl9rZEtYZzZuUDkyWGtLRXdKUFMwelVMN1RBOFBySFJiRjF0Mlk?oc=5"" target=""_blank"">年薪297万的王良卸任，招商银行新行长浮出水面</a>&nbsp;&nbsp;<font color=""#6f6f6f"">MSN</font>",https://news.google.com/rss/articles/CBMixwJBVV95cUxOam5RaWVmQnhrbEZuTmZOT1BKNVZJTEF3cWd3NGhxSHVHelhHcUstQjBUXzNvS1FnVFV4ZThrWXRzQ2JoOHl4VTRoazFnYnZIbWdTTzN3OTNYOTNxOTRIRWV4QS13ZHNWdEtSN2pOMkptUXlxa3pYdF9lemVtTzE3QmlzVUE5OEo3bk1FcDVGNmFaZDZCY05GM0Eyb2ViQU9zdC1PZlNtZFI2UXhVV3JLcUlBbm83YjN2RHM2N2QwNHdLRUtRUEJmTU14X2E2bFpTZy1VN0tDdzhlX0hKcHBpVXRDVHczcXFPdXB4NjEwdWs0N1ZzRFBnNHhxVjZIa19Ocm1qSVpBRHcwOVM5Q3pEVnE1Yk9PZEI0NGxZTkp5bFB6Wl9rZEtYZzZuUDkyWGtLRXdKUFMwelVMN1RBOFBySFJiRjF0Mlk?oc=5,招商银行,年薪297万的王良卸任，招商银行新行长浮出水面 - MSN. 年薪297万的王良卸任，招商银行新行长浮出水面 MSN,neutral,0.02852921,zh,bootstrap,mixed_real_news_v6
2026-05-04,2026-05-04T06:17:00+00:00,600036.SH,"""China Merchants Bank"" - Google 新闻",China Merchants Bank's Asset Quality Outlook Remains Challenging -- Market Talk - 富途牛牛,"<a href=""https://news.google.com/rss/articles/CBMirgFBVV95cUxOd29CdnhfcEh2MTZpT2FGN1Zoc2N0bXBqbkNjUzFGWFBxZmJqZ2pMd2ltelZDRUg2UGF3X05IRkFQd1RaV0Q2WWRPQkladjIwNmdUZi0xbTRUaUxFeDhlZ3h4ZTdvRlo4RGpzUGpxeVNPdk5FUVVRbjBqcGVrVU5OYWREdW4tQnRIekh2bENyMlNRN2U2QjFjdjBfc3BVQkJBSDV2eVl1UUxwZTZlS0E?oc=5"" target=""_blank"">China Merchants Bank's Asset Quality Outlook Remains Challenging -- Market Talk</a>&nbsp;&nbsp;<font color=""#6f6f6f"">富途牛牛</font>",https://news.google.com/rss/articles/CBMirgFBVV95cUxOd29CdnhfcEh2MTZpT2FGN1Zoc2N0bXBqbkNjUzFGWFBxZmJqZ2pMd2ltelZDRUg2UGF3X05IRkFQd1RaV0Q2WWRPQkladjIwNmdUZi0xbTRUaUxFeDhlZ3h4ZTdvRlo4RGpzUGpxeVNPdk5FUVVRbjBqcGVrVU5OYWREdW4tQnRIekh2bENyMlNRN2U2QjFjdjBfc3BVQkJBSDV2eVl1UUxwZTZlS0E?oc=5,China Merchants Bank,China Merchants Bank's Asset Quality Outlook Remains Challenging -- Market Talk - 富途牛牛. China Merchants Bank's Asset Quality Outlook Remains Challenging -- Market Talk 富途牛牛,negative,-0.8858366,en,bootstrap,mixed_real_news_v6
2026-05-04,2026-05-04T20:55:00+00:00,600036.SH,招商银行 - Bing新聞,东海证券：给予招商银行买入评级,东海证券股份有限公司王鸿行近期对招商银行进行研究并发布了研究报告《公司简评报告：息差下行趋缓，出清弹性渐显》，给予招商银行买入评级。 招商银行(600036) 投资要点 事件：公司公布2026年一季度报告。2026Q1，公司实现营业收入869.40亿元，同比增长3.81%；实现归母净利润378.52亿元，同比增长1.52%。 对公与投资支撑扩表，零售仍在等待需求修复。2026Q1末，公司总资产13 ...,http://www.bing.com/news/apiclick.aspx?ref=FexRss&aid=&tid=69fb16b8ebf44eb2bfbfea81a15c48c4&url=https%3a%2f%2fstock.stockstar.com%2fRB2026050500003157.shtml&c=13670766151668193105&mkt=zh-tw,招商银行,东海证券：给予招商银行买入评级. 东海证券股份有限公司王鸿行近期对招商银行进行研究并发布了研究报告《公司简评报告：息差下行趋缓，出清弹性渐显》，给予招商银行买入评级。 招商银行(600036) 投资要点 事件：公司公布2026年一季度报告。2026Q1，公司实现营业收入869.40亿元，同比增长3.81%；实现归母净利润378.52亿元，同比增长1.52%。 对公与投资支撑扩表，零售仍在等待需求修复。2026Q1末，公司总资产13 ...,neutral,0.055184424,zh,bootstrap,mixed_real_news_v6
2026-05-04,2026-05-04T23:46:00+00:00,600036.SH,"""China Merchants Bank"" - Google News",招商银行(600036)：如何理解业绩的预期与分歧？ - Futubull - 富途牛牛,"<a href=""https://news.google.com/rss/articles/CBMiqwFBVV95cUxQOFpnbWZuVDc4QVhwQnBDMTl0M1kzRzE3dFowcVdDdXMwcHJlR2pyTFVCVTQwRWJoQ29IdlNHNnNFajBhdTlQNnZNcUlFZmRoS2p5ZXVDMlVEWVdfR3Q0TnNwVHdSZjhwYkpuMXdWdVN5azBqRnlXdFFWZGdueEw4Z3E1eUx6T0RhNDlzNS1BTm9KNm1pbGJ1bXRYeUVRdzJkM05HY2pOTjhuV28?oc=5"" target=""_blank"">招商银行(600036)：如何理解业绩的预期与分歧？ - Futubull</a>&nbsp;&nbsp;<font color=""#6f6f6f"">富途牛牛</font>",https://news.google.com/rss/articles/CBMiqwFBVV95cUxQOFpnbWZuVDc4QVhwQnBDMTl0M1kzRzE3dFowcVdDdXMwcHJlR2pyTFVCVTQwRWJoQ29IdlNHNnNFajBhdTlQNnZNcUlFZmRoS2p5ZXVDMlVEWVdfR3Q0TnNwVHdSZjhwYkpuMXdWdVN5azBqRnlXdFFWZGdueEw4Z3E1eUx6T0RhNDlzNS1BTm9KNm1pbGJ1bXRYeUVRdzJkM05HY2pOTjhuV28?oc=5,China Merchants Bank,招商银行(600036)：如何理解业绩的预期与分歧？ - Futubull - 富途牛牛. 招商银行(600036)：如何理解业绩的预期与分歧？ - Futubull 富途牛牛,neutral,0.016409699,zh,bootstrap,mixed_real_news_v6
2026-05-05,2026-05-05T03:55:16+00:00,600036.SH,"""招商银行"" - Google 新闻",东海证券：给予招商银行买入评级_券商研报_数据解析 - 证券之星,"<a href=""https://news.google.com/rss/articles/CBMiYkFVX3lxTFA0LVVFLXkya1I4WldIY1l5RkxQZFkzNFp3TTZZQkV6ZzlJOWJpTUh4d05zWnBwUlo4LXQ4VTRpMjBRQVNPLW82RmlIZGUtLXVYR0JCbV9zbVpZYTJOV01OX3l3?oc=5"" target=""_blank"">东海证券：给予招商银行买入评级_券商研报_数据解析</a>&nbsp;&nbsp;<font color=""#6f6f6f"">证券之星</font>",https://news.google.com/rss/articles/CBMiYkFVX3lxTFA0LVVFLXkya1I4WldIY1l5RkxQZFkzNFp3TTZZQkV6ZzlJOWJpTUh4d05zWnBwUlo4LXQ4VTRpMjBRQVNPLW82RmlIZGUtLXVYR0JCbV9zbVpZYTJOV01OX3l3?oc=5,招商银行,东海证券：给予招商银行买入评级_券商研报_数据解析 - 证券之星. 东海证券：给予招商银行买入评级_券商研报_数据解析 证券之星,neutral,0.042752653,zh,bootstrap,mixed_real_news_v6
2026-05-05,2026-05-05T06:34:21+00:00,600036.SH,"""600036"" - Google 新闻",招商银行 - MSN,"<a href=""https://news.google.com/rss/articles/CBMiwgFBVV95cUxNYnduMWpBQjd0MlN1Sk5jX2UxZHl1VFk4OWNPeHN6YXRnS2VwclVZZ0ZOcXdZN0t1WGJHYk9wVF96Z0REOG1oVmZXTkNoTFZFelpyd0Jhem1yUW0wRGcwVXJuak94SU0yWDZ1UThJSWtlc183WnJFWWdzbmNuUnpNbER4czVlTk9Sb0RtcmFPT1ktX2NOUzlEZjMwYm40Ujk5dVpyZUg1NTJmQWpEbHE3UmkyV3pma0ZmekVsS1Y5aVRNZw?oc=5"" target=""_blank"">招商银行</a>&nbsp;&nbsp;<font color=""#6f6f6f"">MSN</font>",https://news.google.com/rss/articles/CBMiwgFBVV95cUxNYnduMWpBQjd0MlN1Sk5jX2UxZHl1VFk4OWNPeHN6YXRnS2VwclVZZ0ZOcXdZN0t1WGJHYk9wVF96Z0REOG1oVmZXTkNoTFZFelpyd0Jhem1yUW0wRGcwVXJuak94SU0yWDZ1UThJSWtlc183WnJFWWdzbmNuUnpNbER4czVlTk9Sb0RtcmFPT1ktX2NOUzlEZjMwYm40Ujk5dVpyZUg1NTJmQWpEbHE3UmkyV3pma0ZmekVsS1Y5aVRNZw?oc=5,600036,招商银行 - MSN. 招商银行 MSN,neutral,-0.0019955672,zh,bootstrap,mixed_real_news_v6
2026-05-05,2026-05-05T18:00:00+00:00,600036.SH,招商银行 - Bing新聞,招商银行第一季归母净利仅增1.5% 信用卡贷款减少386亿不良率达1.9%,4月28日，摩根大通报告指出，该行首季收入按年增长4%，纯利按年增长2%，收入较该行预期高出2%，纯利则低1%。瑞银研报显示，招商银行首季归母净利润同比增长1.5%，略低于该行预期。,http://www.bing.com/news/apiclick.aspx?ref=FexRss&aid=&tid=69fb16b8ebf44eb2bfbfea81a15c48c4&url=https%3a%2f%2ffinance.sina.com.cn%2froll%2f2026-05-06%2fdoc-inhwxhnr3489275.shtml&c=1210277419555550758&mkt=zh-tw,招商银行,招商银行第一季归母净利仅增1.5% 信用卡贷款减少386亿不良率达1.9%. 4月28日，摩根大通报告指出，该行首季收入按年增长4%，纯利按年增长2%，收入较该行预期高出2%，纯利则低1%。瑞银研报显示，招商银行首季归母净利润同比增长1.5%，略低于该行预期。,neutral,-0.006235227,zh,bootstrap,mixed_real_news_v6
2026-05-05,2026-05-05T19:46:00+00:00,600036.SH,招商银行 - Bing新聞,银行财眼｜招商银行行长王良因年龄原因辞任 聘任王小青为行长,凤凰网财经讯 招商银行近日发布公告称，该行董事会收到执行董事、行长王良的辞任函。王良因年龄原因，向该行董事会提请辞去执行董事、董事会战略与可持续发展委员会委员、董事会提名委员会委员、行长、《香港联合交易所有限公司证券上市规则》第3.05条项下的授权代表 (简称授权代表)等职务。王良的辞任自2026年4月30日起生效。,http://www.bing.com/news/apiclick.aspx?ref=FexRss&aid=&tid=69fb16b8ebf44eb2bfbfea81a15c48c4&url=https%3a%2f%2ffinance.ifeng.com%2fc%2f8stxlBecnoV&c=12157501527586249056&mkt=zh-tw,招商银行,银行财眼｜招商银行行长王良因年龄原因辞任 聘任王小青为行长. 凤凰网财经讯 招商银行近日发布公告称，该行董事会收到执行董事、行长王良的辞任函。王良因年龄原因，向该行董事会提请辞去执行董事、董事会战略与可持续发展委员会委员、董事会提名委员会委员、行长、《香港联合交易所有限公司证券上市规则》第3.05条项下的授权代表 (简称授权代表)等职务。王良的辞任自2026年4月30日起生效。,neutral,0.061916426,zh,bootstrap,mixed_real_news_v6
2026-05-05,2026-05-05T23:26:00+00:00,600036.SH,"""招商银行"" - Google 新闻",招商银行第一季归母净利仅增1.5% 信用卡贷款减少386亿不良率达1.9% - 新浪财经,"<a href=""https://news.google.com/rss/articles/CBMieEFVX3lxTE9WYlpMaVUySGVGR3dYRi1TQmRKcnZoS2hOcUFMYnktX0I5OWlIWko0ZVRxc3BEcmo0ZnFEZWdTT0VfbHRzemVfWnE5ODI0MU5ScFBJczFJRTF1MGxFS2dOYkwtb3BtblRDN3F2Nzl2cERRQV9rNnhPMg?oc=5"" target=""_blank"">招商银行第一季归母净利仅增1.5% 信用卡贷款减少386亿不良率达1.9%</a>&nbsp;&nbsp;<font color=""#6f6f6f"">新浪财经</font>",https://news.google.com/rss/articles/CBMieEFVX3lxTE9WYlpMaVUySGVGR3dYRi1TQmRKcnZoS2hOcUFMYnktX0I5OWlIWko0ZVRxc3BEcmo0ZnFEZWdTT0VfbHRzemVfWnE5ODI0MU5ScFBJczFJRTF1MGxFS2dOYkwtb3BtblRDN3F2Nzl2cERRQV9rNnhPMg?oc=5,招商银行,招商银行第一季归母净利仅增1.5% 信用卡贷款减少386亿不良率达1.9% - 新浪财经. 招商银行第一季归母净利仅增1.5% 信用卡贷款减少386亿不良率达1.9% 新浪财经,neutral,-0.033213433,zh,bootstrap,mixed_real_news_v6
2026-05-06,2026-05-06T00:51:44+00:00,600036.SH,招商银行 - Bing新聞,王小青任招商银行行长，曾在银行、保险、基金、资管等领域任职,近日，招商银行（600036.SH）发布公告称，该行董事会审议通过了《关于聘任王小青先生为招商银行行长的议案》，同意聘任王小青先生为招商银行行长，任期自公司收到国家金融监督管理总局任职资格批复之日起，至第十三届董事会届满之日止。,http://www.bing.com/news/apiclick.aspx?ref=FexRss&aid=&tid=69fb16b8ebf44eb2bfbfea81a15c48c4&url=https%3a%2f%2fwww.msn.cn%2fzh-cn%2fmoney%2fother%2f%25E7%258E%258B%25E5%25B0%258F%25E9%259D%2592%25E4%25BB%25BB%25E6%258B%259B%25E5%2595%2586%25E9%2593%25B6%25E8%25A1%258C%25E8%25A1%258C%25E9%2595%25BF-%25E6%259B%25BE%25E5%259C%25A8%25E9%2593%25B6%25E8%25A1%258C-%25E4%25BF%259D%25E9%2599%25A9-%25E5%259F%25BA%25E9%2587%2591-%25E8%25B5%2584%25E7%25AE%25A1%25E7%25AD%2589%25E9%25A2%2586%25E5%259F%259F%25E4%25BB%25BB%25E8%2581%258C%2far-AA22v8Qq&c=11044624006027171510&mkt=zh-tw,招商银行,王小青任招商银行行长，曾在银行、保险、基金、资管等领域任职. 近日，招商银行（600036.SH）发布公告称，该行董事会审议通过了《关于聘任王小青先生为招商银行行长的议案》，同意聘任王小青先生为招商银行行长，任期自公司收到国家金融监督管理总局任职资格批复之日起，至第十三届董事会届满之日止。,neutral,0.09285352,zh,bootstrap,mixed_real_news_v6
2026-05-06,2026-05-06T01:35:00+00:00,600036.SH,"""招商银行"" - Google 新闻",金融地产ETF华夏（510650）开盘跌0.32%，重仓股中国平安涨0.02%，招商银行涨0.05% - 新浪财经,"<a href=""https://news.google.com/rss/articles/CBMimAFBVV95cUxQQURaWi1NeXRpY2hIQlJBSkpLcWdNbUt6cFlKWjdnNHZKaGNoVnJqdG9meHlrQ1IyWEk4S2VDUDRCQXBNT1BDQlc1d2xWcDVUd2UycGVnVzU4ZV9Zb0lXR21mNC1sb1RkR2tNak9LWlYtYWlESGRJUWxPNWdCLTdHTkdYS2tSS2pLQmtyanlaV2hCVXhoaXJLUw?oc=5"" target=""_blank"">金融地产ETF华夏（510650）开盘跌0.32%，重仓股中国平安涨0.02%，招商银行涨0.05%</a>&nbsp;&nbsp;<font color=""#6f6f6f"">新浪财经</font>",https://news.google.com/rss/articles/CBMimAFBVV95cUxQQURaWi1NeXRpY2hIQlJBSkpLcWdNbUt6cFlKWjdnNHZKaGNoVnJqdG9meHlrQ1IyWEk4S2VDUDRCQXBNT1BDQlc1d2xWcDVUd2UycGVnVzU4ZV9Zb0lXR21mNC1sb1RkR2tNak9LWlYtYWlESGRJUWxPNWdCLTdHTkdYS2tSS2pLQmtyanlaV2hCVXhoaXJLUw?oc=5,招商银行,金融地产ETF华夏（510650）开盘跌0.32%，重仓股中国平安涨0.02%，招商银行涨0.05% - 新浪财经. 金融地产ETF华夏（510650）开盘跌0.32%，重仓股中国平安涨0.02%，招商银行涨0.05% 新浪财经,neutral,-0.018041484,zh,bootstrap,mixed_real_news_v6
2026-05-06,2026-05-06T01:49:26+00:00,600036.SH,"""招商银行"" - Google 新闻",落马的招商银行原副行长，去年在齐鲁银行兼职领薪22万 - 凤凰网财经,"<a href=""https://news.google.com/rss/articles/CBMiUEFVX3lxTE9zTjk3Q2FIMmVwV1I1UUN0TzV1T3JlaWR1eks5bWcwR1lfTXA3RmRkSjlHMnBzMkdBN0Y5SWx2ZlFQNDhiU3BSQ3g5aENKaWpL?oc=5"" target=""_blank"">落马的招商银行原副行长，去年在齐鲁银行兼职领薪22万</a>&nbsp;&nbsp;<font color=""#6f6f6f"">凤凰网财经</font>",https://news.google.com/rss/articles/CBMiUEFVX3lxTE9zTjk3Q2FIMmVwV1I1UUN0TzV1T3JlaWR1eks5bWcwR1lfTXA3RmRkSjlHMnBzMkdBN0Y5SWx2ZlFQNDhiU3BSQ3g5aENKaWpL?oc=5,招商银行,落马的招商银行原副行长，去年在齐鲁银行兼职领薪22万 - 凤凰网财经. 落马的招商银行原副行长，去年在齐鲁银行兼职领薪22万 凤凰网财经,neutral,0.023114827,zh,bootstrap,mixed_real_news_v6
2026-05-06,2026-05-06T02:53:11+00:00,600036.SH,"""招商银行"" - Google 新闻",银行财眼｜招商银行行长王良因年龄原因辞任 聘任王小青为行长 - 凤凰网,"<a href=""https://news.google.com/rss/articles/CBMiSEFVX3lxTE8xNWpNSHF0OXRzX242NXVRWUM5eFh0dnMwaGRETXEyVG5LaklYeURMZmZCUmxxaEZsMU1EaHkzVDZTYlJDSXBGUQ?oc=5"" target=""_blank"">银行财眼｜招商银行行长王良因年龄原因辞任 聘任王小青为行长</a>&nbsp;&nbsp;<font color=""#6f6f6f"">凤凰网</font>",https://news.google.com/rss/articles/CBMiSEFVX3lxTE8xNWpNSHF0OXRzX242NXVRWUM5eFh0dnMwaGRETXEyVG5LaklYeURMZmZCUmxxaEZsMU1EaHkzVDZTYlJDSXBGUQ?oc=5,招商银行,银行财眼｜招商银行行长王良因年龄原因辞任 聘任王小青为行长 - 凤凰网. 银行财眼｜招商银行行长王良因年龄原因辞任 聘任王小青为行长 凤凰网,neutral,0.028501242,zh,bootstrap,mixed_real_news_v6
2026-05-06,2026-05-06T04:27:26+00:00,600036.SH,"""招商银行"" - Google 新闻",银行业绿色金融实践观察：招商银行绿色金融的独特路径 - 新浪财经,"<a href=""https://news.google.com/rss/articles/CBMibkFVX3lxTE4zM0lfQWZjYWFfSkJOWUJvNDRsMmZqaHpvcG5UWDI0bWh4NWEwMWp6dGJlMWtZemIxX21EaGNNVWlDdzNjdk5BSEtfb19Sdlo0emdnaHh5aTM1VDdEbWRJRG9mM3ZHWkt4MGdqSlBR?oc=5"" target=""_blank"">银行业绿色金融实践观察：招商银行绿色金融的独特路径</a>&nbsp;&nbsp;<font color=""#6f6f6f"">新浪财经</font>",https://news.google.com/rss/articles/CBMibkFVX3lxTE4zM0lfQWZjYWFfSkJOWUJvNDRsMmZqaHpvcG5UWDI0bWh4NWEwMWp6dGJlMWtZemIxX21EaGNNVWlDdzNjdk5BSEtfb19Sdlo0emdnaHh5aTM1VDdEbWRJRG9mM3ZHWkt4MGdqSlBR?oc=5,招商银行,银行业绿色金融实践观察：招商银行绿色金融的独特路径 - 新浪财经. 银行业绿色金融实践观察：招商银行绿色金融的独特路径 新浪财经,neutral,0.057616524,zh,bootstrap,mixed_real_news_v6
2026-05-06,2026-05-06T05:22:35+00:00,600036.SH,"""招商银行"" - Google 新闻",招商银行(03968)出现大手卖出12.25万股，成交价$46.96，涉资575.26万 - AASTOCKS.com,"<a href=""https://news.google.com/rss/articles/CBMickFVX3lxTE5VU3VWNEI4dTFRWWd0Y25kU2cxMHdzM215WnAwY3R2QWxSZzFWYzFod3IzMENBMXhTMnpNV3BXTGJEYm5XZVRvWFV6VVE0WkVmdUp2Y3djTGZIM2g5MEdrdU1XbGpPT2JtRThhVEE4TVMzdw?oc=5"" target=""_blank"">招商银行(03968)出现大手卖出12.25万股，成交价$46.96，涉资575.26万</a>&nbsp;&nbsp;<font color=""#6f6f6f"">AASTOCKS.com</font>",https://news.google.com/rss/articles/CBMickFVX3lxTE5VU3VWNEI4dTFRWWd0Y25kU2cxMHdzM215WnAwY3R2QWxSZzFWYzFod3IzMENBMXhTMnpNV3BXTGJEYm5XZVRvWFV6VVE0WkVmdUp2Y3djTGZIM2g5MEdrdU1XbGpPT2JtRThhVEE4TVMzdw?oc=5,招商银行,招商银行(03968)出现大手卖出12.25万股，成交价$46.96，涉资575.26万 - AASTOCKS.com. 招商银行(03968)出现大手卖出12.25万股，成交价$46.96，涉资575.26万 AASTOCKS.com,neutral,0.007556325,zh,bootstrap,mixed_real_news_v6
2026-05-06,2026-05-06T07:57:07+00:00,600036.SH,"""招商银行"" - Google 新闻",王小青任招商银行行长，曾在银行、保险、基金、资管等领域任职 - Sohu,"<a href=""https://news.google.com/rss/articles/CBMijAFBVV95cUxQNTE1RFgtTWJFVDN3ODBfaExLSTBpWWtxU0dCSE1XSmhmcm1BZWJDWkZWQUV0U1c1Qy1iLXNJcHc2d2V4Nlk0UHlYOW4yUHVMZUI4bFV2bHU0VWctSHJtNEVGMHNPUEpNVm1FREVvMnllN1ZtSGpmM1dKMV9pTUlaR0oyZGYxY2hFckJobA?oc=5"" target=""_blank"">王小青任招商银行行长，曾在银行、保险、基金、资管等领域任职</a>&nbsp;&nbsp;<font color=""#6f6f6f"">Sohu</font>",https://news.google.com/rss/articles/CBMijAFBVV95cUxQNTE1RFgtTWJFVDN3ODBfaExLSTBpWWtxU0dCSE1XSmhmcm1BZWJDWkZWQUV0U1c1Qy1iLXNJcHc2d2V4Nlk0UHlYOW4yUHVMZUI4bFV2bHU0VWctSHJtNEVGMHNPUEpNVm1FREVvMnllN1ZtSGpmM1dKMV9pTUlaR0oyZGYxY2hFckJobA?oc=5,招商银行,王小青任招商银行行长，曾在银行、保险、基金、资管等领域任职 - Sohu. 王小青任招商银行行长，曾在银行、保险、基金、资管等领域任职 Sohu,neutral,0.045755014,zh,bootstrap,mixed_real_news_v6
2026-05-06,2026-05-06T08:37:07+00:00,600036.SH,"""招商银行"" - Google 新闻",银行行业资金流出榜:招商银行等5股净流出资金超5000万元 - Moomoo,"<a href=""https://news.google.com/rss/articles/CBMiWkFVX3lxTE1WLVFSY29NYlp0V1FkNlJWdG9IRm4ybUt2dVNyQ3JGdzlkdXlJRjFlU3B6RnJRcWU2cjFVdWdaS3JBWi1IUnFoNXRZUGZPZXdtSkw0R1UyM1VtZw?oc=5"" target=""_blank"">银行行业资金流出榜:招商银行等5股净流出资金超5000万元</a>&nbsp;&nbsp;<font color=""#6f6f6f"">Moomoo</font>",https://news.google.com/rss/articles/CBMiWkFVX3lxTE1WLVFSY29NYlp0V1FkNlJWdG9IRm4ybUt2dVNyQ3JGdzlkdXlJRjFlU3B6RnJRcWU2cjFVdWdaS3JBWi1IUnFoNXRZUGZPZXdtSkw0R1UyM1VtZw?oc=5,招商银行,银行行业资金流出榜:招商银行等5股净流出资金超5000万元 - Moomoo. 银行行业资金流出榜:招商银行等5股净流出资金超5000万元 Moomoo,neutral,0.035412684,zh,bootstrap,mixed_real_news_v6
2026-05-06,2026-05-06T09:09:02+00:00,600036.SH,"""招商银行"" - Google 新闻",监管批复！林城就任招商银行福州片区分行副行长 - Sohu,"<a href=""https://news.google.com/rss/articles/CBMiiAFBVV95cUxPZjRJUEV6MklvUU5NNzhrcEhodnVaQ0dsaTJWcWFGUGV5NFpPaHM3QnZFcXFxaVg5UDlmdWRIbVI1QmZxdE5IT2NyRHhmNkZON09JVlJMNTY4aU5YeEJqcnNXTHRjYndVWWJNOWp5THlvaWdzWmdOODFocFR6b0k4RzdnVWV3TG96?oc=5"" target=""_blank"">监管批复！林城就任招商银行福州片区分行副行长</a>&nbsp;&nbsp;<font color=""#6f6f6f"">Sohu</font>",https://news.google.com/rss/articles/CBMiiAFBVV95cUxPZjRJUEV6MklvUU5NNzhrcEhodnVaQ0dsaTJWcWFGUGV5NFpPaHM3QnZFcXFxaVg5UDlmdWRIbVI1QmZxdE5IT2NyRHhmNkZON09JVlJMNTY4aU5YeEJqcnNXTHRjYndVWWJNOWp5THlvaWdzWmdOODFocFR6b0k4RzdnVWV3TG96?oc=5,招商银行,监管批复！林城就任招商银行福州片区分行副行长 - Sohu. 监管批复！林城就任招商银行福州片区分行副行长 Sohu,neutral,0.04367214,zh,bootstrap,mixed_real_news_v6
2024-06-02,2024-06-02T07:00:00+00:00,600519.SH,"""600519"" - Google 新闻",贵州茅台(600519)：坚持长期主义 兼顾发展质量 - 新浪财经,"<a href=""https://news.google.com/rss/articles/CBMieEFVX3lxTE5VOWZESkR6T3BTZkNuTDBheWlqbXFNamNwM3JPZ185LXM5M3J6MmF5SWhRZWpGRDJkY0p0bjU0U21yNERmWlg1TV84V1A4b0thT1N4TGZvdkc3OS1PSVhVNkxIVTF1TlBNbUJPbWNYc2tQZG15V0J2aA?oc=5"" target=""_blank"">贵州茅台(600519)：坚持长期主义 兼顾发展质量</a>&nbsp;&nbsp;<font color=""#6f6f6f"">新浪财经</font>",https://news.google.com/rss/articles/CBMieEFVX3lxTE5VOWZESkR6T3BTZkNuTDBheWlqbXFNamNwM3JPZ185LXM5M3J6MmF5SWhRZWpGRDJkY0p0bjU0U21yNERmWlg1TV84V1A4b0thT1N4TGZvdkc3OS1PSVhVNkxIVTF1TlBNbUJPbWNYc2tQZG15V0J2aA?oc=5,600519,贵州茅台(600519)：坚持长期主义 兼顾发展质量 - 新浪财经. 贵州茅台(600519)：坚持长期主义 兼顾发展质量 新浪财经,neutral,0.011810299,zh,bootstrap,mixed_real_news_v6
2024-06-27,2024-06-27T07:00:00+00:00,600519.SH,"""Kweichow Moutai"" - Google News",Who shaved $250bn from Kweichow Moutai’s market value? - The Economist,"<a href=""https://news.google.com/rss/articles/CBMingFBVV95cUxOZHVuT3ZrU2FTVkczZy1TNVgxeTAwM0dieG50U1NNbXdSUFk3Y0d2SHlrdmJ5YjllSmI0QnJrUUFFSmgwTlZlWlA2OXlzSWpKdENwY3ZWcDJJSk1rZHZweXRDZHYyVjJ0YXFQZjZ5dWQxUV9qSUFUdFBETC1aSGs5dW1yeVRTbUtpWWZVTkJ5RzN3QnoyU25kMGlDUUtzdw?oc=5"" target=""_blank"">Who shaved $250bn from Kweichow Moutai’s market value?</a>&nbsp;&nbsp;<font color=""#6f6f6f"">The Economist</font>",https://news.google.com/rss/articles/CBMingFBVV95cUxOZHVuT3ZrU2FTVkczZy1TNVgxeTAwM0dieG50U1NNbXdSUFk3Y0d2SHlrdmJ5YjllSmI0QnJrUUFFSmgwTlZlWlA2OXlzSWpKdENwY3ZWcDJJSk1rZHZweXRDZHYyVjJ0YXFQZjZ5dWQxUV9qSUFUdFBETC1aSGs5dW1yeVRTbUtpWWZVTkJ5RzN3QnoyU25kMGlDUUtzdw?oc=5,Kweichow Moutai,Who shaved $250bn from Kweichow Moutai’s market value? - The Economist. Who shaved $250bn from Kweichow Moutai’s market value? The Economist,neutral,0.036464073,en,bootstrap,mixed_real_news_v6
2024-08-14,2024-08-14T07:00:00+00:00,600519.SH,"""Kweichow Moutai"" - Google News",Why Moutai is Investing in Semiconductors - ChinaTalk | Jordan Schneider,"<a href=""https://news.google.com/rss/articles/CBMie0FVX3lxTE5KLV9fanlGREtPRnNTZFlHZ0xJUUxNUUluanV1NkUtd3RSYllEY3lnM2tLb1Bja3FTQ0FUTmh6Vll4WmZ4NlQ2bW44Rmo1Njc4amVYOTNYSWM0TjBUblNJT1pYcEd6VHY4Y0owWjE2bjhaUDFBaVZpaC00TQ?oc=5"" target=""_blank"">Why Moutai is Investing in Semiconductors</a>&nbsp;&nbsp;<font color=""#6f6f6f"">ChinaTalk | Jordan Schneider</font>",https://news.google.com/rss/articles/CBMie0FVX3lxTE5KLV9fanlGREtPRnNTZFlHZ0xJUUxNUUluanV1NkUtd3RSYllEY3lnM2tLb1Bja3FTQ0FUTmh6Vll4WmZ4NlQ2bW44Rmo1Njc4amVYOTNYSWM0TjBUblNJT1pYcEd6VHY4Y0owWjE2bjhaUDFBaVZpaC00TQ?oc=5,Kweichow Moutai,Why Moutai is Investing in Semiconductors - ChinaTalk | Jordan Schneider. Why Moutai is Investing in Semiconductors ChinaTalk | Jordan Schneider,neutral,0.05007156,en,bootstrap,mixed_real_news_v6
2024-09-13,2024-09-13T07:00:00+00:00,600519.SH,"""600519"" - Google 新闻",9月14号贵州茅台600519 - 雪球,"<a href=""https://news.google.com/rss/articles/CBMiUEFVX3lxTFBSRkVOUW04akJXeE0yRG1XRGFteWZLUjg1WjA3cENTWG9oUXotUklzMUEzUGZxV2hWLW1nQ0p3TkcyQmF0WmdObklkTndUbUZ2?oc=5"" target=""_blank"">9月14号贵州茅台600519</a>&nbsp;&nbsp;<font color=""#6f6f6f"">雪球</font>",https://news.google.com/rss/articles/CBMiUEFVX3lxTFBSRkVOUW04akJXeE0yRG1XRGFteWZLUjg1WjA3cENTWG9oUXotUklzMUEzUGZxV2hWLW1nQ0p3TkcyQmF0WmdObklkTndUbUZ2?oc=5,600519,9月14号贵州茅台600519 - 雪球. 9月14号贵州茅台600519 雪球,neutral,-0.014489371,zh,bootstrap,mixed_real_news_v6
2024-09-17,2024-09-17T07:00:00+00:00,600519.SH,"""贵州茅台"" - Google News",Overcapacity; National security; Japan and chip controls; Moutai; Big food concept - Sinocism | Bill Bishop,"<a href=""https://news.google.com/rss/articles/CBMia0FVX3lxTFBGdHZKQ0xicENwMENKZHBzTjRVb2tlMXp5WmtVTzF1MDExa2tBYjNOamV3YkF4aDRNckRGYTNjeTBSbGltRVpSYnNlYld5Wm9mR1REV29VZ25xQ3FZWU5ud1czSjhHSDVVZm1N?oc=5"" target=""_blank"">Overcapacity; National security; Japan and chip controls; Moutai; Big food concept</a>&nbsp;&nbsp;<font color=""#6f6f6f"">Sinocism | Bill Bishop</font>",https://news.google.com/rss/articles/CBMia0FVX3lxTFBGdHZKQ0xicENwMENKZHBzTjRVb2tlMXp5WmtVTzF1MDExa2tBYjNOamV3YkF4aDRNckRGYTNjeTBSbGltRVpSYnNlYld5Wm9mR1REV29VZ25xQ3FZWU5ud1czSjhHSDVVZm1N?oc=5,贵州茅台,Overcapacity; National security; Japan and chip controls; Moutai; Big food concept - Sinocism | Bill Bishop. Overcapacity; National security; Japan and chip controls; Moutai; Big food concept Sinocism | Bill Bishop,neutral,0.048198618,en,bootstrap,mixed_real_news_v6
2024-12-04,2024-12-04T08:00:00+00:00,600519.SH,"""600519"" - Google 新闻",贵州茅台：2024年至2026年常规分红比例提至75% - banyuetan.org,"<a href=""https://news.google.com/rss/articles/CBMikAFBVV95cUxPdHpOZ2RucEp2T2ZOLVpuVHBPaFd3d2hRb3FuYzhXLUh2bGZwbFp4X0pfOUZvLUFPNWRUYlpLekRfV1VpQ3JsdkNWSmRsdUFvMFRPYUpERGpYMW4yaUFjNU41OXpOQ3ZVM1l1WDk3QmM3dmpreG9Td1dMVGM4bklJREgtby1PcjlFRXBBYmxzMUI?oc=5"" target=""_blank"">贵州茅台：2024年至2026年常规分红比例提至75%</a>&nbsp;&nbsp;<font color=""#6f6f6f"">banyuetan.org</font>",https://news.google.com/rss/articles/CBMikAFBVV95cUxPdHpOZ2RucEp2T2ZOLVpuVHBPaFd3d2hRb3FuYzhXLUh2bGZwbFp4X0pfOUZvLUFPNWRUYlpLekRfV1VpQ3JsdkNWSmRsdUFvMFRPYUpERGpYMW4yaUFjNU41OXpOQ3ZVM1l1WDk3QmM3dmpreG9Td1dMVGM4bklJREgtby1PcjlFRXBBYmxzMUI?oc=5,600519,贵州茅台：2024年至2026年常规分红比例提至75% - banyuetan.org. 贵州茅台：2024年至2026年常规分红比例提至75% banyuetan.org,neutral,0.04479514,zh,bootstrap,mixed_real_news_v6
2024-12-13,2024-12-13T08:00:00+00:00,600519.SH,"""600519"" - Google 新闻",【中期分红300亿元！#贵州茅台宣布每股派发红利23.882元#】贵州茅台通过2024年中期利润分配方案。12月13日晚间，贵州茅台酒股份有限公司（贵州茅台，600519.SH）发布2024年中期权益分派实施的公告。公告指出，本次利润分配以方案实施前的公司总股本12.56 - 新浪网,"<a href=""https://news.google.com/rss/articles/CBMiY0FVX3lxTE11SkdreThwM1JxbzJING44WnRhZXVzZzNnVjRBcUc5UXhuOG1CTTJ1Tl9TRkxtaGsyQk9xR1o5allqYklKeFJjRnozdlZRdDhCLW5KRTBkN1BYODBVdm91eWd1Zw?oc=5"" target=""_blank"">【中期分红300亿元！#贵州茅台宣布每股派发红利23.882元#】贵州茅台通过2024年中期利润分配方案。12月13日晚间，贵州茅台酒股份有限公司（贵州茅台，600519.SH）发布2024年中期权益分派实施的公告。公告指出，本次利润分配以方案实施前的公司总股本12.56</a>&nbsp;&nbsp;<font color=""#6f6f6f"">新浪网</font>",https://news.google.com/rss/articles/CBMiY0FVX3lxTE11SkdreThwM1JxbzJING44WnRhZXVzZzNnVjRBcUc5UXhuOG1CTTJ1Tl9TRkxtaGsyQk9xR1o5allqYklKeFJjRnozdlZRdDhCLW5KRTBkN1BYODBVdm91eWd1Zw?oc=5,600519,【中期分红300亿元！#贵州茅台宣布每股派发红利23.882元#】贵州茅台通过2024年中期利润分配方案。12月13日晚间，贵州茅台酒股份有限公司（贵州茅台，600519.SH）发布2024年中期权益分派实施的公告。公告指出，本次利润分配以方案实施前的公司总股本12.56 - 新浪网. 【中期分红300亿元！#贵州茅台宣布每股派发红利23.882元#】贵州茅台通过2024年中期利润分配方案。12月13日晚间，贵州茅台酒股份有限公司（贵州茅台，600519.SH）发布2024年中期权益分派实施的公告。公告指出，本次利润分配以方案实施前的公司总股本12.56 新浪网,neutral,0.055611245,zh,bootstrap,mixed_real_news_v6
2025-01-02,2025-01-02T08:00:00+00:00,600519.SH,"""Kweichow Moutai"" - Google News",Breakingviews - Moutai will raise a glass to its LVMH moment - Reuters,"<a href=""https://news.google.com/rss/articles/CBMikwFBVV95cUxQQ2ViQ09jYUxGU0JvZThxT2xSV2FQTDhIRlZjUDVPUDJMdXJPLTBGb0Y4QmhlOXExeWdvVl9RZTY3NUtZNVZ4UDhpazNLZjNtcFdwUTBNelJ5bkRabHJDZ3RRWjhMMExoZEh4MnV5ekFZQ2RRazRnajdfc0QxQnN1eWRrMEMyVEQ0MTluMmhaMVNuODA?oc=5"" target=""_blank"">Breakingviews - Moutai will raise a glass to its LVMH moment</a>&nbsp;&nbsp;<font color=""#6f6f6f"">Reuters</font>",https://news.google.com/rss/articles/CBMikwFBVV95cUxQQ2ViQ09jYUxGU0JvZThxT2xSV2FQTDhIRlZjUDVPUDJMdXJPLTBGb0Y4QmhlOXExeWdvVl9RZTY3NUtZNVZ4UDhpazNLZjNtcFdwUTBNelJ5bkRabHJDZ3RRWjhMMExoZEh4MnV5ekFZQ2RRazRnajdfc0QxQnN1eWRrMEMyVEQ0MTluMmhaMVNuODA?oc=5,Kweichow Moutai,Breakingviews - Moutai will raise a glass to its LVMH moment - Reuters. Breakingviews - Moutai will raise a glass to its LVMH moment Reuters,neutral,0.08404574,en,bootstrap,mixed_real_news_v6
2025-01-02,2025-01-02T08:00:00+00:00,600519.SH,"""Kweichow Moutai"" - Google News",Kweichow Moutai Expects to Meet Revenue Growth Target Despite China Market Woes - WSJ,"<a href=""https://news.google.com/rss/articles/CBMixAFBVV95cUxOQ3FpVDdPZ01qTXducE83Tkp6T3dINTNzSFVtUTZHSzBvdzdZRElPSzlwNXZDYXEzYzA2NXlVaHowOFZKWlk5SEdKc2VlVEp5VjF6Mi14Sm9fYVNVdXBkQ1MyN1JtOGxuck5ycXRTX184M1hRRGNndHhPLVhzcTA0VzE3bDhXRWxDMzc0SW5MdnBDM05haGdLem9WLVlDM0F3T2JQX3lMN05oSDRnYTh2dUppaTdCdklfdEJtZVVNaV96clZU?oc=5"" target=""_blank"">Kweichow Moutai Expects to Meet Revenue Growth Target Despite China Market Woes</a>&nbsp;&nbsp;<font color=""#6f6f6f"">WSJ</font>",https://news.google.com/rss/articles/CBMixAFBVV95cUxOQ3FpVDdPZ01qTXducE83Tkp6T3dINTNzSFVtUTZHSzBvdzdZRElPSzlwNXZDYXEzYzA2NXlVaHowOFZKWlk5SEdKc2VlVEp5VjF6Mi14Sm9fYVNVdXBkQ1MyN1JtOGxuck5ycXRTX184M1hRRGNndHhPLVhzcTA0VzE3bDhXRWxDMzc0SW5MdnBDM05haGdLem9WLVlDM0F3T2JQX3lMN05oSDRnYTh2dUppaTdCdklfdEJtZVVNaV96clZU?oc=5,Kweichow Moutai,Kweichow Moutai Expects to Meet Revenue Growth Target Despite China Market Woes - WSJ. Kweichow Moutai Expects to Meet Revenue Growth Target Despite China Market Woes WSJ,positive,0.922962,en,bootstrap,mixed_real_news_v6
2025-01-02,2025-01-02T08:00:00+00:00,600519.SH,"""600519"" - Google 新闻",贵州茅台(600519.SH)：2024年度生产茅台酒基酒约5.63万吨，系列酒基酒约4.81万吨_公司新闻 - 证券之星,"<a href=""https://news.google.com/rss/articles/CBMiYkFVX3lxTE9ROHVldmVfSzduWGwtQ1FSekdpNWx5TUFzTG9FYWRQYzR6THNMMTVQZWc5X3JualBrNEQwaU1GZkE0YWNBdTdsTUpBaXY2a1E5RTE0b2llaW9mUXRfZE42VWFB?oc=5"" target=""_blank"">贵州茅台(600519.SH)：2024年度生产茅台酒基酒约5.63万吨，系列酒基酒约4.81万吨_公司新闻</a>&nbsp;&nbsp;<font color=""#6f6f6f"">证券之星</font>",https://news.google.com/rss/articles/CBMiYkFVX3lxTE9ROHVldmVfSzduWGwtQ1FSekdpNWx5TUFzTG9FYWRQYzR6THNMMTVQZWc5X3JualBrNEQwaU1GZkE0YWNBdTdsTUpBaXY2a1E5RTE0b2llaW9mUXRfZE42VWFB?oc=5,600519,贵州茅台(600519.SH)：2024年度生产茅台酒基酒约5.63万吨，系列酒基酒约4.81万吨_公司新闻 - 证券之星. 贵州茅台(600519.SH)：2024年度生产茅台酒基酒约5.63万吨，系列酒基酒约4.81万吨_公司新闻 证券之星,neutral,0.022226155,zh,bootstrap,mixed_real_news_v6
2025-01-14,2025-01-14T08:00:00+00:00,600519.SH,"""600519"" - Google News",BRIEF: Moutai shelves ice cream as hype fades - thebambooworks.com,"<a href=""https://news.google.com/rss/articles/CBMidEFVX3lxTE8wZEZFNGxWUk50WW9lUVhKb3I0SnlBb1lSeUFmVHlKbUYxYzNXMzZScHp6UkV6bG1FNW04TVlyWFBFbFFnanIxNmN4VGw0WU1oLXZDN3pFTlB3ampRMm1xdU5uSElHeDNHVjk5Y1Q5QnEtVFNh?oc=5"" target=""_blank"">BRIEF: Moutai shelves ice cream as hype fades</a>&nbsp;&nbsp;<font color=""#6f6f6f"">thebambooworks.com</font>",https://news.google.com/rss/articles/CBMidEFVX3lxTE8wZEZFNGxWUk50WW9lUVhKb3I0SnlBb1lSeUFmVHlKbUYxYzNXMzZScHp6UkV6bG1FNW04TVlyWFBFbFFnanIxNmN4VGw0WU1oLXZDN3pFTlB3ampRMm1xdU5uSElHeDNHVjk5Y1Q5QnEtVFNh?oc=5,600519,BRIEF: Moutai shelves ice cream as hype fades - thebambooworks.com. BRIEF: Moutai shelves ice cream as hype fades thebambooworks.com,neutral,-0.02486866,en,bootstrap,mixed_real_news_v6
2025-01-24,2025-01-24T08:00:00+00:00,600519.SH,"""Kweichow Moutai"" - Google News",Kweichow Moutai Presents Chinese Enterprise’s ESG Insights at 2025 WEF - Business Wire,"<a href=""https://news.google.com/rss/articles/CBMixAFBVV95cUxQWlo4NXVicnNtYVNKSXZEZ1pOYXM1dkpQTlhJblZvc1czclBiUG5qeDRUWXJtWjc3LXoyUkVuUDFGSV83SjhvUFQ4Q0pkeHJRc2tSVk1XTFp1WmlpRmM0NTBxQ2gyNU1rNlY0T2tyblBPZUxQa0c2bDFrVlJPSmUteE5fMmJod0hyTVVNSlQ3Rmc3RjRnblFIeEhYbFRTQW5RSFk3Y3dvRENiU1VrNEVCc2ZHY2tEZEJHcnpKSTFTNHpIdE0t?oc=5"" target=""_blank"">Kweichow Moutai Presents Chinese Enterprise’s ESG Insights at 2025 WEF</a>&nbsp;&nbsp;<font color=""#6f6f6f"">Business Wire</font>",https://news.google.com/rss/articles/CBMixAFBVV95cUxQWlo4NXVicnNtYVNKSXZEZ1pOYXM1dkpQTlhJblZvc1czclBiUG5qeDRUWXJtWjc3LXoyUkVuUDFGSV83SjhvUFQ4Q0pkeHJRc2tSVk1XTFp1WmlpRmM0NTBxQ2gyNU1rNlY0T2tyblBPZUxQa0c2bDFrVlJPSmUteE5fMmJod0hyTVVNSlQ3Rmc3RjRnblFIeEhYbFRTQW5RSFk3Y3dvRENiU1VrNEVCc2ZHY2tEZEJHcnpKSTFTNHpIdE0t?oc=5,Kweichow Moutai,Kweichow Moutai Presents Chinese Enterprise’s ESG Insights at 2025 WEF - Business Wire. Kweichow Moutai Presents Chinese Enterprise’s ESG Insights at 2025 WEF Business Wire,neutral,0.023319153,en,bootstrap,mixed_real_news_v6
2025-04-02,2025-04-02T07:00:00+00:00,600519.SH,"""贵州茅台"" - Google News","In 2024, Moutai's total revenue is 170.9 billion, with a net income increase of 15.4% year-on-year, and the dividend amount has reached a new high | Earnings Reports insights. - Moomoo","<a href=""https://news.google.com/rss/articles/CBMikwFBVV95cUxOS3kyNHg0a0xvSjhXUTR2YmFDZzFBUGk2UlZuUlQtRERkQllZaFZldUJXYU9DUzdrbkxyVEJmZXcxVzZISFl0Tm5JdVExQTNKYlhXbkoyS203T2RkZ0VTYmlTTWpZSi1KZjlZWnlYSlNnRDNHMnY5M0VFZ3FIbE14Y1JXeXdBUnlfTnE3UFpMb1N3TGM?oc=5"" target=""_blank"">In 2024, Moutai's total revenue is 170.9 billion, with a net income increase of 15.4% year-on-year, and the dividend amount has reached a new high | Earnings Reports insights.</a>&nbsp;&nbsp;<font color=""#6f6f6f"">Moomoo</font>",https://news.google.com/rss/articles/CBMikwFBVV95cUxOS3kyNHg0a0xvSjhXUTR2YmFDZzFBUGk2UlZuUlQtRERkQllZaFZldUJXYU9DUzdrbkxyVEJmZXcxVzZISFl0Tm5JdVExQTNKYlhXbkoyS203T2RkZ0VTYmlTTWpZSi1KZjlZWnlYSlNnRDNHMnY5M0VFZ3FIbE14Y1JXeXdBUnlfTnE3UFpMb1N3TGM?oc=5,贵州茅台,"In 2024, Moutai's total revenue is 170.9 billion, with a net income increase of 15.4% year-on-year, and the dividend amount has reached a new high | Earnings Reports insights. - Moomoo. In 2024, Moutai's total revenue is 170.9 billion, with a net income increase of 15.4% year-on-year, and the dividend amount has reached a new high | Earnings Reports insights. Moomoo",positive,0.7940765,en,bootstrap,mixed_real_news_v6
2025-04-22,2025-04-22T09:29:20+00:00,600519.SH,"""Kweichow Moutai"" - Google 新闻",贵州茅台股价上涨趋势更明显，技术面好于可口可乐 - FOREX.com,"<a href=""https://news.google.com/rss/articles/CBMiiwFBVV95cUxPTVNhckE2cThEQWNvYndELXRDT1prOXVOUnlEeVBoemtCLXJMZzBmb3FLOWpmUGFtN0hGZkFGOWlCT0M3QkhaY0FkRGl3SVpHbVQtQXVmQzdkVFVkZnZJSG4ybzRScGJTZzNzNDNXZGozNVVST2RRWDFHZVM1VFI5WDM2Sk0tZU9ma1U00gGXAUFVX3lxTE1mQ09uSlNrQnp3Z1VwdGt4UU16MWlHcjZtbm5PMUQ3STN0a1JYekFJc2EwTDBvZkFiWHU1aWtaWTlFSlZhZ1ZQZERmeGFJWGRTOEFub3V3YTZRYld6emI5UDllNFVLVnBhQ1BrdWQ4S3V1bi05Nm9ORWEtUHZTdnludGZhV2NaY0M4b2g5cGgtSThsX0kyR2M?oc=5"" target=""_blank"">贵州茅台股价上涨趋势更明显，技术面好于可口可乐</a>&nbsp;&nbsp;<font color=""#6f6f6f"">FOREX.com</font>",https://news.google.com/rss/articles/CBMiiwFBVV95cUxPTVNhckE2cThEQWNvYndELXRDT1prOXVOUnlEeVBoemtCLXJMZzBmb3FLOWpmUGFtN0hGZkFGOWlCT0M3QkhaY0FkRGl3SVpHbVQtQXVmQzdkVFVkZnZJSG4ybzRScGJTZzNzNDNXZGozNVVST2RRWDFHZVM1VFI5WDM2Sk0tZU9ma1U00gGXAUFVX3lxTE1mQ09uSlNrQnp3Z1VwdGt4UU16MWlHcjZtbm5PMUQ3STN0a1JYekFJc2EwTDBvZkFiWHU1aWtaWTlFSlZhZ1ZQZERmeGFJWGRTOEFub3V3YTZRYld6emI5UDllNFVLVnBhQ1BrdWQ4S3V1bi05Nm9ORWEtUHZTdnludGZhV2NaY0M4b2g5cGgtSThsX0kyR2M?oc=5,Kweichow Moutai,贵州茅台股价上涨趋势更明显，技术面好于可口可乐 - FOREX.com. 贵州茅台股价上涨趋势更明显，技术面好于可口可乐 FOREX.com,neutral,0.015383262,zh,bootstrap,mixed_real_news_v6
2025-05-08,2025-05-08T07:00:00+00:00,600519.SH,"""600519"" - Google 新闻",贵州茅台（600519）公司将于2025年05月19日召开2024年度股东大会。$贵州茅台(SH600519)$ - 雪球,"<a href=""https://news.google.com/rss/articles/CBMiUEFVX3lxTE9nclNTYlgyTmxRX18tU2lpdGE4azJkaDBQQkppdzFkTS1wOTNRRE40cXRobmEzeWk3SDFWdGhNNm80dXNDbVdOLVN5RE1pY0Jr?oc=5"" target=""_blank"">贵州茅台（600519）公司将于2025年05月19日召开2024年度股东大会。$贵州茅台(SH600519)$</a>&nbsp;&nbsp;<font color=""#6f6f6f"">雪球</font>",https://news.google.com/rss/articles/CBMiUEFVX3lxTE9nclNTYlgyTmxRX18tU2lpdGE4azJkaDBQQkppdzFkTS1wOTNRRE40cXRobmEzeWk3SDFWdGhNNm80dXNDbVdOLVN5RE1pY0Jr?oc=5,600519,贵州茅台（600519）公司将于2025年05月19日召开2024年度股东大会。$贵州茅台(SH600519)$ - 雪球. 贵州茅台（600519）公司将于2025年05月19日召开2024年度股东大会。$贵州茅台(SH600519)$ 雪球,neutral,0.02871179,zh,bootstrap,mixed_real_news_v6
2025-05-14,2025-05-14T07:00:00+00:00,600519.SH,"""Kweichow Moutai"" - Google News",Moutai Price Falls to Four-Year Low as Business Gifting Declines - Vino Joy News,"<a href=""https://news.google.com/rss/articles/CBMingFBVV95cUxQNm8yMzNuRmkyOGF6WjlfSTQ3YzJ5WUxFY2NXbER2eEE0NlRzeGtITGw4MDY3SGlXanNVdjhSRnU3eUdzX1hmTU50dEdaVlVUbXlQU08zdTRNTGhxZGMtYVZlWl91SVhSQ19ULUdLbzR5Y2h6RHhEY05aU2tobVdTMXVoamE2dlc5THNpSE9GcHFPbWwxYWdIQWJ0ejlsdw?oc=5"" target=""_blank"">Moutai Price Falls to Four-Year Low as Business Gifting Declines</a>&nbsp;&nbsp;<font color=""#6f6f6f"">Vino Joy News</font>",https://news.google.com/rss/articles/CBMingFBVV95cUxQNm8yMzNuRmkyOGF6WjlfSTQ3YzJ5WUxFY2NXbER2eEE0NlRzeGtITGw4MDY3SGlXanNVdjhSRnU3eUdzX1hmTU50dEdaVlVUbXlQU08zdTRNTGhxZGMtYVZlWl91SVhSQ19ULUdLbzR5Y2h6RHhEY05aU2tobVdTMXVoamE2dlc5THNpSE9GcHFPbWwxYWdIQWJ0ejlsdw?oc=5,Kweichow Moutai,Moutai Price Falls to Four-Year Low as Business Gifting Declines - Vino Joy News. Moutai Price Falls to Four-Year Low as Business Gifting Declines Vino Joy News,negative,-0.9593989,en,bootstrap,mixed_real_news_v6
2025-06-26,2025-06-26T07:00:00+00:00,600519.SH,"""Kweichow Moutai"" - Google News",Price of Moutai Liquor Slides Below Critical Threshold - Caixin Global,"<a href=""https://news.google.com/rss/articles/CBMirgFBVV95cUxORHVTZGptZ2VVQXJZTGhhSVVuV1UtcFlYRnlVb2s2MTRKX3VOLWl6RC1JTjR2ODZJa1E0R2hydHZtOTE3WTc2U0UzOTl3RHhGT1Q2Q0NuUm5ZUjhTSERkaXdDSDNCQXVnR3hheHpadnphdzlXdVhWakRuckcxeXVkekxmdmpBYVgxdk1MeExUUjJBYjZNRnN2cnpIUDF4YlR2VTJnM1RyMTVXSVctWGc?oc=5"" target=""_blank"">Price of Moutai Liquor Slides Below Critical Threshold</a>&nbsp;&nbsp;<font color=""#6f6f6f"">Caixin Global</font>",https://news.google.com/rss/articles/CBMirgFBVV95cUxORHVTZGptZ2VVQXJZTGhhSVVuV1UtcFlYRnlVb2s2MTRKX3VOLWl6RC1JTjR2ODZJa1E0R2hydHZtOTE3WTc2U0UzOTl3RHhGT1Q2Q0NuUm5ZUjhTSERkaXdDSDNCQXVnR3hheHpadnphdzlXdVhWakRuckcxeXVkekxmdmpBYVgxdk1MeExUUjJBYjZNRnN2cnpIUDF4YlR2VTJnM1RyMTVXSVctWGc?oc=5,Kweichow Moutai,Price of Moutai Liquor Slides Below Critical Threshold - Caixin Global. Price of Moutai Liquor Slides Below Critical Threshold Caixin Global,neutral,-0.20274137,en,bootstrap,mixed_real_news_v6
2025-07-18,2025-07-18T14:58:31+00:00,600519.SH,"""Kweichow Moutai"" - Google News",The spirit of harmony: How Daoist philosophy shapes every drop of Moutai - Financial Times,"<a href=""https://news.google.com/rss/articles/CBMiuAFBVV95cUxONkd1VndlLXdwSjR4M2J1bDRYdXFIelNta3ZJQ1ExUDVseU4wSGRsanNfQU0tSm0xTmMtMmlYeng2Ml9OdmhqS3ZEbW4yMTBvMUxHUjl2WU5zV3Q3MFBSVndrSGg1T2hyeFA5VGVXTVJzcjJlb1YtLXpOeElKWWZYSVZLNlFyRVlXSjJDcHF3bG5ZTlUyR3Nla2RzMkpKY1FTcm1xTVNzSXUwUlJQUFJyNGRwZnVVdndi?oc=5"" target=""_blank"">The spirit of harmony: How Daoist philosophy shapes every drop of Moutai</a>&nbsp;&nbsp;<font color=""#6f6f6f"">Financial Times</font>",https://news.google.com/rss/articles/CBMiuAFBVV95cUxONkd1VndlLXdwSjR4M2J1bDRYdXFIelNta3ZJQ1ExUDVseU4wSGRsanNfQU0tSm0xTmMtMmlYeng2Ml9OdmhqS3ZEbW4yMTBvMUxHUjl2WU5zV3Q3MFBSVndrSGg1T2hyeFA5VGVXTVJzcjJlb1YtLXpOeElKWWZYSVZLNlFyRVlXSjJDcHF3bG5ZTlUyR3Nla2RzMkpKY1FTcm1xTVNzSXUwUlJQUFJyNGRwZnVVdndi?oc=5,Kweichow Moutai,The spirit of harmony: How Daoist philosophy shapes every drop of Moutai - Financial Times. The spirit of harmony: How Daoist philosophy shapes every drop of Moutai Financial Times,neutral,0.020265702,en,bootstrap,mixed_real_news_v6
2025-08-01,2025-08-01T07:00:00+00:00,600519.SH,"""Kweichow Moutai"" - Google News",Chinese alcohol brands reach record global value as Moutai leads spirits market - Vinetur,"<a href=""https://news.google.com/rss/articles/CBMiwwFBVV95cUxQeVRJR3dtdmlDd3NuR3BqVXdxcTNjc3ZkSGRWQ042bEdObzloOUNvX0FZcTI4V091MnV6TF9tV3gwV2ljTUhWMUt2V3dfeHM5VlBhU3c4MVhPZGRaWnZ3V1g1QmFsX1hyRHpMYTNGcjVQTWRyblpNdjNfc015REp1VVlVanFhQzVfSnkyMFpkb1BZd1hnNWV4QUl1YktDU2EzekRQZUhhc2FFMGRkTDBYMWpkTWpGRWFrUlRraXFZaFlxajjSAcgBQVVfeXFMTUZSSDZKZE12eDhqNjFrMzU4MUJaOGs4RTYtdG81RlRCaUR0Rk5UZ25RaGNRTktGSVVseUVEdG91dzZNWTVZME1GeVl0dnZJeWFpSFVJb3l5cEcwVjlXV3U1bUJ6dGhTMG13MDc0ZnVqNmpZcmNUVWh1RGEzQUM1NGgyX19VdWpsS3liOWVoTFZJRi1VLUtsNWI0c2doYUM4Und4YnczMWRzM3lkREpXTXR5OWxZVTd0UVI0Nk5ENmI3VHpaTW5VLTE?oc=5"" target=""_blank"">Chinese alcohol brands reach record global value as Moutai leads spirits market</a>&nbsp;&nbsp;<font color=""#6f6f6f"">Vinetur</font>",https://news.google.com/rss/articles/CBMiwwFBVV95cUxQeVRJR3dtdmlDd3NuR3BqVXdxcTNjc3ZkSGRWQ042bEdObzloOUNvX0FZcTI4V091MnV6TF9tV3gwV2ljTUhWMUt2V3dfeHM5VlBhU3c4MVhPZGRaWnZ3V1g1QmFsX1hyRHpMYTNGcjVQTWRyblpNdjNfc015REp1VVlVanFhQzVfSnkyMFpkb1BZd1hnNWV4QUl1YktDU2EzekRQZUhhc2FFMGRkTDBYMWpkTWpGRWFrUlRraXFZaFlxajjSAcgBQVVfeXFMTUZSSDZKZE12eDhqNjFrMzU4MUJaOGs4RTYtdG81RlRCaUR0Rk5UZ25RaGNRTktGSVVseUVEdG91dzZNWTVZME1GeVl0dnZJeWFpSFVJb3l5cEcwVjlXV3U1bUJ6dGhTMG13MDc0ZnVqNmpZcmNUVWh1RGEzQUM1NGgyX19VdWpsS3liOWVoTFZJRi1VLUtsNWI0c2doYUM4Und4YnczMWRzM3lkREpXTXR5OWxZVTd0UVI0Nk5ENmI3VHpaTW5VLTE?oc=5,Kweichow Moutai,Chinese alcohol brands reach record global value as Moutai leads spirits market - Vinetur. Chinese alcohol brands reach record global value as Moutai leads spirits market Vinetur,positive,0.76230294,en,bootstrap,mixed_real_news_v6
2025-08-08,2025-08-08T07:00:00+00:00,600519.SH,"""Kweichow Moutai"" - Google News",Moutai: from Red Sorghum Field to a Revitalized and Sustainable Future - Caixin Global,"<a href=""https://news.google.com/rss/articles/CBMiwgFBVV95cUxQWHZlSHRleUcta043OVNtb0hSUlVjZy1wQ0UtWmtDdjU0TmF3S1pSdUZUb0liNERFd094SExyNndvVHVHWlVPUG1UWlhWS2ZrM0hjeDdXbTVzUElxYWFCZ0pnSktqRXhEaGVFb1d2X3luTWpkY2w1ajdhOGJLc2tDMFNtSkZYUTdDZXdmUW9laXRSUm04WU5YYjRWWklHa29WdEZ2dnpOMUV4NTVaSFlEMWhtQXF5NzVWSl9XVTNhOVJkUQ?oc=5"" target=""_blank"">Moutai: from Red Sorghum Field to a Revitalized and Sustainable Future</a>&nbsp;&nbsp;<font color=""#6f6f6f"">Caixin Global</font>",https://news.google.com/rss/articles/CBMiwgFBVV95cUxQWHZlSHRleUcta043OVNtb0hSUlVjZy1wQ0UtWmtDdjU0TmF3S1pSdUZUb0liNERFd094SExyNndvVHVHWlVPUG1UWlhWS2ZrM0hjeDdXbTVzUElxYWFCZ0pnSktqRXhEaGVFb1d2X3luTWpkY2w1ajdhOGJLc2tDMFNtSkZYUTdDZXdmUW9laXRSUm04WU5YYjRWWklHa29WdEZ2dnpOMUV4NTVaSFlEMWhtQXF5NzVWSl9XVTNhOVJkUQ?oc=5,Kweichow Moutai,Moutai: from Red Sorghum Field to a Revitalized and Sustainable Future - Caixin Global. Moutai: from Red Sorghum Field to a Revitalized and Sustainable Future Caixin Global,positive,0.77040315,en,bootstrap,mixed_real_news_v6
2025-08-08,2025-08-08T07:00:00+00:00,600519.SH,"""Kweichow Moutai"" - Google News",Here’s Why Cat Bite Club’s Moutai Cocktails Aren’t Kitten Around! - DANAMIC,"<a href=""https://news.google.com/rss/articles/CBMimAFBVV95cUxPNnhDazFVX2VCQ3dLUW5JSUZBX3JVRDlKRFRTajh6U2VNRWtYUmdkTFdaWkdxVDFaWmY4VUJvXzN2eGEtbnota1RzV3pYR0xXcjhUN3N5OGlQazZEdk9mMmJoWk1jYW1CUkNUVFFLVjF2dU5PSTVZcTBsWmc3Q3MzdTJ1d3RjLVdCaGxxWm1ucVYyM1lvY1FTUQ?oc=5"" target=""_blank"">Here’s Why Cat Bite Club’s Moutai Cocktails Aren’t Kitten Around!</a>&nbsp;&nbsp;<font color=""#6f6f6f"">DANAMIC</font>",https://news.google.com/rss/articles/CBMimAFBVV95cUxPNnhDazFVX2VCQ3dLUW5JSUZBX3JVRDlKRFRTajh6U2VNRWtYUmdkTFdaWkdxVDFaWmY4VUJvXzN2eGEtbnota1RzV3pYR0xXcjhUN3N5OGlQazZEdk9mMmJoWk1jYW1CUkNUVFFLVjF2dU5PSTVZcTBsWmc3Q3MzdTJ1d3RjLVdCaGxxWm1ucVYyM1lvY1FTUQ?oc=5,Kweichow Moutai,Here’s Why Cat Bite Club’s Moutai Cocktails Aren’t Kitten Around! - DANAMIC. Here’s Why Cat Bite Club’s Moutai Cocktails Aren’t Kitten Around! DANAMIC,neutral,-0.028676305,en,bootstrap,mixed_real_news_v6
2025-08-12,2025-08-12T07:00:00+00:00,600519.SH,"""Kweichow Moutai"" - Google News",Moutai Posts Worst Growth in Years as Chinese Cut Back on Liquor - Bloomberg,"<a href=""https://news.google.com/rss/articles/CBMitgFBVV95cUxOQ0Faa3A4Q2tYNTMxdG5GamRiMkJmb1FiVEIyZFJzV3VzUGZvM0IxVWlxLUQyVWdwQ3Y5ZW1hdHVKWEtMR2c4NDBQV3AwNTJWSXZuTTJkYVgtYkdCNFFiZWx6eHJZR1JWdVZ5T3lfMy1WQmJFMUhVeFhqaWNoc1lieldTSTFpMUdhd3c4VnYwMWdqRklpZjNUT3p5dTNxRDVuWVpsZEZ6QTBaYmxuQkxOS3phTVlfUQ?oc=5"" target=""_blank"">Moutai Posts Worst Growth in Years as Chinese Cut Back on Liquor</a>&nbsp;&nbsp;<font color=""#6f6f6f"">Bloomberg</font>",https://news.google.com/rss/articles/CBMitgFBVV95cUxOQ0Faa3A4Q2tYNTMxdG5GamRiMkJmb1FiVEIyZFJzV3VzUGZvM0IxVWlxLUQyVWdwQ3Y5ZW1hdHVKWEtMR2c4NDBQV3AwNTJWSXZuTTJkYVgtYkdCNFFiZWx6eHJZR1JWdVZ5T3lfMy1WQmJFMUhVeFhqaWNoc1lieldTSTFpMUdhd3c4VnYwMWdqRklpZjNUT3p5dTNxRDVuWVpsZEZ6QTBaYmxuQkxOS3phTVlfUQ?oc=5,Kweichow Moutai,Moutai Posts Worst Growth in Years as Chinese Cut Back on Liquor - Bloomberg. Moutai Posts Worst Growth in Years as Chinese Cut Back on Liquor Bloomberg,negative,-0.9602533,en,bootstrap,mixed_real_news_v6
2025-08-13,2025-08-13T09:09:00+00:00,600519.SH,Kweichow Moutai - Bing新聞,"MT Instashopping, Kweichow Moutai Maotai-Flavor Liquor Launch In-depth Co-op w/ 1K+ Stores Available in 1st Batch","KWEICHOW MOUTAI (600519.SH)'s Kweichow Moutai Maotai-Flavor Liquor Marketing Co., Ltd. (literal translation of ""貴州茅台醬香酒營銷有限公司"") announced the launch of in-depth partnership with MT Instashopping. The ...",http://www.bing.com/news/apiclick.aspx?ref=FexRss&aid=&tid=69fb16c4161b414c91e7ba69502d545a&url=https%3a%2f%2fwww.aastocks.com%2fen%2fmobile%2fnews.aspx%3fnewsid%3dNOW.1460703%26newssource%3dAAFN&c=15971368388650839175&mkt=zh-tw,Kweichow Moutai,"MT Instashopping, Kweichow Moutai Maotai-Flavor Liquor Launch In-depth Co-op w/ 1K+ Stores Available in 1st Batch. KWEICHOW MOUTAI (600519.SH)'s Kweichow Moutai Maotai-Flavor Liquor Marketing Co., Ltd. (literal translation of ""貴州茅台醬香酒營銷有限公司"") announced the launch of in-depth partnership with MT Instashopping. The ...",neutral,0.15512669,en,bootstrap,mixed_real_news_v6
2025-08-14,2025-08-14T07:00:00+00:00,600519.SH,"""贵州茅台"" - Google 新闻",上半年实现净利润454亿元 贵州茅台仍是基金“心头好” - 新华网,"<a href=""https://news.google.com/rss/articles/CBMigAFBVV95cUxPWXVmRFFnN09QSFRmQzRadTFmMU1obENGVldLcXZ0ZHdkbG1qYkw1dmdfR1dwREpUY3JKODhTbWg5WHRGSkNsdi1jYmlOTmF2U3ZfNzh0dnFtNkZDQkxTc3NwNkhwWnE3SnR6WjdtWXFibGZlekp2bWR1VGtQVkd2Yw?oc=5"" target=""_blank"">上半年实现净利润454亿元 贵州茅台仍是基金“心头好”</a>&nbsp;&nbsp;<font color=""#6f6f6f"">新华网</font>",https://news.google.com/rss/articles/CBMigAFBVV95cUxPWXVmRFFnN09QSFRmQzRadTFmMU1obENGVldLcXZ0ZHdkbG1qYkw1dmdfR1dwREpUY3JKODhTbWg5WHRGSkNsdi1jYmlOTmF2U3ZfNzh0dnFtNkZDQkxTc3NwNkhwWnE3SnR6WjdtWXFibGZlekp2bWR1VGtQVkd2Yw?oc=5,贵州茅台,上半年实现净利润454亿元 贵州茅台仍是基金“心头好” - 新华网. 上半年实现净利润454亿元 贵州茅台仍是基金“心头好” 新华网,neutral,0.08585918,zh,bootstrap,mixed_real_news_v6
2025-08-15,2025-08-15T07:00:00+00:00,600519.SH,"""Kweichow Moutai"" - Google News",China’s Moutai Reports Slowest Profit Growth Since 2015 - Vino Joy News,"<a href=""https://news.google.com/rss/articles/CBMikAFBVV95cUxONG5WMnlzX04tcVJ4aHYwMU8wd0g5eGY5OTFZYVNLYjNyMWdOU2hRVjQ0bEFXUDFZdkxHZXlqOWdWQjNmdXpTQ3FpZEdQZ092dmtHOFVTaHlWYW1iOXJ1S0V0VkpQTWMwSDZDcVRXT0NsX2FaWTd4ZDRhMFc3RnJhMW04dnV0NGZweVdEWlFNdEc?oc=5"" target=""_blank"">China’s Moutai Reports Slowest Profit Growth Since 2015</a>&nbsp;&nbsp;<font color=""#6f6f6f"">Vino Joy News</font>",https://news.google.com/rss/articles/CBMikAFBVV95cUxONG5WMnlzX04tcVJ4aHYwMU8wd0g5eGY5OTFZYVNLYjNyMWdOU2hRVjQ0bEFXUDFZdkxHZXlqOWdWQjNmdXpTQ3FpZEdQZ092dmtHOFVTaHlWYW1iOXJ1S0V0VkpQTWMwSDZDcVRXT0NsX2FaWTd4ZDRhMFc3RnJhMW04dnV0NGZweVdEWlFNdEc?oc=5,Kweichow Moutai,China’s Moutai Reports Slowest Profit Growth Since 2015 - Vino Joy News. China’s Moutai Reports Slowest Profit Growth Since 2015 Vino Joy News,negative,-0.9243404,en,bootstrap,mixed_real_news_v6
2025-08-18,2025-08-18T07:00:00+00:00,600519.SH,"""Kweichow Moutai"" - Google News",Kweichow Moutai posts slowest profit growth since 2015 - The Drinks Business,"<a href=""https://news.google.com/rss/articles/CBMingFBVV95cUxOS3V3VzFTbFI3Tk9jR1FBeW9JRXRyWGx4OEpCT1lFQkFsLURJSDJBS1RyaVVOZXFqYldvaVRuNGFhWWpjRW5Ba00wVnlIZFBzUHNGUjNaSWZpSU9EUHBnN0drV3NwdkQ5VnotdnJXWnZaT2NCNkltSkREcTdza0ctaWItQzVMaFdWODdiVkc3SmdwVU1paEN5bkpsZDc1dw?oc=5"" target=""_blank"">Kweichow Moutai posts slowest profit growth since 2015</a>&nbsp;&nbsp;<font color=""#6f6f6f"">The Drinks Business</font>",https://news.google.com/rss/articles/CBMingFBVV95cUxOS3V3VzFTbFI3Tk9jR1FBeW9JRXRyWGx4OEpCT1lFQkFsLURJSDJBS1RyaVVOZXFqYldvaVRuNGFhWWpjRW5Ba00wVnlIZFBzUHNGUjNaSWZpSU9EUHBnN0drV3NwdkQ5VnotdnJXWnZaT2NCNkltSkREcTdza0ctaWItQzVMaFdWODdiVkc3SmdwVU1paEN5bkpsZDc1dw?oc=5,Kweichow Moutai,Kweichow Moutai posts slowest profit growth since 2015 - The Drinks Business. Kweichow Moutai posts slowest profit growth since 2015 The Drinks Business,negative,-0.9074873,en,bootstrap,mixed_real_news_v6
2025-08-27,2025-08-27T07:00:00+00:00,600519.SH,"""Kweichow Moutai"" - Google News",Cambricon’s stock briefly replaces Kweichow Moutai as China’s most expensive onshore stock on Wed following 4000% growth in H1 revenue - Global Times,"<a href=""https://news.google.com/rss/articles/CBMiYkFVX3lxTE9INHpMY0dwV04wcWExZVBCQzdkUkp5UFphVm5FQklzQ19rZHVHd3AyXzg4a0JMWFpLTFotZnMyaHExYVhza1hKY0dsc0FKYkVMZ0lrMlFvV01OOG1uT1YyZlZR?oc=5"" target=""_blank"">Cambricon’s stock briefly replaces Kweichow Moutai as China’s most expensive onshore stock on Wed following 4000% growth in H1 revenue</a>&nbsp;&nbsp;<font color=""#6f6f6f"">Global Times</font>",https://news.google.com/rss/articles/CBMiYkFVX3lxTE9INHpMY0dwV04wcWExZVBCQzdkUkp5UFphVm5FQklzQ19rZHVHd3AyXzg4a0JMWFpLTFotZnMyaHExYVhza1hKY0dsc0FKYkVMZ0lrMlFvV01OOG1uT1YyZlZR?oc=5,Kweichow Moutai,Cambricon’s stock briefly replaces Kweichow Moutai as China’s most expensive onshore stock on Wed following 4000% growth in H1 revenue - Global Times. Cambricon’s stock briefly replaces Kweichow Moutai as China’s most expensive onshore stock on Wed following 4000% growth in H1 revenue Global Times,neutral,-0.14183219,en,bootstrap,mixed_real_news_v6
2025-09-05,2025-09-05T07:00:00+00:00,600519.SH,"""Kweichow Moutai"" - Google News","Nearly 15% Drop: The ""Moutai Curse"" Strikes the ""Cold King"" - Is It Just the Start? - eu.36kr.com","<a href=""https://news.google.com/rss/articles/CBMiU0FVX3lxTE9yTDgwN0FOd2tuN09OaWx5T1E0eUFaWTZSdlFaLWlhd0pRTkpJWUpOaElRMV93dmYzT19IUWNhWlIyWWQ4dmJTcXIwMEgzcG96UUxN?oc=5"" target=""_blank"">Nearly 15% Drop: The ""Moutai Curse"" Strikes the ""Cold King"" - Is It Just the Start?</a>&nbsp;&nbsp;<font color=""#6f6f6f"">eu.36kr.com</font>",https://news.google.com/rss/articles/CBMiU0FVX3lxTE9yTDgwN0FOd2tuN09OaWx5T1E0eUFaWTZSdlFaLWlhd0pRTkpJWUpOaElRMV93dmYzT19IUWNhWlIyWWQ4dmJTcXIwMEgzcG96UUxN?oc=5,Kweichow Moutai,"Nearly 15% Drop: The ""Moutai Curse"" Strikes the ""Cold King"" - Is It Just the Start? - eu.36kr.com. Nearly 15% Drop: The ""Moutai Curse"" Strikes the ""Cold King"" - Is It Just the Start? eu.36kr.com",negative,-0.92930865,en,bootstrap,mixed_real_news_v6
2025-09-06,2025-09-06T07:00:00+00:00,600519.SH,"""贵州茅台"" - Google News",#240: Chinese AI chip maker briefly overtakes Moutai to become China’s most valuable listed company - RealTime Mandarin,"<a href=""https://news.google.com/rss/articles/CBMid0FVX3lxTE96MHB5ZEs2SXNrMWN0c3ZwWUZ6YkUwV0l2MUNVX2ZSUlFaUF9wajZNS1BkZVNjSER2OEg1RG1aTlIwY3Z5UjlOMGNfU1dJQUdzWHFiNmhBSG5vdTg3Wk4yRjVqb3RwYUJBUEdIRTN2d19sOTZqQi0w?oc=5"" target=""_blank"">#240: Chinese AI chip maker briefly overtakes Moutai to become China’s most valuable listed company</a>&nbsp;&nbsp;<font color=""#6f6f6f"">RealTime Mandarin</font>",https://news.google.com/rss/articles/CBMid0FVX3lxTE96MHB5ZEs2SXNrMWN0c3ZwWUZ6YkUwV0l2MUNVX2ZSUlFaUF9wajZNS1BkZVNjSER2OEg1RG1aTlIwY3Z5UjlOMGNfU1dJQUdzWHFiNmhBSG5vdTg3Wk4yRjVqb3RwYUJBUEdIRTN2d19sOTZqQi0w?oc=5,贵州茅台,#240: Chinese AI chip maker briefly overtakes Moutai to become China’s most valuable listed company - RealTime Mandarin. #240: Chinese AI chip maker briefly overtakes Moutai to become China’s most valuable listed company RealTime Mandarin,positive,0.883289,en,bootstrap,mixed_real_news_v6
2025-09-21,2025-09-21T07:00:00+00:00,600519.SH,"""Kweichow Moutai"" - Google News","Moutai City, Renowned for the Best Liquor, a Must-See - Khmer Times","<a href=""https://news.google.com/rss/articles/CBMilgFBVV95cUxNdEpBVjZlVFAzVHVJM2JpRlNRV2Q3bVJSMXVsVVU0UzJNUUZVYzlmZk9KUk9YdTVBcDZqdnZDVTVZVDBuWHhxTVVCc2JrYWNRT3o3b2l2TEczV3FvNzNPZmlFZlJ5d1VIZDVlLVRqZVN1SUZEVlhtSlhsc1hvN0NBdHYtSDEwc0JEVDZzMXZsV1JPRXlGdHc?oc=5"" target=""_blank"">Moutai City, Renowned for the Best Liquor, a Must-See</a>&nbsp;&nbsp;<font color=""#6f6f6f"">Khmer Times</font>",https://news.google.com/rss/articles/CBMilgFBVV95cUxNdEpBVjZlVFAzVHVJM2JpRlNRV2Q3bVJSMXVsVVU0UzJNUUZVYzlmZk9KUk9YdTVBcDZqdnZDVTVZVDBuWHhxTVVCc2JrYWNRT3o3b2l2TEczV3FvNzNPZmlFZlJ5d1VIZDVlLVRqZVN1SUZEVlhtSlhsc1hvN0NBdHYtSDEwc0JEVDZzMXZsV1JPRXlGdHc?oc=5,Kweichow Moutai,"Moutai City, Renowned for the Best Liquor, a Must-See - Khmer Times. Moutai City, Renowned for the Best Liquor, a Must-See Khmer Times",neutral,0.3168577,en,bootstrap,mixed_real_news_v6
2025-09-22,2025-09-22T07:00:00+00:00,600519.SH,"""Kweichow Moutai"" - Google News",The ‘Moutai barometer’: Chinese economy feels sting of booze ban targeting elite - SMH.com.au,"<a href=""https://news.google.com/rss/articles/CBMixAFBVV95cUxPMFRuTXY3T3NpTHpZUTk2dEJIMUItVGYwY01TZWRMVWFxNFpabTAtQ2M2Skg1RXVxdTNIZWJkOHA5VjVodVl1ejBrWnBWVEItWU1vdFdCanJkdkNwSU1GUlhBNmUtbWlsbGVUN1NWRlhLcDdhYmRoYWEtRmdIcHBiaWxhYWdnU0ZnNUk2TTF3SXhqN1A3RFV1T2Uwd2c3dXlyNXBNd1ZqZlp0OEhaN29OVm5Ldk9zbmNxR1VLQU13dC1leGdL?oc=5"" target=""_blank"">The ‘Moutai barometer’: Chinese economy feels sting of booze ban targeting elite</a>&nbsp;&nbsp;<font color=""#6f6f6f"">SMH.com.au</font>",https://news.google.com/rss/articles/CBMixAFBVV95cUxPMFRuTXY3T3NpTHpZUTk2dEJIMUItVGYwY01TZWRMVWFxNFpabTAtQ2M2Skg1RXVxdTNIZWJkOHA5VjVodVl1ejBrWnBWVEItWU1vdFdCanJkdkNwSU1GUlhBNmUtbWlsbGVUN1NWRlhLcDdhYmRoYWEtRmdIcHBiaWxhYWdnU0ZnNUk2TTF3SXhqN1A3RFV1T2Uwd2c3dXlyNXBNd1ZqZlp0OEhaN29OVm5Ldk9zbmNxR1VLQU13dC1leGdL?oc=5,Kweichow Moutai,The ‘Moutai barometer’: Chinese economy feels sting of booze ban targeting elite - SMH.com.au. The ‘Moutai barometer’: Chinese economy feels sting of booze ban targeting elite SMH.com.au,neutral,-0.10465167,en,bootstrap,mixed_real_news_v6
2025-09-25,2025-09-25T07:00:00+00:00,600519.SH,"""Kweichow Moutai"" - Google News",CATL surpasses Kweichow Moutai to become China’s third-largest stock by market value - Seeking Alpha,"<a href=""https://news.google.com/rss/articles/CBMivgFBVV95cUxPaktGTXVvVWZzUVBWVV93cmVmanJvVGFqb1FTSmZNTF9HODdJYXdFbVJUdVBGTDhyZTBZc3ZUaXJIM05sNTNWSmVpM081QTdNcE5la0prd3Y0bTJkQ2RNb21MZFdSb1dqcFd4dTVqeGdTMVR1QmNXWlpWejg2SEhOYTFzYTg4a1FWcWRreFMta3Z2SllvQW9QUjJ0REJ4ZFZCYlUwTUVrdV9NTlN5U0JRMmpTbzVrNVpPSS1zQ0RB?oc=5"" target=""_blank"">CATL surpasses Kweichow Moutai to become China’s third-largest stock by market value</a>&nbsp;&nbsp;<font color=""#6f6f6f"">Seeking Alpha</font>",https://news.google.com/rss/articles/CBMivgFBVV95cUxPaktGTXVvVWZzUVBWVV93cmVmanJvVGFqb1FTSmZNTF9HODdJYXdFbVJUdVBGTDhyZTBZc3ZUaXJIM05sNTNWSmVpM081QTdNcE5la0prd3Y0bTJkQ2RNb21MZFdSb1dqcFd4dTVqeGdTMVR1QmNXWlpWejg2SEhOYTFzYTg4a1FWcWRreFMta3Z2SllvQW9QUjJ0REJ4ZFZCYlUwTUVrdV9NTlN5U0JRMmpTbzVrNVpPSS1zQ0RB?oc=5,Kweichow Moutai,CATL surpasses Kweichow Moutai to become China’s third-largest stock by market value - Seeking Alpha. CATL surpasses Kweichow Moutai to become China’s third-largest stock by market value Seeking Alpha,positive,0.8876529,en,bootstrap,mixed_real_news_v6
2025-09-26,2025-09-26T07:00:00+00:00,600519.SH,"""贵州茅台"" - Google 新闻",贵州茅台酒秋季十六省市场调研在青海收官 - 新华网,"<a href=""https://news.google.com/rss/articles/CBMihAFBVV95cUxQV0VaNHpQbU9JYldXNkRlYThfMlV0OUViTHo5M2J2bGV6MkdQaVRJVllnMDhlTnZwOW9hZ2RkVGQ2dEdrMFVyeFFmc2xhbUVxRFhYWFVveVd3UDdncTh6RjMxYzFKaFdmWVJsYjVFbnZMZmVlUUNDQm55VTlBaGdmX2R6akg?oc=5"" target=""_blank"">贵州茅台酒秋季十六省市场调研在青海收官</a>&nbsp;&nbsp;<font color=""#6f6f6f"">新华网</font>",https://news.google.com/rss/articles/CBMihAFBVV95cUxQV0VaNHpQbU9JYldXNkRlYThfMlV0OUViTHo5M2J2bGV6MkdQaVRJVllnMDhlTnZwOW9hZ2RkVGQ2dEdrMFVyeFFmc2xhbUVxRFhYWFVveVd3UDdncTh6RjMxYzFKaFdmWVJsYjVFbnZMZmVlUUNDQm55VTlBaGdmX2R6akg?oc=5,贵州茅台,贵州茅台酒秋季十六省市场调研在青海收官 - 新华网. 贵州茅台酒秋季十六省市场调研在青海收官 新华网,neutral,0.047832035,zh,bootstrap,mixed_real_news_v6
2025-10-04,2025-10-04T09:22:14+00:00,600519.SH,"""600519"" - Google 新闻",贵州茅台 股票行情、股价、新闻与分析 - 长桥证券 - Longbridge,"<a href=""https://news.google.com/rss/articles/CBMiV0FVX3lxTFA3RldOZkk0c1pxeTdNWC1ZSDQ4Q2oyX2ZhbGFNTW5yM200NmZ5dE15Y3lnYmpURHdIVFRLVHJuOVhrVmxuQzhKR2tUSFhxNnBJcXpFRWp3QQ?oc=5"" target=""_blank"">贵州茅台 股票行情、股价、新闻与分析 - 长桥证券</a>&nbsp;&nbsp;<font color=""#6f6f6f"">Longbridge</font>",https://news.google.com/rss/articles/CBMiV0FVX3lxTFA3RldOZkk0c1pxeTdNWC1ZSDQ4Q2oyX2ZhbGFNTW5yM200NmZ5dE15Y3lnYmpURHdIVFRLVHJuOVhrVmxuQzhKR2tUSFhxNnBJcXpFRWp3QQ?oc=5,600519,贵州茅台 股票行情、股价、新闻与分析 - 长桥证券 - Longbridge. 贵州茅台 股票行情、股价、新闻与分析 - 长桥证券 Longbridge,neutral,0.031330824,zh,bootstrap,mixed_real_news_v6
2025-10-26,2025-10-26T07:00:00+00:00,600519.SH,"""600519"" - Google 新闻",每周股票复盘：10月21日贵州茅台（600519）发生大宗交易成交1462.26万元_每周复盘_数据解析 - 证券之星,"<a href=""https://news.google.com/rss/articles/CBMiYEFVX3lxTE5QNk1LUXRhSXQ3aWlmYUJMQzNweTc3Q1BKMmk1dFZmM3pKckZJU296Zi1QWFA3S1pGNDFSaG1CLWE5VVllVV95NFJFOTJjZlZVMFlHeW9wWGZ6NHA0elQ3UA?oc=5"" target=""_blank"">每周股票复盘：10月21日贵州茅台（600519）发生大宗交易成交1462.26万元_每周复盘_数据解析</a>&nbsp;&nbsp;<font color=""#6f6f6f"">证券之星</font>",https://news.google.com/rss/articles/CBMiYEFVX3lxTE5QNk1LUXRhSXQ3aWlmYUJMQzNweTc3Q1BKMmk1dFZmM3pKckZJU296Zi1QWFA3S1pGNDFSaG1CLWE5VVllVV95NFJFOTJjZlZVMFlHeW9wWGZ6NHA0elQ3UA?oc=5,600519,每周股票复盘：10月21日贵州茅台（600519）发生大宗交易成交1462.26万元_每周复盘_数据解析 - 证券之星. 每周股票复盘：10月21日贵州茅台（600519）发生大宗交易成交1462.26万元_每周复盘_数据解析 证券之星,neutral,0.061272774,zh,bootstrap,mixed_real_news_v6
2025-10-27,2025-10-27T07:00:00+00:00,600519.SH,"""Kweichow Moutai"" - Google News",Chinese Distiller Kweichow Moutai Taps Energy Bureau Chief as Fourth Chairman in Five Years - Yicai Global,"<a href=""https://news.google.com/rss/articles/CBMi0wFBVV95cUxQdTNKUlBINFd2NS1JNDRfZjJHVU9GSDhLOWlZN2tCcWFMZWpHQzdTbnBPMWw5X25VSkdZckc4dmlhX2ZhcXd3eHByakIwVUd0T0FZYkRiNDVKVEJBU01sUFljY1puRDRtOTF0UHhlOG1ZQkZxSEw2aDBRRWp2SHBRQjJyRk5qZDNBdW1MTF92WXVFZ2xScDBQcDhpeldNcHdMZU5OTl9jVDB3RWNBRnZSal9CUHBibm0zckdWSTlUQVRrZTJFY2dOM1lWUW9fVUlsRDVR?oc=5"" target=""_blank"">Chinese Distiller Kweichow Moutai Taps Energy Bureau Chief as Fourth Chairman in Five Years</a>&nbsp;&nbsp;<font color=""#6f6f6f"">Yicai Global</font>",https://news.google.com/rss/articles/CBMi0wFBVV95cUxQdTNKUlBINFd2NS1JNDRfZjJHVU9GSDhLOWlZN2tCcWFMZWpHQzdTbnBPMWw5X25VSkdZckc4dmlhX2ZhcXd3eHByakIwVUd0T0FZYkRiNDVKVEJBU01sUFljY1puRDRtOTF0UHhlOG1ZQkZxSEw2aDBRRWp2SHBRQjJyRk5qZDNBdW1MTF92WXVFZ2xScDBQcDhpeldNcHdMZU5OTl9jVDB3RWNBRnZSal9CUHBibm0zckdWSTlUQVRrZTJFY2dOM1lWUW9fVUlsRDVR?oc=5,Kweichow Moutai,Chinese Distiller Kweichow Moutai Taps Energy Bureau Chief as Fourth Chairman in Five Years - Yicai Global. Chinese Distiller Kweichow Moutai Taps Energy Bureau Chief as Fourth Chairman in Five Years Yicai Global,neutral,0.11461592,en,bootstrap,mixed_real_news_v6
2025-10-27,2025-10-27T07:00:00+00:00,600519.SH,"""Kweichow Moutai"" - Google News",BRIEF-Kweichow Moutai's Chairman Resigns Due To Change In Job Role - The Sunday Guardian,"<a href=""https://news.google.com/rss/articles/CBMirwFBVV95cUxQZ1V2MW1OLXRONjQwMmVyUTE4cUItdTNjOG8tMFJwSk43WUoyZW9ZOWdMSy11SW5QU1ZVM0dUNUM2SkoyUklvdW15bmVDeUNUTDVYZ2Nla01RanFuUmpPMkRmdTF2RDhJVUdzWTFqTWFCNFdDeTl0aU0zRllNN21XSVBIb0xkemtiS0U3Y3dNblBLdHNTdnduVXBKNl9nUDM3TkhaLU94U0J1NThUSjRB?oc=5"" target=""_blank"">BRIEF-Kweichow Moutai's Chairman Resigns Due To Change In Job Role</a>&nbsp;&nbsp;<font color=""#6f6f6f"">The Sunday Guardian</font>",https://news.google.com/rss/articles/CBMirwFBVV95cUxQZ1V2MW1OLXRONjQwMmVyUTE4cUItdTNjOG8tMFJwSk43WUoyZW9ZOWdMSy11SW5QU1ZVM0dUNUM2SkoyUklvdW15bmVDeUNUTDVYZ2Nla01RanFuUmpPMkRmdTF2RDhJVUdzWTFqTWFCNFdDeTl0aU0zRllNN21XSVBIb0xkemtiS0U3Y3dNblBLdHNTdnduVXBKNl9nUDM3TkhaLU94U0J1NThUSjRB?oc=5,Kweichow Moutai,BRIEF-Kweichow Moutai's Chairman Resigns Due To Change In Job Role - The Sunday Guardian. BRIEF-Kweichow Moutai's Chairman Resigns Due To Change In Job Role The Sunday Guardian,negative,-0.80694354,en,bootstrap,mixed_real_news_v6
2025-10-29,2025-10-29T07:00:00+00:00,600519.SH,"""600519"" - Google 新闻",股票行情快报：贵州茅台（600519）10月29日主力资金净卖出9.30亿元_主力研究 - 证券之星,"<a href=""https://news.google.com/rss/articles/CBMiYkFVX3lxTFBwcFk2ekN2QjgwcUhtclc2V1J1YV80ZTYzV05hRTdTa2d1XzlyVmZzSGNvTE9MZjdGU2Zsc1NCRWFsV2hJZzVtTE9VVUZjYXBDakJ2bm1vQWRvZGtmcFBXaTBn?oc=5"" target=""_blank"">股票行情快报：贵州茅台（600519）10月29日主力资金净卖出9.30亿元_主力研究</a>&nbsp;&nbsp;<font color=""#6f6f6f"">证券之星</font>",https://news.google.com/rss/articles/CBMiYkFVX3lxTFBwcFk2ekN2QjgwcUhtclc2V1J1YV80ZTYzV05hRTdTa2d1XzlyVmZzSGNvTE9MZjdGU2Zsc1NCRWFsV2hJZzVtTE9VVUZjYXBDakJ2bm1vQWRvZGtmcFBXaTBn?oc=5,600519,股票行情快报：贵州茅台（600519）10月29日主力资金净卖出9.30亿元_主力研究 - 证券之星. 股票行情快报：贵州茅台（600519）10月29日主力资金净卖出9.30亿元_主力研究 证券之星,neutral,0.099362195,zh,bootstrap,mixed_real_news_v6
2025-10-29,2025-10-29T07:00:00+00:00,600519.SH,"""600519"" - Google 新闻",贵州茅台前三季度营收净利润均增长约6%，抗周期能力凸显 - 蓝鲸财经,"<a href=""https://news.google.com/rss/articles/CBMiW0FVX3lxTE52YTJHdFR5V1Bta2otYmhzbkhjLXpEc050bmwxd1JIMG04THNXQU1MVVBfd040Q1NTVTdLQWc3aTNrSVU4a1FNY21nM2JYOVNCSDFKVERmR0dMV1U?oc=5"" target=""_blank"">贵州茅台前三季度营收净利润均增长约6%，抗周期能力凸显</a>&nbsp;&nbsp;<font color=""#6f6f6f"">蓝鲸财经</font>",https://news.google.com/rss/articles/CBMiW0FVX3lxTE52YTJHdFR5V1Bta2otYmhzbkhjLXpEc050bmwxd1JIMG04THNXQU1MVVBfd040Q1NTVTdLQWc3aTNrSVU4a1FNY21nM2JYOVNCSDFKVERmR0dMV1U?oc=5,600519,贵州茅台前三季度营收净利润均增长约6%，抗周期能力凸显 - 蓝鲸财经. 贵州茅台前三季度营收净利润均增长约6%，抗周期能力凸显 蓝鲸财经,neutral,0.035217866,zh,bootstrap,mixed_real_news_v6
2025-10-31,2025-10-31T07:00:00+00:00,600519.SH,"""600519"" - Google 新闻",贵州茅台（600519）2025年三季报简析：营收净利润同比双双增长-腾讯新闻 - 腾讯新闻,"<a href=""https://news.google.com/rss/articles/CBMiVkFVX3lxTE50aDhzOEI5X1BHLXRySTF2RU8yMTRqNThpakM1c3ZweE44V0ZtSUJ6bVdIWEV3QkpVVVVpNmVULUh4Y3NJeVk4UVIwV2lrTTFMZUg2Y1BR?oc=5"" target=""_blank"">贵州茅台（600519）2025年三季报简析：营收净利润同比双双增长-腾讯新闻</a>&nbsp;&nbsp;<font color=""#6f6f6f"">腾讯新闻</font>",https://news.google.com/rss/articles/CBMiVkFVX3lxTE50aDhzOEI5X1BHLXRySTF2RU8yMTRqNThpakM1c3ZweE44V0ZtSUJ6bVdIWEV3QkpVVVVpNmVULUh4Y3NJeVk4UVIwV2lrTTFMZUg2Y1BR?oc=5,600519,贵州茅台（600519）2025年三季报简析：营收净利润同比双双增长-腾讯新闻 - 腾讯新闻. 贵州茅台（600519）2025年三季报简析：营收净利润同比双双增长-腾讯新闻 腾讯新闻,neutral,0.045337077,zh,bootstrap,mixed_real_news_v6
2025-11-05,2025-11-05T08:00:00+00:00,600519.SH,"""Kweichow Moutai"" - Google News",China’s Kweichow Moutai Plans Another Buyback as Shares Falter - Bloomberg,"<a href=""https://news.google.com/rss/articles/CBMiswFBVV95cUxNSmczcVhnM0tnbXhrWFNPNFhOUTBYdkoyQkFKYXpYODF4MFd2T254OUdYd2dDdHVwZWZtR0Y1a3Y1U3NYSlFIZkR5VF8xbWtmMEd3Wi0zbjl6cV9sVk9MWms1VzI0VUJXdWhDblJubkxTQ2FoeFBpdkZuMzlqdXJnSXNidTlTT19qdmpVbm51TWRSaHZacEJOWGRkN3draXM2a2JaZnJKS1ZQR0toVmh6R19Naw?oc=5"" target=""_blank"">China’s Kweichow Moutai Plans Another Buyback as Shares Falter</a>&nbsp;&nbsp;<font color=""#6f6f6f"">Bloomberg</font>",https://news.google.com/rss/articles/CBMiswFBVV95cUxNSmczcVhnM0tnbXhrWFNPNFhOUTBYdkoyQkFKYXpYODF4MFd2T254OUdYd2dDdHVwZWZtR0Y1a3Y1U3NYSlFIZkR5VF8xbWtmMEd3Wi0zbjl6cV9sVk9MWms1VzI0VUJXdWhDblJubkxTQ2FoeFBpdkZuMzlqdXJnSXNidTlTT19qdmpVbm51TWRSaHZacEJOWGRkN3draXM2a2JaZnJKS1ZQR0toVmh6R19Naw?oc=5,Kweichow Moutai,China’s Kweichow Moutai Plans Another Buyback as Shares Falter - Bloomberg. China’s Kweichow Moutai Plans Another Buyback as Shares Falter Bloomberg,negative,-0.56256795,en,bootstrap,mixed_real_news_v6
2025-11-07,2025-11-07T08:00:00+00:00,600519.SH,"""Kweichow Moutai"" - Google News",Joybuy Unveiled as Kweichow Moutai’s Official UK Retailer - JD Corporate Blog,"<a href=""https://news.google.com/rss/articles/CBMijgFBVV95cUxNbXdyZHJzbUlLQXVxaHo0LXJVcWhTNWphbkxWRGE0amxWUzVDQ2RRRnRhNXhkLVBXeEtKUjViSjZVZm5UWmpYc1RPRUpHdkJTZU1yMzNRVHBibGo2d2NlN3h4eVdCTjV4M0xqZ2Z3RnBndThmWFFWNWxhVmhscUdVdXRVcFJhc0VsTWpUbDd3?oc=5"" target=""_blank"">Joybuy Unveiled as Kweichow Moutai’s Official UK Retailer</a>&nbsp;&nbsp;<font color=""#6f6f6f"">JD Corporate Blog</font>",https://news.google.com/rss/articles/CBMijgFBVV95cUxNbXdyZHJzbUlLQXVxaHo0LXJVcWhTNWphbkxWRGE0amxWUzVDQ2RRRnRhNXhkLVBXeEtKUjViSjZVZm5UWmpYc1RPRUpHdkJTZU1yMzNRVHBibGo2d2NlN3h4eVdCTjV4M0xqZ2Z3RnBndThmWFFWNWxhVmhscUdVdXRVcFJhc0VsTWpUbDd3?oc=5,Kweichow Moutai,Joybuy Unveiled as Kweichow Moutai’s Official UK Retailer - JD Corporate Blog. Joybuy Unveiled as Kweichow Moutai’s Official UK Retailer JD Corporate Blog,neutral,0.016110586,en,bootstrap,mixed_real_news_v6
2025-11-10,2025-11-10T08:00:00+00:00,600519.SH,"""Kweichow Moutai"" - Google News",Kweichow Moutai announces UK partnership with Joybuy - The Drinks Business,"<a href=""https://news.google.com/rss/articles/CBMimwFBVV95cUxNZDF4RThUMGRDMk51QXV1Zndycm50bno0ekJ6cjl2eVJWTmVzR2tKLVdNWXN4UGRtWkI2dVB0bldfbUktZ1dXdXg3WF8yY3VidGYtZGhzZVJ0b3M2VXJuTFdaOUh1WndOMlNpMVIwVUJ3d21ZbWF3MWJXLVU4YnI3VFR4Qm9fZU5STHg0bWc3MVQ4bmZpeTd1V3M0aw?oc=5"" target=""_blank"">Kweichow Moutai announces UK partnership with Joybuy</a>&nbsp;&nbsp;<font color=""#6f6f6f"">The Drinks Business</font>",https://news.google.com/rss/articles/CBMimwFBVV95cUxNZDF4RThUMGRDMk51QXV1Zndycm50bno0ekJ6cjl2eVJWTmVzR2tKLVdNWXN4UGRtWkI2dVB0bldfbUktZ1dXdXg3WF8yY3VidGYtZGhzZVJ0b3M2VXJuTFdaOUh1WndOMlNpMVIwVUJ3d21ZbWF3MWJXLVU4YnI3VFR4Qm9fZU5STHg0bWc3MVQ4bmZpeTd1V3M0aw?oc=5,Kweichow Moutai,Kweichow Moutai announces UK partnership with Joybuy - The Drinks Business. Kweichow Moutai announces UK partnership with Joybuy The Drinks Business,neutral,0.09583195,en,bootstrap,mixed_real_news_v6
2025-11-13,2025-11-13T08:00:00+00:00,600519.SH,"""Kweichow Moutai"" - Google News","Worthless Moutai liquor, valuable Moutai stocks - eu.36kr.com","<a href=""https://news.google.com/rss/articles/CBMiU0FVX3lxTE5FUkRUbDFUYmxfd0w1XzVrTDBKZWNKZ2lGNGVBWHo5Rm1ZRjBQSUZYX1R0LTE2eUpUbHc1bTE2aG9GdnVOMmNLc0pqRUhLVHBGUXA0?oc=5"" target=""_blank"">Worthless Moutai liquor, valuable Moutai stocks</a>&nbsp;&nbsp;<font color=""#6f6f6f"">eu.36kr.com</font>",https://news.google.com/rss/articles/CBMiU0FVX3lxTE5FUkRUbDFUYmxfd0w1XzVrTDBKZWNKZ2lGNGVBWHo5Rm1ZRjBQSUZYX1R0LTE2eUpUbHc1bTE2aG9GdnVOMmNLc0pqRUhLVHBGUXA0?oc=5,Kweichow Moutai,"Worthless Moutai liquor, valuable Moutai stocks - eu.36kr.com. Worthless Moutai liquor, valuable Moutai stocks eu.36kr.com",neutral,-0.055916227,en,bootstrap,mixed_real_news_v6
2025-11-15,2025-11-15T08:00:00+00:00,600519.SH,"""Kweichow Moutai"" - Google News",China’s Top Baijiu Brand Moutai Showcases China's Green Progress in Manufacturing at COP30 - Business Wire,"<a href=""https://news.google.com/rss/articles/CBMi3gFBVV95cUxNSlViNENOeDh5V0szdU9LSFNpNEtpMjMzVGxlMXVNaG5fd0h3RENKSFpUTkphc25aQmIxSTlfQkdNVEZhNEt3RjZ5amthakQ4VlR3NzJMb3o0R2JBUTgyZ1JTc3JuR2pEZ1MtVER4M25kQWJxWDdaM3Q5SGhOZHBPd1NtUlRyT3lpMVVZVFVvZnZ4eG12Zk52MzZTLVFkNUFGc2FZV1ptelNsYkNVRFA0SFREUE0zekI0V0IxOFNyRlp3bjRIdFVlNFJ6YlB2dDZmWHZKOVhfMlloTUFnbHc?oc=5"" target=""_blank"">China’s Top Baijiu Brand Moutai Showcases China's Green Progress in Manufacturing at COP30</a>&nbsp;&nbsp;<font color=""#6f6f6f"">Business Wire</font>",https://news.google.com/rss/articles/CBMi3gFBVV95cUxNSlViNENOeDh5V0szdU9LSFNpNEtpMjMzVGxlMXVNaG5fd0h3RENKSFpUTkphc25aQmIxSTlfQkdNVEZhNEt3RjZ5amthakQ4VlR3NzJMb3o0R2JBUTgyZ1JTc3JuR2pEZ1MtVER4M25kQWJxWDdaM3Q5SGhOZHBPd1NtUlRyT3lpMVVZVFVvZnZ4eG12Zk52MzZTLVFkNUFGc2FZV1ptelNsYkNVRFA0SFREUE0zekI0V0IxOFNyRlp3bjRIdFVlNFJ6YlB2dDZmWHZKOVhfMlloTUFnbHc?oc=5,Kweichow Moutai,China’s Top Baijiu Brand Moutai Showcases China's Green Progress in Manufacturing at COP30 - Business Wire. China’s Top Baijiu Brand Moutai Showcases China's Green Progress in Manufacturing at COP30 Business Wire,neutral,0.15933694,en,bootstrap,mixed_real_news_v6
2025-11-19,2025-11-19T08:00:00+00:00,600519.SH,"""Kweichow Moutai"" - Google News",Shanghai Restaurant Staff Jailed After Swapping Customers’ Moutai Bottles for Fakes - Vino Joy News,"<a href=""https://news.google.com/rss/articles/CBMitgFBVV95cUxQdTd6c3N4dkJPZFl4NUFVT04zcjBFRE4tUnExSXRTclBUdUVTMU9oT1F2ZzFnMVNBUXItSUNZQ1MtVXB6NDYwZkRoUDdqM0dHcElqTENaTldQa2ZNbjQyVS1MaVh3Q2dGQXlrT0ladXhiXzI2N0U5aTIydDNfVlVHX01UWDkwMm9CN0xISWt4QlhrWC1YakM1bXRLd1hRNDdZdkwtdU40M09zNVdxckZOLVJpTktuQQ?oc=5"" target=""_blank"">Shanghai Restaurant Staff Jailed After Swapping Customers’ Moutai Bottles for Fakes</a>&nbsp;&nbsp;<font color=""#6f6f6f"">Vino Joy News</font>",https://news.google.com/rss/articles/CBMitgFBVV95cUxQdTd6c3N4dkJPZFl4NUFVT04zcjBFRE4tUnExSXRTclBUdUVTMU9oT1F2ZzFnMVNBUXItSUNZQ1MtVXB6NDYwZkRoUDdqM0dHcElqTENaTldQa2ZNbjQyVS1MaVh3Q2dGQXlrT0ladXhiXzI2N0U5aTIydDNfVlVHX01UWDkwMm9CN0xISWt4QlhrWC1YakM1bXRLd1hRNDdZdkwtdU40M09zNVdxckZOLVJpTktuQQ?oc=5,Kweichow Moutai,Shanghai Restaurant Staff Jailed After Swapping Customers’ Moutai Bottles for Fakes - Vino Joy News. Shanghai Restaurant Staff Jailed After Swapping Customers’ Moutai Bottles for Fakes Vino Joy News,negative,-0.91194457,en,bootstrap,mixed_real_news_v6
2025-11-27,2025-11-27T08:00:00+00:00,600519.SH,"""Kweichow Moutai"" - Google News","Kweichow Moutai - Zhejiang Entrepreneurs Conference Singapore 2025 to Gather Global Leaders for a Deep Dive into AI, Web3 and Sustainable Growth - PR Newswire","<a href=""https://news.google.com/rss/articles/CBMirAJBVV95cUxPVXJZWWpxWWtpeXdVRF9lSDYyT2pidUdudzhuajkwektxbUV2MkE1SEtxQ19CdEstenpWbThpaVVyTFZMb2ZwUHprM0RCaXhoOGR5Q29oa0g5SWR0SVJYeHppYlB3Nm5OcmVvbDBUSFBEdVZKOWtGUFJPNGVUWnotWEY1bEoycTZob3hnNEFhQlJ0T0JCRVA1RVc1VU8xcWs3blJDak1Kd0RlRU0tVUExQXRKVGl2aUR3Z3VnbURidng1emt2Nlp4S3VjNElhWjRLQmhldFAzell3RlhQN0VrRGZYbnpYSV9pQ3ZvdVZoY2xWWHNZcUpuNTFJcFJndm9pNnR2MDJydEpLV0Y4d2lKSl9nNEhtRE5GTlF4TjYyT3plTTFHNlpnMUpoczM?oc=5"" target=""_blank"">Kweichow Moutai - Zhejiang Entrepreneurs Conference Singapore 2025 to Gather Global Leaders for a Deep Dive into AI, Web3 and Sustainable Growth</a>&nbsp;&nbsp;<font color=""#6f6f6f"">PR Newswire</font>",https://news.google.com/rss/articles/CBMirAJBVV95cUxPVXJZWWpxWWtpeXdVRF9lSDYyT2pidUdudzhuajkwektxbUV2MkE1SEtxQ19CdEstenpWbThpaVVyTFZMb2ZwUHprM0RCaXhoOGR5Q29oa0g5SWR0SVJYeHppYlB3Nm5OcmVvbDBUSFBEdVZKOWtGUFJPNGVUWnotWEY1bEoycTZob3hnNEFhQlJ0T0JCRVA1RVc1VU8xcWs3blJDak1Kd0RlRU0tVUExQXRKVGl2aUR3Z3VnbURidng1emt2Nlp4S3VjNElhWjRLQmhldFAzell3RlhQN0VrRGZYbnpYSV9pQ3ZvdVZoY2xWWHNZcUpuNTFJcFJndm9pNnR2MDJydEpLV0Y4d2lKSl9nNEhtRE5GTlF4TjYyT3plTTFHNlpnMUpoczM?oc=5,Kweichow Moutai,"Kweichow Moutai - Zhejiang Entrepreneurs Conference Singapore 2025 to Gather Global Leaders for a Deep Dive into AI, Web3 and Sustainable Growth - PR Newswire. Kweichow Moutai - Zhejiang Entrepreneurs Conference Singapore 2025 to Gather Global Leaders for a Deep Dive into AI, Web3 and Sustainable Growth PR Newswire",neutral,0.12700558,en,bootstrap,mixed_real_news_v6
2025-11-27,2025-11-27T09:34:00+00:00,600519.SH,Kweichow Moutai - Bing新聞,"Kweichow Moutai - Zhejiang Entrepreneurs Conference Singapore 2025 to Gather Global Leaders for a Deep Dive into AI, Web3 and Sustainable Growth","SINGAPORE, Nov. 27, 2025 /PRNewswire/ -- As globalisation enters a period of profound restructuring, what pathways can Chinese enterprises take to break through with innovation and plan with long-term ...",http://www.bing.com/news/apiclick.aspx?ref=FexRss&aid=&tid=69fb16c4161b414c91e7ba69502d545a&url=https%3a%2f%2fwww.etnet.com.hk%2fwww%2ftc%2fnews%2fprnewswire_news_detail.php%3fnewsid%3d4834553_AE34553_0&c=10294439706123370405&mkt=zh-tw,Kweichow Moutai,"Kweichow Moutai - Zhejiang Entrepreneurs Conference Singapore 2025 to Gather Global Leaders for a Deep Dive into AI, Web3 and Sustainable Growth. SINGAPORE, Nov. 27, 2025 /PRNewswire/ -- As globalisation enters a period of profound restructuring, what pathways can Chinese enterprises take to break through with innovation and plan with long-term ...",neutral,0.22609277,en,bootstrap,mixed_real_news_v6
2025-11-29,2025-11-29T08:00:00+00:00,600519.SH,"""Kweichow Moutai"" - Google News","Revenue of Kweichow Moutai 2014-2024, by segment - Statista","<a href=""https://news.google.com/rss/articles/CBMinAFBVV95cUxQZkhKNGhnYlpkcTZtOUNYdmMxOWdCWnE4QWlCNV9aNTF4cnJvYjhMMmlOdGtVX01Kek5UangxVHdpcnJTRGp2X0RGSkxCeWVwYllvSzNsVmpLeUJ6V3cyUVc5SHFHaWRoRUZEWnZKMDYtVko5TXFuVmFOTWJyUi10VTZpUmxsRWhmMHY1Sk0xZXEyZEluZFhZSEMyVng?oc=5"" target=""_blank"">Revenue of Kweichow Moutai 2014-2024, by segment</a>&nbsp;&nbsp;<font color=""#6f6f6f"">Statista</font>",https://news.google.com/rss/articles/CBMinAFBVV95cUxQZkhKNGhnYlpkcTZtOUNYdmMxOWdCWnE4QWlCNV9aNTF4cnJvYjhMMmlOdGtVX01Kek5UangxVHdpcnJTRGp2X0RGSkxCeWVwYllvSzNsVmpLeUJ6V3cyUVc5SHFHaWRoRUZEWnZKMDYtVko5TXFuVmFOTWJyUi10VTZpUmxsRWhmMHY1Sk0xZXEyZEluZFhZSEMyVng?oc=5,Kweichow Moutai,"Revenue of Kweichow Moutai 2014-2024, by segment - Statista. Revenue of Kweichow Moutai 2014-2024, by segment Statista",neutral,0.025997696,en,bootstrap,mixed_real_news_v6
2025-11-29,2025-11-29T08:00:00+00:00,600519.SH,"""Kweichow Moutai"" - Google News",Revenue of Kweichow Moutai 2014-2024 - Statista,"<a href=""https://news.google.com/rss/articles/CBMihgFBVV95cUxNQmdITzRrVzlWUUZzbXgzSTBPSFl4aWZKblV3VHJSTlRJbVQ3MkJmV3AyMzY3bUt5RkJpODk5cGJQd3pVOTZENnNTay1nc2RyN19VOHBQTG9Dc2pXUXQ4bXRFdU9ZVkMwLUR3R2NudVlYNzZUOUFEOEtlMnVHWUhsVzBVemx5QQ?oc=5"" target=""_blank"">Revenue of Kweichow Moutai 2014-2024</a>&nbsp;&nbsp;<font color=""#6f6f6f"">Statista</font>",https://news.google.com/rss/articles/CBMihgFBVV95cUxNQmdITzRrVzlWUUZzbXgzSTBPSFl4aWZKblV3VHJSTlRJbVQ3MkJmV3AyMzY3bUt5RkJpODk5cGJQd3pVOTZENnNTay1nc2RyN19VOHBQTG9Dc2pXUXQ4bXRFdU9ZVkMwLUR3R2NudVlYNzZUOUFEOEtlMnVHWUhsVzBVemx5QQ?oc=5,Kweichow Moutai,Revenue of Kweichow Moutai 2014-2024 - Statista. Revenue of Kweichow Moutai 2014-2024 Statista,neutral,0.014756558,en,bootstrap,mixed_real_news_v6
2025-12-03,2025-12-03T08:00:00+00:00,600519.SH,"""Kweichow Moutai"" - Google News","Kweichow Moutai-Zhejiang Entrepreneurs Conference Singapore 2025 Concludes Successfully, Bringing Together Global Leaders to Explore Technology Innovation and Sustainable Development - TNGlobal","<a href=""https://news.google.com/rss/articles/CBMiugJBVV95cUxQTnUxb0RXS0hCZk1iTU5kSnJobFNYN2VUXzdXdXdfWU5aZmhfWWJocUxPZG1FV2o4aFpXempnMENaTGZsTTNXUE1kWFYwY3A1NTYtZ05pNkJ2eVZqdUlmMVlzb2MxR2Q3Vm43SVF6TENoakdscnl6UG9LNElBaFNoNG9GTHhzc3RPcDFRVl9jRUQzYTZBc3ZVX1FIVElRUFlrZmR5NmZMeHZCTEk0eFFwNFBDNjBhM2w1Sm83dHhVQmE1R2lYT2JFMkx3dGpDaUt4WElPaTBsbHlVai1lNkNRaGFPMTkwcmVPU2dteDFDUVBENV9ES1dyMzFDTGZpREZ1VEU4NW1Lb3Y0RmtRT0FnWElCMlFIRWlrMFRETjhYcG0xNkR4YjBXQVZKejRueHA3X3E5S3BKY1ZYQQ?oc=5"" target=""_blank"">Kweichow Moutai-Zhejiang Entrepreneurs Conference Singapore 2025 Concludes Successfully, Bringing Together Global Leaders to Explore Technology Innovation and Sustainable Development</a>&nbsp;&nbsp;<font color=""#6f6f6f"">TNGlobal</font>",https://news.google.com/rss/articles/CBMiugJBVV95cUxQTnUxb0RXS0hCZk1iTU5kSnJobFNYN2VUXzdXdXdfWU5aZmhfWWJocUxPZG1FV2o4aFpXempnMENaTGZsTTNXUE1kWFYwY3A1NTYtZ05pNkJ2eVZqdUlmMVlzb2MxR2Q3Vm43SVF6TENoakdscnl6UG9LNElBaFNoNG9GTHhzc3RPcDFRVl9jRUQzYTZBc3ZVX1FIVElRUFlrZmR5NmZMeHZCTEk0eFFwNFBDNjBhM2w1Sm83dHhVQmE1R2lYT2JFMkx3dGpDaUt4WElPaTBsbHlVai1lNkNRaGFPMTkwcmVPU2dteDFDUVBENV9ES1dyMzFDTGZpREZ1VEU4NW1Lb3Y0RmtRT0FnWElCMlFIRWlrMFRETjhYcG0xNkR4YjBXQVZKejRueHA3X3E5S3BKY1ZYQQ?oc=5,Kweichow Moutai,"Kweichow Moutai-Zhejiang Entrepreneurs Conference Singapore 2025 Concludes Successfully, Bringing Together Global Leaders to Explore Technology Innovation and Sustainable Development - TNGlobal. Kweichow Moutai-Zhejiang Entrepreneurs Conference Singapore 2025 Concludes Successfully, Bringing Together Global Leaders to Explore Technology Innovation and Sustainable Development TNGlobal",positive,0.7781845,en,bootstrap,mixed_real_news_v6
2025-12-18,2025-12-18T15:59:00+00:00,600519.SH,Kweichow Moutai - Bing新聞,貴州茅台 (600519.SS),"截止 -- 為止的金額，現金賠償則計算至上一個財政年度末為止。薪資是指薪俸、獎金等。已行使價是指財政年度期間已行使的期權價值。貨幣為CNY。 Kweichow Moutai Co., Ltd., together with its subsidiaries ...",http://www.bing.com/news/apiclick.aspx?ref=FexRss&aid=&tid=69fb16c4161b414c91e7ba69502d545a&url=https%3a%2f%2fhk.finance.yahoo.com%2fquote%2f600519.SS%2fprofile%2f&c=12451579187732800430&mkt=zh-tw,Kweichow Moutai,"貴州茅台 (600519.SS). 截止 -- 為止的金額，現金賠償則計算至上一個財政年度末為止。薪資是指薪俸、獎金等。已行使價是指財政年度期間已行使的期權價值。貨幣為CNY。 Kweichow Moutai Co., Ltd., together with its subsidiaries ...",neutral,0.036669508,zh,bootstrap,mixed_real_news_v6
2025-12-25,2025-12-25T08:00:00+00:00,600519.SH,"""Kweichow Moutai"" - Google News",Moutai sales no longer soaring? - ThinkChina,"<a href=""https://news.google.com/rss/articles/CBMickFVX3lxTE8tTGl5UUtzXzByZWM0T2ppVTNPcmw0VnRwZGtWODZPbXE0RjhsbVozSURqOHhZNmFWZEdHdURScHBNOG1WaThYaDBHbTVKcjhlZ29RSG1WQzhzNkViREtNUjE2UVZteVpUdGdtbERfRDdldw?oc=5"" target=""_blank"">Moutai sales no longer soaring?</a>&nbsp;&nbsp;<font color=""#6f6f6f"">ThinkChina</font>",https://news.google.com/rss/articles/CBMickFVX3lxTE8tTGl5UUtzXzByZWM0T2ppVTNPcmw0VnRwZGtWODZPbXE0RjhsbVozSURqOHhZNmFWZEdHdURScHBNOG1WaThYaDBHbTVKcjhlZ29RSG1WQzhzNkViREtNUjE2UVZteVpUdGdtbERfRDdldw?oc=5,Kweichow Moutai,Moutai sales no longer soaring? - ThinkChina. Moutai sales no longer soaring? ThinkChina,neutral,0.032192826,en,bootstrap,mixed_real_news_v6
2026-01-01,2026-01-01T08:00:00+00:00,600519.SH,"""Kweichow Moutai"" - Google News",Commentary: Moutai hangover – why China’s fanciest liquor is in a slump - CNA,"<a href=""https://news.google.com/rss/articles/CBMilAFBVV95cUxPOU11V1pIamE4S0pCdDZYQjFPbHNXOG1CWlk1cGltMXBHb21vV0J6cnQ0T3RBQjZ1d2NqS1MwTFQ0YUp2REttQjVyX3VraV90VzAtOFFoQVV3akRkbVNITkRuT0ptTTkyNmNGN1lkbFZpVXhmaFJTOXY2QUthT1Z2ZFBFSU1IOExySEhfMzFwTGdPN0hu?oc=5"" target=""_blank"">Commentary: Moutai hangover – why China’s fanciest liquor is in a slump</a>&nbsp;&nbsp;<font color=""#6f6f6f"">CNA</font>",https://news.google.com/rss/articles/CBMilAFBVV95cUxPOU11V1pIamE4S0pCdDZYQjFPbHNXOG1CWlk1cGltMXBHb21vV0J6cnQ0T3RBQjZ1d2NqS1MwTFQ0YUp2REttQjVyX3VraV90VzAtOFFoQVV3akRkbVNITkRuT0ptTTkyNmNGN1lkbFZpVXhmaFJTOXY2QUthT1Z2ZFBFSU1IOExySEhfMzFwTGdPN0hu?oc=5,Kweichow Moutai,Commentary: Moutai hangover – why China’s fanciest liquor is in a slump - CNA. Commentary: Moutai hangover – why China’s fanciest liquor is in a slump CNA,negative,-0.6670416,en,bootstrap,mixed_real_news_v6
2026-01-04,2026-01-04T08:00:00+00:00,600519.SH,"""贵州茅台"" - Google 新闻",贵州茅台重大改革，新周期从此开始！ 12月28日，2026年贵州茅台酒全国经销商联谊会召开，会议的主题是“坚持以消费者为中心，全面推进茅台酒营销市场化转型”... - 雪球,"<a href=""https://news.google.com/rss/articles/CBMiUEFVX3lxTE95d2M4LXNxVVdVSjJXdXIzeHJkQXBjVERRTFdmeVAtZEpxc3oxOHRxU3pMcDM4Y2lXTThabm9wWU9abk1PcWtzbFN5dHliSmdx?oc=5"" target=""_blank"">贵州茅台重大改革，新周期从此开始！ 12月28日，2026年贵州茅台酒全国经销商联谊会召开，会议的主题是“坚持以消费者为中心，全面推进茅台酒营销市场化转型”...</a>&nbsp;&nbsp;<font color=""#6f6f6f"">雪球</font>",https://news.google.com/rss/articles/CBMiUEFVX3lxTE95d2M4LXNxVVdVSjJXdXIzeHJkQXBjVERRTFdmeVAtZEpxc3oxOHRxU3pMcDM4Y2lXTThabm9wWU9abk1PcWtzbFN5dHliSmdx?oc=5,贵州茅台,贵州茅台重大改革，新周期从此开始！ 12月28日，2026年贵州茅台酒全国经销商联谊会召开，会议的主题是“坚持以消费者为中心，全面推进茅台酒营销市场化转型”... - 雪球. 贵州茅台重大改革，新周期从此开始！ 12月28日，2026年贵州茅台酒全国经销商联谊会召开，会议的主题是“坚持以消费者为中心，全面推进茅台酒营销市场化转型”... 雪球,neutral,0.050297994,zh,bootstrap,mixed_real_news_v6
2026-01-11,2026-01-11T08:00:00+00:00,600519.SH,"""Kweichow Moutai"" - Google News","Kweichow Moutai establishes iMoutai Digital Technology Company, involving blockchain-related software and services - Bitget","<a href=""https://news.google.com/rss/articles/CBMiXkFVX3lxTE50TUt0Tm9XbGlMX0tJX0JSdWxGbEczbllRbUwtN01DSFAtckFCeFdFT1llZEZnSHRNQmR4TTdEZkR2UnQzOXVmZVZweC1MYWYzc0FZaTZUaXRsLXJqWFHSAWNBVV95cUxPMDFrdmJNT3ZlcnJGX3hjdUNlNWNUMVFxS2FEMUdvVXFXRkZ2cjBnMEpsNnFsS1RCTzZWa1N1RTUwMS11ODJnX0VPU0toYWFxVmRuLVJXSUJHNEhhcUFNaEdDV2s?oc=5"" target=""_blank"">Kweichow Moutai establishes iMoutai Digital Technology Company, involving blockchain-related software and services</a>&nbsp;&nbsp;<font color=""#6f6f6f"">Bitget</font>",https://news.google.com/rss/articles/CBMiXkFVX3lxTE50TUt0Tm9XbGlMX0tJX0JSdWxGbEczbllRbUwtN01DSFAtckFCeFdFT1llZEZnSHRNQmR4TTdEZkR2UnQzOXVmZVZweC1MYWYzc0FZaTZUaXRsLXJqWFHSAWNBVV95cUxPMDFrdmJNT3ZlcnJGX3hjdUNlNWNUMVFxS2FEMUdvVXFXRkZ2cjBnMEpsNnFsS1RCTzZWa1N1RTUwMS11ODJnX0VPU0toYWFxVmRuLVJXSUJHNEhhcUFNaEdDV2s?oc=5,Kweichow Moutai,"Kweichow Moutai establishes iMoutai Digital Technology Company, involving blockchain-related software and services - Bitget. Kweichow Moutai establishes iMoutai Digital Technology Company, involving blockchain-related software and services Bitget",neutral,0.015708618,en,bootstrap,mixed_real_news_v6
2026-01-11,2026-01-11T08:00:00+00:00,600519.SH,"""Kweichow Moutai"" - Google News","Why Kweichow Moutai Co., Ltd. Class A stock (600519) is in focus: iMoutai restock and a fresh target cut - TechStock²","<a href=""https://news.google.com/rss/articles/CBMiuwFBVV95cUxQZHBWU1ZoVEVpcXV2THVMUnRMSDB6QVNNTDJxSjRGclpYMVJPOEJNYnM5UUdOVWVaSHpXc1ZqMS1SVVZwX1kyWl9kZFpPWlZ0aTdXUWhBOE5TcmdZQTMwOXJraE5BN3JpNE5fVDlaeVg5T3dwcHZMUS1jejZfWkhtMy1xMTBiXzEzb1p5RjhOOGtZOHh2TWRIMk1RSlNBT2RnQ1ZpVUZlQVhlWFR2Q2FCVDg4RzVXcmtRalNB?oc=5"" target=""_blank"">Why Kweichow Moutai Co., Ltd. Class A stock (600519) is in focus: iMoutai restock and a fresh target cut</a>&nbsp;&nbsp;<font color=""#6f6f6f"">TechStock²</font>",https://news.google.com/rss/articles/CBMiuwFBVV95cUxQZHBWU1ZoVEVpcXV2THVMUnRMSDB6QVNNTDJxSjRGclpYMVJPOEJNYnM5UUdOVWVaSHpXc1ZqMS1SVVZwX1kyWl9kZFpPWlZ0aTdXUWhBOE5TcmdZQTMwOXJraE5BN3JpNE5fVDlaeVg5T3dwcHZMUS1jejZfWkhtMy1xMTBiXzEzb1p5RjhOOGtZOHh2TWRIMk1RSlNBT2RnQ1ZpVUZlQVhlWFR2Q2FCVDg4RzVXcmtRalNB?oc=5,Kweichow Moutai,"Why Kweichow Moutai Co., Ltd. Class A stock (600519) is in focus: iMoutai restock and a fresh target cut - TechStock². Why Kweichow Moutai Co., Ltd. Class A stock (600519) is in focus: iMoutai restock and a fresh target cut TechStock²",neutral,-0.017897304,en,bootstrap,mixed_real_news_v6
2026-01-13,2026-01-13T08:00:00+00:00,600519.SH,"""贵州茅台"" - Google 新闻",打破传统意义的“出厂价”，贵州茅台公告构建全新零售价格体系 - 新华网,"<a href=""https://news.google.com/rss/articles/CBMihAFBVV95cUxORERZcmtYY244Zlp2NVNFd1hKd2pLcVN1NnFBcEpSdG1xdG5WZHM3aXVGMlBGTWtJYXZMcTBfNFhNUFZqOEtOSXI1Nk5KRDR3aUtYbUNtSWZnT0lpYUJ1Q2w5VmFDd3Q5a0h4UXdRMk95UG0wdmlvclotTU1YbFdicmRYeGw?oc=5"" target=""_blank"">打破传统意义的“出厂价”，贵州茅台公告构建全新零售价格体系</a>&nbsp;&nbsp;<font color=""#6f6f6f"">新华网</font>",https://news.google.com/rss/articles/CBMihAFBVV95cUxORERZcmtYY244Zlp2NVNFd1hKd2pLcVN1NnFBcEpSdG1xdG5WZHM3aXVGMlBGTWtJYXZMcTBfNFhNUFZqOEtOSXI1Nk5KRDR3aUtYbUNtSWZnT0lpYUJ1Q2w5VmFDd3Q5a0h4UXdRMk95UG0wdmlvclotTU1YbFdicmRYeGw?oc=5,贵州茅台,打破传统意义的“出厂价”，贵州茅台公告构建全新零售价格体系 - 新华网. 打破传统意义的“出厂价”，贵州茅台公告构建全新零售价格体系 新华网,neutral,0.06437071,zh,bootstrap,mixed_real_news_v6
2026-01-22,2026-01-22T08:00:00+00:00,600519.SH,"""Kweichow Moutai"" - Google News","Kweichow Moutai confirms printing error on 2026 Year of the Horse packaging, offers exchanges - The Standard (HK)","<a href=""https://news.google.com/rss/articles/CBMi3AFBVV95cUxPUWgxMzFNQ1Q1eTI5TlB4VjdvQ2N3M0xYb09Vdng1ZDRCay1Fc3lMSFV1NWRSMjFySTNILVVuQ2Ryc1YtV1hGamZxZld6cTI0aWNkSFN0eUM1aHQydUFoaUlOT1ZNX0U2Mm1UY0o5bHhtLUNNSWE5clNEYlAyT2RXY0xCRkpkLXloQ1lZamxIbEQ0WHFZc0VyYWhhOFA3QVctc1dHbFBzTllYdjVxejhWaTNtcm5yUk1CWTZ3YW1NRGFyV3lOSU5JMHV0eUhPaEMxbzZsQzJTZGFTWk5Y?oc=5"" target=""_blank"">Kweichow Moutai confirms printing error on 2026 Year of the Horse packaging, offers exchanges</a>&nbsp;&nbsp;<font color=""#6f6f6f"">The Standard (HK)</font>",https://news.google.com/rss/articles/CBMi3AFBVV95cUxPUWgxMzFNQ1Q1eTI5TlB4VjdvQ2N3M0xYb09Vdng1ZDRCay1Fc3lMSFV1NWRSMjFySTNILVVuQ2Ryc1YtV1hGamZxZld6cTI0aWNkSFN0eUM1aHQydUFoaUlOT1ZNX0U2Mm1UY0o5bHhtLUNNSWE5clNEYlAyT2RXY0xCRkpkLXloQ1lZamxIbEQ0WHFZc0VyYWhhOFA3QVctc1dHbFBzTllYdjVxejhWaTNtcm5yUk1CWTZ3YW1NRGFyV3lOSU5JMHV0eUhPaEMxbzZsQzJTZGFTWk5Y?oc=5,Kweichow Moutai,"Kweichow Moutai confirms printing error on 2026 Year of the Horse packaging, offers exchanges - The Standard (HK). Kweichow Moutai confirms printing error on 2026 Year of the Horse packaging, offers exchanges The Standard (HK)",neutral,-0.062364653,en,bootstrap,mixed_real_news_v6
2026-01-22,2026-01-22T08:00:00+00:00,600519.SH,"""600519"" - Google 新闻",贵州茅台（600519）1月21日主力资金净卖出14.80亿元 - 手机网易网,"<a href=""https://news.google.com/rss/articles/CBMiYkFVX3lxTFB1V0RMSGNSeElscHJsbkhLNm5jbUpfY3dwOUx2SExQUVEzUWVsZmdRdGFva29yd0VjQXVwVlZEeERYczJOcjlTVVR4RVNRUklHajhyZFdfUFlLQ1NEbW9Da3ZR?oc=5"" target=""_blank"">贵州茅台（600519）1月21日主力资金净卖出14.80亿元</a>&nbsp;&nbsp;<font color=""#6f6f6f"">手机网易网</font>",https://news.google.com/rss/articles/CBMiYkFVX3lxTFB1V0RMSGNSeElscHJsbkhLNm5jbUpfY3dwOUx2SExQUVEzUWVsZmdRdGFva29yd0VjQXVwVlZEeERYczJOcjlTVVR4RVNRUklHajhyZFdfUFlLQ1NEbW9Da3ZR?oc=5,600519,贵州茅台（600519）1月21日主力资金净卖出14.80亿元 - 手机网易网. 贵州茅台（600519）1月21日主力资金净卖出14.80亿元 手机网易网,neutral,0.03970837,zh,bootstrap,mixed_real_news_v6
2026-01-28,2026-01-28T08:00:00+00:00,600519.SH,"""Kweichow Moutai"" - Google News",Moutai Leads Surge in Chinese Baijiu Shares on Holiday Demand - Bloomberg,"<a href=""https://news.google.com/rss/articles/CBMisgFBVV95cUxNdnE1MU9neGVGRDFMZ2otdzhrWUNKMmpSLWpLM3N1NzlmMWNMRmlSWDJ5ekphMml4UDhlV0FCZmozOU9ZRWtSMlVRdzZrY1ZDQUNnYnRPaF90SmVmdG5HZjVacXlJem0xSEVJRHFEQXJwQnpYOHhsYUhIdU5LUDMyMUgyOHJubE5TYVBWcnZDZGV0cGhadnB1NEtScnA2QTh3dXBwdWFvY1BvWUdMYTdlSXhn?oc=5"" target=""_blank"">Moutai Leads Surge in Chinese Baijiu Shares on Holiday Demand</a>&nbsp;&nbsp;<font color=""#6f6f6f"">Bloomberg</font>",https://news.google.com/rss/articles/CBMisgFBVV95cUxNdnE1MU9neGVGRDFMZ2otdzhrWUNKMmpSLWpLM3N1NzlmMWNMRmlSWDJ5ekphMml4UDhlV0FCZmozOU9ZRWtSMlVRdzZrY1ZDQUNnYnRPaF90SmVmdG5HZjVacXlJem0xSEVJRHFEQXJwQnpYOHhsYUhIdU5LUDMyMUgyOHJubE5TYVBWcnZDZGV0cGhadnB1NEtScnA2QTh3dXBwdWFvY1BvWUdMYTdlSXhn?oc=5,Kweichow Moutai,Moutai Leads Surge in Chinese Baijiu Shares on Holiday Demand - Bloomberg. Moutai Leads Surge in Chinese Baijiu Shares on Holiday Demand Bloomberg,positive,0.8351512,en,bootstrap,mixed_real_news_v6
2026-01-29,2026-01-29T08:00:00+00:00,600519.SH,"""贵州茅台"" - Google 新闻",贵州茅台出资参与SpaceX上市A轮融资？不实！ - 东方财富,"<a href=""https://news.google.com/rss/articles/CBMiYEFVX3lxTFBBbEtDeHBqM0xTSUl5Z3JRcENRZ0NNYzd3SkxGTkRhMjY1UXlRRlNxaWNxeGRfRWMya2ZMUENFX0lheGhLTFBBcXUxUW9VdG1LM1pQVlUxR1ZWbjFWN2Q3Nw?oc=5"" target=""_blank"">贵州茅台出资参与SpaceX上市A轮融资？不实！</a>&nbsp;&nbsp;<font color=""#6f6f6f"">东方财富</font>",https://news.google.com/rss/articles/CBMiYEFVX3lxTFBBbEtDeHBqM0xTSUl5Z3JRcENRZ0NNYzd3SkxGTkRhMjY1UXlRRlNxaWNxeGRfRWMya2ZMUENFX0lheGhLTFBBcXUxUW9VdG1LM1pQVlUxR1ZWbjFWN2Q3Nw?oc=5,贵州茅台,贵州茅台出资参与SpaceX上市A轮融资？不实！ - 东方财富. 贵州茅台出资参与SpaceX上市A轮融资？不实！ 东方财富,neutral,0.046249498,zh,bootstrap,mixed_real_news_v6
2026-01-30,2026-01-30T08:00:00+00:00,600519.SH,"""Kweichow Moutai"" - Google News",Chinese Liquor Stocks Surge as Moutai Rebounds on Holiday Demand - Caixin Global,"<a href=""https://news.google.com/rss/articles/CBMiuwFBVV95cUxNdkIwY29ZcnV3Y0dNcl9fX3VDT2dQWXZlNXFPWmdySFpzbVBIV0JwamF4TzNFTEVmQnpWM2lLb3hIWGliQzJ1MVo0by1RNGVCS0JFX2ZPeTlwZV9VdXdoQks0bi0zdFJTem1mOE1BTTJ3SGdfTzJSZVJCNHR3cVJkUGR3WW4xZEpCQjFSNVhvOWFkMDdkdkxTUXRBb1ZiRWRfNURxYjc1Tk9rcFdqZElkWWZWQ0dOLUFOODVr?oc=5"" target=""_blank"">Chinese Liquor Stocks Surge as Moutai Rebounds on Holiday Demand</a>&nbsp;&nbsp;<font color=""#6f6f6f"">Caixin Global</font>",https://news.google.com/rss/articles/CBMiuwFBVV95cUxNdkIwY29ZcnV3Y0dNcl9fX3VDT2dQWXZlNXFPWmdySFpzbVBIV0JwamF4TzNFTEVmQnpWM2lLb3hIWGliQzJ1MVo0by1RNGVCS0JFX2ZPeTlwZV9VdXdoQks0bi0zdFJTem1mOE1BTTJ3SGdfTzJSZVJCNHR3cVJkUGR3WW4xZEpCQjFSNVhvOWFkMDdkdkxTUXRBb1ZiRWRfNURxYjc1Tk9rcFdqZElkWWZWQ0dOLUFOODVr?oc=5,Kweichow Moutai,Chinese Liquor Stocks Surge as Moutai Rebounds on Holiday Demand - Caixin Global. Chinese Liquor Stocks Surge as Moutai Rebounds on Holiday Demand Caixin Global,positive,0.8402417,en,bootstrap,mixed_real_news_v6
2026-01-30,2026-01-30T08:00:00+00:00,600519.SH,"""Kweichow Moutai"" - Google News","Moutai Charts Sustainable Future, Champions Long-Termism at Davos - Caixin Global","<a href=""https://news.google.com/rss/articles/CBMiuwFBVV95cUxOSWQ4N09VenV4MjQyWFVxSXFPVFZrZXN1UlZrb213S202eWdyZS1IMU9CRVlDRmZNLWhHRll6MHhkOUtYazNpNDFXU1J2ZUxFd3hLWDN4WHZFSU42b0NUbExaNVJvNjdmeTVjY25UTnVIX2FqNlI3YmZrN1dDdkdLdnBhRWRYV3VfRXRYV1c2YjdGZzZIX1lJcDBNOFpiSXZySGNBSW9ITkJqNDZqanFEUmloWXZzc2Y0NHlR?oc=5"" target=""_blank"">Moutai Charts Sustainable Future, Champions Long-Termism at Davos</a>&nbsp;&nbsp;<font color=""#6f6f6f"">Caixin Global</font>",https://news.google.com/rss/articles/CBMiuwFBVV95cUxOSWQ4N09VenV4MjQyWFVxSXFPVFZrZXN1UlZrb213S202eWdyZS1IMU9CRVlDRmZNLWhHRll6MHhkOUtYazNpNDFXU1J2ZUxFd3hLWDN4WHZFSU42b0NUbExaNVJvNjdmeTVjY25UTnVIX2FqNlI3YmZrN1dDdkdLdnBhRWRYV3VfRXRYV1c2YjdGZzZIX1lJcDBNOFpiSXZySGNBSW9ITkJqNDZqanFEUmloWXZzc2Y0NHlR?oc=5,Kweichow Moutai,"Moutai Charts Sustainable Future, Champions Long-Termism at Davos - Caixin Global. Moutai Charts Sustainable Future, Champions Long-Termism at Davos Caixin Global",positive,0.5319935,en,bootstrap,mixed_real_news_v6
2026-02-04,2026-02-04T08:00:00+00:00,600519.SH,"""Kweichow Moutai"" - Google News",The Truth About Kweichow Moutai Co Ltd: China’s $300 Billion Liquor Flex The US Is Sleeping On - AD HOC NEWS,"<a href=""https://news.google.com/rss/articles/CBMiyAFBVV95cUxPcGlySk5faVlUVXBOanc3NTRRZGZad2NjR2RBYWljcFcyX0N5WnNrWG02Q19qRXpNRVpCb3FIU2ZKZjdCQnVVREcyRy1ZRlVnbHpXcDV5QWhsYl9kbVlNaFdXenF6dDdmcjJPVVFnVHdTeDlueFFuOEE1RjZYUHk0RkU4dVNzQnJVb0JJTHlxX1BucGlCT3VlRzBWRXg4WHpaMmoxbVBWcm52NHVmZmlPc2pESnc0U0dTcFFqOUN5V1d0OHQxUHU2Yw?oc=5"" target=""_blank"">The Truth About Kweichow Moutai Co Ltd: China’s $300 Billion Liquor Flex The US Is Sleeping On</a>&nbsp;&nbsp;<font color=""#6f6f6f"">AD HOC NEWS</font>",https://news.google.com/rss/articles/CBMiyAFBVV95cUxPcGlySk5faVlUVXBOanc3NTRRZGZad2NjR2RBYWljcFcyX0N5WnNrWG02Q19qRXpNRVpCb3FIU2ZKZjdCQnVVREcyRy1ZRlVnbHpXcDV5QWhsYl9kbVlNaFdXenF6dDdmcjJPVVFnVHdTeDlueFFuOEE1RjZYUHk0RkU4dVNzQnJVb0JJTHlxX1BucGlCT3VlRzBWRXg4WHpaMmoxbVBWcm52NHVmZmlPc2pESnc0U0dTcFFqOUN5V1d0OHQxUHU2Yw?oc=5,Kweichow Moutai,The Truth About Kweichow Moutai Co Ltd: China’s $300 Billion Liquor Flex The US Is Sleeping On - AD HOC NEWS. The Truth About Kweichow Moutai Co Ltd: China’s $300 Billion Liquor Flex The US Is Sleeping On AD HOC NEWS,neutral,-0.0058806296,en,bootstrap,mixed_real_news_v6
2026-02-10,2026-02-10T08:00:00+00:00,600519.SH,"""Kweichow Moutai"" - Google News",Best Platforms to Track Kweichow Moutai Stock and Digital Assets 2026 - Bitget,"<a href=""https://news.google.com/rss/articles/CBMiwgFBVV95cUxOOG1LWmtic0F1eTlienVjakl4Qm92dlM2cGVhanVTU2ZRQmF3TEdkSlhZeVRKOXVxN29Gb3pmdS1jY1ZoNTh0R0t0NW1rTnRVV2JfYlBaV0V4d0g3R2NXVHNibS02LU04djZqWXNDNmlaMmNNM0NGQUs3UEJrRm5RN2gzX045T3pZbXBFZ09STUFITUotVW00T1laQkFyZTdkby1uM3VONkZjeTktQi1MVDlEWnBBS0h0TGFJcFhoa2djZ9IBxwFBVV95cUxQMlNra1JMV3ZJblRXdTBDM2VlZVRFR1NMSmtPV1hYNGtYcW1lNk5TWXZ0YS1lcUpWLVN3dHZYaFpFS0dpUFhCZWZPb1ZxTDZDRFBYOV9ScnAydVNjN2xfY1FlQzFWQ1ZmejNMMEZBTG5tdXpsSWdJRTVyd3pMdDdtZ01ld3A5TEhVZXRCTFpjT3NwNzk3a0VqcjlkeEhBdEJlMldZNmc2U0pJczZpTUNhdHpFRURmVVJPRlRSUDFHU0J0QlVkUmo0?oc=5"" target=""_blank"">Best Platforms to Track Kweichow Moutai Stock and Digital Assets 2026</a>&nbsp;&nbsp;<font color=""#6f6f6f"">Bitget</font>",https://news.google.com/rss/articles/CBMiwgFBVV95cUxOOG1LWmtic0F1eTlienVjakl4Qm92dlM2cGVhanVTU2ZRQmF3TEdkSlhZeVRKOXVxN29Gb3pmdS1jY1ZoNTh0R0t0NW1rTnRVV2JfYlBaV0V4d0g3R2NXVHNibS02LU04djZqWXNDNmlaMmNNM0NGQUs3UEJrRm5RN2gzX045T3pZbXBFZ09STUFITUotVW00T1laQkFyZTdkby1uM3VONkZjeTktQi1MVDlEWnBBS0h0TGFJcFhoa2djZ9IBxwFBVV95cUxQMlNra1JMV3ZJblRXdTBDM2VlZVRFR1NMSmtPV1hYNGtYcW1lNk5TWXZ0YS1lcUpWLVN3dHZYaFpFS0dpUFhCZWZPb1ZxTDZDRFBYOV9ScnAydVNjN2xfY1FlQzFWQ1ZmejNMMEZBTG5tdXpsSWdJRTVyd3pMdDdtZ01ld3A5TEhVZXRCTFpjT3NwNzk3a0VqcjlkeEhBdEJlMldZNmc2U0pJczZpTUNhdHpFRURmVVJPRlRSUDFHU0J0QlVkUmo0?oc=5,Kweichow Moutai,Best Platforms to Track Kweichow Moutai Stock and Digital Assets 2026 - Bitget. Best Platforms to Track Kweichow Moutai Stock and Digital Assets 2026 Bitget,neutral,0.09123039,en,bootstrap,mixed_real_news_v6
2026-02-14,2026-02-14T08:00:00+00:00,600519.SH,"""Kweichow Moutai"" - Google News","Moutai Sales, Prices Climb Ahead of Lunar New Year - Caixin Global","<a href=""https://news.google.com/rss/articles/CBMipwFBVV95cUxPczhhYlVWRWhQcWtVN0NSeTBuSGV3cVNuM014RzM0SE9jVDVxa3M5NV8wem9iMmtEYnhSMFVZTk1iZjBHa3A0T29HYVM1WFNJQnJPXzhXcUpWSFQtU0xub2QtRjJMQndtQXZsZ2NfNnFtaGFzOTE4VmpqUDJQRk1FTTNXVTQ5aUU2TVBjNDVkNWVSS3licEI3UmQzU2xtQ1YtcVVTbDJPWQ?oc=5"" target=""_blank"">Moutai Sales, Prices Climb Ahead of Lunar New Year</a>&nbsp;&nbsp;<font color=""#6f6f6f"">Caixin Global</font>",https://news.google.com/rss/articles/CBMipwFBVV95cUxPczhhYlVWRWhQcWtVN0NSeTBuSGV3cVNuM014RzM0SE9jVDVxa3M5NV8wem9iMmtEYnhSMFVZTk1iZjBHa3A0T29HYVM1WFNJQnJPXzhXcUpWSFQtU0xub2QtRjJMQndtQXZsZ2NfNnFtaGFzOTE4VmpqUDJQRk1FTTNXVTQ5aUU2TVBjNDVkNWVSS3licEI3UmQzU2xtQ1YtcVVTbDJPWQ?oc=5,Kweichow Moutai,"Moutai Sales, Prices Climb Ahead of Lunar New Year - Caixin Global. Moutai Sales, Prices Climb Ahead of Lunar New Year Caixin Global",positive,0.68916225,en,bootstrap,mixed_real_news_v6
2026-02-24,2026-02-24T08:00:00+00:00,600519.SH,"""Kweichow Moutai"" - Google News",Kweichow Moutai’s $300B Liquor Bet: Opportunity or Value Trap for US Money? - AD HOC NEWS,"<a href=""https://news.google.com/rss/articles/CBMiwwFBVV95cUxQemhjc1dzU3BpNW81YU5QVHdXY3gzLVZONWF0OWpLYzBSZi1FcWhFZDNZWmdoQlo4X3M3Y0xXZjVmUGVDMTlWMWZiVTU3cXd5MTVuQWcyTXA4OEJLLWZBOFFRbk05U3hMdVI4MkFqUnlOZmZSLU5QdUltN05XbjZqcDhocENTN1NmSjJubXZ1a3pDZkhsS1VFVEVsdjBxYmgzams4UjA5ZXdmVkMwVXFjUWlPWGlPS25tVHUyZTV1Ukw4RXc?oc=5"" target=""_blank"">Kweichow Moutai’s $300B Liquor Bet: Opportunity or Value Trap for US Money?</a>&nbsp;&nbsp;<font color=""#6f6f6f"">AD HOC NEWS</font>",https://news.google.com/rss/articles/CBMiwwFBVV95cUxQemhjc1dzU3BpNW81YU5QVHdXY3gzLVZONWF0OWpLYzBSZi1FcWhFZDNZWmdoQlo4X3M3Y0xXZjVmUGVDMTlWMWZiVTU3cXd5MTVuQWcyTXA4OEJLLWZBOFFRbk05U3hMdVI4MkFqUnlOZmZSLU5QdUltN05XbjZqcDhocENTN1NmSjJubXZ1a3pDZkhsS1VFVEVsdjBxYmgzams4UjA5ZXdmVkMwVXFjUWlPWGlPS25tVHUyZTV1Ukw4RXc?oc=5,Kweichow Moutai,Kweichow Moutai’s $300B Liquor Bet: Opportunity or Value Trap for US Money? - AD HOC NEWS. Kweichow Moutai’s $300B Liquor Bet: Opportunity or Value Trap for US Money? AD HOC NEWS,neutral,0.040591028,en,bootstrap,mixed_real_news_v6
2026-02-25,2026-02-25T08:00:00+00:00,600519.SH,"""贵州茅台"" - Google 新闻",飞天茅台出厂价上调至1299元？贵州茅台回应 - 21财经,"<a href=""https://news.google.com/rss/articles/CBMijwFBVV95cUxNam5KYWIyOUhhMkJEbmhkdHZJNjBmdGJkbTlFM3V2cE5sTzlTbTd3ODhvcVp0cVZoOVFWWklNNjk1LXo5aHJqWHU3Wi1MLUZlMHZSeG1pNkIxT21TRExwRVpab3dQMUZpNzdkVWY3eTJ2c1dEM0NLRUZZSjdkNnJqcnZyRG9lSFNoVDFRU3JBSQ?oc=5"" target=""_blank"">飞天茅台出厂价上调至1299元？贵州茅台回应</a>&nbsp;&nbsp;<font color=""#6f6f6f"">21财经</font>",https://news.google.com/rss/articles/CBMijwFBVV95cUxNam5KYWIyOUhhMkJEbmhkdHZJNjBmdGJkbTlFM3V2cE5sTzlTbTd3ODhvcVp0cVZoOVFWWklNNjk1LXo5aHJqWHU3Wi1MLUZlMHZSeG1pNkIxT21TRExwRVpab3dQMUZpNzdkVWY3eTJ2c1dEM0NLRUZZSjdkNnJqcnZyRG9lSFNoVDFRU3JBSQ?oc=5,贵州茅台,飞天茅台出厂价上调至1299元？贵州茅台回应 - 21财经. 飞天茅台出厂价上调至1299元？贵州茅台回应 21财经,neutral,0.03360978,zh,bootstrap,mixed_real_news_v6
2026-03-03,2026-03-03T08:00:00+00:00,600519.SH,"""Kweichow Moutai"" - Google News",Annual performance of Kweichow Moutai shares on SSE China 2011-2023 - Statista,"<a href=""https://news.google.com/rss/articles/CBMilgFBVV95cUxQVHk4a1hDdmU5YU9lYThMWTJzcTBLYWxHZUgyQzRRQkxkZUx4cUgwVVcwYjBnTk9Fdk5DelR6RWd2MUJXUFJRajBIR2VYZnRQVURJYTdCLXA2YzMtSzBxUW11bFhqZTdRXzBMVEpRSEF2S0ZVMEpfbVNna3NKYlZMVXRBQWFXdXZVbTJBWWJUOVFlYnV3Vnc?oc=5"" target=""_blank"">Annual performance of Kweichow Moutai shares on SSE China 2011-2023</a>&nbsp;&nbsp;<font color=""#6f6f6f"">Statista</font>",https://news.google.com/rss/articles/CBMilgFBVV95cUxQVHk4a1hDdmU5YU9lYThMWTJzcTBLYWxHZUgyQzRRQkxkZUx4cUgwVVcwYjBnTk9Fdk5DelR6RWd2MUJXUFJRajBIR2VYZnRQVURJYTdCLXA2YzMtSzBxUW11bFhqZTdRXzBMVEpRSEF2S0ZVMEpfbVNna3NKYlZMVXRBQWFXdXZVbTJBWWJUOVFlYnV3Vnc?oc=5,Kweichow Moutai,Annual performance of Kweichow Moutai shares on SSE China 2011-2023 - Statista. Annual performance of Kweichow Moutai shares on SSE China 2011-2023 Statista,neutral,0.032121524,en,bootstrap,mixed_real_news_v6
2026-03-10,2026-03-10T07:00:00+00:00,600519.SH,"""贵州茅台"" - Google 新闻",贵州茅台 以匠心铸品质，以责任筑未来 书写民族品牌高质量发展新篇章 - 人民网贵州,"<a href=""https://news.google.com/rss/articles/CBMiakFVX3lxTE5SWDRxSkFIR0dSdlhEampvYU5qWmx5WTdmeGZKa2NiZk5pNFVDbGdvd1ZtRVFnN3NvQlNBZERyQjlBS2pnQTRtUTdMWk1mM2ZWdGRhYThFbmxoWHBycHpwMmhzaVhLYURqeEE?oc=5"" target=""_blank"">贵州茅台 以匠心铸品质，以责任筑未来 书写民族品牌高质量发展新篇章</a>&nbsp;&nbsp;<font color=""#6f6f6f"">人民网贵州</font>",https://news.google.com/rss/articles/CBMiakFVX3lxTE5SWDRxSkFIR0dSdlhEampvYU5qWmx5WTdmeGZKa2NiZk5pNFVDbGdvd1ZtRVFnN3NvQlNBZERyQjlBS2pnQTRtUTdMWk1mM2ZWdGRhYThFbmxoWHBycHpwMmhzaVhLYURqeEE?oc=5,贵州茅台,贵州茅台 以匠心铸品质，以责任筑未来 书写民族品牌高质量发展新篇章 - 人民网贵州. 贵州茅台 以匠心铸品质，以责任筑未来 书写民族品牌高质量发展新篇章 人民网贵州,neutral,0.051440846,zh,bootstrap,mixed_real_news_v6
2026-03-13,2026-03-13T07:00:00+00:00,600519.SH,"""贵州茅台"" - Google 新闻",贵州茅台董秘蒋焰严重违纪违法被留置 此前已被“带走” - 21财经,"<a href=""https://news.google.com/rss/articles/CBMijwFBVV95cUxOdERtODNPMzFWcUU1c1E2cy1lRHQzbE9VQ29iM291NWtqaEx2NURTeFYzd3pGM0lqck4wSU1wMVN6Yl82WkFRSXdZMExMbE1XdTE3b0dtNGp0SktCamc4cmc1d3lKSFRmdjM0a2tYbzFxaXlILVFuYUZYZ2xGcHF3XzFBWHZyNEpXUGZFeHN0TQ?oc=5"" target=""_blank"">贵州茅台董秘蒋焰严重违纪违法被留置 此前已被“带走”</a>&nbsp;&nbsp;<font color=""#6f6f6f"">21财经</font>",https://news.google.com/rss/articles/CBMijwFBVV95cUxOdERtODNPMzFWcUU1c1E2cy1lRHQzbE9VQ29iM291NWtqaEx2NURTeFYzd3pGM0lqck4wSU1wMVN6Yl82WkFRSXdZMExMbE1XdTE3b0dtNGp0SktCamc4cmc1d3lKSFRmdjM0a2tYbzFxaXlILVFuYUZYZ2xGcHF3XzFBWHZyNEpXUGZFeHN0TQ?oc=5,贵州茅台,贵州茅台董秘蒋焰严重违纪违法被留置 此前已被“带走” - 21财经. 贵州茅台董秘蒋焰严重违纪违法被留置 此前已被“带走” 21财经,neutral,0.086220436,zh,bootstrap,mixed_real_news_v6
2026-03-13,2026-03-13T07:00:00+00:00,600519.SH,"""贵州茅台"" - Google 新闻",突发！贵州茅台董秘蒋焰被查！ - 证券时报,"<a href=""https://news.google.com/rss/articles/CBMiXEFVX3lxTFBVT0szbUVUYVdXOFQtZjZxUWF3d2RRQ3ZNN2h4bXhwVHU4eFk2Ylk1M1NDeFdCUEJoQTdzb0xuVnJjXzlhX0xqT2Z1VHZuMjN5UkxXYzBLbmxBdm1T?oc=5"" target=""_blank"">突发！贵州茅台董秘蒋焰被查！</a>&nbsp;&nbsp;<font color=""#6f6f6f"">证券时报</font>",https://news.google.com/rss/articles/CBMiXEFVX3lxTFBVT0szbUVUYVdXOFQtZjZxUWF3d2RRQ3ZNN2h4bXhwVHU4eFk2Ylk1M1NDeFdCUEJoQTdzb0xuVnJjXzlhX0xqT2Z1VHZuMjN5UkxXYzBLbmxBdm1T?oc=5,贵州茅台,突发！贵州茅台董秘蒋焰被查！ - 证券时报. 突发！贵州茅台董秘蒋焰被查！ 证券时报,neutral,0.0095007345,zh,bootstrap,mixed_real_news_v6
2026-03-13,2026-03-13T07:00:00+00:00,600519.SH,"""贵州茅台"" - Google 新闻",涉嫌严重违纪违法，贵州茅台副总经理、财务总监、董秘蒋焰被实施留置 - 东方财富,"<a href=""https://news.google.com/rss/articles/CBMiYEFVX3lxTE5IVWNJdFM3RV95Nm9PU2xDR19MeVZTTnhZX2trN3M4dkRKc2ZZbFFkSmN3bUFtTUR1ZUxIdS1wVS0ySXpzenVfQk8zRzRGNlpjSHdJQVlfWXNYdjhxWGdJRg?oc=5"" target=""_blank"">涉嫌严重违纪违法，贵州茅台副总经理、财务总监、董秘蒋焰被实施留置</a>&nbsp;&nbsp;<font color=""#6f6f6f"">东方财富</font>",https://news.google.com/rss/articles/CBMiYEFVX3lxTE5IVWNJdFM3RV95Nm9PU2xDR19MeVZTTnhZX2trN3M4dkRKc2ZZbFFkSmN3bUFtTUR1ZUxIdS1wVS0ySXpzenVfQk8zRzRGNlpjSHdJQVlfWXNYdjhxWGdJRg?oc=5,贵州茅台,涉嫌严重违纪违法，贵州茅台副总经理、财务总监、董秘蒋焰被实施留置 - 东方财富. 涉嫌严重违纪违法，贵州茅台副总经理、财务总监、董秘蒋焰被实施留置 东方财富,neutral,0.038845923,zh,bootstrap,mixed_real_news_v6
2026-03-13,2026-03-13T07:00:00+00:00,600519.SH,"""贵州茅台"" - Google 新闻",贵州茅台董秘蒋焰被查 - 东方财富,"<a href=""https://news.google.com/rss/articles/CBMiYEFVX3lxTFBIOFpoYVVETllUcUdFLWNvS1Fsc25uQnpSeGNfUEw1TWdxOHFPQlcyMFlfc0lQSzU4TG41SHh4RjE2RzJyN0Z1WFBkTGI3VjIzR0haRG1ZQWNIWDNmaGROSQ?oc=5"" target=""_blank"">贵州茅台董秘蒋焰被查</a>&nbsp;&nbsp;<font color=""#6f6f6f"">东方财富</font>",https://news.google.com/rss/articles/CBMiYEFVX3lxTFBIOFpoYVVETllUcUdFLWNvS1Fsc25uQnpSeGNfUEw1TWdxOHFPQlcyMFlfc0lQSzU4TG41SHh4RjE2RzJyN0Z1WFBkTGI3VjIzR0haRG1ZQWNIWDNmaGROSQ?oc=5,贵州茅台,贵州茅台董秘蒋焰被查 - 东方财富. 贵州茅台董秘蒋焰被查 东方财富,neutral,0.009335306,zh,bootstrap,mixed_real_news_v6
2026-03-19,2026-03-19T07:00:00+00:00,600519.SH,"""Kweichow Moutai"" - Google News",In Profile: Moutai CFO Probed as Anti-Graft Campaign Deepens - Caixin Global,"<a href=""https://news.google.com/rss/articles/CBMitAFBVV95cUxOczF5MnlKNnJGR1dFelRJRUFnWmRUQzUzUDYzbTM4aUdsZWMzbXpIcHlqbDFIY2dyejMtUnFiTmh5M09FM2gtMW4yT0dCZjY0MlUwd3Zqdy1wczJVMnVzSFp5Y1NoZmpCX3Mwc0Y3dU9rTVB0bTNRQ1VqM0lPRDNyZUtJMnpUdmpTX2NzbkJwRWdPX2YtVEFvT1RUX2lOaHVEendVYWRyR1FKYjMzYlJrZXNkbUk?oc=5"" target=""_blank"">In Profile: Moutai CFO Probed as Anti-Graft Campaign Deepens</a>&nbsp;&nbsp;<font color=""#6f6f6f"">Caixin Global</font>",https://news.google.com/rss/articles/CBMitAFBVV95cUxOczF5MnlKNnJGR1dFelRJRUFnWmRUQzUzUDYzbTM4aUdsZWMzbXpIcHlqbDFIY2dyejMtUnFiTmh5M09FM2gtMW4yT0dCZjY0MlUwd3Zqdy1wczJVMnVzSFp5Y1NoZmpCX3Mwc0Y3dU9rTVB0bTNRQ1VqM0lPRDNyZUtJMnpUdmpTX2NzbkJwRWdPX2YtVEFvT1RUX2lOaHVEendVYWRyR1FKYjMzYlJrZXNkbUk?oc=5,Kweichow Moutai,In Profile: Moutai CFO Probed as Anti-Graft Campaign Deepens - Caixin Global. In Profile: Moutai CFO Probed as Anti-Graft Campaign Deepens Caixin Global,neutral,0.022045191,en,bootstrap,mixed_real_news_v6
2026-03-22,2026-03-22T07:00:00+00:00,600519.SH,"""Kweichow Moutai"" - Google News",KWEICHOW MOUTAI Holds 2026 International Distributor Conference - GlobeNewswire,"<a href=""https://news.google.com/rss/articles/CBMi0AFBVV95cUxOR3NWS3I2RUlyb3Q3aTVpWHhBbXRPUnJMSHA3cXVzd2VUOTVjU1JTX3ZtREMxanBCTkFZYVJGV19aVS1CUU9FdjRZWVhYdEN1eXdoRi0wNHl4Yk9DRm1nVTQ3bFVpLWxIZXhYbFVxa0k2bF9WWGthSlBpaUJjaWxSUFFHcEszdXdJeWlnQlBiUmd6TmZySUxONHFpSkRKSGZkb0d5aTRNTnQ5cmgydDR4RkowN2hLMmliNmJZVnQ4LUkwUEpOMmR5eW9wY1dBZ0t6?oc=5"" target=""_blank"">KWEICHOW MOUTAI Holds 2026 International Distributor Conference</a>&nbsp;&nbsp;<font color=""#6f6f6f"">GlobeNewswire</font>",https://news.google.com/rss/articles/CBMi0AFBVV95cUxOR3NWS3I2RUlyb3Q3aTVpWHhBbXRPUnJMSHA3cXVzd2VUOTVjU1JTX3ZtREMxanBCTkFZYVJGV19aVS1CUU9FdjRZWVhYdEN1eXdoRi0wNHl4Yk9DRm1nVTQ3bFVpLWxIZXhYbFVxa0k2bF9WWGthSlBpaUJjaWxSUFFHcEszdXdJeWlnQlBiUmd6TmZySUxONHFpSkRKSGZkb0d5aTRNTnQ5cmgydDR4RkowN2hLMmliNmJZVnQ4LUkwUEpOMmR5eW9wY1dBZ0t6?oc=5,Kweichow Moutai,KWEICHOW MOUTAI Holds 2026 International Distributor Conference - GlobeNewswire. KWEICHOW MOUTAI Holds 2026 International Distributor Conference GlobeNewswire,neutral,0.0010981467,en,bootstrap,mixed_real_news_v6
2026-03-27,2026-03-27T07:00:00+00:00,600519.SH,"""600519"" - Google 新闻",股票行情快报：贵州茅台（600519）3月27日主力资金净买入3.44亿元_主力研究 - 证券之星,"<a href=""https://news.google.com/rss/articles/CBMiYkFVX3lxTFBjMTVDX0NZZHBYYmJ0ZmdPcHlTaE5LenFXVWt2emVTV0FHRV9NZW5nUl9LRFUtRkdJWUg3SHNnblVmZ1QyQVVzbkp3NUYxQUFDTmxUdW5fT2Q2QXFDUldhdVV3?oc=5"" target=""_blank"">股票行情快报：贵州茅台（600519）3月27日主力资金净买入3.44亿元_主力研究</a>&nbsp;&nbsp;<font color=""#6f6f6f"">证券之星</font>",https://news.google.com/rss/articles/CBMiYkFVX3lxTFBjMTVDX0NZZHBYYmJ0ZmdPcHlTaE5LenFXVWt2emVTV0FHRV9NZW5nUl9LRFUtRkdJWUg3SHNnblVmZ1QyQVVzbkp3NUYxQUFDTmxUdW5fT2Q2QXFDUldhdVV3?oc=5,600519,股票行情快报：贵州茅台（600519）3月27日主力资金净买入3.44亿元_主力研究 - 证券之星. 股票行情快报：贵州茅台（600519）3月27日主力资金净买入3.44亿元_主力研究 证券之星,neutral,0.099220045,zh,bootstrap,mixed_real_news_v6
2026-03-29,2026-03-29T07:00:00+00:00,600519.SH,"""600519"" - Google 新闻",贵州茅台2000万元项目的招标疑云：限高企业“过五关斩六将”，顺利中标！ - 东方财富,"<a href=""https://news.google.com/rss/articles/CBMiswFBVV95cUxOTk9BQU15WHR3dmNGM0NEc2lrSDVSUU5kQXhkR0tIVFJlOEREY2tkanlqTDNDdmxwUjhXOWo0TzZ5MnpzdW5LeTBMNk5KWEhsZ25xQm11cURNM0d4LWVIWHZIQ2hsanlHb3NtRG9fak9sbDRod2R4OXpQUXV0UmtLaHlncjEzN0hEc1dtbzViZmJPaGctb2VndDVNTkxPbzFtd3ZNdExlX0R3V2F5RnB1MkNkcw?oc=5"" target=""_blank"">贵州茅台2000万元项目的招标疑云：限高企业“过五关斩六将”，顺利中标！</a>&nbsp;&nbsp;<font color=""#6f6f6f"">东方财富</font>",https://news.google.com/rss/articles/CBMiswFBVV95cUxOTk9BQU15WHR3dmNGM0NEc2lrSDVSUU5kQXhkR0tIVFJlOEREY2tkanlqTDNDdmxwUjhXOWo0TzZ5MnpzdW5LeTBMNk5KWEhsZ25xQm11cURNM0d4LWVIWHZIQ2hsanlHb3NtRG9fak9sbDRod2R4OXpQUXV0UmtLaHlncjEzN0hEc1dtbzViZmJPaGctb2VndDVNTkxPbzFtd3ZNdExlX0R3V2F5RnB1MkNkcw?oc=5,600519,贵州茅台2000万元项目的招标疑云：限高企业“过五关斩六将”，顺利中标！ - 东方财富. 贵州茅台2000万元项目的招标疑云：限高企业“过五关斩六将”，顺利中标！ 东方财富,neutral,0.06314354,zh,bootstrap,mixed_real_news_v6
2026-03-30,2026-03-30T07:00:00+00:00,600519.SH,"""Kweichow Moutai"" - Google News",Moutai Shares Surge After It Hikes Price of Flagship Liquor - Bloomberg,"<a href=""https://news.google.com/rss/articles/CBMirwFBVV95cUxOMkoyRjhNUHJKZERrazNyb0NsdFloMzU1ZTVNQXRzRU9MSzNSTVdLcEZyQ0lCUHc2SE5MTWw5RlhvODhlU2lLUEp1Yy1QUFBNQnJTcjBBaHdoRUlnWmdsUFZKSkZjR1RqRGU4cmFyV09hMDlCV014cFNwb2VWMUV4RzRYamJsYkppVDVXVVV2RWxBbjFvYzl6RF9lWkVVYjNVaW1mWjR3WnpmeXpGZ01V?oc=5"" target=""_blank"">Moutai Shares Surge After It Hikes Price of Flagship Liquor</a>&nbsp;&nbsp;<font color=""#6f6f6f"">Bloomberg</font>",https://news.google.com/rss/articles/CBMirwFBVV95cUxOMkoyRjhNUHJKZERrazNyb0NsdFloMzU1ZTVNQXRzRU9MSzNSTVdLcEZyQ0lCUHc2SE5MTWw5RlhvODhlU2lLUEp1Yy1QUFBNQnJTcjBBaHdoRUlnWmdsUFZKSkZjR1RqRGU4cmFyV09hMDlCV014cFNwb2VWMUV4RzRYamJsYkppVDVXVVV2RWxBbjFvYzl6RF9lWkVVYjNVaW1mWjR3WnpmeXpGZ01V?oc=5,Kweichow Moutai,Moutai Shares Surge After It Hikes Price of Flagship Liquor - Bloomberg. Moutai Shares Surge After It Hikes Price of Flagship Liquor Bloomberg,positive,0.8738278,en,bootstrap,mixed_real_news_v6
2026-03-30,2026-03-30T07:00:00+00:00,600519.SH,"""贵州茅台"" - Google News",贵州茅台：免去蒋焰副总经理等职务 - TradingView,"<a href=""https://news.google.com/rss/articles/CBMia0FVX3lxTE9uWnlTRlFrb0pnYVlMRGlOakJfdFlHaEd0VURkSk5xNG9uSnFjT184RHRUVzlwYXR0b3RUZkZVd1ZfRnRoN08yXzh2elUwZ3pUSVZnb2hJQzR5Q0daR1l6Y3hiMmNkSHB0WGZZ?oc=5"" target=""_blank"">贵州茅台：免去蒋焰副总经理等职务</a>&nbsp;&nbsp;<font color=""#6f6f6f"">TradingView</font>",https://news.google.com/rss/articles/CBMia0FVX3lxTE9uWnlTRlFrb0pnYVlMRGlOakJfdFlHaEd0VURkSk5xNG9uSnFjT184RHRUVzlwYXR0b3RUZkZVd1ZfRnRoN08yXzh2elUwZ3pUSVZnb2hJQzR5Q0daR1l6Y3hiMmNkSHB0WGZZ?oc=5,贵州茅台,贵州茅台：免去蒋焰副总经理等职务 - TradingView. 贵州茅台：免去蒋焰副总经理等职务 TradingView,neutral,0.01639111,zh,bootstrap,mixed_real_news_v6
2026-03-30,2026-03-30T07:00:00+00:00,600519.SH,"""贵州茅台"" - Google 新闻",贵州茅台时隔近两年半再提价，飞天茅台自营体系零售价调整为1539元/瓶 - 东方财富,"<a href=""https://news.google.com/rss/articles/CBMiYEFVX3lxTFBkQ01JT1d5QWpCemVRUFA2VGFpbG85R1dhYmZBVlQ4MHNhbEI4WHN1dEg0WGVyYmNXSkNpQUR0SXlqNmZzaEZqbmg3OWxVeUdzbzB0Um9lYlZ6aHhsaFhtYQ?oc=5"" target=""_blank"">贵州茅台时隔近两年半再提价，飞天茅台自营体系零售价调整为1539元/瓶</a>&nbsp;&nbsp;<font color=""#6f6f6f"">东方财富</font>",https://news.google.com/rss/articles/CBMiYEFVX3lxTFBkQ01JT1d5QWpCemVRUFA2VGFpbG85R1dhYmZBVlQ4MHNhbEI4WHN1dEg0WGVyYmNXSkNpQUR0SXlqNmZzaEZqbmg3OWxVeUdzbzB0Um9lYlZ6aHhsaFhtYQ?oc=5,贵州茅台,贵州茅台时隔近两年半再提价，飞天茅台自营体系零售价调整为1539元/瓶 - 东方财富. 贵州茅台时隔近两年半再提价，飞天茅台自营体系零售价调整为1539元/瓶 东方财富,neutral,0.0405934,zh,bootstrap,mixed_real_news_v6
2026-03-30,2026-03-30T07:00:00+00:00,600519.SH,"""贵州茅台"" - Google 新闻",贵州茅台将上调飞天茅台价格，自营体系零售价调整为1539元/瓶 - 东方财富,"<a href=""https://news.google.com/rss/articles/CBMiYEFVX3lxTE13VXVZaGlHelRScURINldWY1cyRUg3VWdOVnhEUEZ2WXl6SWtDZHlJWmFSQUpScW1MSkVtejdFT1M3NGtGTU1PbE5qR25GNDBkQVkxZlVNUzBCTC00RldqLQ?oc=5"" target=""_blank"">贵州茅台将上调飞天茅台价格，自营体系零售价调整为1539元/瓶</a>&nbsp;&nbsp;<font color=""#6f6f6f"">东方财富</font>",https://news.google.com/rss/articles/CBMiYEFVX3lxTE13VXVZaGlHelRScURINldWY1cyRUg3VWdOVnhEUEZ2WXl6SWtDZHlJWmFSQUpScW1MSkVtejdFT1M3NGtGTU1PbE5qR25GNDBkQVkxZlVNUzBCTC00RldqLQ?oc=5,贵州茅台,贵州茅台将上调飞天茅台价格，自营体系零售价调整为1539元/瓶 - 东方财富. 贵州茅台将上调飞天茅台价格，自营体系零售价调整为1539元/瓶 东方财富,neutral,0.03431961,zh,bootstrap,mixed_real_news_v6
2026-03-30,2026-03-30T07:00:00+00:00,600519.SH,"""贵州茅台"" - Google 新闻",贵州茅台：53度飞天茅台自营体系零售价由1499元/瓶调整为1539元/瓶 - 新浪财经,"<a href=""https://news.google.com/rss/articles/CBMihwFBVV95cUxOMGw0cjRtSmF0bkN3NkRKbmNFazBOQWFIb0FLVThQT0hkRGgxRi1yUzlWcW9kMW9mOFd0b0xFcHRJdUNRN1dsZmJWc05lZkJuVmxSRlg3d3pvNzRFN1FpbnBnMTBucUNEYlpMZGh2c2czRHd4eWc5UjFlWms5R1VjekdoeXRuTjg?oc=5"" target=""_blank"">贵州茅台：53度飞天茅台自营体系零售价由1499元/瓶调整为1539元/瓶</a>&nbsp;&nbsp;<font color=""#6f6f6f"">新浪财经</font>",https://news.google.com/rss/articles/CBMihwFBVV95cUxOMGw0cjRtSmF0bkN3NkRKbmNFazBOQWFIb0FLVThQT0hkRGgxRi1yUzlWcW9kMW9mOFd0b0xFcHRJdUNRN1dsZmJWc05lZkJuVmxSRlg3d3pvNzRFN1FpbnBnMTBucUNEYlpMZGh2c2czRHd4eWc5UjFlWms5R1VjekdoeXRuTjg?oc=5,贵州茅台,贵州茅台：53度飞天茅台自营体系零售价由1499元/瓶调整为1539元/瓶 - 新浪财经. 贵州茅台：53度飞天茅台自营体系零售价由1499元/瓶调整为1539元/瓶 新浪财经,neutral,0.027811065,zh,bootstrap,mixed_real_news_v6
2026-03-30,2026-03-30T07:00:00+00:00,600519.SH,"""600519"" - Google 新闻",贵州茅台(600519.SH)时隔2年再次涨价：飞天茅台涨至1539元/瓶 - 东方财富,"<a href=""https://news.google.com/rss/articles/CBMiswFBVV95cUxNX0FDSXZsaGFZeUZXeW5ZS1ZPejJ2bHNyNEZlR1o0WWNvdlh3MmV6TE1tcGFXWVZOMXRiZGlxTGNsUE5kYWU1WXJHTHZzWlhUYXZ2OW1NRmJtVW8ydGQ3NjY1RTVScFR1d2VxVFJrU1l0eGpJVnJPeTZpam5BSnY5VHo3Q3dOLXUtRHJOV3lYcWd6V2xOU0hsRUM4NzFicklUeXAza2hIQmdKc29aZW82cFlENA?oc=5"" target=""_blank"">贵州茅台(600519.SH)时隔2年再次涨价：飞天茅台涨至1539元/瓶</a>&nbsp;&nbsp;<font color=""#6f6f6f"">东方财富</font>",https://news.google.com/rss/articles/CBMiswFBVV95cUxNX0FDSXZsaGFZeUZXeW5ZS1ZPejJ2bHNyNEZlR1o0WWNvdlh3MmV6TE1tcGFXWVZOMXRiZGlxTGNsUE5kYWU1WXJHTHZzWlhUYXZ2OW1NRmJtVW8ydGQ3NjY1RTVScFR1d2VxVFJrU1l0eGpJVnJPeTZpam5BSnY5VHo3Q3dOLXUtRHJOV3lYcWd6V2xOU0hsRUM4NzFicklUeXAza2hIQmdKc29aZW82cFlENA?oc=5,600519,贵州茅台(600519.SH)时隔2年再次涨价：飞天茅台涨至1539元/瓶 - 东方财富. 贵州茅台(600519.SH)时隔2年再次涨价：飞天茅台涨至1539元/瓶 东方财富,neutral,0.023243655,zh,bootstrap,mixed_real_news_v6
2026-03-30,2026-03-30T17:01:00+00:00,600519.SH,Kweichow Moutai - Bing新聞,貴州茅臺 股票預測,我們的 Kweichow Moutai Co Ltd 普遍預期頁是基於分析師的一致預測，涵蓋了上市公司的每股收益和收入。 我們會提供給您貴州茅臺強買、強賣或持有的整體普遍預測，根據分析師的12個月的價格目標。,http://www.bing.com/news/apiclick.aspx?ref=FexRss&aid=&tid=69fb16c4161b414c91e7ba69502d545a&url=https%3a%2f%2fhk.investing.com%2fequities%2fmoutai-consensus-estimates&c=9457423092395248310&mkt=zh-tw,Kweichow Moutai,貴州茅臺 股票預測. 我們的 Kweichow Moutai Co Ltd 普遍預期頁是基於分析師的一致預測，涵蓋了上市公司的每股收益和收入。 我們會提供給您貴州茅臺強買、強賣或持有的整體普遍預測，根據分析師的12個月的價格目標。,neutral,0.04089359,zh,bootstrap,mixed_real_news_v6
2026-03-31,2026-03-31T07:00:00+00:00,600519.SH,"""Kweichow Moutai"" - Google News",Moutai Shares Jump 4.2% After Feitian Price Increase Announcemen - GuruFocus,"<a href=""https://news.google.com/rss/articles/CBMipAFBVV95cUxPQ1dlVkZLeFF5c01hMThCVHpmMlVJMW5LcjEtVFpuYXozRHM2ZTZWMThUT19Yc1dkczVlUjFkampicXhxMi1ZZWIxYktTRU9WUkcwSVRlc2R3UEdvVDlZVHFlcGoxS0puYzE0T3B5VDJjWkFRTEVrSTBqYjY5dDdRS1FXS1lRV0lXMXYzemhjRnRPZmVHbXhBVGlxa0xzeVR4cFNRYQ?oc=5"" target=""_blank"">Moutai Shares Jump 4.2% After Feitian Price Increase Announcemen</a>&nbsp;&nbsp;<font color=""#6f6f6f"">GuruFocus</font>",https://news.google.com/rss/articles/CBMipAFBVV95cUxPQ1dlVkZLeFF5c01hMThCVHpmMlVJMW5LcjEtVFpuYXozRHM2ZTZWMThUT19Yc1dkczVlUjFkampicXhxMi1ZZWIxYktTRU9WUkcwSVRlc2R3UEdvVDlZVHFlcGoxS0puYzE0T3B5VDJjWkFRTEVrSTBqYjY5dDdRS1FXS1lRV0lXMXYzemhjRnRPZmVHbXhBVGlxa0xzeVR4cFNRYQ?oc=5,Kweichow Moutai,Moutai Shares Jump 4.2% After Feitian Price Increase Announcemen - GuruFocus. Moutai Shares Jump 4.2% After Feitian Price Increase Announcemen GuruFocus,positive,0.6550672,en,bootstrap,mixed_real_news_v6
2026-03-31,2026-03-31T07:00:00+00:00,600519.SH,"""贵州茅台"" - Google 新闻",官宣提价后，贵州茅台股价大涨，专家称分化与出清仍是行业主旋律 - 21财经,"<a href=""https://news.google.com/rss/articles/CBMijwFBVV95cUxNUE16eHNzb21aRGp1eC1ybVZPNG1zZlVqYnVnT0dGdFMxNG5qb1BVNUk3bEw4dXhKdE1nanV6VnV6MEhaTEdiVUk5aEJjdXdUUE1GWWU4YkJZM0N3blB6YjhNempnakVWZlZXV2JJVFM3ZDdTTTVsOVlydVNWNjdlV1Zxcnc0VElZSWVmNDRsOA?oc=5"" target=""_blank"">官宣提价后，贵州茅台股价大涨，专家称分化与出清仍是行业主旋律</a>&nbsp;&nbsp;<font color=""#6f6f6f"">21财经</font>",https://news.google.com/rss/articles/CBMijwFBVV95cUxNUE16eHNzb21aRGp1eC1ybVZPNG1zZlVqYnVnT0dGdFMxNG5qb1BVNUk3bEw4dXhKdE1nanV6VnV6MEhaTEdiVUk5aEJjdXdUUE1GWWU4YkJZM0N3blB6YjhNempnakVWZlZXV2JJVFM3ZDdTTTVsOVlydVNWNjdlV1Zxcnc0VElZSWVmNDRsOA?oc=5,贵州茅台,官宣提价后，贵州茅台股价大涨，专家称分化与出清仍是行业主旋律 - 21财经. 官宣提价后，贵州茅台股价大涨，专家称分化与出清仍是行业主旋律 21财经,neutral,0.039546035,zh,bootstrap,mixed_real_news_v6
2026-03-31,2026-03-31T07:00:00+00:00,600519.SH,"""贵州茅台"" - Google 新闻",时隔三年再提价，贵州茅台为何选择提价？ - thepaper.cn,"<a href=""https://news.google.com/rss/articles/CBMiXkFVX3lxTE9Fb2hQOVF5M3dmcmoyVEFSNzV6b3NkM1BuVEZ0eDhTNFBMS1AwcHVMaHlJa08zSWM5aktZcUZ2OW8yZnMxMm53dGJFd0J5QjJpQjBkeE1WQkd4TjV5V2c?oc=5"" target=""_blank"">时隔三年再提价，贵州茅台为何选择提价？</a>&nbsp;&nbsp;<font color=""#6f6f6f"">thepaper.cn</font>",https://news.google.com/rss/articles/CBMiXkFVX3lxTE9Fb2hQOVF5M3dmcmoyVEFSNzV6b3NkM1BuVEZ0eDhTNFBMS1AwcHVMaHlJa08zSWM5aktZcUZ2OW8yZnMxMm53dGJFd0J5QjJpQjBkeE1WQkd4TjV5V2c?oc=5,贵州茅台,时隔三年再提价，贵州茅台为何选择提价？ - thepaper.cn. 时隔三年再提价，贵州茅台为何选择提价？ thepaper.cn,neutral,0.011442428,zh,bootstrap,mixed_real_news_v6
2026-03-31,2026-03-31T14:53:43+00:00,600519.SH,"""Kweichow Moutai"" - Google News",Moutai shares surge after it hikes price of flagship liquor - Jing Daily,"<a href=""https://news.google.com/rss/articles/CBMikAFBVV95cUxPa0VvT1FDZFo2N1hYLUd3Um90TnhwUDdCMVBUckczaHdwaFlYM0NRQi1NWE1BbllXSFJGTGNTUWlvVlVsZ3lPWUtaQzN1TV91N0ZzV3ZHcEpuSE96cjRzYjIwSWx2aHd2Vng2YWhwaVV6bTRiUW5JNzkwVGlhTEcyclRaeDk4QkVWU2Nub0h0WlA?oc=5"" target=""_blank"">Moutai shares surge after it hikes price of flagship liquor</a>&nbsp;&nbsp;<font color=""#6f6f6f"">Jing Daily</font>",https://news.google.com/rss/articles/CBMikAFBVV95cUxPa0VvT1FDZFo2N1hYLUd3Um90TnhwUDdCMVBUckczaHdwaFlYM0NRQi1NWE1BbllXSFJGTGNTUWlvVlVsZ3lPWUtaQzN1TV91N0ZzV3ZHcEpuSE96cjRzYjIwSWx2aHd2Vng2YWhwaVV6bTRiUW5JNzkwVGlhTEcyclRaeDk4QkVWU2Nub0h0WlA?oc=5,Kweichow Moutai,Moutai shares surge after it hikes price of flagship liquor - Jing Daily. Moutai shares surge after it hikes price of flagship liquor Jing Daily,positive,0.87571615,en,bootstrap,mixed_real_news_v6
2026-04-02,2026-04-02T07:00:00+00:00,600519.SH,"""贵州茅台"" - Google 新闻",贵州茅台：截至3月底已斥资11.12亿元回购79.42万股 - thepaper.cn,"<a href=""https://news.google.com/rss/articles/CBMiXkFVX3lxTE12MFpfVXUzVklfZUJ4YmRBMFdTMmxENENldE5MdEtwRlR1N2JNU2FjVkpfMTBpSXNWNngyWVF6aEc3dTZ4UUlGdmpjRTRPVy1sNXZkVElUZnVkeElsVUE?oc=5"" target=""_blank"">贵州茅台：截至3月底已斥资11.12亿元回购79.42万股</a>&nbsp;&nbsp;<font color=""#6f6f6f"">thepaper.cn</font>",https://news.google.com/rss/articles/CBMiXkFVX3lxTE12MFpfVXUzVklfZUJ4YmRBMFdTMmxENENldE5MdEtwRlR1N2JNU2FjVkpfMTBpSXNWNngyWVF6aEc3dTZ4UUlGdmpjRTRPVy1sNXZkVElUZnVkeElsVUE?oc=5,贵州茅台,贵州茅台：截至3月底已斥资11.12亿元回购79.42万股 - thepaper.cn. 贵州茅台：截至3月底已斥资11.12亿元回购79.42万股 thepaper.cn,neutral,0.0016162954,zh,bootstrap,mixed_real_news_v6
2026-04-02,2026-04-02T07:00:00+00:00,600519.SH,"""600519"" - Google 新闻",贵州茅台(600519.SH)：累计回购79.42万股公司股份 - TradingView,"<a href=""https://news.google.com/rss/articles/CBMia0FVX3lxTE1BZC1VUTNxQkpBelFNN2dqbkRETk1WYVUzdUJEUTBIYkFKTHdoYVUwSVE0TklneVk1b1ItNmh4am1DOUhNTVppS0JnQ011RnlYUlZDYUNlVDFmRGF0RHJnV1NDRTdqRC00aEdn?oc=5"" target=""_blank"">贵州茅台(600519.SH)：累计回购79.42万股公司股份</a>&nbsp;&nbsp;<font color=""#6f6f6f"">TradingView</font>",https://news.google.com/rss/articles/CBMia0FVX3lxTE1BZC1VUTNxQkpBelFNN2dqbkRETk1WYVUzdUJEUTBIYkFKTHdoYVUwSVE0TklneVk1b1ItNmh4am1DOUhNTVppS0JnQ011RnlYUlZDYUNlVDFmRGF0RHJnV1NDRTdqRC00aEdn?oc=5,600519,贵州茅台(600519.SH)：累计回购79.42万股公司股份 - TradingView. 贵州茅台(600519.SH)：累计回购79.42万股公司股份 TradingView,neutral,0.008897891,zh,bootstrap,mixed_real_news_v6
2026-04-13,2026-04-13T07:00:00+00:00,600519.SH,"""贵州茅台"" - Google 新闻",总经理王莉被带走调查？贵州茅台回应：工作安排外出学习两个月，将于5月初返回 - thepaper.cn,"<a href=""https://news.google.com/rss/articles/CBMiXkFVX3lxTE5HeHhscGQzODBFQXlfdGhuZC1uUHFpVkhRcXR1Mk80a3FjVVZob0pqdlJNbFFJcmtGSXlJZkNyYXJNNktuQW1rQ19qcEQxaloyRlRnd2d1Sm80Z0c3WkE?oc=5"" target=""_blank"">总经理王莉被带走调查？贵州茅台回应：工作安排外出学习两个月，将于5月初返回</a>&nbsp;&nbsp;<font color=""#6f6f6f"">thepaper.cn</font>",https://news.google.com/rss/articles/CBMiXkFVX3lxTE5HeHhscGQzODBFQXlfdGhuZC1uUHFpVkhRcXR1Mk80a3FjVVZob0pqdlJNbFFJcmtGSXlJZkNyYXJNNktuQW1rQ19qcEQxaloyRlRnd2d1Sm80Z0c3WkE?oc=5,贵州茅台,总经理王莉被带走调查？贵州茅台回应：工作安排外出学习两个月，将于5月初返回 - thepaper.cn. 总经理王莉被带走调查？贵州茅台回应：工作安排外出学习两个月，将于5月初返回 thepaper.cn,neutral,0.0060387626,zh,bootstrap,mixed_real_news_v6
2026-04-14,2026-04-14T07:00:00+00:00,600519.SH,"""贵州茅台"" - Google 新闻",贵州茅台：聘任余思明为财务总监，代行董秘职责 - thepaper.cn,"<a href=""https://news.google.com/rss/articles/CBMiXkFVX3lxTE5PdW5uZ1l2Z0R3VDVOWkhMcWVlQ29Fc0FnTXAxdi1FcEdpbnFFSG93RllQUE1HQ2ZOYWZxYy1mclFFelIwY3RVdUJrVUhQbzFXbnNRUlVBR2V6UnhMQWc?oc=5"" target=""_blank"">贵州茅台：聘任余思明为财务总监，代行董秘职责</a>&nbsp;&nbsp;<font color=""#6f6f6f"">thepaper.cn</font>",https://news.google.com/rss/articles/CBMiXkFVX3lxTE5PdW5uZ1l2Z0R3VDVOWkhMcWVlQ29Fc0FnTXAxdi1FcEdpbnFFSG93RllQUE1HQ2ZOYWZxYy1mclFFelIwY3RVdUJrVUhQbzFXbnNRUlVBR2V6UnhMQWc?oc=5,贵州茅台,贵州茅台：聘任余思明为财务总监，代行董秘职责 - thepaper.cn. 贵州茅台：聘任余思明为财务总监，代行董秘职责 thepaper.cn,neutral,0.003977364,zh,bootstrap,mixed_real_news_v6
2026-04-14,2026-04-14T07:00:00+00:00,600519.SH,"""600519"" - Google 新闻",贵州茅台聘任余思明_新浪新闻 - 新浪网,"<a href=""https://news.google.com/rss/articles/CBMiY0FVX3lxTE0wZTRpa1NZQ245ZzZObGZDWUl3dFJhenJzOU01RWdBN1l2Snp1TG85SUxGb0taZUt5emtKcFdQZ2YyQWNjeGVCN21wM1BnelZWb2oyNHlyTGtwd0F3LWJoMFNYUQ?oc=5"" target=""_blank"">贵州茅台聘任余思明_新浪新闻</a>&nbsp;&nbsp;<font color=""#6f6f6f"">新浪网</font>",https://news.google.com/rss/articles/CBMiY0FVX3lxTE0wZTRpa1NZQ245ZzZObGZDWUl3dFJhenJzOU01RWdBN1l2Snp1TG85SUxGb0taZUt5emtKcFdQZ2YyQWNjeGVCN21wM1BnelZWb2oyNHlyTGtwd0F3LWJoMFNYUQ?oc=5,600519,贵州茅台聘任余思明_新浪新闻 - 新浪网. 贵州茅台聘任余思明_新浪新闻 新浪网,neutral,0.01530005,zh,bootstrap,mixed_real_news_v6
2026-04-14,2026-04-14T13:35:00+00:00,600519.SH,贵州茅台 - Bing新聞,贵州茅台前高管蒋焰被查满月 余思明获聘财务总监并代行董秘,4月14日，贵州茅台(600519)召开董事会会议，全票审议通过了《关于聘任高级管理人员的议案》。 根据公告显示，贵州茅台董事会决定聘任余思明为公司财务总监，并指定余思明代行董事会秘书 ...,http://www.bing.com/news/apiclick.aspx?ref=FexRss&aid=&tid=69fb16cbabed4f7ca7e8ada320dc7212&url=https%3a%2f%2fwww.stcn.com%2farticle%2fdetail%2f3748640.html&c=18393101133052896074&mkt=zh-tw,贵州茅台,贵州茅台前高管蒋焰被查满月 余思明获聘财务总监并代行董秘. 4月14日，贵州茅台(600519)召开董事会会议，全票审议通过了《关于聘任高级管理人员的议案》。 根据公告显示，贵州茅台董事会决定聘任余思明为公司财务总监，并指定余思明代行董事会秘书 ...,neutral,0.0596997,zh,bootstrap,mixed_real_news_v6
2026-04-15,2026-04-15T11:53:15+00:00,600519.SH,"""600519"" - Google 新闻",股票行情快报：贵州茅台（600519）4月15日主力资金净买入4.39亿元_主力研究 - 证券之星,"<a href=""https://news.google.com/rss/articles/CBMiYkFVX3lxTE52ZENSX2F2RzZmUVdQM0x5dDlkTzFQRmxtMWUwSkNQRnNwWEJEVVFkTVpMQ0tiakZMcy1Tb3hNeDc1czlIVGJwaFNibGhZVXJkNTVSdTBqckEwcTI0MVFlSjV3?oc=5"" target=""_blank"">股票行情快报：贵州茅台（600519）4月15日主力资金净买入4.39亿元_主力研究</a>&nbsp;&nbsp;<font color=""#6f6f6f"">证券之星</font>",https://news.google.com/rss/articles/CBMiYkFVX3lxTE52ZENSX2F2RzZmUVdQM0x5dDlkTzFQRmxtMWUwSkNQRnNwWEJEVVFkTVpMQ0tiakZMcy1Tb3hNeDc1czlIVGJwaFNibGhZVXJkNTVSdTBqckEwcTI0MVFlSjV3?oc=5,600519,股票行情快报：贵州茅台（600519）4月15日主力资金净买入4.39亿元_主力研究 - 证券之星. 股票行情快报：贵州茅台（600519）4月15日主力资金净买入4.39亿元_主力研究 证券之星,neutral,0.10151601,zh,bootstrap,mixed_real_news_v6
2026-04-16,2026-04-16T07:00:00+00:00,600519.SH,"""Kweichow Moutai"" - Google News",China’s Kweichow Moutai shares slip on soft FY earnings - Investing.com,"<a href=""https://news.google.com/rss/articles/CBMisAFBVV95cUxQaWdiOGZoMEhlQk9RZW9zTTFiQnhKN3FhZkFiQXRiVm44bG5iUV8ycktHNFdwaDNNdFpYajhzWnE0ZUV2UDZ3cm5YcWtfTWRybkt2a2JQSHNWQVVBQmEybDdZTWRPZExJN0FuUElUd0xJNWItNjZDdndUenBFbzJwWDNSQnhMQjN1MFhyUDR5em5pNmVsS05wQVBLbHZnU1BOTC1aRUhhbl9OUV9jQXZjLQ?oc=5"" target=""_blank"">China’s Kweichow Moutai shares slip on soft FY earnings</a>&nbsp;&nbsp;<font color=""#6f6f6f"">Investing.com</font>",https://news.google.com/rss/articles/CBMisAFBVV95cUxQaWdiOGZoMEhlQk9RZW9zTTFiQnhKN3FhZkFiQXRiVm44bG5iUV8ycktHNFdwaDNNdFpYajhzWnE0ZUV2UDZ3cm5YcWtfTWRybkt2a2JQSHNWQVVBQmEybDdZTWRPZExJN0FuUElUd0xJNWItNjZDdndUenBFbzJwWDNSQnhMQjN1MFhyUDR5em5pNmVsS05wQVBLbHZnU1BOTC1aRUhhbl9OUV9jQXZjLQ?oc=5,Kweichow Moutai,China’s Kweichow Moutai shares slip on soft FY earnings - Investing.com. China’s Kweichow Moutai shares slip on soft FY earnings Investing.com,negative,-0.95870745,en,bootstrap,mixed_real_news_v6
2026-04-16,2026-04-16T07:00:00+00:00,600519.SH,"""Kweichow Moutai"" - Google News",Kweichow Moutai's 2025 Net Profit Down 4.5% - TradingView,"<a href=""https://news.google.com/rss/articles/CBMisgFBVV95cUxNZGhPc2pnaDhuTUhkMWFGbFZXcEJ4UjhSWl80VlFqWjY5YlBMWFVBVXJxaG9ZY3hGdWhtaFE4RmgyUTBmclgxUnJuOUJRRUxmcHBzWjdrNEJrUXpONEhWQi00aTZaY3Q0emd1Sl9YQWRqTHZ6QmplNTJzMzZYdTBmcjBkbEV3Qlk0aE1DTGRrMGNuc25XU2NkaUtEMm9NYkRoRGY4M09OQUgxeHU3bURrQ1dB?oc=5"" target=""_blank"">Kweichow Moutai's 2025 Net Profit Down 4.5%</a>&nbsp;&nbsp;<font color=""#6f6f6f"">TradingView</font>",https://news.google.com/rss/articles/CBMisgFBVV95cUxNZGhPc2pnaDhuTUhkMWFGbFZXcEJ4UjhSWl80VlFqWjY5YlBMWFVBVXJxaG9ZY3hGdWhtaFE4RmgyUTBmclgxUnJuOUJRRUxmcHBzWjdrNEJrUXpONEhWQi00aTZaY3Q0emd1Sl9YQWRqTHZ6QmplNTJzMzZYdTBmcjBkbEV3Qlk0aE1DTGRrMGNuc25XU2NkaUtEMm9NYkRoRGY4M09OQUgxeHU3bURrQ1dB?oc=5,Kweichow Moutai,Kweichow Moutai's 2025 Net Profit Down 4.5% - TradingView. Kweichow Moutai's 2025 Net Profit Down 4.5% TradingView,negative,-0.9656432,en,bootstrap,mixed_real_news_v6
2026-04-16,2026-04-16T07:00:00+00:00,600519.SH,"""Kweichow Moutai"" - Google News",Kweichow Moutai Reset Its Operations in 2025 -- Market Talk - Moomoo,"<a href=""https://news.google.com/rss/articles/CBMinwFBVV95cUxOZ2xEdy11aFhzMmV6U0pOUVNmdHBHMzlUbVpjZ2NlcXl1VmFhYWVYbjg1QUR1Vjh5cmZyZHhXam5EdVc0bTlQakZrcVNRXzVHa0lJSGc4azRCZDJQSzg2Wks2U1hNZ3JVdGlXUjRyUnp2WEJaVTV6YnBFUFdfQms0TmV4VkFQa0Qzem5ZdFNqYnE1eTdSRGw4NXhWTDR2Sms?oc=5"" target=""_blank"">Kweichow Moutai Reset Its Operations in 2025 -- Market Talk</a>&nbsp;&nbsp;<font color=""#6f6f6f"">Moomoo</font>",https://news.google.com/rss/articles/CBMinwFBVV95cUxOZ2xEdy11aFhzMmV6U0pOUVNmdHBHMzlUbVpjZ2NlcXl1VmFhYWVYbjg1QUR1Vjh5cmZyZHhXam5EdVc0bTlQakZrcVNRXzVHa0lJSGc4azRCZDJQSzg2Wks2U1hNZ3JVdGlXUjRyUnp2WEJaVTV6YnBFUFdfQms0TmV4VkFQa0Qzem5ZdFNqYnE1eTdSRGw4NXhWTDR2Sms?oc=5,Kweichow Moutai,Kweichow Moutai Reset Its Operations in 2025 -- Market Talk - Moomoo. Kweichow Moutai Reset Its Operations in 2025 -- Market Talk Moomoo,neutral,-0.048832733,en,bootstrap,mixed_real_news_v6
2026-04-16,2026-04-16T07:00:00+00:00,600519.SH,"""Kweichow Moutai"" - Google News",Kweichow Moutai 2025 Profit Down 5%; Shares Slide 4% - marketscreener.com,"<a href=""https://news.google.com/rss/articles/CBMipAFBVV95cUxQRUE1ZWQtTHQzQjJYcXYtWndFd25xbTZUVjlEN2lPSEx2YVFNeWRLWGloYUMxUnEzM2lrSTNHTkI2Mm44TnJQR0xQeGkzS2hFVlAzbWRUUU5sUlI3QVI5ZzRHZm9HQzAwUS15N0FnUE9vR0YxcnZfLXMwWXdpb0Izdjg1TUcxT084TjVaZFVkZUppcldMNkJHWDNHekZTOTZ4RWl2bA?oc=5"" target=""_blank"">Kweichow Moutai 2025 Profit Down 5%; Shares Slide 4%</a>&nbsp;&nbsp;<font color=""#6f6f6f"">marketscreener.com</font>",https://news.google.com/rss/articles/CBMipAFBVV95cUxQRUE1ZWQtTHQzQjJYcXYtWndFd25xbTZUVjlEN2lPSEx2YVFNeWRLWGloYUMxUnEzM2lrSTNHTkI2Mm44TnJQR0xQeGkzS2hFVlAzbWRUUU5sUlI3QVI5ZzRHZm9HQzAwUS15N0FnUE9vR0YxcnZfLXMwWXdpb0Izdjg1TUcxT084TjVaZFVkZUppcldMNkJHWDNHekZTOTZ4RWl2bA?oc=5,Kweichow Moutai,Kweichow Moutai 2025 Profit Down 5%; Shares Slide 4% - marketscreener.com. Kweichow Moutai 2025 Profit Down 5%; Shares Slide 4% marketscreener.com,negative,-0.9592721,en,bootstrap,mixed_real_news_v6
2026-04-16,2026-04-16T07:00:00+00:00,600519.SH,"""Kweichow Moutai"" - Google 新闻",大行评级丨花旗：贵州茅台在2025年重整业务 维持“买入”级 - Moomoo,"<a href=""https://news.google.com/rss/articles/CBMiU0FVX3lxTE1LMUNOR2pPcUpGTDQyaWYtYmRxUzM4a1JPVjF4LW40TDgtWmhDZDYzbVcza3A0TkNWQWRyUkdKbjZITVFtTGl1S2w1UzJnWUdSeDNV?oc=5"" target=""_blank"">大行评级丨花旗：贵州茅台在2025年重整业务 维持“买入”级</a>&nbsp;&nbsp;<font color=""#6f6f6f"">Moomoo</font>",https://news.google.com/rss/articles/CBMiU0FVX3lxTE1LMUNOR2pPcUpGTDQyaWYtYmRxUzM4a1JPVjF4LW40TDgtWmhDZDYzbVcza3A0TkNWQWRyUkdKbjZITVFtTGl1S2w1UzJnWUdSeDNV?oc=5,Kweichow Moutai,大行评级丨花旗：贵州茅台在2025年重整业务 维持“买入”级 - Moomoo. 大行评级丨花旗：贵州茅台在2025年重整业务 维持“买入”级 Moomoo,neutral,0.041082803,zh,bootstrap,mixed_real_news_v6
2026-04-16,2026-04-16T07:00:00+00:00,600519.SH,"""贵州茅台"" - Google 新闻",贵州茅台去年净利823.2亿元，同比下降4.53% - thepaper.cn,"<a href=""https://news.google.com/rss/articles/CBMiXkFVX3lxTE5DdkFsR1FXVGIyanJjWmpXMHBjSEhfYk40cFBnWC1lbjZVVWpTM2NIeDQ5OVRzbVowdy1FS1d5YjJNaUFUcy1jVHBCRXc0U0R6UGdTdTh3cVBHTUdpemc?oc=5"" target=""_blank"">贵州茅台去年净利823.2亿元，同比下降4.53%</a>&nbsp;&nbsp;<font color=""#6f6f6f"">thepaper.cn</font>",https://news.google.com/rss/articles/CBMiXkFVX3lxTE5DdkFsR1FXVGIyanJjWmpXMHBjSEhfYk40cFBnWC1lbjZVVWpTM2NIeDQ5OVRzbVowdy1FS1d5YjJNaUFUcy1jVHBCRXc0U0R6UGdTdTh3cVBHTUdpemc?oc=5,贵州茅台,贵州茅台去年净利823.2亿元，同比下降4.53% - thepaper.cn. 贵州茅台去年净利823.2亿元，同比下降4.53% thepaper.cn,neutral,0.030182594,zh,bootstrap,mixed_real_news_v6
2026-04-16,2026-04-16T07:00:00+00:00,600519.SH,"""贵州茅台"" - Google 新闻",贵州茅台，营收、利润双降 - 东方财富,"<a href=""https://news.google.com/rss/articles/CBMiYEFVX3lxTE14cUtCbml6SjlPUngyTEZtX2VyTm9HdzROdFB0SHpiaGUxSVhpUGJiWmdEM0hYeHdZdzk2MU9TR2FKR0d3MXNhWHdONjVCZU04NFR3Ul91dnNqdnVnX0NQYg?oc=5"" target=""_blank"">贵州茅台，营收、利润双降</a>&nbsp;&nbsp;<font color=""#6f6f6f"">东方财富</font>",https://news.google.com/rss/articles/CBMiYEFVX3lxTE14cUtCbml6SjlPUngyTEZtX2VyTm9HdzROdFB0SHpiaGUxSVhpUGJiWmdEM0hYeHdZdzk2MU9TR2FKR0d3MXNhWHdONjVCZU04NFR3Ul91dnNqdnVnX0NQYg?oc=5,贵州茅台,贵州茅台，营收、利润双降 - 东方财富. 贵州茅台，营收、利润双降 东方财富,neutral,0.02841748,zh,bootstrap,mixed_real_news_v6
2026-04-16,2026-04-16T07:00:00+00:00,600519.SH,"""贵州茅台"" - Google 新闻",贵州茅台：2025年净利润823.20亿元，同比减少4.53% - 东方财富,"<a href=""https://news.google.com/rss/articles/CBMiYEFVX3lxTE90cktwRThjT2t6QmhiOVhBNmozRzBneGhyeDR3dC12TkRMRXpubTRzMjc5MldrcWlNWHNCcjhyTGVpMlBSZENmbktxRGJPT0diNTZFcWI5LWw2Z3dLUkQ5aA?oc=5"" target=""_blank"">贵州茅台：2025年净利润823.20亿元，同比减少4.53%</a>&nbsp;&nbsp;<font color=""#6f6f6f"">东方财富</font>",https://news.google.com/rss/articles/CBMiYEFVX3lxTE90cktwRThjT2t6QmhiOVhBNmozRzBneGhyeDR3dC12TkRMRXpubTRzMjc5MldrcWlNWHNCcjhyTGVpMlBSZENmbktxRGJPT0diNTZFcWI5LWw2Z3dLUkQ5aA?oc=5,贵州茅台,贵州茅台：2025年净利润823.20亿元，同比减少4.53% - 东方财富. 贵州茅台：2025年净利润823.20亿元，同比减少4.53% 东方财富,neutral,0.016402546,zh,bootstrap,mixed_real_news_v6
2026-04-16,2026-04-16T07:00:00+00:00,600519.SH,"""贵州茅台"" - Google 新闻",贵州茅台2025年净利润下降4.53％ - 东方财富,"<a href=""https://news.google.com/rss/articles/CBMiYEFVX3lxTE43akxoYVdkazY0NXhsWXlTQXFidU9jMS1lQTB2dHQ0SDdoeDR5dTZSNnJxWTdyYkJ1MzZTWWJSSDBzOFRoZGs1eXcxazc1NmxBWklsSWprdkt3czFwQWJ1Ug?oc=5"" target=""_blank"">贵州茅台2025年净利润下降4.53％</a>&nbsp;&nbsp;<font color=""#6f6f6f"">东方财富</font>",https://news.google.com/rss/articles/CBMiYEFVX3lxTE43akxoYVdkazY0NXhsWXlTQXFidU9jMS1lQTB2dHQ0SDdoeDR5dTZSNnJxWTdyYkJ1MzZTWWJSSDBzOFRoZGs1eXcxazc1NmxBWklsSWprdkt3czFwQWJ1Ug?oc=5,贵州茅台,贵州茅台2025年净利润下降4.53％ - 东方财富. 贵州茅台2025年净利润下降4.53％ 东方财富,neutral,0.012473438,zh,bootstrap,mixed_real_news_v6
2026-04-16,2026-04-16T07:00:00+00:00,600519.SH,"""贵州茅台"" - Google 新闻",贵州茅台上市以来首现年度营收下滑，分红创历史新高｜财报见闻 - 华尔街见闻,"<a href=""https://news.google.com/rss/articles/CBMiU0FVX3lxTE5fNTVYaDRFclpSQXB6TzJIOV9LVTRTWFRhNVlDNk40STBER1hRY1c2dUpPZm5DTVc4bVNmWkJEUkhrTVpkNXVHSmFpNE1mQTRpVlJZ?oc=5"" target=""_blank"">贵州茅台上市以来首现年度营收下滑，分红创历史新高｜财报见闻</a>&nbsp;&nbsp;<font color=""#6f6f6f"">华尔街见闻</font>",https://news.google.com/rss/articles/CBMiU0FVX3lxTE5fNTVYaDRFclpSQXB6TzJIOV9LVTRTWFRhNVlDNk40STBER1hRY1c2dUpPZm5DTVc4bVNmWkJEUkhrTVpkNXVHSmFpNE1mQTRpVlJZ?oc=5,贵州茅台,贵州茅台上市以来首现年度营收下滑，分红创历史新高｜财报见闻 - 华尔街见闻. 贵州茅台上市以来首现年度营收下滑，分红创历史新高｜财报见闻 华尔街见闻,neutral,0.049753264,zh,bootstrap,mixed_real_news_v6
2026-04-16,2026-04-16T07:00:00+00:00,600519.SH,"""600519"" - Google 新闻",股票行情快报：贵州茅台（600519）4月16日主力资金净买入1.88亿元_主力研究 - 证券之星,"<a href=""https://news.google.com/rss/articles/CBMiYEFVX3lxTE11THA5cVAzaTRKRWowU0l4NHBXbDBfUExMdGlGbnVodkNhS2h6MTY3UWpTekl5QUZDb2tyeHZLRjZ3Q0ZGaEY2UTJGbF9ZX0w3cWNiaGVZQllpVlNjcEUyVA?oc=5"" target=""_blank"">股票行情快报：贵州茅台（600519）4月16日主力资金净买入1.88亿元_主力研究</a>&nbsp;&nbsp;<font color=""#6f6f6f"">证券之星</font>",https://news.google.com/rss/articles/CBMiYEFVX3lxTE11THA5cVAzaTRKRWowU0l4NHBXbDBfUExMdGlGbnVodkNhS2h6MTY3UWpTekl5QUZDb2tyeHZLRjZ3Q0ZGaEY2UTJGbF9ZX0w3cWNiaGVZQllpVlNjcEUyVA?oc=5,600519,股票行情快报：贵州茅台（600519）4月16日主力资金净买入1.88亿元_主力研究 - 证券之星. 股票行情快报：贵州茅台（600519）4月16日主力资金净买入1.88亿元_主力研究 证券之星,neutral,0.10083056,zh,bootstrap,mixed_real_news_v6
2026-04-16,2026-04-16T16:20:57+00:00,600519.SH,"""600519"" - Google 新闻",贵州茅台(600519):贵州茅台董事会关于独立董事独立性评估的专项意见 - 中财网,"<a href=""https://news.google.com/rss/articles/CBMiVkFVX3lxTE1EeC1GWXlhc2w2cGNrRm8wYXRaYnhsR1k5MENfVk5QT0tBMlAwWTFmNEV2ZUJWb3JrVFhWTXhWd2d5YTg5LUpWVTYxOGJOeHp6QzM4a0NR?oc=5"" target=""_blank"">贵州茅台(600519):贵州茅台董事会关于独立董事独立性评估的专项意见</a>&nbsp;&nbsp;<font color=""#6f6f6f"">中财网</font>",https://news.google.com/rss/articles/CBMiVkFVX3lxTE1EeC1GWXlhc2w2cGNrRm8wYXRaYnhsR1k5MENfVk5QT0tBMlAwWTFmNEV2ZUJWb3JrVFhWTXhWd2d5YTg5LUpWVTYxOGJOeHp6QzM4a0NR?oc=5,600519,贵州茅台(600519):贵州茅台董事会关于独立董事独立性评估的专项意见 - 中财网. 贵州茅台(600519):贵州茅台董事会关于独立董事独立性评估的专项意见 中财网,neutral,0.021338481,zh,bootstrap,mixed_real_news_v6
2026-04-16,2026-04-16T16:20:59+00:00,600519.SH,"""600519"" - Google 新闻",贵州茅台(600519):贵州茅台酒股份有限公司非经营性资金占用及其他关联资金往来情况的专项审计说明 - 中财网,"<a href=""https://news.google.com/rss/articles/CBMiVkFVX3lxTE5jVkliREU0TWc2bnh3MjVZV2ZRMFRCeEE3dUVXZXNpZGF5aTVMb3FjM09HaHFyNzJfUDF3NU5mTjREVm5mYW5zVE9UTDZVR003SDBQaU93?oc=5"" target=""_blank"">贵州茅台(600519):贵州茅台酒股份有限公司非经营性资金占用及其他关联资金往来情况的专项审计说明</a>&nbsp;&nbsp;<font color=""#6f6f6f"">中财网</font>",https://news.google.com/rss/articles/CBMiVkFVX3lxTE5jVkliREU0TWc2bnh3MjVZV2ZRMFRCeEE3dUVXZXNpZGF5aTVMb3FjM09HaHFyNzJfUDF3NU5mTjREVm5mYW5zVE9UTDZVR003SDBQaU93?oc=5,600519,贵州茅台(600519):贵州茅台酒股份有限公司非经营性资金占用及其他关联资金往来情况的专项审计说明 - 中财网. 贵州茅台(600519):贵州茅台酒股份有限公司非经营性资金占用及其他关联资金往来情况的专项审计说明 中财网,neutral,0.023045123,zh,bootstrap,mixed_real_news_v6
2026-04-16,2026-04-16T16:21:02+00:00,600519.SH,"""600519"" - Google 新闻",贵州茅台(600519):贵州茅台2025年环境、社会及治理（ESG）报告 - 中财网,"<a href=""https://news.google.com/rss/articles/CBMiVkFVX3lxTE1SMVpzSm5jN0U1MWl6T1dRRUJRWWVobUhwOGZoZnBPcm9qSjRzS1BfVlBoc3JMekk2YXEwVC1rWlJ1Z3ZwdUN3NFJJanhSbUwtZkJaMEpn?oc=5"" target=""_blank"">贵州茅台(600519):贵州茅台2025年环境、社会及治理（ESG）报告</a>&nbsp;&nbsp;<font color=""#6f6f6f"">中财网</font>",https://news.google.com/rss/articles/CBMiVkFVX3lxTE1SMVpzSm5jN0U1MWl6T1dRRUJRWWVobUhwOGZoZnBPcm9qSjRzS1BfVlBoc3JMekk2YXEwVC1rWlJ1Z3ZwdUN3NFJJanhSbUwtZkJaMEpn?oc=5,600519,贵州茅台(600519):贵州茅台2025年环境、社会及治理（ESG）报告 - 中财网. 贵州茅台(600519):贵州茅台2025年环境、社会及治理（ESG）报告 中财网,neutral,0.034178577,zh,bootstrap,mixed_real_news_v6
2026-04-16,2026-04-16T16:21:03+00:00,600519.SH,"""600519"" - Google 新闻",贵州茅台(600519):贵州茅台关于续聘会计师事务所 - 中财网,"<a href=""https://news.google.com/rss/articles/CBMiVkFVX3lxTE9JR3ZXSHMzS2pNSEFEeU0xNXBIMFI1S0h3QjNUWVlfNDQ4ZDZ3QTdPel95M1ZmQ25WQ1Z5bTZiU3dBS2EyWVlIUjZUR0RWTzFZdnptMGpn?oc=5"" target=""_blank"">贵州茅台(600519):贵州茅台关于续聘会计师事务所</a>&nbsp;&nbsp;<font color=""#6f6f6f"">中财网</font>",https://news.google.com/rss/articles/CBMiVkFVX3lxTE9JR3ZXSHMzS2pNSEFEeU0xNXBIMFI1S0h3QjNUWVlfNDQ4ZDZ3QTdPel95M1ZmQ25WQ1Z5bTZiU3dBS2EyWVlIUjZUR0RWTzFZdnptMGpn?oc=5,600519,贵州茅台(600519):贵州茅台关于续聘会计师事务所 - 中财网. 贵州茅台(600519):贵州茅台关于续聘会计师事务所 中财网,neutral,0.0122627765,zh,bootstrap,mixed_real_news_v6
2026-04-16,2026-04-16T16:25:47+00:00,600519.SH,"""600519"" - Google 新闻",贵州茅台(600519):贵州茅台2025年度独立董事述职报告（王鑫） - 中财网,"<a href=""https://news.google.com/rss/articles/CBMiVkFVX3lxTE8ydW9CU1JWTmpoV0FHY2ZrLUZtUFRJQ243UjhMOHFNU1o4UldSbjdPcGdmUVpyMzBtNDJjTk5HdjllMkVCWUdkZkFqaHg4dnZRTzRsaUxB?oc=5"" target=""_blank"">贵州茅台(600519):贵州茅台2025年度独立董事述职报告（王鑫）</a>&nbsp;&nbsp;<font color=""#6f6f6f"">中财网</font>",https://news.google.com/rss/articles/CBMiVkFVX3lxTE8ydW9CU1JWTmpoV0FHY2ZrLUZtUFRJQ243UjhMOHFNU1o4UldSbjdPcGdmUVpyMzBtNDJjTk5HdjllMkVCWUdkZkFqaHg4dnZRTzRsaUxB?oc=5,600519,贵州茅台(600519):贵州茅台2025年度独立董事述职报告（王鑫） - 中财网. 贵州茅台(600519):贵州茅台2025年度独立董事述职报告（王鑫） 中财网,neutral,0.026087746,zh,bootstrap,mixed_real_news_v6
2026-04-16,2026-04-16T17:16:00+00:00,600519.SH,贵州茅台 - Bing新聞,贵州茅台2001年上市以来业绩首次下滑,贵州茅台上市以来，业绩首次出现下滑。4月16日晚，贵州茅台酒股份有限公司（简称“贵州茅台”）披露的2025年年度报告显示，去年实现营业收入1688.38亿元，同比下降1.21%；归属于上市公司股东的净利润为823.20亿元，同比下降4.53%。,http://www.bing.com/news/apiclick.aspx?ref=FexRss&aid=&tid=69fb16cbabed4f7ca7e8ada320dc7212&url=https%3a%2f%2fwww.sohu.com%2fa%2f1010629205_163278&c=7053091772333308014&mkt=zh-tw,贵州茅台,贵州茅台2001年上市以来业绩首次下滑. 贵州茅台上市以来，业绩首次出现下滑。4月16日晚，贵州茅台酒股份有限公司（简称“贵州茅台”）披露的2025年年度报告显示，去年实现营业收入1688.38亿元，同比下降1.21%；归属于上市公司股东的净利润为823.20亿元，同比下降4.53%。,neutral,0.07069151,zh,bootstrap,mixed_real_news_v6
2026-04-16,2026-04-16T20:48:00+00:00,600519.SH,贵州茅台 - Bing新聞,贵州茅台净赚823亿，丢掉A股“股王”宝座,作为A股一贯的“分红王”，贵州茅台依旧维持高分红。财报披露，2025年年度，贵州茅台拟向全体股东每股派发现金红利27.993元（含税），合计分红约350.33亿元。,http://www.bing.com/news/apiclick.aspx?ref=FexRss&aid=&tid=69fb16cbabed4f7ca7e8ada320dc7212&url=https%3a%2f%2fwww.36kr.com%2fp%2f3770348991578889&c=12135886455726765432&mkt=zh-tw,贵州茅台,贵州茅台净赚823亿，丢掉A股“股王”宝座. 作为A股一贯的“分红王”，贵州茅台依旧维持高分红。财报披露，2025年年度，贵州茅台拟向全体股东每股派发现金红利27.993元（含税），合计分红约350.33亿元。,neutral,0.08331967,zh,bootstrap,mixed_real_news_v6
2026-04-16,2026-04-16T22:19:00+00:00,600519.SH,"""贵州茅台"" - Google 新闻",贵州茅台，重要公告 - 上观新闻,"<a href=""https://news.google.com/rss/articles/CBMiW0FVX3lxTE15aU8wSlNVb0g0cWRZUHRnM25YT2hWZkgwcEpxWW5hVTIzNng5M3MwTl9NNHVlUk0xTDFqVVFLOHV3M2FkMWp1VC1EUEZxV09MaGZ6R0Y5SFZ1VWM?oc=5"" target=""_blank"">贵州茅台，重要公告</a>&nbsp;&nbsp;<font color=""#6f6f6f"">上观新闻</font>",https://news.google.com/rss/articles/CBMiW0FVX3lxTE15aU8wSlNVb0g0cWRZUHRnM25YT2hWZkgwcEpxWW5hVTIzNng5M3MwTl9NNHVlUk0xTDFqVVFLOHV3M2FkMWp1VC1EUEZxV09MaGZ6R0Y5SFZ1VWM?oc=5,贵州茅台,贵州茅台，重要公告 - 上观新闻. 贵州茅台，重要公告 上观新闻,neutral,0.049242813,zh,bootstrap,mixed_real_news_v6
2026-04-17,2026-04-17T00:48:00+00:00,600519.SH,贵州茅台 - Bing新聞,上市以来首次年度业绩下滑！贵州茅台去年净利降4.53% 拟分红350亿元,4月16日晚间，贵州茅台酒股份有限公司（贵州茅台，600519.SH）发布2025年年度报告，报告期内，公司实现营业总收入1720.54亿元 ...,http://www.bing.com/news/apiclick.aspx?ref=FexRss&aid=&tid=69fb16cbabed4f7ca7e8ada320dc7212&url=https%3a%2f%2ffund.eastmoney.com%2fa%2f202604173708146598.html&c=1803186625017558152&mkt=zh-tw,贵州茅台,上市以来首次年度业绩下滑！贵州茅台去年净利降4.53% 拟分红350亿元. 4月16日晚间，贵州茅台酒股份有限公司（贵州茅台，600519.SH）发布2025年年度报告，报告期内，公司实现营业总收入1720.54亿元 ...,neutral,0.0489728,zh,bootstrap,mixed_real_news_v6
2026-04-17,2026-04-17T00:55:47+00:00,600519.SH,贵州茅台 - Bing新聞,1721亿元!贵州茅台2025年稳健收官，2026年市场化改革全面启幕,4月16日晚间，白酒龙头贵州茅台（600519.SH）披露2025年年报。报告显示，2025年公司营业总收入达1721亿元，归属于上市公司股东的净利润为823.2亿元，其中酒类营业收入为1688.38亿元。在保持业绩稳健增长的同时，贵州茅台继续以高额分红回报投资者，拟向全体股东每股派发现金红利27.99元（含税），合计派发现金红利350亿元（含税）。,http://www.bing.com/news/apiclick.aspx?ref=FexRss&aid=&tid=69fb16cbabed4f7ca7e8ada320dc7212&url=https%3a%2f%2fwww.msn.com%2fzh-cn%2fmoney%2fother%2f1721%25E4%25BA%25BF%25E5%2585%2583-%25E8%25B4%25B5%25E5%25B7%259E%25E8%258C%2585%25E5%258F%25B02025%25E5%25B9%25B4%25E7%25A8%25B3%25E5%2581%25A5%25E6%2594%25B6%25E5%25AE%2598-2026%25E5%25B9%25B4%25E5%25B8%2582%25E5%259C%25BA%25E5%258C%2596%25E6%2594%25B9%25E9%259D%25A9%25E5%2585%25A8%25E9%259D%25A2%25E5%2590%25AF%25E5%25B9%2595%2far-AA215ZqZ&c=6644892463209920557&mkt=zh-tw,贵州茅台,1721亿元!贵州茅台2025年稳健收官，2026年市场化改革全面启幕. 4月16日晚间，白酒龙头贵州茅台（600519.SH）披露2025年年报。报告显示，2025年公司营业总收入达1721亿元，归属于上市公司股东的净利润为823.2亿元，其中酒类营业收入为1688.38亿元。在保持业绩稳健增长的同时，贵州茅台继续以高额分红回报投资者，拟向全体股东每股派发现金红利27.99元（含税），合计派发现金红利350亿元（含税）。,neutral,0.08580376,zh,bootstrap,mixed_real_news_v6
2026-04-17,2026-04-17T01:21:00+00:00,600519.SH,贵州茅台 - Bing新聞,贵州茅台深夜发业绩：2025年净赚823亿、大手笔分红创新高，未定今年增长目标,4月16日晚间，贵州茅台（600519.SH）公布全年业绩，2025年实现营业收入1688.38亿元，同比下降1.21%；归属于上市股东的净利润823.2 ...,http://www.bing.com/news/apiclick.aspx?ref=FexRss&aid=&tid=69fb16cbabed4f7ca7e8ada320dc7212&url=https%3a%2f%2ffinance.ifeng.com%2fc%2f8sOHcNnHWqg&c=14156130860019649207&mkt=zh-tw,贵州茅台,贵州茅台深夜发业绩：2025年净赚823亿、大手笔分红创新高，未定今年增长目标. 4月16日晚间，贵州茅台（600519.SH）公布全年业绩，2025年实现营业收入1688.38亿元，同比下降1.21%；归属于上市股东的净利润823.2 ...,neutral,0.043616902,zh,bootstrap,mixed_real_news_v6
2026-04-17,2026-04-17T02:42:46+00:00,600519.SH,"""贵州茅台"" - Google 新闻",贵州茅台上市20多年首次年度营收、净利双降 - DoNews,"<a href=""https://news.google.com/rss/articles/CBMiXkFVX3lxTFBnRkFFTThqeWNNdnJFWlNnRmNIaGxPelQ4SGlUR1ZjalE5ZDJCT01XSmxPS0xickhaX204U2EwbXk4aUkxNU5EM0hra2wxc0FkVmFyR1VJLXBIdW96T2c?oc=5"" target=""_blank"">贵州茅台上市20多年首次年度营收、净利双降</a>&nbsp;&nbsp;<font color=""#6f6f6f"">DoNews</font>",https://news.google.com/rss/articles/CBMiXkFVX3lxTFBnRkFFTThqeWNNdnJFWlNnRmNIaGxPelQ4SGlUR1ZjalE5ZDJCT01XSmxPS0xickhaX204U2EwbXk4aUkxNU5EM0hra2wxc0FkVmFyR1VJLXBIdW96T2c?oc=5,贵州茅台,贵州茅台上市20多年首次年度营收、净利双降 - DoNews. 贵州茅台上市20多年首次年度营收、净利双降 DoNews,neutral,0.018749261,zh,bootstrap,mixed_real_news_v6
2026-04-17,2026-04-17T04:03:35+00:00,600519.SH,"""贵州茅台"" - Google 新闻",贵州茅台成交额超100亿元，现跌4.17% - 东方财富,"<a href=""https://news.google.com/rss/articles/CBMiYEFVX3lxTFBwUmc1ZFcxNThDVlVnbFRJQk5mbkx4WnRPaDZFbDJFWi1SQ2NzYWM0TjNfYW9reEVQUUo4ZW01andNbGljbjJaWXFpMWlZaC1HZjdJcTA1YklfbUI3YnR2eg?oc=5"" target=""_blank"">贵州茅台成交额超100亿元，现跌4.17%</a>&nbsp;&nbsp;<font color=""#6f6f6f"">东方财富</font>",https://news.google.com/rss/articles/CBMiYEFVX3lxTFBwUmc1ZFcxNThDVlVnbFRJQk5mbkx4WnRPaDZFbDJFWi1SQ2NzYWM0TjNfYW9reEVQUUo4ZW01andNbGljbjJaWXFpMWlZaC1HZjdJcTA1YklfbUI3YnR2eg?oc=5,贵州茅台,贵州茅台成交额超100亿元，现跌4.17% - 东方财富. 贵州茅台成交额超100亿元，现跌4.17% 东方财富,neutral,0.011453245,zh,bootstrap,mixed_real_news_v6
2026-04-17,2026-04-17T07:00:00+00:00,600519.SH,"""Kweichow Moutai"" - Google News","Kweichow Moutai sees 1st fall in revenue, profit amid corruption crusade - Nikkei Asia","<a href=""https://news.google.com/rss/articles/CBMiugFBVV95cUxNRHk3bG5EcENaQjVaalRna2UtQ0NaV2FEdWZFT3NqQ2pHdmE4bUlUUk1fdGx2UGJUaVV5akJ0cEVaaUFpblJQU3RRVGIweW5URFRacVJUZ1ZCazZydmFrdU9TLVJTVU1BM1ZXLWhkLXdMUzBvWTctMEphRE1WZzdRX0hlNnpweEdQOVpJMmpzekNRdi1vMVdhMTFYb2o5bzhLMXgwTzllRUdiZ21HNjlCbGFtM3gwZXhlQlE?oc=5"" target=""_blank"">Kweichow Moutai sees 1st fall in revenue, profit amid corruption crusade</a>&nbsp;&nbsp;<font color=""#6f6f6f"">Nikkei Asia</font>",https://news.google.com/rss/articles/CBMiugFBVV95cUxNRHk3bG5EcENaQjVaalRna2UtQ0NaV2FEdWZFT3NqQ2pHdmE4bUlUUk1fdGx2UGJUaVV5akJ0cEVaaUFpblJQU3RRVGIweW5URFRacVJUZ1ZCazZydmFrdU9TLVJTVU1BM1ZXLWhkLXdMUzBvWTctMEphRE1WZzdRX0hlNnpweEdQOVpJMmpzekNRdi1vMVdhMTFYb2o5bzhLMXgwTzllRUdiZ21HNjlCbGFtM3gwZXhlQlE?oc=5,Kweichow Moutai,"Kweichow Moutai sees 1st fall in revenue, profit amid corruption crusade - Nikkei Asia. Kweichow Moutai sees 1st fall in revenue, profit amid corruption crusade Nikkei Asia",negative,-0.95955825,en,bootstrap,mixed_real_news_v6
2026-04-17,2026-04-17T07:00:00+00:00,600519.SH,"""Kweichow Moutai"" - Google News","Kweichow Moutai’s Annual Profit, Revenue Fall for First Time - WSJ","<a href=""https://news.google.com/rss/articles/CBMiqAFBVV95cUxQVHRsTDRDOWVnTEVzQ0VEQ08zWnFDY1UtMTNIZkdvV0ZRS3FKdWdja3FZMlRnUnlnUl9NUmp3Z3RPSk5BX0VGUThFbnUtc2d4eERoekxKdmxGRVBTb2VrSlYybVBVc253bEY5RDBUSXdiWFJpZUxrWC1vdTBVTzNwT0tvRk5MLTBEclZDMlliYlJQNTRaZkZIaHdTeEN4blhnX3NScklYM0c?oc=5"" target=""_blank"">Kweichow Moutai’s Annual Profit, Revenue Fall for First Time</a>&nbsp;&nbsp;<font color=""#6f6f6f"">WSJ</font>",https://news.google.com/rss/articles/CBMiqAFBVV95cUxQVHRsTDRDOWVnTEVzQ0VEQ08zWnFDY1UtMTNIZkdvV0ZRS3FKdWdja3FZMlRnUnlnUl9NUmp3Z3RPSk5BX0VGUThFbnUtc2d4eERoekxKdmxGRVBTb2VrSlYybVBVc253bEY5RDBUSXdiWFJpZUxrWC1vdTBVTzNwT0tvRk5MLTBEclZDMlliYlJQNTRaZkZIaHdTeEN4blhnX3NScklYM0c?oc=5,Kweichow Moutai,"Kweichow Moutai’s Annual Profit, Revenue Fall for First Time - WSJ. Kweichow Moutai’s Annual Profit, Revenue Fall for First Time WSJ",negative,-0.9391743,en,bootstrap,mixed_real_news_v6
2026-04-17,2026-04-17T07:00:00+00:00,600519.SH,"""贵州茅台"" - Google 新闻",年度报告：贵州茅台上市以来首次业绩双下滑 - 中国网旅游,"<a href=""https://news.google.com/rss/articles/CBMic0FVX3lxTFBSZURLQ2tlRVZST0kzMFktT2loZEZpdUgxUXhZNVUtcjFSRjJhbWVwdXdzeDVkNWtHX0N6bDVmZHQxX2hVaTd1b0pldkF3M1daOU1VVm5IclRuTFFIT3pnZHJuSFdGWWZybDR5amFWaXZSVjA?oc=5"" target=""_blank"">年度报告：贵州茅台上市以来首次业绩双下滑</a>&nbsp;&nbsp;<font color=""#6f6f6f"">中国网旅游</font>",https://news.google.com/rss/articles/CBMic0FVX3lxTFBSZURLQ2tlRVZST0kzMFktT2loZEZpdUgxUXhZNVUtcjFSRjJhbWVwdXdzeDVkNWtHX0N6bDVmZHQxX2hVaTd1b0pldkF3M1daOU1VVm5IclRuTFFIT3pnZHJuSFdGWWZybDR5amFWaXZSVjA?oc=5,贵州茅台,年度报告：贵州茅台上市以来首次业绩双下滑 - 中国网旅游. 年度报告：贵州茅台上市以来首次业绩双下滑 中国网旅游,neutral,0.04203796,zh,bootstrap,mixed_real_news_v6
2026-04-17,2026-04-17T07:00:00+00:00,600519.SH,"""贵州茅台"" - Google 新闻",上市以来首次年度业绩下滑！贵州茅台去年净利降4.53%，拟分红350亿元 - thepaper.cn,"<a href=""https://news.google.com/rss/articles/CBMiXkFVX3lxTE85U2ZYZ0ljWTVrcjgzRWwzMjZVXzJIV2FLTTBxQ2hlemhubGU2TFNfb2gyTDBhdGlSRmwtRlRNNk5lT292NnY2R0x6am1USVJzemtORXpkZGhqTGF2LWc?oc=5"" target=""_blank"">上市以来首次年度业绩下滑！贵州茅台去年净利降4.53%，拟分红350亿元</a>&nbsp;&nbsp;<font color=""#6f6f6f"">thepaper.cn</font>",https://news.google.com/rss/articles/CBMiXkFVX3lxTE85U2ZYZ0ljWTVrcjgzRWwzMjZVXzJIV2FLTTBxQ2hlemhubGU2TFNfb2gyTDBhdGlSRmwtRlRNNk5lT292NnY2R0x6am1USVJzemtORXpkZGhqTGF2LWc?oc=5,贵州茅台,上市以来首次年度业绩下滑！贵州茅台去年净利降4.53%，拟分红350亿元 - thepaper.cn. 上市以来首次年度业绩下滑！贵州茅台去年净利降4.53%，拟分红350亿元 thepaper.cn,neutral,0.011232369,zh,bootstrap,mixed_real_news_v6
2026-04-17,2026-04-17T07:00:00+00:00,600519.SH,"""贵州茅台"" - Google 新闻",消费承压！贵州茅台加速跌落神坛，库存持续攀升，超半数分红进入大股东口袋 - 证券时报,"<a href=""https://news.google.com/rss/articles/CBMiXEFVX3lxTE4xVDdfRHBJUmpqcGFsSWJfemNqNVlZOTRHMlI5amhScVhsdUUzRFNTY3lzS0p5T1lBRDAxSWZZYmxRSHhfTjMxZmFiRVQ2d0pCWFZhVEx0M01kaWVP?oc=5"" target=""_blank"">消费承压！贵州茅台加速跌落神坛，库存持续攀升，超半数分红进入大股东口袋</a>&nbsp;&nbsp;<font color=""#6f6f6f"">证券时报</font>",https://news.google.com/rss/articles/CBMiXEFVX3lxTE4xVDdfRHBJUmpqcGFsSWJfemNqNVlZOTRHMlI5amhScVhsdUUzRFNTY3lzS0p5T1lBRDAxSWZZYmxRSHhfTjMxZmFiRVQ2d0pCWFZhVEx0M01kaWVP?oc=5,贵州茅台,消费承压！贵州茅台加速跌落神坛，库存持续攀升，超半数分红进入大股东口袋 - 证券时报. 消费承压！贵州茅台加速跌落神坛，库存持续攀升，超半数分红进入大股东口袋 证券时报,neutral,0.055932116,zh,bootstrap,mixed_real_news_v6
2026-04-17,2026-04-17T07:00:00+00:00,600519.SH,"""贵州茅台"" - Google 新闻",贵州茅台上市以来首现营收净利双降，首次未完成既定目标 - thepaper.cn,"<a href=""https://news.google.com/rss/articles/CBMiXkFVX3lxTE9CZzl3V282QUtpTDBVeUlpUGZmdjdNeERQeGpqSER4ZTVHRnZPYU8ySThoTDdWaXluMjRRM0x1enkxT2REYzA1aF83OHlGcGdrLU5idnp6YW5DcDdHb2c?oc=5"" target=""_blank"">贵州茅台上市以来首现营收净利双降，首次未完成既定目标</a>&nbsp;&nbsp;<font color=""#6f6f6f"">thepaper.cn</font>",https://news.google.com/rss/articles/CBMiXkFVX3lxTE9CZzl3V282QUtpTDBVeUlpUGZmdjdNeERQeGpqSER4ZTVHRnZPYU8ySThoTDdWaXluMjRRM0x1enkxT2REYzA1aF83OHlGcGdrLU5idnp6YW5DcDdHb2c?oc=5,贵州茅台,贵州茅台上市以来首现营收净利双降，首次未完成既定目标 - thepaper.cn. 贵州茅台上市以来首现营收净利双降，首次未完成既定目标 thepaper.cn,neutral,0.009209748,zh,bootstrap,mixed_real_news_v6
2026-04-17,2026-04-17T07:00:00+00:00,600519.SH,"""贵州茅台"" - Google 新闻",牛市早报｜一季度GDP同比增长5%，贵州茅台去年营收净利双降 - thepaper.cn,"<a href=""https://news.google.com/rss/articles/CBMiXkFVX3lxTE9TOGY1R2lBbGZoYU1PQ0FoMjBBWEhrVG1LcjF3aUtGX1lSU1RMR1hZWDhMTXFtWWpJX3lLOU50SXAtT3paZ2o5bnlxUnpTTmp3cFJWREtiS1U1WGFSaGc?oc=5"" target=""_blank"">牛市早报｜一季度GDP同比增长5%，贵州茅台去年营收净利双降</a>&nbsp;&nbsp;<font color=""#6f6f6f"">thepaper.cn</font>",https://news.google.com/rss/articles/CBMiXkFVX3lxTE9TOGY1R2lBbGZoYU1PQ0FoMjBBWEhrVG1LcjF3aUtGX1lSU1RMR1hZWDhMTXFtWWpJX3lLOU50SXAtT3paZ2o5bnlxUnpTTmp3cFJWREtiS1U1WGFSaGc?oc=5,贵州茅台,牛市早报｜一季度GDP同比增长5%，贵州茅台去年营收净利双降 - thepaper.cn. 牛市早报｜一季度GDP同比增长5%，贵州茅台去年营收净利双降 thepaper.cn,neutral,0.022605805,zh,bootstrap,mixed_real_news_v6
2026-04-17,2026-04-17T07:00:00+00:00,600519.SH,"""贵州茅台"" - Google 新闻",贵州茅台上市以来首现业绩双下滑，拟派350亿元现金“红包” - 东方财富,"<a href=""https://news.google.com/rss/articles/CBMiZkFVX3lxTE9LdlZvUV9BOFctZHBTdldFV2otN2lCZEtfVzZiYVU2aTM1ekpCTHZMdnVIVmd5cnAxSjJ5U0RIb2ROWnh1aW1pVndrNWdmMFRfeW9wVDBaZ1QwSU1hM1ZnLWdNSFlaUQ?oc=5"" target=""_blank"">贵州茅台上市以来首现业绩双下滑，拟派350亿元现金“红包”</a>&nbsp;&nbsp;<font color=""#6f6f6f"">东方财富</font>",https://news.google.com/rss/articles/CBMiZkFVX3lxTE9LdlZvUV9BOFctZHBTdldFV2otN2lCZEtfVzZiYVU2aTM1ekpCTHZMdnVIVmd5cnAxSjJ5U0RIb2ROWnh1aW1pVndrNWdmMFRfeW9wVDBaZ1QwSU1hM1ZnLWdNSFlaUQ?oc=5,贵州茅台,贵州茅台上市以来首现业绩双下滑，拟派350亿元现金“红包” - 东方财富. 贵州茅台上市以来首现业绩双下滑，拟派350亿元现金“红包” 东方财富,neutral,0.07480721,zh,bootstrap,mixed_real_news_v6
2026-04-17,2026-04-17T07:00:00+00:00,600519.SH,"""贵州茅台"" - Google 新闻",贵州茅台业绩出炉！营收、净利双降 - 21财经,"<a href=""https://news.google.com/rss/articles/CBMijwFBVV95cUxOOWw1c3A5YUI2aHlHNElsNTRHVWdFbEhyRDEzMGlrNEdoa3BOdXhyMFl4UU93X1pwR05jdm1pZWpUVjdLQ0N2TERNamRpUTlEQTQwQjQ1MkJvNFJGd190ajEzajdVX0xva2JBYTAtbXVUZWF6cXlSNUl6aUxONXp0TlhrUzRpRjFiNEhKaGt3aw?oc=5"" target=""_blank"">贵州茅台业绩出炉！营收、净利双降</a>&nbsp;&nbsp;<font color=""#6f6f6f"">21财经</font>",https://news.google.com/rss/articles/CBMijwFBVV95cUxOOWw1c3A5YUI2aHlHNElsNTRHVWdFbEhyRDEzMGlrNEdoa3BOdXhyMFl4UU93X1pwR05jdm1pZWpUVjdLQ0N2TERNamRpUTlEQTQwQjQ1MkJvNFJGd190ajEzajdVX0xva2JBYTAtbXVUZWF6cXlSNUl6aUxONXp0TlhrUzRpRjFiNEhKaGt3aw?oc=5,贵州茅台,贵州茅台业绩出炉！营收、净利双降 - 21财经. 贵州茅台业绩出炉！营收、净利双降 21财经,neutral,0.022914294,zh,bootstrap,mixed_real_news_v6
2026-04-17,2026-04-17T07:00:00+00:00,600519.SH,"""贵州茅台"" - Google 新闻",贵州茅台2001年上市以来业绩首次下滑 - 京报网,"<a href=""https://news.google.com/rss/articles/CBMiXkFVX3lxTE5Hai1fUFlFRFRaZFd2bVJ5bnl0ejdnQkkyd2RabjNCcmxmM3lOUm1JQjBFcEJOU1VzeE5ZOUtRdUx1NE81MWpTT0w4dHA5ampzWjY1UHBLQzNRaHh3VWc?oc=5"" target=""_blank"">贵州茅台2001年上市以来业绩首次下滑</a>&nbsp;&nbsp;<font color=""#6f6f6f"">京报网</font>",https://news.google.com/rss/articles/CBMiXkFVX3lxTE5Hai1fUFlFRFRaZFd2bVJ5bnl0ejdnQkkyd2RabjNCcmxmM3lOUm1JQjBFcEJOU1VzeE5ZOUtRdUx1NE81MWpTT0w4dHA5ampzWjY1UHBLQzNRaHh3VWc?oc=5,贵州茅台,贵州茅台2001年上市以来业绩首次下滑 - 京报网. 贵州茅台2001年上市以来业绩首次下滑 京报网,neutral,0.048394915,zh,bootstrap,mixed_real_news_v6
2026-04-17,2026-04-17T07:00:00+00:00,600519.SH,"""贵州茅台"" - Google 新闻",贵州茅台上市以来首现营收净利双降，首次未完成既定目标 - eeo.com.cn,"<a href=""https://news.google.com/rss/articles/CBMiVEFVX3lxTFA3eGptZXYzTWN4WXZoQTV6Q0xyOHJuRDNTdTc0SkpfQ25Vc09ZblBCcEJTY0d4dlBnczNmSWhlWW9Oc3V6bVgyeXB2NF9ZdVliU0ExeA?oc=5"" target=""_blank"">贵州茅台上市以来首现营收净利双降，首次未完成既定目标</a>&nbsp;&nbsp;<font color=""#6f6f6f"">eeo.com.cn</font>",https://news.google.com/rss/articles/CBMiVEFVX3lxTFA3eGptZXYzTWN4WXZoQTV6Q0xyOHJuRDNTdTc0SkpfQ25Vc09ZblBCcEJTY0d4dlBnczNmSWhlWW9Oc3V6bVgyeXB2NF9ZdVliU0ExeA?oc=5,贵州茅台,贵州茅台上市以来首现营收净利双降，首次未完成既定目标 - eeo.com.cn. 贵州茅台上市以来首现营收净利双降，首次未完成既定目标 eeo.com.cn,neutral,0.013641914,zh,bootstrap,mixed_real_news_v6
2026-04-17,2026-04-17T07:00:00+00:00,600519.SH,"""贵州茅台"" - Google 新闻",贵州茅台首次年收入和净利润双负增长 2025全年分红比例提高4个百分点 - 财新,"<a href=""https://news.google.com/rss/articles/CBMiZEFVX3lxTFB3Qk8zNWhxV3RfSzBianAzaWNKRUhubU5fVGhESzNJZXlKYjRNTi11STMyb042U3lPYmtCZ0VDbjZjRnpNZzFHNWc2X3JtLU1MZnc3VmlzX0tfRk5iYXNuOEtvZkQ?oc=5"" target=""_blank"">贵州茅台首次年收入和净利润双负增长 2025全年分红比例提高4个百分点</a>&nbsp;&nbsp;<font color=""#6f6f6f"">财新</font>",https://news.google.com/rss/articles/CBMiZEFVX3lxTFB3Qk8zNWhxV3RfSzBianAzaWNKRUhubU5fVGhESzNJZXlKYjRNTi11STMyb042U3lPYmtCZ0VDbjZjRnpNZzFHNWc2X3JtLU1MZnc3VmlzX0tfRk5iYXNuOEtvZkQ?oc=5,贵州茅台,贵州茅台首次年收入和净利润双负增长 2025全年分红比例提高4个百分点 - 财新. 贵州茅台首次年收入和净利润双负增长 2025全年分红比例提高4个百分点 财新,neutral,0.12097202,zh,bootstrap,mixed_real_news_v6
2026-04-17,2026-04-17T07:00:00+00:00,600519.SH,"""贵州茅台"" - Google 新闻",沪指低开，贵金属、白酒板块下跌，贵州茅台下跌超4%，CPO、煤炭股上涨 | 开盘播报 - 21财经,"<a href=""https://news.google.com/rss/articles/CBMijwFBVV95cUxON2NTTFdqYmJEVXVHUHlhUnc5dWM4eFoyb3ZwRzVyY18ydUwyQTl2MEZ4ZHZqdlBVZkp2OTlNRVhsVUhJX2dpT3N6MHdhSHozUlJpRDljTVJ3eWhQOWdNR0VUYVNaOWpJZDhTRFVBc05tR0hoTkVNdTBWR2hQRzMwc0dwNHJDcHp4TVdhcEpNYw?oc=5"" target=""_blank"">沪指低开，贵金属、白酒板块下跌，贵州茅台下跌超4%，CPO、煤炭股上涨 | 开盘播报</a>&nbsp;&nbsp;<font color=""#6f6f6f"">21财经</font>",https://news.google.com/rss/articles/CBMijwFBVV95cUxON2NTTFdqYmJEVXVHUHlhUnc5dWM4eFoyb3ZwRzVyY18ydUwyQTl2MEZ4ZHZqdlBVZkp2OTlNRVhsVUhJX2dpT3N6MHdhSHozUlJpRDljTVJ3eWhQOWdNR0VUYVNaOWpJZDhTRFVBc05tR0hoTkVNdTBWR2hQRzMwc0dwNHJDcHp4TVdhcEpNYw?oc=5,贵州茅台,沪指低开，贵金属、白酒板块下跌，贵州茅台下跌超4%，CPO、煤炭股上涨 | 开盘播报 - 21财经. 沪指低开，贵金属、白酒板块下跌，贵州茅台下跌超4%，CPO、煤炭股上涨 | 开盘播报 21财经,neutral,0.06261295,zh,bootstrap,mixed_real_news_v6
2026-04-17,2026-04-17T07:00:00+00:00,600519.SH,"""贵州茅台"" - Google 新闻",贵州茅台上市以来首次年度营收、净利双降；纳指12连涨创新高｜盘前情报 - 21财经,"<a href=""https://news.google.com/rss/articles/CBMijwFBVV95cUxNM3dySGtCOHVRaXhFdmJNLTV4c01mTms4S09NdTMxeU1GNjE3ZUh1YzdCU0hiaVkzMmNpMnVwaktCbjcycUFZMS1RTU1UcUw3NlNhVVp6UWNlV2p2VkR0SDZSMDhpb0tFMEdiQWZRMXBJUUxqOVRtdFcycjlLNE9XeGhhemxmV0NpZXBWZU9USQ?oc=5"" target=""_blank"">贵州茅台上市以来首次年度营收、净利双降；纳指12连涨创新高｜盘前情报</a>&nbsp;&nbsp;<font color=""#6f6f6f"">21财经</font>",https://news.google.com/rss/articles/CBMijwFBVV95cUxNM3dySGtCOHVRaXhFdmJNLTV4c01mTms4S09NdTMxeU1GNjE3ZUh1YzdCU0hiaVkzMmNpMnVwaktCbjcycUFZMS1RTU1UcUw3NlNhVVp6UWNlV2p2VkR0SDZSMDhpb0tFMEdiQWZRMXBJUUxqOVRtdFcycjlLNE9XeGhhemxmV0NpZXBWZU9USQ?oc=5,贵州茅台,贵州茅台上市以来首次年度营收、净利双降；纳指12连涨创新高｜盘前情报 - 21财经. 贵州茅台上市以来首次年度营收、净利双降；纳指12连涨创新高｜盘前情报 21财经,neutral,0.043169905,zh,bootstrap,mixed_real_news_v6
2026-04-17,2026-04-17T07:00:00+00:00,600519.SH,"""贵州茅台"" - Google 新闻",贵州茅台早盘跌超4%，上市25年首次出现负增长 - 财经号,"<a href=""https://news.google.com/rss/articles/CBMia0FVX3lxTE9YRi1HcXhtTXJOSXFUSkhISldSb2VmUEFJRXgxb1dSU3FqM2k1YTQ0MGJHcFFqRzh3Z3g2TDlOV19mYW51dnd5V1ViVThIckZXbGE5UDFkNjJwQXBGOGRtTlBwQnRnU0RKeGlr?oc=5"" target=""_blank"">贵州茅台早盘跌超4%，上市25年首次出现负增长</a>&nbsp;&nbsp;<font color=""#6f6f6f"">财经号</font>",https://news.google.com/rss/articles/CBMia0FVX3lxTE9YRi1HcXhtTXJOSXFUSkhISldSb2VmUEFJRXgxb1dSU3FqM2k1YTQ0MGJHcFFqRzh3Z3g2TDlOV19mYW51dnd5V1ViVThIckZXbGE5UDFkNjJwQXBGOGRtTlBwQnRnU0RKeGlr?oc=5,贵州茅台,贵州茅台早盘跌超4%，上市25年首次出现负增长 - 财经号. 贵州茅台早盘跌超4%，上市25年首次出现负增长 财经号,neutral,0.038366243,zh,bootstrap,mixed_real_news_v6
2026-04-17,2026-04-17T07:00:00+00:00,600519.SH,"""贵州茅台"" - Google 新闻",贵州茅台低开超4% - 东方财富,"<a href=""https://news.google.com/rss/articles/CBMiYEFVX3lxTE55SFRFS0J0TmhIYk1QVnJkODR1czNVbjZOOGcySE1JZEExMllqRGVBM0t4U2dIYm9KcmVDTTBMRVExRkZYWFl6LUpveFE4SjRmU2EzRVJoUURhTU9kWGdJZg?oc=5"" target=""_blank"">贵州茅台低开超4%</a>&nbsp;&nbsp;<font color=""#6f6f6f"">东方财富</font>",https://news.google.com/rss/articles/CBMiYEFVX3lxTE55SFRFS0J0TmhIYk1QVnJkODR1czNVbjZOOGcySE1JZEExMllqRGVBM0t4U2dIYm9KcmVDTTBMRVExRkZYWFl6LUpveFE4SjRmU2EzRVJoUURhTU9kWGdJZg?oc=5,贵州茅台,贵州茅台低开超4% - 东方财富. 贵州茅台低开超4% 东方财富,neutral,0.00022980198,zh,bootstrap,mixed_real_news_v6
2026-04-17,2026-04-17T07:00:00+00:00,600519.SH,"""贵州茅台"" - Google 新闻",贵州茅台上市以来首次业绩双下滑 - 京报网,"<a href=""https://news.google.com/rss/articles/CBMiXkFVX3lxTE94UXN3T1FGU1pfTURLV2VTU2tHQnhEZGdpRDZmbEt3RjFVZ0R3Zm1rdnFZZ1k3VElfUTczN1p5bDhJNXFKMEQtVDZqaUZZOUhyRmRyaUU4Mk5OOWM4T2c?oc=5"" target=""_blank"">贵州茅台上市以来首次业绩双下滑</a>&nbsp;&nbsp;<font color=""#6f6f6f"">京报网</font>",https://news.google.com/rss/articles/CBMiXkFVX3lxTE94UXN3T1FGU1pfTURLV2VTU2tHQnhEZGdpRDZmbEt3RjFVZ0R3Zm1rdnFZZ1k3VElfUTczN1p5bDhJNXFKMEQtVDZqaUZZOUhyRmRyaUU4Mk5OOWM4T2c?oc=5,贵州茅台,贵州茅台上市以来首次业绩双下滑 - 京报网. 贵州茅台上市以来首次业绩双下滑 京报网,neutral,0.034078676,zh,bootstrap,mixed_real_news_v6
2026-04-17,2026-04-17T07:00:00+00:00,600519.SH,"""贵州茅台"" - Google 新闻",上市以来首度双降，贵州茅台主动“挤泡沫”之后走向何方？ - 新浪财经,"<a href=""https://news.google.com/rss/articles/CBMibkFVX3lxTE5xcGN4ZkxwbS1CTi1jRFI3cEM2WXpsaVVkY3RzU1pHQzZYQ08tTmp5cW1yWHFGWmRwQWZCcXZVeU9MNVp6RlpYWVU3akZYWFk2T2R5WDF6enZmTjNDcUZLaG0xUldQM2hTVlpCRzJB?oc=5"" target=""_blank"">上市以来首度双降，贵州茅台主动“挤泡沫”之后走向何方？</a>&nbsp;&nbsp;<font color=""#6f6f6f"">新浪财经</font>",https://news.google.com/rss/articles/CBMibkFVX3lxTE5xcGN4ZkxwbS1CTi1jRFI3cEM2WXpsaVVkY3RzU1pHQzZYQ08tTmp5cW1yWHFGWmRwQWZCcXZVeU9MNVp6RlpYWVU3akZYWFk2T2R5WDF6enZmTjNDcUZLaG0xUldQM2hTVlpCRzJB?oc=5,贵州茅台,上市以来首度双降，贵州茅台主动“挤泡沫”之后走向何方？ - 新浪财经. 上市以来首度双降，贵州茅台主动“挤泡沫”之后走向何方？ 新浪财经,neutral,0.059188053,zh,bootstrap,mixed_real_news_v6
2026-04-17,2026-04-17T07:00:00+00:00,600519.SH,"""贵州茅台"" - Google 新闻",贵州茅台：别被业绩吓破胆，市场化才是真底牌！ - 财富号,"<a href=""https://news.google.com/rss/articles/CBMia0FVX3lxTFBkTk9zc19td05Ia1dfeEZmS01NUHF6MEhtYjNCVDRQOE9SekJCUjhIM0lzSVppeTJQWHZfOUVvWFNrZnNzN0Q0anNPb1M5ZHNxMUhJU2ktYXNmWnNlcFVaZHE1OHUzMGkySU5N?oc=5"" target=""_blank"">贵州茅台：别被业绩吓破胆，市场化才是真底牌！</a>&nbsp;&nbsp;<font color=""#6f6f6f"">财富号</font>",https://news.google.com/rss/articles/CBMia0FVX3lxTFBkTk9zc19td05Ia1dfeEZmS01NUHF6MEhtYjNCVDRQOE9SekJCUjhIM0lzSVppeTJQWHZfOUVvWFNrZnNzN0Q0anNPb1M5ZHNxMUhJU2ktYXNmWnNlcFVaZHE1OHUzMGkySU5N?oc=5,贵州茅台,贵州茅台：别被业绩吓破胆，市场化才是真底牌！ - 财富号. 贵州茅台：别被业绩吓破胆，市场化才是真底牌！ 财富号,neutral,0.02400418,zh,bootstrap,mixed_real_news_v6
2026-04-17,2026-04-17T07:00:00+00:00,600519.SH,"""贵州茅台"" - Google 新闻",贵州茅台早盘跌超4%，上市25年首次出现负增长 - 新浪财经,"<a href=""https://news.google.com/rss/articles/CBMifkFVX3lxTE9fRmE5eU9tQmVZbHQtSnhfMTJUeE04VEFtQXNwSnFxVGFVRGMxRUZ4ZUpwWWFUdzNiVkxieG5URTdaaVFGNWpMcDJ5NFR6VzBpaHB4cXQ2YWdqS2ZveTBRMFp4WlJuZG5kQUR6eHR6VWR5cVB2T29hOG9pTHBJQQ?oc=5"" target=""_blank"">贵州茅台早盘跌超4%，上市25年首次出现负增长</a>&nbsp;&nbsp;<font color=""#6f6f6f"">新浪财经</font>",https://news.google.com/rss/articles/CBMifkFVX3lxTE9fRmE5eU9tQmVZbHQtSnhfMTJUeE04VEFtQXNwSnFxVGFVRGMxRUZ4ZUpwWWFUdzNiVkxieG5URTdaaVFGNWpMcDJ5NFR6VzBpaHB4cXQ2YWdqS2ZveTBRMFp4WlJuZG5kQUR6eHR6VWR5cVB2T29hOG9pTHBJQQ?oc=5,贵州茅台,贵州茅台早盘跌超4%，上市25年首次出现负增长 - 新浪财经. 贵州茅台早盘跌超4%，上市25年首次出现负增长 新浪财经,neutral,0.047150653,zh,bootstrap,mixed_real_news_v6
2026-04-17,2026-04-17T07:42:34+00:00,600519.SH,"""Kweichow Moutai"" - Google News",China’s Kweichow Moutai shares slip on soft FY earnings By Investing.com - Investing.com South Africa,"<a href=""https://news.google.com/rss/articles/CBMirwFBVV95cUxPdThDNHBleGxNdjl3Y1AyOHNZc0VpUlFURW1jeXFnaHZ4U0I5cG9OZG80V0MxeHVjeHR0b2IwTzQzdUtzTmhycEtnX2tlUUF3S1RaLTZnVE5QN2NEa2VBdU9UdWdqNUJHWnljYWVBeHYySnl6SHg4Ykw1US0xaWcwd0t6ekRjeTJBT1R1VXZjMnlveVl3d2l1ZThZRkc3SUsxLUpucGVpZXBXVWFoaHRV?oc=5"" target=""_blank"">China’s Kweichow Moutai shares slip on soft FY earnings By Investing.com</a>&nbsp;&nbsp;<font color=""#6f6f6f"">Investing.com South Africa</font>",https://news.google.com/rss/articles/CBMirwFBVV95cUxPdThDNHBleGxNdjl3Y1AyOHNZc0VpUlFURW1jeXFnaHZ4U0I5cG9OZG80V0MxeHVjeHR0b2IwTzQzdUtzTmhycEtnX2tlUUF3S1RaLTZnVE5QN2NEa2VBdU9UdWdqNUJHWnljYWVBeHYySnl6SHg4Ykw1US0xaWcwd0t6ekRjeTJBT1R1VXZjMnlveVl3d2l1ZThZRkc3SUsxLUpucGVpZXBXVWFoaHRV?oc=5,Kweichow Moutai,China’s Kweichow Moutai shares slip on soft FY earnings By Investing.com - Investing.com South Africa. China’s Kweichow Moutai shares slip on soft FY earnings By Investing.com Investing.com South Africa,negative,-0.9603491,en,bootstrap,mixed_real_news_v6
2026-04-17,2026-04-17T10:32:34+00:00,600519.SH,"""贵州茅台"" - Google 新闻",贵州茅台2025年年报出炉：营业总收入约1721亿元，全年分红将达650.33亿元 - 东方财富,"<a href=""https://news.google.com/rss/articles/CBMiYEFVX3lxTE9FM2dIbXZxZ044UGtQOEMwNjlfd192Rmw0SzJqS1dKTG91b3RoWDllT3dNcGlEdkZTNVN6clR2cEFrR044SEllVncwd3p3Vlk1cDRRUGN0UjRhc01xWnhJbg?oc=5"" target=""_blank"">贵州茅台2025年年报出炉：营业总收入约1721亿元，全年分红将达650.33亿元</a>&nbsp;&nbsp;<font color=""#6f6f6f"">东方财富</font>",https://news.google.com/rss/articles/CBMiYEFVX3lxTE9FM2dIbXZxZ044UGtQOEMwNjlfd192Rmw0SzJqS1dKTG91b3RoWDllT3dNcGlEdkZTNVN6clR2cEFrR044SEllVncwd3p3Vlk1cDRRUGN0UjRhc01xWnhJbg?oc=5,贵州茅台,贵州茅台2025年年报出炉：营业总收入约1721亿元，全年分红将达650.33亿元 - 东方财富. 贵州茅台2025年年报出炉：营业总收入约1721亿元，全年分红将达650.33亿元 东方财富,neutral,0.037706196,zh,bootstrap,mixed_real_news_v6
2026-04-17,2026-04-17T22:03:36+00:00,600519.SH,"""600519"" - Google 新闻",贵州茅台（600519）2025年年报简析：净利润同比下降4.53%_财报季 - 证券之星,"<a href=""https://news.google.com/rss/articles/CBMiYkFVX3lxTE1GaC1KcVNjSmxLUjZDUjF4T1lTMEoxWWFBYmRpYUxhNjl5bHlRYXNVZnZzVHQ4T195NWR3MGpRTHJyWENPUFNPRlNnZE4yWkdhVFo2VkNWV1c1Zi0ybWlHTk1R?oc=5"" target=""_blank"">贵州茅台（600519）2025年年报简析：净利润同比下降4.53%_财报季</a>&nbsp;&nbsp;<font color=""#6f6f6f"">证券之星</font>",https://news.google.com/rss/articles/CBMiYkFVX3lxTE1GaC1KcVNjSmxLUjZDUjF4T1lTMEoxWWFBYmRpYUxhNjl5bHlRYXNVZnZzVHQ4T195NWR3MGpRTHJyWENPUFNPRlNnZE4yWkdhVFo2VkNWV1c1Zi0ybWlHTk1R?oc=5,600519,贵州茅台（600519）2025年年报简析：净利润同比下降4.53%_财报季 - 证券之星. 贵州茅台（600519）2025年年报简析：净利润同比下降4.53%_财报季 证券之星,neutral,0.057773095,zh,bootstrap,mixed_real_news_v6
2026-04-18,2026-04-18T07:00:00+00:00,600519.SH,"""贵州茅台"" - Google 新闻",贵州茅台首现业绩双下滑，股价开盘跌超4% - thepaper.cn,"<a href=""https://news.google.com/rss/articles/CBMiXkFVX3lxTE8wUnQzOS0taFRfNEQ4RWVIaF9KRkxkZTVJQThpb2ZTOExEN0ZKUkFOaHJEMnVBT0s4b0RMNjVOVy1aYUxNenV1a19iNlZJRjFpb0VnQlNlazQzaUVNRVE?oc=5"" target=""_blank"">贵州茅台首现业绩双下滑，股价开盘跌超4%</a>&nbsp;&nbsp;<font color=""#6f6f6f"">thepaper.cn</font>",https://news.google.com/rss/articles/CBMiXkFVX3lxTE8wUnQzOS0taFRfNEQ4RWVIaF9KRkxkZTVJQThpb2ZTOExEN0ZKUkFOaHJEMnVBT0s4b0RMNjVOVy1aYUxNenV1a19iNlZJRjFpb0VnQlNlazQzaUVNRVE?oc=5,贵州茅台,贵州茅台首现业绩双下滑，股价开盘跌超4% - thepaper.cn. 贵州茅台首现业绩双下滑，股价开盘跌超4% thepaper.cn,neutral,0.024274867,zh,bootstrap,mixed_real_news_v6
2026-04-18,2026-04-18T07:00:00+00:00,600519.SH,"""贵州茅台"" - Google 新闻",上市25年业绩首降，贵州茅台如何突围？ - 新浪财经,"<a href=""https://news.google.com/rss/articles/CBMibkFVX3lxTE5tY0FlUU0tc0RjVHFNR1ZmWGpPQ3otZ19VNVpkNUlBVVhZWS02RzhWRTZFdFpkZGJTNmhCd3pEMEQ2cnpjeEU0cm5QajRBR25CWWhTdEpPM0x6emhqQllvUzhtNWw0aWhoUnNGWFdR?oc=5"" target=""_blank"">上市25年业绩首降，贵州茅台如何突围？</a>&nbsp;&nbsp;<font color=""#6f6f6f"">新浪财经</font>",https://news.google.com/rss/articles/CBMibkFVX3lxTE5tY0FlUU0tc0RjVHFNR1ZmWGpPQ3otZ19VNVpkNUlBVVhZWS02RzhWRTZFdFpkZGJTNmhCd3pEMEQ2cnpjeEU0cm5QajRBR25CWWhTdEpPM0x6emhqQllvUzhtNWw0aWhoUnNGWFdR?oc=5,贵州茅台,上市25年业绩首降，贵州茅台如何突围？ - 新浪财经. 上市25年业绩首降，贵州茅台如何突围？ 新浪财经,neutral,0.0441844,zh,bootstrap,mixed_real_news_v6
2026-04-18,2026-04-18T07:00:00+00:00,600519.SH,"""600519"" - Google 新闻",贵州茅台股价下跌亏损_新浪新闻 - 新浪网,"<a href=""https://news.google.com/rss/articles/CBMiY0FVX3lxTFB0bDU4bkZySEphUXJPd25KRE5OV0J2U2lxeHZPaHl6SXkzaTI3TDlhNGltNTgwWnNHeWR0ZVRTTDYwMFloQmR3OUtGMHAzWU5YNDlnaU05amQ3TVVEbUVhQUdBcw?oc=5"" target=""_blank"">贵州茅台股价下跌亏损_新浪新闻</a>&nbsp;&nbsp;<font color=""#6f6f6f"">新浪网</font>",https://news.google.com/rss/articles/CBMiY0FVX3lxTFB0bDU4bkZySEphUXJPd25KRE5OV0J2U2lxeHZPaHl6SXkzaTI3TDlhNGltNTgwWnNHeWR0ZVRTTDYwMFloQmR3OUtGMHAzWU5YNDlnaU05amQ3TVVEbUVhQUdBcw?oc=5,600519,贵州茅台股价下跌亏损_新浪新闻 - 新浪网. 贵州茅台股价下跌亏损_新浪新闻 新浪网,neutral,0.0132806,zh,bootstrap,mixed_real_news_v6
2026-04-19,2026-04-19T07:00:00+00:00,600519.SH,"""Kweichow Moutai"" - Google News",Kweichow Moutai Posts First Revenue Decline Since 2001 Listing - Seoul Economic Daily,"<a href=""https://news.google.com/rss/articles/CBMipAFBVV95cUxQNXZIMm83REU0ZFB1ZF9xSlJ6cGRFSTZvYXJMNERINFVaRl9OeDl5aldXcERnV29uSmZoMDhwSHI1TnhGZFR1bnhaZnNiYzFpTTMtdzZVdUE0NWRXa0RsTExId3RhTEZmNWc1ZnhEalRGbDFzOHZvWU9XWDd6TXZ3NjdXUGNkWmx2RV9XTFBEN09HQ2JZaXBhZ1RMdS1DWlF0cHd5RA?oc=5"" target=""_blank"">Kweichow Moutai Posts First Revenue Decline Since 2001 Listing</a>&nbsp;&nbsp;<font color=""#6f6f6f"">Seoul Economic Daily</font>",https://news.google.com/rss/articles/CBMipAFBVV95cUxQNXZIMm83REU0ZFB1ZF9xSlJ6cGRFSTZvYXJMNERINFVaRl9OeDl5aldXcERnV29uSmZoMDhwSHI1TnhGZFR1bnhaZnNiYzFpTTMtdzZVdUE0NWRXa0RsTExId3RhTEZmNWc1ZnhEalRGbDFzOHZvWU9XWDd6TXZ3NjdXUGNkWmx2RV9XTFBEN09HQ2JZaXBhZ1RMdS1DWlF0cHd5RA?oc=5,Kweichow Moutai,Kweichow Moutai Posts First Revenue Decline Since 2001 Listing - Seoul Economic Daily. Kweichow Moutai Posts First Revenue Decline Since 2001 Listing Seoul Economic Daily,negative,-0.9589979,en,bootstrap,mixed_real_news_v6
2026-04-19,2026-04-19T07:00:00+00:00,600519.SH,"""贵州茅台"" - Google News",贵州茅台(600519)：茅台酒增速放缓 系列酒全年显著承压 - Futubull - 富途牛牛,"<a href=""https://news.google.com/rss/articles/CBMiqwFBVV95cUxNZ2I3WExEVll5S1FpbXV5N2pvNnBqN3dGUm13REUzaUtsS3JRTVdiTDF1UFRQenE4dVBKWk8xWEZPN1NQU0g4WlRNZFBlUEFrUTMyODJ4T08xMDdYUWFvNURWSlFqS1kwYUo4TDg5M3J6MUl4VDJpYzdYYmdublRoMHpoQ1V3cks0SVNBNTh1aDhLTWh1Sk5SY1lsOExjaTdlY0p6b2xjV2RQZWM?oc=5"" target=""_blank"">贵州茅台(600519)：茅台酒增速放缓 系列酒全年显著承压 - Futubull</a>&nbsp;&nbsp;<font color=""#6f6f6f"">富途牛牛</font>",https://news.google.com/rss/articles/CBMiqwFBVV95cUxNZ2I3WExEVll5S1FpbXV5N2pvNnBqN3dGUm13REUzaUtsS3JRTVdiTDF1UFRQenE4dVBKWk8xWEZPN1NQU0g4WlRNZFBlUEFrUTMyODJ4T08xMDdYUWFvNURWSlFqS1kwYUo4TDg5M3J6MUl4VDJpYzdYYmdublRoMHpoQ1V3cks0SVNBNTh1aDhLTWh1Sk5SY1lsOExjaTdlY0p6b2xjV2RQZWM?oc=5,贵州茅台,贵州茅台(600519)：茅台酒增速放缓 系列酒全年显著承压 - Futubull - 富途牛牛. 贵州茅台(600519)：茅台酒增速放缓 系列酒全年显著承压 - Futubull 富途牛牛,neutral,0.007017974,zh,bootstrap,mixed_real_news_v6
2026-04-19,2026-04-19T07:00:00+00:00,600519.SH,"""贵州茅台"" - Google 新闻",贵州茅台，首次下滑 - thepaper.cn,"<a href=""https://news.google.com/rss/articles/CBMiXkFVX3lxTE15OEdFVXlxR1h3Z3d2TlVmZ0tKV0tna2JtZk9xMXc5N1hxMFVGS2F2YnY5WVdYMkE3Q1dXbHhmVGtwTGIyZUszWXVJUExJTXlfSjhyai1TNjc0dFBQU1E?oc=5"" target=""_blank"">贵州茅台，首次下滑</a>&nbsp;&nbsp;<font color=""#6f6f6f"">thepaper.cn</font>",https://news.google.com/rss/articles/CBMiXkFVX3lxTE15OEdFVXlxR1h3Z3d2TlVmZ0tKV0tna2JtZk9xMXc5N1hxMFVGS2F2YnY5WVdYMkE3Q1dXbHhmVGtwTGIyZUszWXVJUExJTXlfSjhyai1TNjc0dFBQU1E?oc=5,贵州茅台,贵州茅台，首次下滑 - thepaper.cn. 贵州茅台，首次下滑 thepaper.cn,neutral,-0.000287354,zh,bootstrap,mixed_real_news_v6
2026-04-20,2026-04-20T07:00:00+00:00,600519.SH,"""Kweichow Moutai"" - Google News",Kweichow Moutai Expected to Post 1Q Earnings Growth Despite Demand Headwinds -- Market Talk - Moomoo,"<a href=""https://news.google.com/rss/articles/CBMirAFBVV95cUxPd2ZkVWpmdmpJUXF6MmV1MlltSWVZa2NoS0pETWN6MWUxSDhVRjVpdm5zZlFROTlOY1RacWVUM1pBU3F1OUk4d2tBQWVUTkRoSTZXXzFwc3VNV093bXZKcDZQa2xvQ09MMDhyd1YyUERxRmVTMjkxTVZJY09NU005Q3ZPZnZFdWZaWTZHeW8tdjl0RXpod3RxZzlXZ0dpaVZNWWdEazlOTV9DcnNJ?oc=5"" target=""_blank"">Kweichow Moutai Expected to Post 1Q Earnings Growth Despite Demand Headwinds -- Market Talk</a>&nbsp;&nbsp;<font color=""#6f6f6f"">Moomoo</font>",https://news.google.com/rss/articles/CBMirAFBVV95cUxPd2ZkVWpmdmpJUXF6MmV1MlltSWVZa2NoS0pETWN6MWUxSDhVRjVpdm5zZlFROTlOY1RacWVUM1pBU3F1OUk4d2tBQWVUTkRoSTZXXzFwc3VNV093bXZKcDZQa2xvQ09MMDhyd1YyUERxRmVTMjkxTVZJY09NU005Q3ZPZnZFdWZaWTZHeW8tdjl0RXpod3RxZzlXZ0dpaVZNWWdEazlOTV9DcnNJ?oc=5,Kweichow Moutai,Kweichow Moutai Expected to Post 1Q Earnings Growth Despite Demand Headwinds -- Market Talk - Moomoo. Kweichow Moutai Expected to Post 1Q Earnings Growth Despite Demand Headwinds -- Market Talk Moomoo,positive,0.7428796,en,bootstrap,mixed_real_news_v6
2026-04-20,2026-04-20T07:00:00+00:00,600519.SH,"""Kweichow Moutai"" - Google News","Kweichow Moutai sees first fall in revenue, profit amid corruption crusade - KrASIA","<a href=""https://news.google.com/rss/articles/CBMimAFBVV95cUxOVmhpRTI1eUZ2OUlLd2djVWk2R0xmSmVHNkt4YllfeTVwX2RCc2EyNExubjNzbE9vV1VLVnR6OEs1VkpHNVhYMXdnRnBfdFB1T1VSbjQwYnlSUkR2RkdWMG51Sl9lTDNmbGVwOWdNTEpkUzEwbGtKVk1pWXdVcU5BV0R1enZsaDBhdER3UUFibzc4SVRmTHptOA?oc=5"" target=""_blank"">Kweichow Moutai sees first fall in revenue, profit amid corruption crusade</a>&nbsp;&nbsp;<font color=""#6f6f6f"">KrASIA</font>",https://news.google.com/rss/articles/CBMimAFBVV95cUxOVmhpRTI1eUZ2OUlLd2djVWk2R0xmSmVHNkt4YllfeTVwX2RCc2EyNExubjNzbE9vV1VLVnR6OEs1VkpHNVhYMXdnRnBfdFB1T1VSbjQwYnlSUkR2RkdWMG51Sl9lTDNmbGVwOWdNTEpkUzEwbGtKVk1pWXdVcU5BV0R1enZsaDBhdER3UUFibzc4SVRmTHptOA?oc=5,Kweichow Moutai,"Kweichow Moutai sees first fall in revenue, profit amid corruption crusade - KrASIA. Kweichow Moutai sees first fall in revenue, profit amid corruption crusade KrASIA",negative,-0.9446682,en,bootstrap,mixed_real_news_v6
2026-04-20,2026-04-20T07:00:00+00:00,600519.SH,"""Kweichow Moutai"" - Google News","Kweichow Moutai 2026 Outlook: Reforms, Price Hikes, and Sales Recovery Drive Baijiu Leader’s Growth - Minichart","<a href=""https://news.google.com/rss/articles/CBMi0gFBVV95cUxOR1QtZk5hN1pza2xxeGVESHdERWdsWEZpbERXTUNfc3pzTVlHQV9MV2FtNFdWZlY0OS11X2Jwb3cwWTZjWFVrWnhDbjBkTWtNRTV1ZG9qUURJem5oNkNFbkZaRkdZaDgwN0dHcXJtRjlBYW1Pa1JzRXlTV0xDNmZHWFBGMnNXTmRvdUo3VmEwWC15OTJuOWdfM281ajdvcGdTQ1FBUXBhSldQbnA4WWkwTTZBQnBRb3JkQzNJNWZwcU5YN1duOURVNWNOd3l5cjRsUnc?oc=5"" target=""_blank"">Kweichow Moutai 2026 Outlook: Reforms, Price Hikes, and Sales Recovery Drive Baijiu Leader’s Growth</a>&nbsp;&nbsp;<font color=""#6f6f6f"">Minichart</font>",https://news.google.com/rss/articles/CBMi0gFBVV95cUxOR1QtZk5hN1pza2xxeGVESHdERWdsWEZpbERXTUNfc3pzTVlHQV9MV2FtNFdWZlY0OS11X2Jwb3cwWTZjWFVrWnhDbjBkTWtNRTV1ZG9qUURJem5oNkNFbkZaRkdZaDgwN0dHcXJtRjlBYW1Pa1JzRXlTV0xDNmZHWFBGMnNXTmRvdUo3VmEwWC15OTJuOWdfM281ajdvcGdTQ1FBUXBhSldQbnA4WWkwTTZBQnBRb3JkQzNJNWZwcU5YN1duOURVNWNOd3l5cjRsUnc?oc=5,Kweichow Moutai,"Kweichow Moutai 2026 Outlook: Reforms, Price Hikes, and Sales Recovery Drive Baijiu Leader’s Growth - Minichart. Kweichow Moutai 2026 Outlook: Reforms, Price Hikes, and Sales Recovery Drive Baijiu Leader’s Growth Minichart",positive,0.6626079,en,bootstrap,mixed_real_news_v6
2026-04-20,2026-04-20T07:00:00+00:00,600519.SH,"""贵州茅台"" - Google 新闻",贵州茅台等281家A股公司披露ESG报告丨ESG热搜榜 - 21财经,"<a href=""https://news.google.com/rss/articles/CBMijwFBVV95cUxPbHVjRHJBWDhaUm9JWTFMRWNlX2pSNGhrczA5Z1Nnc0x4LUJiMGxvdnM1NkJidnRjOWNQTkR0cVpGMEFERUpKOVctaFgzZk1IV0ZuZ01kOThZcVRmNk5FNmZhZGExSnF0MXNuZW1hSDBZOEs4UGZZQjFJejZGWENWY3lOeTlRdE56NHRPdkRKZw?oc=5"" target=""_blank"">贵州茅台等281家A股公司披露ESG报告丨ESG热搜榜</a>&nbsp;&nbsp;<font color=""#6f6f6f"">21财经</font>",https://news.google.com/rss/articles/CBMijwFBVV95cUxPbHVjRHJBWDhaUm9JWTFMRWNlX2pSNGhrczA5Z1Nnc0x4LUJiMGxvdnM1NkJidnRjOWNQTkR0cVpGMEFERUpKOVctaFgzZk1IV0ZuZ01kOThZcVRmNk5FNmZhZGExSnF0MXNuZW1hSDBZOEs4UGZZQjFJejZGWENWY3lOeTlRdE56NHRPdkRKZw?oc=5,贵州茅台,贵州茅台等281家A股公司披露ESG报告丨ESG热搜榜 - 21财经. 贵州茅台等281家A股公司披露ESG报告丨ESG热搜榜 21财经,neutral,0.06496753,zh,bootstrap,mixed_real_news_v6
2026-04-20,2026-04-20T07:00:00+00:00,600519.SH,"""贵州茅台"" - Google 新闻",A股“股王”宝座易主后复归：贵州茅台反超源杰科技重夺股价第一 - 东方财富,"<a href=""https://news.google.com/rss/articles/CBMiZkFVX3lxTE5ha1M2MEhZUWpIdXh5QWtySDRNVzU0emJ0elB0cXdld0tqcGNXb3NrLXJBVDdUbUlXVkRrZEM2ZWgzZUhCeE9ITTQ5MTZEZkVSUEF2bS1ieThpZXhRVWMzc3ZwNjZmZw?oc=5"" target=""_blank"">A股“股王”宝座易主后复归：贵州茅台反超源杰科技重夺股价第一</a>&nbsp;&nbsp;<font color=""#6f6f6f"">东方财富</font>",https://news.google.com/rss/articles/CBMiZkFVX3lxTE5ha1M2MEhZUWpIdXh5QWtySDRNVzU0emJ0elB0cXdld0tqcGNXb3NrLXJBVDdUbUlXVkRrZEM2ZWgzZUhCeE9ITTQ5MTZEZkVSUEF2bS1ieThpZXhRVWMzc3ZwNjZmZw?oc=5,贵州茅台,A股“股王”宝座易主后复归：贵州茅台反超源杰科技重夺股价第一 - 东方财富. A股“股王”宝座易主后复归：贵州茅台反超源杰科技重夺股价第一 东方财富,neutral,0.032401554,zh,bootstrap,mixed_real_news_v6
2026-04-21,2026-04-21T07:00:00+00:00,600519.SH,"""贵州茅台"" - Google 新闻",贵州茅台业绩双降打断增长“神话”，白酒行业估值逻辑或将重构 - 新浪财经,"<a href=""https://news.google.com/rss/articles/CBMib0FVX3lxTE0wd1pIVGVnMXk1NUY3Tk1kQWdMbUVzTk04X1JUZXN5WEJ4YmhMSmQ5aE9UT21WM2JsVUhoSVA4RDFJRG52MklHS0RGQXF5Y2NsQjVYQVJrSE9qbndhQWt0QUtUM2hBWjFZY0I3MXFvUQ?oc=5"" target=""_blank"">贵州茅台业绩双降打断增长“神话”，白酒行业估值逻辑或将重构</a>&nbsp;&nbsp;<font color=""#6f6f6f"">新浪财经</font>",https://news.google.com/rss/articles/CBMib0FVX3lxTE0wd1pIVGVnMXk1NUY3Tk1kQWdMbUVzTk04X1JUZXN5WEJ4YmhMSmQ5aE9UT21WM2JsVUhoSVA4RDFJRG52MklHS0RGQXF5Y2NsQjVYQVJrSE9qbndhQWt0QUtUM2hBWjFZY0I3MXFvUQ?oc=5,贵州茅台,贵州茅台业绩双降打断增长“神话”，白酒行业估值逻辑或将重构 - 新浪财经. 贵州茅台业绩双降打断增长“神话”，白酒行业估值逻辑或将重构 新浪财经,neutral,0.06350798,zh,bootstrap,mixed_real_news_v6
2026-04-21,2026-04-21T08:29:00+00:00,600519.SH,"""贵州茅台"" - Google 新闻",去化落地！重返A股股价榜首，贵州茅台剑指2030元 - 证券市场周刊,"<a href=""https://news.google.com/rss/articles/CBMiZkFVX3lxTE1xZk1lSi1tYUNXR0NTWjY3S1pNTXhUZW1kM0JTcFkwczRuTmRWdTJfSTBMNV9jZjhVZmNIdXprdk85Q3VYa0RRT1VIYnV1RWhhMUJGanpMTDlhRzRaWUJ5RW42YVZRZw?oc=5"" target=""_blank"">去化落地！重返A股股价榜首，贵州茅台剑指2030元</a>&nbsp;&nbsp;<font color=""#6f6f6f"">证券市场周刊</font>",https://news.google.com/rss/articles/CBMiZkFVX3lxTE1xZk1lSi1tYUNXR0NTWjY3S1pNTXhUZW1kM0JTcFkwczRuTmRWdTJfSTBMNV9jZjhVZmNIdXprdk85Q3VYa0RRT1VIYnV1RWhhMUJGanpMTDlhRzRaWUJ5RW42YVZRZw?oc=5,贵州茅台,去化落地！重返A股股价榜首，贵州茅台剑指2030元 - 证券市场周刊. 去化落地！重返A股股价榜首，贵州茅台剑指2030元 证券市场周刊,neutral,0.029130183,zh,bootstrap,mixed_real_news_v6
2026-04-21,2026-04-21T09:05:01+00:00,600519.SH,"""Kweichow Moutai"" - Google News",Kweichow Moutai profits fall as China alcohol demand softens - The Drinks Business,"<a href=""https://news.google.com/rss/articles/CBMipgFBVV95cUxNamtZaG52czQ4blllLWdtVmp1dm9pR3FYbEJnLW9iZUp2TWZLOU8zYjZ6c29fT2E0NG1PeFc5ajRENHBhVjhyZlZmdkk3VmQwcmZXWXVLX0xjdGhCbjZkRWNQbGp4VjVwaGNPMl84X2diYXcxd0kyNkkxSmd4cmN1ZzVDQUdVdkp0c3V2aDJqcm1xSlJXY0RqcmpuU20teFpqZkc3SW9B?oc=5"" target=""_blank"">Kweichow Moutai profits fall as China alcohol demand softens</a>&nbsp;&nbsp;<font color=""#6f6f6f"">The Drinks Business</font>",https://news.google.com/rss/articles/CBMipgFBVV95cUxNamtZaG52czQ4blllLWdtVmp1dm9pR3FYbEJnLW9iZUp2TWZLOU8zYjZ6c29fT2E0NG1PeFc5ajRENHBhVjhyZlZmdkk3VmQwcmZXWXVLX0xjdGhCbjZkRWNQbGp4VjVwaGNPMl84X2diYXcxd0kyNkkxSmd4cmN1ZzVDQUdVdkp0c3V2aDJqcm1xSlJXY0RqcmpuU20teFpqZkc3SW9B?oc=5,Kweichow Moutai,Kweichow Moutai profits fall as China alcohol demand softens - The Drinks Business. Kweichow Moutai profits fall as China alcohol demand softens The Drinks Business,negative,-0.9639764,en,bootstrap,mixed_real_news_v6
2026-04-22,2026-04-22T07:00:00+00:00,600519.SH,"""贵州茅台"" - Google 新闻",“易中天”市值超贵州茅台 - 证券时报,"<a href=""https://news.google.com/rss/articles/CBMiV0FVX3lxTE95M2t3WHJObUNoejNtYmFZOUlBeGExVjBuYi1WV1BMTVJ2cHNKa3hFSXVkUFNqcTFaTDJtYTBHcmdRUkNHdGpUTzdWZG54QTkxbGlXUldoTQ?oc=5"" target=""_blank"">“易中天”市值超贵州茅台</a>&nbsp;&nbsp;<font color=""#6f6f6f"">证券时报</font>",https://news.google.com/rss/articles/CBMiV0FVX3lxTE95M2t3WHJObUNoejNtYmFZOUlBeGExVjBuYi1WV1BMTVJ2cHNKa3hFSXVkUFNqcTFaTDJtYTBHcmdRUkNHdGpUTzdWZG54QTkxbGlXUldoTQ?oc=5,贵州茅台,“易中天”市值超贵州茅台 - 证券时报. “易中天”市值超贵州茅台 证券时报,neutral,0.04181788,zh,bootstrap,mixed_real_news_v6
2026-04-22,2026-04-22T10:03:00+00:00,600519.SH,"""贵州茅台"" - Google 新闻",贵州茅台公司发展历程 （二） - 财富号,"<a href=""https://news.google.com/rss/articles/CBMia0FVX3lxTE81OHNJMGgtcnd0anhJTk9fQVl6emh2R0s5RC1QWmpHdjBOUzRGVnBuVzBYajVuYUNqVksyYXNBak9VVFU3aG1QQ3ZhVmZrdmFWYnAzTzNMMVRrdGsxUXhCWi1vaUZLeGdZYUJZ?oc=5"" target=""_blank"">贵州茅台公司发展历程 （二）</a>&nbsp;&nbsp;<font color=""#6f6f6f"">财富号</font>",https://news.google.com/rss/articles/CBMia0FVX3lxTE81OHNJMGgtcnd0anhJTk9fQVl6emh2R0s5RC1QWmpHdjBOUzRGVnBuVzBYajVuYUNqVksyYXNBak9VVFU3aG1QQ3ZhVmZrdmFWYnAzTzNMMVRrdGsxUXhCWi1vaUZLeGdZYUJZ?oc=5,贵州茅台,贵州茅台公司发展历程 （二） - 财富号. 贵州茅台公司发展历程 （二） 财富号,neutral,0.014160238,zh,bootstrap,mixed_real_news_v6
2026-04-23,2026-04-23T11:59:55+00:00,600519.SH,"""600519"" - Google 新闻",股票行情快报：贵州茅台（600519）4月23日主力资金净买入1.82亿元_主力研究 - 证券之星,"<a href=""https://news.google.com/rss/articles/CBMiYkFVX3lxTE5sT1VGYkxpZGVUcUc1UlpRWTRzQkNCdGllYmhqSTRZVko1UTRiZVlkeEZROHdPVkJRa2pvRldnTWdsWUpkZExoYl9sV213cU9fZkJBSVRHM0xBeFdjRW12Wkhn?oc=5"" target=""_blank"">股票行情快报：贵州茅台（600519）4月23日主力资金净买入1.82亿元_主力研究</a>&nbsp;&nbsp;<font color=""#6f6f6f"">证券之星</font>",https://news.google.com/rss/articles/CBMiYkFVX3lxTE5sT1VGYkxpZGVUcUc1UlpRWTRzQkNCdGllYmhqSTRZVko1UTRiZVlkeEZROHdPVkJRa2pvRldnTWdsWUpkZExoYl9sV213cU9fZkJBSVRHM0xBeFdjRW12Wkhn?oc=5,600519,股票行情快报：贵州茅台（600519）4月23日主力资金净买入1.82亿元_主力研究 - 证券之星. 股票行情快报：贵州茅台（600519）4月23日主力资金净买入1.82亿元_主力研究 证券之星,neutral,0.100035235,zh,bootstrap,mixed_real_news_v6
2026-04-23,2026-04-23T13:43:36+00:00,600519.SH,"""贵州茅台"" - Google 新闻",公募对贵州茅台的调仓出现分歧，刘格菘、莫海波逆势加仓 | 基金放大镜 - 东方财富,"<a href=""https://news.google.com/rss/articles/CBMiYEFVX3lxTFBpRUViaVdybldHRFlPTkYxX1hVSWpsQnI2VXZJOFhxM2g1RVI4TklNU1Q3bms4SE1PaFpScE1YeTNIa0tObnRQN3NrYWQ4aUlmdFIyZXdlNllEUUthaE56SA?oc=5"" target=""_blank"">公募对贵州茅台的调仓出现分歧，刘格菘、莫海波逆势加仓 | 基金放大镜</a>&nbsp;&nbsp;<font color=""#6f6f6f"">东方财富</font>",https://news.google.com/rss/articles/CBMiYEFVX3lxTFBpRUViaVdybldHRFlPTkYxX1hVSWpsQnI2VXZJOFhxM2g1RVI4TklNU1Q3bms4SE1PaFpScE1YeTNIa0tObnRQN3NrYWQ4aUlmdFIyZXdlNllEUUthaE56SA?oc=5,贵州茅台,公募对贵州茅台的调仓出现分歧，刘格菘、莫海波逆势加仓 | 基金放大镜 - 东方财富. 公募对贵州茅台的调仓出现分歧，刘格菘、莫海波逆势加仓 | 基金放大镜 东方财富,neutral,0.05274553,zh,bootstrap,mixed_real_news_v6
2026-04-24,2026-04-24T04:40:33+00:00,600519.SH,"""Kweichow Moutai"" - Google News",Moutai Requests Distributors for Profits - eu.36kr.com,"<a href=""https://news.google.com/rss/articles/CBMiU0FVX3lxTFA0UkFoclJ3RDUwNnRSMmtiN1FWUG1oTjFyamp4cGxkS29mN25IM3J3MmRrZUhNbnpGUklxWUtVbE5lX0ZIQ2ExeG8zZmpDSWthcFZn?oc=5"" target=""_blank"">Moutai Requests Distributors for Profits</a>&nbsp;&nbsp;<font color=""#6f6f6f"">eu.36kr.com</font>",https://news.google.com/rss/articles/CBMiU0FVX3lxTFA0UkFoclJ3RDUwNnRSMmtiN1FWUG1oTjFyamp4cGxkS29mN25IM3J3MmRrZUhNbnpGUklxWUtVbE5lX0ZIQ2ExeG8zZmpDSWthcFZn?oc=5,Kweichow Moutai,Moutai Requests Distributors for Profits - eu.36kr.com. Moutai Requests Distributors for Profits eu.36kr.com,neutral,-0.009208763,en,bootstrap,mixed_real_news_v6
2026-04-24,2026-04-24T04:43:00+00:00,600519.SH,贵州茅台 - Bing新聞,贵州茅台一季度营收利润双增 茅台酒系列酒稳健增长、i茅台表现亮眼,分析总营收数据不难看出，营业总收入增长6.34%的背后，主要得益于茅台酒与系列酒的共同拉动。从一季报数据来看，茅台酒实现营收460.05亿元，同比增长5.62%，销量约1.68万吨，同比增长21.82%，压舱石作用持续彰显；酱香系列酒实现营收78.81亿元，同比增长12.22%，销量约1.42万吨，同比增长26.61%，增长态势持续向好。,http://www.bing.com/news/apiclick.aspx?ref=FexRss&aid=&tid=69fb16cbabed4f7ca7e8ada320dc7212&url=https%3a%2f%2ffinance.sina.com.cn%2froll%2f2026-04-24%2fdoc-inhvramu4396400.shtml&c=239067553963495499&mkt=zh-tw,贵州茅台,贵州茅台一季度营收利润双增 茅台酒系列酒稳健增长、i茅台表现亮眼. 分析总营收数据不难看出，营业总收入增长6.34%的背后，主要得益于茅台酒与系列酒的共同拉动。从一季报数据来看，茅台酒实现营收460.05亿元，同比增长5.62%，销量约1.68万吨，同比增长21.82%，压舱石作用持续彰显；酱香系列酒实现营收78.81亿元，同比增长12.22%，销量约1.42万吨，同比增长26.61%，增长态势持续向好。,neutral,0.0332646,zh,bootstrap,mixed_real_news_v6
2026-04-24,2026-04-24T07:00:00+00:00,600519.SH,"""Kweichow Moutai"" - Google News","Kweichow Moutai Co., Ltd. Reports Earnings Results for the First Quarter Ended March 31, 2026 - marketscreener.com","<a href=""https://news.google.com/rss/articles/CBMi2gFBVV95cUxOMkE3LXdMVEdBUk9aamU2VlBoTkpsc1RMN0tPT3kyQUVmd0dkVGZtTXdfbks5clQ2Tm5Qa0Q5cnhHWmZfZEhocnctdjBWWm9pUjFDUVFvVlpuOGlCQlNwU0szTDJ5dGhEbVZ2UlF5V3JSWWVzaWIzaGNpVExrTm9wZXJWR3d6UlR5Wk1pVVppd0xRbFZqSXJmbkl0dEhVUnNYdGNJVGYzOGVqemlEaWJYd1NpWmlaTmVfcFBEUkVEdWhLMlR4TWJObDBlVmpIMEwxVDBkcEdnREQzQQ?oc=5"" target=""_blank"">Kweichow Moutai Co., Ltd. Reports Earnings Results for the First Quarter Ended March 31, 2026</a>&nbsp;&nbsp;<font color=""#6f6f6f"">marketscreener.com</font>",https://news.google.com/rss/articles/CBMi2gFBVV95cUxOMkE3LXdMVEdBUk9aamU2VlBoTkpsc1RMN0tPT3kyQUVmd0dkVGZtTXdfbks5clQ2Tm5Qa0Q5cnhHWmZfZEhocnctdjBWWm9pUjFDUVFvVlpuOGlCQlNwU0szTDJ5dGhEbVZ2UlF5V3JSWWVzaWIzaGNpVExrTm9wZXJWR3d6UlR5Wk1pVVppd0xRbFZqSXJmbkl0dEhVUnNYdGNJVGYzOGVqemlEaWJYd1NpWmlaTmVfcFBEUkVEdWhLMlR4TWJObDBlVmpIMEwxVDBkcEdnREQzQQ?oc=5,Kweichow Moutai,"Kweichow Moutai Co., Ltd. Reports Earnings Results for the First Quarter Ended March 31, 2026 - marketscreener.com. Kweichow Moutai Co., Ltd. Reports Earnings Results for the First Quarter Ended March 31, 2026 marketscreener.com",neutral,-0.05607831,en,bootstrap,mixed_real_news_v6
2026-04-24,2026-04-24T07:00:00+00:00,600519.SH,"""贵州茅台"" - Google 新闻",贵州茅台，“双增”！ - 21财经,"<a href=""https://news.google.com/rss/articles/CBMijwFBVV95cUxNX3NKNEZiREk2QmRaREdKSkxXUEJvRDRBQ2NVeTk1ZlE2bUUtQk1LTm9zbkJUYlp0M19hSGFUX0VQZ0gtY3piNFhXV0p3LXdmeGpocDZvb1RDMDBoSlpLN1BGekJMWjkyQnBZVXV4M0VBamNkWmxSTU5nTlZnX21nMGNHZVdaSFZPS0h3WkNhYw?oc=5"" target=""_blank"">贵州茅台，“双增”！</a>&nbsp;&nbsp;<font color=""#6f6f6f"">21财经</font>",https://news.google.com/rss/articles/CBMijwFBVV95cUxNX3NKNEZiREk2QmRaREdKSkxXUEJvRDRBQ2NVeTk1ZlE2bUUtQk1LTm9zbkJUYlp0M19hSGFUX0VQZ0gtY3piNFhXV0p3LXdmeGpocDZvb1RDMDBoSlpLN1BGekJMWjkyQnBZVXV4M0VBamNkWmxSTU5nTlZnX21nMGNHZVdaSFZPS0h3WkNhYw?oc=5,贵州茅台,贵州茅台，“双增”！ - 21财经. 贵州茅台，“双增”！ 21财经,neutral,0.034641877,zh,bootstrap,mixed_real_news_v6
2026-04-24,2026-04-24T07:00:00+00:00,600519.SH,"""贵州茅台"" - Google 新闻",贵州茅台一季度营收利润双增 茅台酒系列酒稳健增长、i茅台表现亮眼 - 东方财富,"<a href=""https://news.google.com/rss/articles/CBMiYEFVX3lxTFBqR3VNTkNvZThNblc1dGJSN1JHei1kWWk0TFp1Sm9BeXR6Z21DTTdQZ2tfai1aVXdaRmNhU3owX1lWY3NLU3ZfZkhiRkZjUkNrRl9XamlBaEYyOU1rQnRoRQ?oc=5"" target=""_blank"">贵州茅台一季度营收利润双增 茅台酒系列酒稳健增长、i茅台表现亮眼</a>&nbsp;&nbsp;<font color=""#6f6f6f"">东方财富</font>",https://news.google.com/rss/articles/CBMiYEFVX3lxTFBqR3VNTkNvZThNblc1dGJSN1JHei1kWWk0TFp1Sm9BeXR6Z21DTTdQZ2tfai1aVXdaRmNhU3owX1lWY3NLU3ZfZkhiRkZjUkNrRl9XamlBaEYyOU1rQnRoRQ?oc=5,贵州茅台,贵州茅台一季度营收利润双增 茅台酒系列酒稳健增长、i茅台表现亮眼 - 东方财富. 贵州茅台一季度营收利润双增 茅台酒系列酒稳健增长、i茅台表现亮眼 东方财富,neutral,0.033069517,zh,bootstrap,mixed_real_news_v6
2026-04-24,2026-04-24T07:00:00+00:00,600519.SH,"""贵州茅台"" - Google 新闻",贵州茅台，一季度营收539亿元！经销商单季净减255家，传统渠道营收锐减近30亿元 - 证券时报,"<a href=""https://news.google.com/rss/articles/CBMiXEFVX3lxTE1LRlo2TlVMVkxBY3dyVVhuNU5BaUFzRGhtVHNWSVBldjNyQ285QTBqOUp6S0NZblZnZkZJUHMwMWlzMUlkN1FPUGN3WGEydzdVUWNzT3VpeEU3Rloy?oc=5"" target=""_blank"">贵州茅台，一季度营收539亿元！经销商单季净减255家，传统渠道营收锐减近30亿元</a>&nbsp;&nbsp;<font color=""#6f6f6f"">证券时报</font>",https://news.google.com/rss/articles/CBMiXEFVX3lxTE1LRlo2TlVMVkxBY3dyVVhuNU5BaUFzRGhtVHNWSVBldjNyQ285QTBqOUp6S0NZblZnZkZJUHMwMWlzMUlkN1FPUGN3WGEydzdVUWNzT3VpeEU3Rloy?oc=5,贵州茅台,贵州茅台，一季度营收539亿元！经销商单季净减255家，传统渠道营收锐减近30亿元 - 证券时报. 贵州茅台，一季度营收539亿元！经销商单季净减255家，传统渠道营收锐减近30亿元 证券时报,neutral,0.04883072,zh,bootstrap,mixed_real_news_v6
2026-04-24,2026-04-24T07:00:00+00:00,600519.SH,"""贵州茅台"" - Google 新闻",日赚3亿！贵州茅台一季度净利增1.47%至272亿元，i茅台营收大增267% - thepaper.cn,"<a href=""https://news.google.com/rss/articles/CBMiXkFVX3lxTE1qeGFyWFRmNXNVSGhUM2NhajNrXzExdloyeHF0QkROb1VNeEE5Nm1ab1JheU50TENFNTN6SWRtT1NQXzJiMDhqRVJlNjZadnFCU1J1d1hqRWlRWXNVZnc?oc=5"" target=""_blank"">日赚3亿！贵州茅台一季度净利增1.47%至272亿元，i茅台营收大增267%</a>&nbsp;&nbsp;<font color=""#6f6f6f"">thepaper.cn</font>",https://news.google.com/rss/articles/CBMiXkFVX3lxTE1qeGFyWFRmNXNVSGhUM2NhajNrXzExdloyeHF0QkROb1VNeEE5Nm1ab1JheU50TENFNTN6SWRtT1NQXzJiMDhqRVJlNjZadnFCU1J1d1hqRWlRWXNVZnc?oc=5,贵州茅台,日赚3亿！贵州茅台一季度净利增1.47%至272亿元，i茅台营收大增267% - thepaper.cn. 日赚3亿！贵州茅台一季度净利增1.47%至272亿元，i茅台营收大增267% thepaper.cn,neutral,0.015802726,zh,bootstrap,mixed_real_news_v6
2026-04-24,2026-04-24T07:00:00+00:00,600519.SH,"""贵州茅台"" - Google 新闻",贵州茅台：一季度实现净利润272.43亿元 同比增长1.47% - 东方财富,"<a href=""https://news.google.com/rss/articles/CBMiYEFVX3lxTE1qSExDWWRQZVJmODc1bkFSYXp0cWRyczlBLXp2OUJsRGljZmVyblFWQUNwaUpDNG9xZHpRazhrQkY5UDk5QXc2V2U4eW5XcjlVNDMtUHVHZjhYZFQ3MldkRg?oc=5"" target=""_blank"">贵州茅台：一季度实现净利润272.43亿元 同比增长1.47%</a>&nbsp;&nbsp;<font color=""#6f6f6f"">东方财富</font>",https://news.google.com/rss/articles/CBMiYEFVX3lxTE1qSExDWWRQZVJmODc1bkFSYXp0cWRyczlBLXp2OUJsRGljZmVyblFWQUNwaUpDNG9xZHpRazhrQkY5UDk5QXc2V2U4eW5XcjlVNDMtUHVHZjhYZFQ3MldkRg?oc=5,贵州茅台,贵州茅台：一季度实现净利润272.43亿元 同比增长1.47% - 东方财富. 贵州茅台：一季度实现净利润272.43亿元 同比增长1.47% 东方财富,neutral,0.0012475997,zh,bootstrap,mixed_real_news_v6
2026-04-24,2026-04-24T07:00:00+00:00,600519.SH,"""贵州茅台"" - Google 新闻",贵州茅台：一季度净利润272亿元 同比增长1.47% - 东方财富,"<a href=""https://news.google.com/rss/articles/CBMiYEFVX3lxTE5lTXM0RVdITGdkbHVQTmlSalQ3QWRiX1FhVGpnRkVyZ3B4dE9abUlGRU9WZk5lZFpXQks1aUxnbEpEeWM0cUp3MUg0dk9fQnJDUm9ibDVONEY1SmZpTS1LMQ?oc=5"" target=""_blank"">贵州茅台：一季度净利润272亿元 同比增长1.47%</a>&nbsp;&nbsp;<font color=""#6f6f6f"">东方财富</font>",https://news.google.com/rss/articles/CBMiYEFVX3lxTE5lTXM0RVdITGdkbHVQTmlSalQ3QWRiX1FhVGpnRkVyZ3B4dE9abUlGRU9WZk5lZFpXQks1aUxnbEpEeWM0cUp3MUg0dk9fQnJDUm9ibDVONEY1SmZpTS1LMQ?oc=5,贵州茅台,贵州茅台：一季度净利润272亿元 同比增长1.47% - 东方财富. 贵州茅台：一季度净利润272亿元 同比增长1.47% 东方财富,neutral,0.01905388,zh,bootstrap,mixed_real_news_v6
2026-04-24,2026-04-24T07:00:00+00:00,600519.SH,"""贵州茅台"" - Google 新闻",贵州茅台一季度净利润同比增长1.47%，“i茅台”收入大增267% - 中国基金报,"<a href=""https://news.google.com/rss/articles/CBMiekFVX3lxTFBJdEhWcTFiaFZFLVFWT21MOVE1bmRYclZGN2ZraXNDQUJpSjZUVy1RTngxTVBvSS1QeUZOSFhRazRDZjRERkd6azJXRkRFMXRuSFJMLVJhNXhnNmRpLUJuaW1mdDUtT1pHU0daNHlOUDJwWEtyeGwzWHFn?oc=5"" target=""_blank"">贵州茅台一季度净利润同比增长1.47%，“i茅台”收入大增267%</a>&nbsp;&nbsp;<font color=""#6f6f6f"">中国基金报</font>",https://news.google.com/rss/articles/CBMiekFVX3lxTFBJdEhWcTFiaFZFLVFWT21MOVE1bmRYclZGN2ZraXNDQUJpSjZUVy1RTngxTVBvSS1QeUZOSFhRazRDZjRERkd6azJXRkRFMXRuSFJMLVJhNXhnNmRpLUJuaW1mdDUtT1pHU0daNHlOUDJwWEtyeGwzWHFn?oc=5,贵州茅台,贵州茅台一季度净利润同比增长1.47%，“i茅台”收入大增267% - 中国基金报. 贵州茅台一季度净利润同比增长1.47%，“i茅台”收入大增267% 中国基金报,neutral,0.090977065,zh,bootstrap,mixed_real_news_v6
2026-04-24,2026-04-24T07:00:00+00:00,600519.SH,"""贵州茅台"" - Google 新闻",贵州茅台Q1营收、净利双增，“i茅台”营收达215亿元，占比达40% | 财报见闻 - 华尔街见闻,"<a href=""https://news.google.com/rss/articles/CBMiU0FVX3lxTE9aZ0RrZ1N1eTFIazFOVEhHa2ttcEZBY083dE9uZUhRTlhYOTNsOWZ3WTdVcEFKbXJRV09OOXltUFNOYVQyYzI3TzVJd1NORGJ0R1BF?oc=5"" target=""_blank"">贵州茅台Q1营收、净利双增，“i茅台”营收达215亿元，占比达40% | 财报见闻</a>&nbsp;&nbsp;<font color=""#6f6f6f"">华尔街见闻</font>",https://news.google.com/rss/articles/CBMiU0FVX3lxTE9aZ0RrZ1N1eTFIazFOVEhHa2ttcEZBY083dE9uZUhRTlhYOTNsOWZ3WTdVcEFKbXJRV09OOXltUFNOYVQyYzI3TzVJd1NORGJ0R1BF?oc=5,贵州茅台,贵州茅台Q1营收、净利双增，“i茅台”营收达215亿元，占比达40% | 财报见闻 - 华尔街见闻. 贵州茅台Q1营收、净利双增，“i茅台”营收达215亿元，占比达40% | 财报见闻 华尔街见闻,neutral,0.12716167,zh,bootstrap,mixed_real_news_v6
2026-04-24,2026-04-24T07:00:00+00:00,600519.SH,"""贵州茅台"" - Google 新闻",贵州茅台“双增 ”背后：茅台酒系列酒共同拉动、i茅台增267.16% - 新浪财经,"<a href=""https://news.google.com/rss/articles/CBMidkFVX3lxTE5pSWV3cGpGYVhxZEhLWWg0UVJ0V3NsN0ctejdISS1INDJWNnlUeXFMZ1Z5dEQ1ZHI2X0ZIRmtUTmhBeU9FS0dwZVM5d1lOTFJvSDJ5M0dCbWIxVkMyU2dNTDZkek5VVzJHNTRaQU1HZzY1UWR3OEE?oc=5"" target=""_blank"">贵州茅台“双增 ”背后：茅台酒系列酒共同拉动、i茅台增267.16%</a>&nbsp;&nbsp;<font color=""#6f6f6f"">新浪财经</font>",https://news.google.com/rss/articles/CBMidkFVX3lxTE5pSWV3cGpGYVhxZEhLWWg0UVJ0V3NsN0ctejdISS1INDJWNnlUeXFMZ1Z5dEQ1ZHI2X0ZIRmtUTmhBeU9FS0dwZVM5d1lOTFJvSDJ5M0dCbWIxVkMyU2dNTDZkek5VVzJHNTRaQU1HZzY1UWR3OEE?oc=5,贵州茅台,贵州茅台“双增 ”背后：茅台酒系列酒共同拉动、i茅台增267.16% - 新浪财经. 贵州茅台“双增 ”背后：茅台酒系列酒共同拉动、i茅台增267.16% 新浪财经,neutral,0.04133431,zh,bootstrap,mixed_real_news_v6
2026-04-24,2026-04-24T07:00:00+00:00,600519.SH,"""贵州茅台"" - Google 新闻",贵州茅台一季度归母净利润272.4亿元，同比增长1.5% - 东方财富,"<a href=""https://news.google.com/rss/articles/CBMiZkFVX3lxTE5kRHJ6cnRuOF9aOHVRWjVlYnF4cnlwN216aU43OXhBTnJaMDZwaGRfTHVPbWRxSS04ZExEYWdyYmVuVnlqTXpyR2NMYkZ2d1BKem1BVGJoSVhMRm1BVHdIR2J0ZUszUQ?oc=5"" target=""_blank"">贵州茅台一季度归母净利润272.4亿元，同比增长1.5%</a>&nbsp;&nbsp;<font color=""#6f6f6f"">东方财富</font>",https://news.google.com/rss/articles/CBMiZkFVX3lxTE5kRHJ6cnRuOF9aOHVRWjVlYnF4cnlwN216aU43OXhBTnJaMDZwaGRfTHVPbWRxSS04ZExEYWdyYmVuVnlqTXpyR2NMYkZ2d1BKem1BVGJoSVhMRm1BVHdIR2J0ZUszUQ?oc=5,贵州茅台,贵州茅台一季度归母净利润272.4亿元，同比增长1.5% - 东方财富. 贵州茅台一季度归母净利润272.4亿元，同比增长1.5% 东方财富,neutral,0.02007652,zh,bootstrap,mixed_real_news_v6
2026-04-24,2026-04-24T07:00:00+00:00,600519.SH,"""贵州茅台"" - Google 新闻",贵州茅台一季度业绩公布，“i茅台”爆发 - 新浪财经,"<a href=""https://news.google.com/rss/articles/CBMidkFVX3lxTE92VmJxcmNTMGdKNmkxeEdRSENWcFJzSmhoeXpCYkFuY2FfMlA5YS1hUmZ4QzlFMTc5V3Q0ejdEZXhJa2RTc1ViakF0UDNvZVlYZGpSWWg5MVpCSE96azdHWUV6aGFvT3UwYUdURkFta05mbHY2WUE?oc=5"" target=""_blank"">贵州茅台一季度业绩公布，“i茅台”爆发</a>&nbsp;&nbsp;<font color=""#6f6f6f"">新浪财经</font>",https://news.google.com/rss/articles/CBMidkFVX3lxTE92VmJxcmNTMGdKNmkxeEdRSENWcFJzSmhoeXpCYkFuY2FfMlA5YS1hUmZ4QzlFMTc5V3Q0ejdEZXhJa2RTc1ViakF0UDNvZVlYZGpSWWg5MVpCSE96azdHWUV6aGFvT3UwYUdURkFta05mbHY2WUE?oc=5,贵州茅台,贵州茅台一季度业绩公布，“i茅台”爆发 - 新浪财经. 贵州茅台一季度业绩公布，“i茅台”爆发 新浪财经,neutral,0.10299346,zh,bootstrap,mixed_real_news_v6
2026-04-24,2026-04-24T07:12:00+00:00,600519.SH,贵州茅台 - Bing新聞,贵州茅台一季度业绩公布，“i茅台”爆发,1月1日起，500ml飞天茅台酒正式上线“i茅台”，受到消费者的热烈欢迎，“秒罄”成为常态。“i茅台”官微3月28日披露的数据显示，一季度新增近1400万用户，成交用户超398万，直连C端的真实消费需求被彻底激活。,http://www.bing.com/news/apiclick.aspx?ref=FexRss&aid=&tid=69fb16cbabed4f7ca7e8ada320dc7212&url=https%3a%2f%2fwww.sohu.com%2fa%2f1014199977_465270&c=1758860691946794223&mkt=zh-tw,贵州茅台,贵州茅台一季度业绩公布，“i茅台”爆发. 1月1日起，500ml飞天茅台酒正式上线“i茅台”，受到消费者的热烈欢迎，“秒罄”成为常态。“i茅台”官微3月28日披露的数据显示，一季度新增近1400万用户，成交用户超398万，直连C端的真实消费需求被彻底激活。,neutral,0.07199629,zh,bootstrap,mixed_real_news_v6
2026-04-24,2026-04-24T11:17:16+00:00,600519.SH,"""贵州茅台"" - Google 新闻",贵州茅台：一季度净利润272亿元 同比增长1.47% - 东方财富,"<a href=""https://news.google.com/rss/articles/CBMiZ0FVX3lxTE1wVENNdUFkYS03em9GRGVJYTBwTnNuTVZyU3JQZ0JyeS02NjRQQlRrWWYzMWJWMVZjeGs3ejQwTnRvTl9hLTl5YzBmaXpLN3hhMi1HNEtCNHpvY2VFUVp6TlBxUl9uRmc?oc=5"" target=""_blank"">贵州茅台：一季度净利润272亿元 同比增长1.47%</a>&nbsp;&nbsp;<font color=""#6f6f6f"">东方财富</font>",https://news.google.com/rss/articles/CBMiZ0FVX3lxTE1wVENNdUFkYS03em9GRGVJYTBwTnNuTVZyU3JQZ0JyeS02NjRQQlRrWWYzMWJWMVZjeGs3ejQwTnRvTl9hLTl5YzBmaXpLN3hhMi1HNEtCNHpvY2VFUVp6TlBxUl9uRmc?oc=5,贵州茅台,贵州茅台：一季度净利润272亿元 同比增长1.47% - 东方财富. 贵州茅台：一季度净利润272亿元 同比增长1.47% 东方财富,neutral,0.01905388,zh,bootstrap,mixed_real_news_v6
2026-04-24,2026-04-24T11:55:11+00:00,600519.SH,"""Kweichow Moutai"" - Google 新闻",贵州茅台Q1营收、净利双增，“i茅台”营收达215亿元，占比达40% | 财报见闻 - 富途牛牛,"<a href=""https://news.google.com/rss/articles/CBMioAFBVV95cUxOb0lhUjNwd2FSZnlfcXY2OXFHTVhTSU9rMGxOSGxoeFZtVzNONDRKMXpUb0I2T3Frcm4zQ3hnZlAwUkVJa1p4d1FvZ0QwUkstNTk0dW1RY3JQbDVZNXRDd0pyS0ZydlZsRFhXcFpjNkdMWWZ2Vk1CR0V5S1pLcHlrZTlWOXh4X0VfYXZHcVUwWkJiRDhqbXpOYU53aFBvU1Vx?oc=5"" target=""_blank"">贵州茅台Q1营收、净利双增，“i茅台”营收达215亿元，占比达40% | 财报见闻</a>&nbsp;&nbsp;<font color=""#6f6f6f"">富途牛牛</font>",https://news.google.com/rss/articles/CBMioAFBVV95cUxOb0lhUjNwd2FSZnlfcXY2OXFHTVhTSU9rMGxOSGxoeFZtVzNONDRKMXpUb0I2T3Frcm4zQ3hnZlAwUkVJa1p4d1FvZ0QwUkstNTk0dW1RY3JQbDVZNXRDd0pyS0ZydlZsRFhXcFpjNkdMWWZ2Vk1CR0V5S1pLcHlrZTlWOXh4X0VfYXZHcVUwWkJiRDhqbXpOYU53aFBvU1Vx?oc=5,Kweichow Moutai,贵州茅台Q1营收、净利双增，“i茅台”营收达215亿元，占比达40% | 财报见闻 - 富途牛牛. 贵州茅台Q1营收、净利双增，“i茅台”营收达215亿元，占比达40% | 财报见闻 富途牛牛,neutral,0.09423513,zh,bootstrap,mixed_real_news_v6
2026-04-24,2026-04-24T11:55:40+00:00,600519.SH,"""贵州茅台"" - Google 新闻",贵州茅台一季度业绩出炉：净利润增长1.47% - 21财经,"<a href=""https://news.google.com/rss/articles/CBMijwFBVV95cUxOWmdGeEYtZzRWZEYwaWp5ZzREZ0ItbXBfOFFHdy1ncEZOOUlDeDBfTWlyZU5xd0hLU3B4ZGdsbmVSRDUybGJRNENuaUY2WHhzQkg2N3RPZ1l0R1U3UmJqQm9KYnhpVEsxLUVPOUljbjFIV0hLMHhwcndhekhZUFhBWURQVlVIeVEtZmdJajV0UQ?oc=5"" target=""_blank"">贵州茅台一季度业绩出炉：净利润增长1.47%</a>&nbsp;&nbsp;<font color=""#6f6f6f"">21财经</font>",https://news.google.com/rss/articles/CBMijwFBVV95cUxOWmdGeEYtZzRWZEYwaWp5ZzREZ0ItbXBfOFFHdy1ncEZOOUlDeDBfTWlyZU5xd0hLU3B4ZGdsbmVSRDUybGJRNENuaUY2WHhzQkg2N3RPZ1l0R1U3UmJqQm9KYnhpVEsxLUVPOUljbjFIV0hLMHhwcndhekhZUFhBWURQVlVIeVEtZmdJajV0UQ?oc=5,贵州茅台,贵州茅台一季度业绩出炉：净利润增长1.47% - 21财经. 贵州茅台一季度业绩出炉：净利润增长1.47% 21财经,neutral,-0.011017848,zh,bootstrap,mixed_real_news_v6
2026-04-24,2026-04-24T12:22:06+00:00,600519.SH,"""贵州茅台"" - Google 新闻",【财闻联播】贵州茅台一季报，最新出炉！锋龙股份：下周一复牌 - 证券时报,"<a href=""https://news.google.com/rss/articles/CBMiXEFVX3lxTFBMMnRlYUpZSm9WM0ZTOTJhVkdQcE0xdjl4WDZvMm5OQUpIUmQ5OUFIUGdQcDdPUHkydUNqdFNRaFZ1US1PRWwxQ2RkOWM2ZHVraVRMXzJVbmUwTEZY?oc=5"" target=""_blank"">【财闻联播】贵州茅台一季报，最新出炉！锋龙股份：下周一复牌</a>&nbsp;&nbsp;<font color=""#6f6f6f"">证券时报</font>",https://news.google.com/rss/articles/CBMiXEFVX3lxTFBMMnRlYUpZSm9WM0ZTOTJhVkdQcE0xdjl4WDZvMm5OQUpIUmQ5OUFIUGdQcDdPUHkydUNqdFNRaFZ1US1PRWwxQ2RkOWM2ZHVraVRMXzJVbmUwTEZY?oc=5,贵州茅台,【财闻联播】贵州茅台一季报，最新出炉！锋龙股份：下周一复牌 - 证券时报. 【财闻联播】贵州茅台一季报，最新出炉！锋龙股份：下周一复牌 证券时报,neutral,0.023345195,zh,bootstrap,mixed_real_news_v6
2026-04-24,2026-04-24T12:56:47+00:00,600519.SH,"""600519"" - Google 新闻",日赚3亿！贵州茅台一季度净利增1.47%至272亿元，i茅台营收大增267% - Sohu,"<a href=""https://news.google.com/rss/articles/CBMiiwFBVV95cUxNVGM5VUVqbFh1eXNhVVdnWHdHTlFWSWlzY2FHemczamdoMnBTNE1iR3owaWR0SGdONjR4N2wzV2dHMHA4RlpPNVlGeldwdWhaQ3JQTFdlOS1yem00SFhHMmVEYzVWWW5DeXR1bkxuSWhNaFRmZGdMMFA3STRYYndxZTFFNmpDNmlZZWNz?oc=5"" target=""_blank"">日赚3亿！贵州茅台一季度净利增1.47%至272亿元，i茅台营收大增267%</a>&nbsp;&nbsp;<font color=""#6f6f6f"">Sohu</font>",https://news.google.com/rss/articles/CBMiiwFBVV95cUxNVGM5VUVqbFh1eXNhVVdnWHdHTlFWSWlzY2FHemczamdoMnBTNE1iR3owaWR0SGdONjR4N2wzV2dHMHA4RlpPNVlGeldwdWhaQ3JQTFdlOS1yem00SFhHMmVEYzVWWW5DeXR1bkxuSWhNaFRmZGdMMFA3STRYYndxZTFFNmpDNmlZZWNz?oc=5,600519,日赚3亿！贵州茅台一季度净利增1.47%至272亿元，i茅台营收大增267% - Sohu. 日赚3亿！贵州茅台一季度净利增1.47%至272亿元，i茅台营收大增267% Sohu,neutral,0.036442008,zh,bootstrap,mixed_real_news_v6
2026-04-24,2026-04-24T13:27:50+00:00,600519.SH,"""贵州茅台"" - Google 新闻",日赚3亿！贵州茅台一季度净利增1.47%至272亿元，i茅台营收大增267% - 东方财富,"<a href=""https://news.google.com/rss/articles/CBMiZkFVX3lxTE9EUEVWdk9yVHJtelU4eVh4X3ZUVEdVc3J0Qld5OTZGZWlNdmZ2ZWE4NlZ4Q0lzOTMwMTh3YnIwR0RaNlkzOXlEYTBCakdaclRpekJ5NDJNR3FmWjdPNUVBUDBIcXk0Zw?oc=5"" target=""_blank"">日赚3亿！贵州茅台一季度净利增1.47%至272亿元，i茅台营收大增267%</a>&nbsp;&nbsp;<font color=""#6f6f6f"">东方财富</font>",https://news.google.com/rss/articles/CBMiZkFVX3lxTE9EUEVWdk9yVHJtelU4eVh4X3ZUVEdVc3J0Qld5OTZGZWlNdmZ2ZWE4NlZ4Q0lzOTMwMTh3YnIwR0RaNlkzOXlEYTBCakdaclRpekJ5NDJNR3FmWjdPNUVBUDBIcXk0Zw?oc=5,贵州茅台,日赚3亿！贵州茅台一季度净利增1.47%至272亿元，i茅台营收大增267% - 东方财富. 日赚3亿！贵州茅台一季度净利增1.47%至272亿元，i茅台营收大增267% 东方财富,neutral,0.02921214,zh,bootstrap,mixed_real_news_v6
2026-04-24,2026-04-24T13:43:20+00:00,600519.SH,"""贵州茅台"" - Google 新闻",【财闻联播】贵州茅台一季报，最新出炉！锋龙股份：下周一复牌 - 东方财富,"<a href=""https://news.google.com/rss/articles/CBMiYEFVX3lxTE5qZVJxTjI3Y3M2SU1FZzlIRWRESFJacmNUZm5GNkQ3WTFXQTlSREhMSTFCWlh4TlNwSFV3WHVCSWdic0lZZFJhX0FCbnBFbVpRQ0N6XzdObGpvSVJjN3Qtaw?oc=5"" target=""_blank"">【财闻联播】贵州茅台一季报，最新出炉！锋龙股份：下周一复牌</a>&nbsp;&nbsp;<font color=""#6f6f6f"">东方财富</font>",https://news.google.com/rss/articles/CBMiYEFVX3lxTE5qZVJxTjI3Y3M2SU1FZzlIRWRESFJacmNUZm5GNkQ3WTFXQTlSREhMSTFCWlh4TlNwSFV3WHVCSWdic0lZZFJhX0FCbnBFbVpRQ0N6XzdObGpvSVJjN3Qtaw?oc=5,贵州茅台,【财闻联播】贵州茅台一季报，最新出炉！锋龙股份：下周一复牌 - 东方财富. 【财闻联播】贵州茅台一季报，最新出炉！锋龙股份：下周一复牌 东方财富,neutral,0.02324747,zh,bootstrap,mixed_real_news_v6
2026-04-24,2026-04-24T14:57:00+00:00,600519.SH,Kweichow Moutai - Bing新聞,貴州茅臺 (600519),以下為Kweichow Moutai Co Ltd股票(ISIN: CNE0000018R8)的資訊。您可以進入本頁的任何一個一個單元，例如歷史資料、圖表、技術分析及其他等詳盡資料。,http://www.bing.com/news/apiclick.aspx?ref=FexRss&aid=&tid=69fb16c4161b414c91e7ba69502d545a&url=https%3a%2f%2fhk.investing.com%2fequities%2fmoutai&c=3131881821293508707&mkt=zh-tw,Kweichow Moutai,貴州茅臺 (600519). 以下為Kweichow Moutai Co Ltd股票(ISIN: CNE0000018R8)的資訊。您可以進入本頁的任何一個一個單元，例如歷史資料、圖表、技術分析及其他等詳盡資料。,neutral,0.0117155835,zh,bootstrap,mixed_real_news_v6
2026-04-24,2026-04-24T15:35:44+00:00,600519.SH,"""Kweichow Moutai"" - Google News",Kweichow Moutai Slides as Chinese Distiller Logs First Earnings Drop in 25 Years - Yicai Global,"<a href=""https://news.google.com/rss/articles/CBMizAFBVV95cUxOaUpaaGdIcDhTRzhYYmUxYS1rTzNibmlkdUxfSVIzYXFoRWRRWUh3d0ZaOC0td1paR0RZbU53Y3otZEhITk1wYVBQUzJwcEs5UlR2QVBkdGowWGk2SGJWeURYVEZ3cGVZSGlHRmNxcnZ6NFpSQ0hUdHJ0all6cnpfRUJkSmF1RktwOHhCR19Ydjl2NE4xRGxsVy1fZnYydkIzMWpTSjhScEpHcjVRaE4wMjFRUHR6M0UzVHhaYzZiZWNBUnhHeDFka184Ty0?oc=5"" target=""_blank"">Kweichow Moutai Slides as Chinese Distiller Logs First Earnings Drop in 25 Years</a>&nbsp;&nbsp;<font color=""#6f6f6f"">Yicai Global</font>",https://news.google.com/rss/articles/CBMizAFBVV95cUxOaUpaaGdIcDhTRzhYYmUxYS1rTzNibmlkdUxfSVIzYXFoRWRRWUh3d0ZaOC0td1paR0RZbU53Y3otZEhITk1wYVBQUzJwcEs5UlR2QVBkdGowWGk2SGJWeURYVEZ3cGVZSGlHRmNxcnZ6NFpSQ0hUdHJ0all6cnpfRUJkSmF1RktwOHhCR19Ydjl2NE4xRGxsVy1fZnYydkIzMWpTSjhScEpHcjVRaE4wMjFRUHR6M0UzVHhaYzZiZWNBUnhHeDFka184Ty0?oc=5,Kweichow Moutai,Kweichow Moutai Slides as Chinese Distiller Logs First Earnings Drop in 25 Years - Yicai Global. Kweichow Moutai Slides as Chinese Distiller Logs First Earnings Drop in 25 Years Yicai Global,negative,-0.96174634,en,bootstrap,mixed_real_news_v6
2026-04-24,2026-04-24T16:00:00+00:00,600519.SH,"""贵州茅台"" - Google News",贵州茅台(600519)：Q1回归稳增 I茅台显著放量 - Futubull - 富途牛牛,"<a href=""https://news.google.com/rss/articles/CBMisgFBVV95cUxPTDJWaXp4ckFKdWdFOWw0d1dwWHRsckRSc1ZjTngtSkRqdmU5NFdvLXdFZGdlOGNaSDFEeS1tNVlEUGZRSFl2dXFDXzNZaHNwbVVGTF84aHhwbnBPdlByNFlLWXctb0pXVWw1VkNCYzV3eS1yNURUS1J3THJQbWRnVXFrazZoZnVCXzdXUTFBQnl4RzdHYmF2Yk5mWGQtVl90dXl5aDU4cTFVWEF6cG1haE1n?oc=5"" target=""_blank"">贵州茅台(600519)：Q1回归稳增 I茅台显著放量 - Futubull</a>&nbsp;&nbsp;<font color=""#6f6f6f"">富途牛牛</font>",https://news.google.com/rss/articles/CBMisgFBVV95cUxPTDJWaXp4ckFKdWdFOWw0d1dwWHRsckRSc1ZjTngtSkRqdmU5NFdvLXdFZGdlOGNaSDFEeS1tNVlEUGZRSFl2dXFDXzNZaHNwbVVGTF84aHhwbnBPdlByNFlLWXctb0pXVWw1VkNCYzV3eS1yNURUS1J3THJQbWRnVXFrazZoZnVCXzdXUTFBQnl4RzdHYmF2Yk5mWGQtVl90dXl5aDU4cTFVWEF6cG1haE1n?oc=5,贵州茅台,贵州茅台(600519)：Q1回归稳增 I茅台显著放量 - Futubull - 富途牛牛. 贵州茅台(600519)：Q1回归稳增 I茅台显著放量 - Futubull 富途牛牛,neutral,0.0031204969,zh,bootstrap,mixed_real_news_v6
2026-04-24,2026-04-24T18:47:58+00:00,600519.SH,"""贵州茅台"" - Google 新闻",贵州茅台一季度总营收超547亿元 - 东方财富,"<a href=""https://news.google.com/rss/articles/CBMiZkFVX3lxTFBoemNmdWRRMXAwWXFoanZkUjNDaTdqY19aSTJOQjVaZ3o3cUpCMm9icFltWmI3RlRlZ0RPTUo3T0NMUkRWeXZSejhxQlpzNGZ0N2sxeHQ1dmlQOUpXNzlQbHFvM2hyUQ?oc=5"" target=""_blank"">贵州茅台一季度总营收超547亿元</a>&nbsp;&nbsp;<font color=""#6f6f6f"">东方财富</font>",https://news.google.com/rss/articles/CBMiZkFVX3lxTFBoemNmdWRRMXAwWXFoanZkUjNDaTdqY19aSTJOQjVaZ3o3cUpCMm9icFltWmI3RlRlZ0RPTUo3T0NMUkRWeXZSejhxQlpzNGZ0N2sxeHQ1dmlQOUpXNzlQbHFvM2hyUQ?oc=5,贵州茅台,贵州茅台一季度总营收超547亿元 - 东方财富. 贵州茅台一季度总营收超547亿元 东方财富,neutral,0.017260376,zh,bootstrap,mixed_real_news_v6
2026-04-24,2026-04-24T23:10:32+00:00,600519.SH,"""贵州茅台"" - Google 新闻",贵州茅台，一季度营收539亿元！经销商单季净减255家，传统渠道营收锐减近30亿元 - 东方财富,"<a href=""https://news.google.com/rss/articles/CBMiZkFVX3lxTE1WTVZ1X0xLR2E2U0xTbUZnRWtpT2FhQjBpSHVYQk8yWTJ0Rnp5bnhtbXZMazI0ZENjMVNQd0ktc0s5Zjcxdmxybl9fb0hrVHpOWXRzS1YwS05Xa19wOXMwZElSdEJzdw?oc=5"" target=""_blank"">贵州茅台，一季度营收539亿元！经销商单季净减255家，传统渠道营收锐减近30亿元</a>&nbsp;&nbsp;<font color=""#6f6f6f"">东方财富</font>",https://news.google.com/rss/articles/CBMiZkFVX3lxTE1WTVZ1X0xLR2E2U0xTbUZnRWtpT2FhQjBpSHVYQk8yWTJ0Rnp5bnhtbXZMazI0ZENjMVNQd0ktc0s5Zjcxdmxybl9fb0hrVHpOWXRzS1YwS05Xa19wOXMwZElSdEJzdw?oc=5,贵州茅台,贵州茅台，一季度营收539亿元！经销商单季净减255家，传统渠道营收锐减近30亿元 - 东方财富. 贵州茅台，一季度营收539亿元！经销商单季净减255家，传统渠道营收锐减近30亿元 东方财富,neutral,0.053399462,zh,bootstrap,mixed_real_news_v6
2026-04-25,2026-04-25T02:35:59+00:00,600519.SH,"""贵州茅台"" - Google 新闻",贵州茅台(600519.SH)：2026年一季报净利润为272.43亿元、同比较去年同期上涨1.47% - 东方财富,"<a href=""https://news.google.com/rss/articles/CBMiZkFVX3lxTFB2aVN1cmE4VFg0NGZGRmVheFRiZllpclhTa25WNDJ3dUFGOXYzMjhhQXpzbk1mTGhUWjdrLVE5MzhMZUxvXzJlblZBZ2EwVHFCV09UN09RWGNPUHdNQy1WQkVFQnF5UQ?oc=5"" target=""_blank"">贵州茅台(600519.SH)：2026年一季报净利润为272.43亿元、同比较去年同期上涨1.47%</a>&nbsp;&nbsp;<font color=""#6f6f6f"">东方财富</font>",https://news.google.com/rss/articles/CBMiZkFVX3lxTFB2aVN1cmE4VFg0NGZGRmVheFRiZllpclhTa25WNDJ3dUFGOXYzMjhhQXpzbk1mTGhUWjdrLVE5MzhMZUxvXzJlblZBZ2EwVHFCV09UN09RWGNPUHdNQy1WQkVFQnF5UQ?oc=5,贵州茅台,贵州茅台(600519.SH)：2026年一季报净利润为272.43亿元、同比较去年同期上涨1.47% - 东方财富. 贵州茅台(600519.SH)：2026年一季报净利润为272.43亿元、同比较去年同期上涨1.47% 东方财富,neutral,0.015195657,zh,bootstrap,mixed_real_news_v6
2026-04-25,2026-04-25T06:32:46+00:00,600519.SH,"""贵州茅台"" - Google 新闻",风物长宜放眼量：贵州茅台2026年一季报解读——稳业绩、强内核、启新程 - 东方财富,"<a href=""https://news.google.com/rss/articles/CBMiYEFVX3lxTE9mYm01OXZQaGdGcTVVbVpodExWLWVRdEhhR0NSX3doaG9fODhYcnJCQTR5ak1XY2I3cGFXdkx5X19CU2tRMzFFaGp2SFM3MlluMGFTZE1NekFWSjBSZVRjcQ?oc=5"" target=""_blank"">风物长宜放眼量：贵州茅台2026年一季报解读——稳业绩、强内核、启新程</a>&nbsp;&nbsp;<font color=""#6f6f6f"">东方财富</font>",https://news.google.com/rss/articles/CBMiYEFVX3lxTE9mYm01OXZQaGdGcTVVbVpodExWLWVRdEhhR0NSX3doaG9fODhYcnJCQTR5ak1XY2I3cGFXdkx5X19CU2tRMzFFaGp2SFM3MlluMGFTZE1NekFWSjBSZVRjcQ?oc=5,贵州茅台,风物长宜放眼量：贵州茅台2026年一季报解读——稳业绩、强内核、启新程 - 东方财富. 风物长宜放眼量：贵州茅台2026年一季报解读——稳业绩、强内核、启新程 东方财富,neutral,0.044632494,zh,bootstrap,mixed_real_news_v6
2026-04-25,2026-04-25T07:00:00+00:00,600519.SH,"""贵州茅台"" - Google 新闻",贵州茅台一季报出炉：总营收约547.03亿元，i茅台营收增长267.16%，市场化改革成效初显 - 紫牛新闻,"<a href=""https://news.google.com/rss/articles/CBMiaEFVX3lxTE8wY3BxeFVsLWpMU243TmUxbGw0T1E3MUI1T282dURoR1lINnFEeEhsTGhYcEd5ZjNxaWRISzNqN3lyNU1JeE40RWlMVGtfUWt3UG01YmJEOElOQ3RJa0tmRGt3MkJzR3F6?oc=5"" target=""_blank"">贵州茅台一季报出炉：总营收约547.03亿元，i茅台营收增长267.16%，市场化改革成效初显</a>&nbsp;&nbsp;<font color=""#6f6f6f"">紫牛新闻</font>",https://news.google.com/rss/articles/CBMiaEFVX3lxTE8wY3BxeFVsLWpMU243TmUxbGw0T1E3MUI1T282dURoR1lINnFEeEhsTGhYcEd5ZjNxaWRISzNqN3lyNU1JeE40RWlMVGtfUWt3UG01YmJEOElOQ3RJa0tmRGt3MkJzR3F6?oc=5,贵州茅台,贵州茅台一季报出炉：总营收约547.03亿元，i茅台营收增长267.16%，市场化改革成效初显 - 紫牛新闻. 贵州茅台一季报出炉：总营收约547.03亿元，i茅台营收增长267.16%，市场化改革成效初显 紫牛新闻,neutral,0.021158759,zh,bootstrap,mixed_real_news_v6
2026-04-25,2026-04-25T07:00:00+00:00,600519.SH,"""600519"" - Google 新闻",贵州茅台（600519）4月24日主力资金净买入13.14亿元_主力研究 - 证券之星,"<a href=""https://news.google.com/rss/articles/CBMiYkFVX3lxTE5mOVBSb0RfcDcyMzB1NERQUlRQeE83VmZhWFNWTl9tekU4Ml9ycmVUbjJ1MWpLMkJkejJtUmFMZE5XaVNUT2o1ekdEX0Q1cXhHSXVZdHpQNlZOUThrcF9kT2d3?oc=5"" target=""_blank"">贵州茅台（600519）4月24日主力资金净买入13.14亿元_主力研究</a>&nbsp;&nbsp;<font color=""#6f6f6f"">证券之星</font>",https://news.google.com/rss/articles/CBMiYkFVX3lxTE5mOVBSb0RfcDcyMzB1NERQUlRQeE83VmZhWFNWTl9tekU4Ml9ycmVUbjJ1MWpLMkJkejJtUmFMZE5XaVNUT2o1ekdEX0Q1cXhHSXVZdHpQNlZOUThrcF9kT2d3?oc=5,600519,贵州茅台（600519）4月24日主力资金净买入13.14亿元_主力研究 - 证券之星. 贵州茅台（600519）4月24日主力资金净买入13.14亿元_主力研究 证券之星,neutral,0.10435734,zh,bootstrap,mixed_real_news_v6
2026-04-25,2026-04-25T08:31:56+00:00,600519.SH,"""贵州茅台"" - Google 新闻",贵州茅台：一季度主营业务收入538.86亿元 - 东方财富,"<a href=""https://news.google.com/rss/articles/CBMiYEFVX3lxTE8zNDAxeXV2VE9Pd3J4cXBSNzRNdmtHV0ozcl9aaTBBYmU3QzRPOWl0djU5QjhPR2RNYkdRT1IwVGdYSnljSEZ4TVU3Z0kyUUhvTWlmcEoybVVNSDRhTTFNQw?oc=5"" target=""_blank"">贵州茅台：一季度主营业务收入538.86亿元</a>&nbsp;&nbsp;<font color=""#6f6f6f"">东方财富</font>",https://news.google.com/rss/articles/CBMiYEFVX3lxTE8zNDAxeXV2VE9Pd3J4cXBSNzRNdmtHV0ozcl9aaTBBYmU3QzRPOWl0djU5QjhPR2RNYkdRT1IwVGdYSnljSEZ4TVU3Z0kyUUhvTWlmcEoybVVNSDRhTTFNQw?oc=5,贵州茅台,贵州茅台：一季度主营业务收入538.86亿元 - 东方财富. 贵州茅台：一季度主营业务收入538.86亿元 东方财富,neutral,0.022888064,zh,bootstrap,mixed_real_news_v6
2026-04-25,2026-04-25T13:41:15+00:00,600519.SH,"""贵州茅台"" - Google 新闻",贵州茅台2026年一季度归母净利润约272.43亿元，同比增1.47% - 东方财富,"<a href=""https://news.google.com/rss/articles/CBMiZkFVX3lxTE1uZ3g2My1hM2lLZU90ZlBKR2U1cXB1YTB5dVg4SEdoeENycmlJSDlOUEltYXlMMnliUnVrZkRrM2M3NjdFckd6MEhfWERuekxKM1dUMDJkcHgxNjJ2cTlLQUNpZU42Zw?oc=5"" target=""_blank"">贵州茅台2026年一季度归母净利润约272.43亿元，同比增1.47%</a>&nbsp;&nbsp;<font color=""#6f6f6f"">东方财富</font>",https://news.google.com/rss/articles/CBMiZkFVX3lxTE1uZ3g2My1hM2lLZU90ZlBKR2U1cXB1YTB5dVg4SEdoeENycmlJSDlOUEltYXlMMnliUnVrZkRrM2M3NjdFckd6MEhfWERuekxKM1dUMDJkcHgxNjJ2cTlLQUNpZU42Zw?oc=5,贵州茅台,贵州茅台2026年一季度归母净利润约272.43亿元，同比增1.47% - 东方财富. 贵州茅台2026年一季度归母净利润约272.43亿元，同比增1.47% 东方财富,neutral,0.028260164,zh,bootstrap,mixed_real_news_v6
2026-04-26,2026-04-26T03:57:00+00:00,600519.SH,"""贵州茅台"" - Google News",贵州茅台(600519)：市场化转型开局告捷 I茅台亮眼高增 - Futubull - 富途牛牛,"<a href=""https://news.google.com/rss/articles/CBMivwFBVV95cUxPWllrWEJ3dlNhUTNmRk90bzJpSGxVQW9QYVozQkthOHc0cDNkTVltUWVpLWEtTjhhMWRDOHp3WEI4akdvQmZsUU9QbUhWd203SmM2MXU2eHdsVFNtMy1HaFhFelhEd0FrMDZldEVBd3lmdHpmZUhKVm1ERGFmRnEwMHVOWUtEdzN4WlVLektSSDl2T3dqNHNPSWl2QkhyT3p5Vm1JNUxfVnhOaXE4R0xKUU9pUkl0d0p0QjNOM3hrNA?oc=5"" target=""_blank"">贵州茅台(600519)：市场化转型开局告捷 I茅台亮眼高增 - Futubull</a>&nbsp;&nbsp;<font color=""#6f6f6f"">富途牛牛</font>",https://news.google.com/rss/articles/CBMivwFBVV95cUxPWllrWEJ3dlNhUTNmRk90bzJpSGxVQW9QYVozQkthOHc0cDNkTVltUWVpLWEtTjhhMWRDOHp3WEI4akdvQmZsUU9QbUhWd203SmM2MXU2eHdsVFNtMy1HaFhFelhEd0FrMDZldEVBd3lmdHpmZUhKVm1ERGFmRnEwMHVOWUtEdzN4WlVLektSSDl2T3dqNHNPSWl2QkhyT3p5Vm1JNUxfVnhOaXE4R0xKUU9pUkl0d0p0QjNOM3hrNA?oc=5,贵州茅台,贵州茅台(600519)：市场化转型开局告捷 I茅台亮眼高增 - Futubull - 富途牛牛. 贵州茅台(600519)：市场化转型开局告捷 I茅台亮眼高增 - Futubull 富途牛牛,neutral,-0.0026243292,zh,bootstrap,mixed_real_news_v6
2026-04-26,2026-04-26T07:00:00+00:00,600519.SH,"""Kweichow Moutai"" - Google News","Kweichow Moutai's Q1 Profit Rises 1.5%, Revenue Up 6.5% - marketscreener.com","<a href=""https://news.google.com/rss/articles/CBMiqAFBVV95cUxPU3pFRWE5SHY5RnBGTUlqdm5qVU01X0hfSlVzVHM2X2huT2Q4NXNEYWVubEVnRFNqbWZtZUkyWlFvS09vTEdZWkh0dk1vZVJWSk5jTVdiaEVJVElmcnctYmx1ckNuSFp4WnUyaEVNQWljVzg1OFRObXdNYWVfdVp6VldEV255SEdOT05RbkE1YllTTDZZSFpFdEFBLUQ0WVd4UVVCX2RrcnQ?oc=5"" target=""_blank"">Kweichow Moutai's Q1 Profit Rises 1.5%, Revenue Up 6.5%</a>&nbsp;&nbsp;<font color=""#6f6f6f"">marketscreener.com</font>",https://news.google.com/rss/articles/CBMiqAFBVV95cUxPU3pFRWE5SHY5RnBGTUlqdm5qVU01X0hfSlVzVHM2X2huT2Q4NXNEYWVubEVnRFNqbWZtZUkyWlFvS09vTEdZWkh0dk1vZVJWSk5jTVdiaEVJVElmcnctYmx1ckNuSFp4WnUyaEVNQWljVzg1OFRObXdNYWVfdVp6VldEV255SEdOT05RbkE1YllTTDZZSFpFdEFBLUQ0WVd4UVVCX2RrcnQ?oc=5,Kweichow Moutai,"Kweichow Moutai's Q1 Profit Rises 1.5%, Revenue Up 6.5% - marketscreener.com. Kweichow Moutai's Q1 Profit Rises 1.5%, Revenue Up 6.5% marketscreener.com",positive,0.9212947,en,bootstrap,mixed_real_news_v6
2026-04-26,2026-04-26T16:06:16+00:00,600519.SH,"""600519"" - Google 新闻",贵州茅台(600519.SH)发布一季度业绩，归母净利润272.43亿元，同比增长1.47% - 凤凰网,"<a href=""https://news.google.com/rss/articles/CBMiSEFVX3lxTFBveDh1Z3BBeTcyZDYtam5NU0I5MHRlZTRYN3UwZ0FIaDhIY2Q1VERweVQxNEYtVDltUzRfVzQ0aVh6bE8wSV96LQ?oc=5"" target=""_blank"">贵州茅台(600519.SH)发布一季度业绩，归母净利润272.43亿元，同比增长1.47%</a>&nbsp;&nbsp;<font color=""#6f6f6f"">凤凰网</font>",https://news.google.com/rss/articles/CBMiSEFVX3lxTFBveDh1Z3BBeTcyZDYtam5NU0I5MHRlZTRYN3UwZ0FIaDhIY2Q1VERweVQxNEYtVDltUzRfVzQ0aVh6bE8wSV96LQ?oc=5,600519,贵州茅台(600519.SH)发布一季度业绩，归母净利润272.43亿元，同比增长1.47% - 凤凰网. 贵州茅台(600519.SH)发布一季度业绩，归母净利润272.43亿元，同比增长1.47% 凤凰网,neutral,0.039985828,zh,bootstrap,mixed_real_news_v6
2026-04-27,2026-04-27T05:06:10+00:00,600519.SH,"""贵州茅台"" - Google 新闻",机构贵州茅台一季报：整体符合预期，i茅台成为主力增长渠道 - 东方财富,"<a href=""https://news.google.com/rss/articles/CBMiYEFVX3lxTFBpSlBDR3ZkUk1HNU9EeHpjMnlPTmZGMWFndWlhUVZVdFZkZ0xmQlRaYzBjb1U0aDBLaEs2dm9jVHpHSVV4cXA2OE55OUhFTWVSNkJfX19wV0JHZXFmN29jeg?oc=5"" target=""_blank"">机构贵州茅台一季报：整体符合预期，i茅台成为主力增长渠道</a>&nbsp;&nbsp;<font color=""#6f6f6f"">东方财富</font>",https://news.google.com/rss/articles/CBMiYEFVX3lxTFBpSlBDR3ZkUk1HNU9EeHpjMnlPTmZGMWFndWlhUVZVdFZkZ0xmQlRaYzBjb1U0aDBLaEs2dm9jVHpHSVV4cXA2OE55OUhFTWVSNkJfX19wV0JHZXFmN29jeg?oc=5,贵州茅台,机构贵州茅台一季报：整体符合预期，i茅台成为主力增长渠道 - 东方财富. 机构贵州茅台一季报：整体符合预期，i茅台成为主力增长渠道 东方财富,neutral,0.06027271,zh,bootstrap,mixed_real_news_v6
2026-04-27,2026-04-27T06:42:02+00:00,600519.SH,"""贵州茅台"" - Google News",贵州茅台(600519)2025年年报点评：调整节奏加快 渠道改革加速 - Futubull - 富途牛牛,"<a href=""https://news.google.com/rss/articles/CBMitgFBVV95cUxOTzIwNURjNzFNank5Zl9qTmVIVXI0QU5TTE1HbjBFakZaQWFacUZhc1BHS3owT3U0UkJrbHk5bktTTEw2cGJhUElDbGY2eVlhaTJPb3J6aVBRa3ZsdEI0NWFRYXZQZl96SDdsSy1vSEJ2QndJdHJtdnVPU3dQMkYtNGtXNXJiUGYxc0VsWnM3NW9za0M3V0toa0ZVQmd1T0ZtYnVGSFpfc2dIQ0RmSDdDdWlQOWQ0UQ?oc=5"" target=""_blank"">贵州茅台(600519)2025年年报点评：调整节奏加快 渠道改革加速 - Futubull</a>&nbsp;&nbsp;<font color=""#6f6f6f"">富途牛牛</font>",https://news.google.com/rss/articles/CBMitgFBVV95cUxOTzIwNURjNzFNank5Zl9qTmVIVXI0QU5TTE1HbjBFakZaQWFacUZhc1BHS3owT3U0UkJrbHk5bktTTEw2cGJhUElDbGY2eVlhaTJPb3J6aVBRa3ZsdEI0NWFRYXZQZl96SDdsSy1vSEJ2QndJdHJtdnVPU3dQMkYtNGtXNXJiUGYxc0VsWnM3NW9za0M3V0toa0ZVQmd1T0ZtYnVGSFpfc2dIQ0RmSDdDdWlQOWQ0UQ?oc=5,贵州茅台,贵州茅台(600519)2025年年报点评：调整节奏加快 渠道改革加速 - Futubull - 富途牛牛. 贵州茅台(600519)2025年年报点评：调整节奏加快 渠道改革加速 - Futubull 富途牛牛,neutral,0.01601808,zh,bootstrap,mixed_real_news_v6
2026-04-27,2026-04-27T07:00:11+00:00,600519.SH,"""贵州茅台"" - Google 新闻",贵州茅台成交额达100亿元，现跌3.79% - 东方财富,"<a href=""https://news.google.com/rss/articles/CBMiYEFVX3lxTE1IXzVwaGpMNHk5aXNod2hYRTdCWlZzYUx2RHhjOElpdDRDZ3lYMTFaVTVtRTVxMFgtTXFfU2haUzNxM2ZETi15LXo4U09zajBwNFlEUnZjMmhTWHBDUFpUTQ?oc=5"" target=""_blank"">贵州茅台成交额达100亿元，现跌3.79%</a>&nbsp;&nbsp;<font color=""#6f6f6f"">东方财富</font>",https://news.google.com/rss/articles/CBMiYEFVX3lxTE1IXzVwaGpMNHk5aXNod2hYRTdCWlZzYUx2RHhjOElpdDRDZ3lYMTFaVTVtRTVxMFgtTXFfU2haUzNxM2ZETi15LXo4U09zajBwNFlEUnZjMmhTWHBDUFpUTQ?oc=5,贵州茅台,贵州茅台成交额达100亿元，现跌3.79% - 东方财富. 贵州茅台成交额达100亿元，现跌3.79% 东方财富,neutral,0.019544698,zh,bootstrap,mixed_real_news_v6
2026-04-27,2026-04-27T07:47:00+00:00,600519.SH,"""600519"" - Google 新闻",研报掘金丨中银证券：维持贵州茅台“买入”评级，i茅台大放异彩，2026年稳健开局 - AASTOCKS.com,"<a href=""https://news.google.com/rss/articles/CBMihgFBVV95cUxPY2k4Vm0tUVFxd1ptNVptZVNMVXprMVBPclZhSG9FckYyZE5tRk9nWVN6VkdTbHVndExxc0JQaUVCTVNYT1hXM2VwNGZBblJ3ODFFSjQyR0tRcTlmQW85SFY2aTRUaU5jRGlYXzcwVU5wNWJHSXdFT3BMZnhNa1c0cFhuUmRSQQ?oc=5"" target=""_blank"">研报掘金丨中银证券：维持贵州茅台“买入”评级，i茅台大放异彩，2026年稳健开局</a>&nbsp;&nbsp;<font color=""#6f6f6f"">AASTOCKS.com</font>",https://news.google.com/rss/articles/CBMihgFBVV95cUxPY2k4Vm0tUVFxd1ptNVptZVNMVXprMVBPclZhSG9FckYyZE5tRk9nWVN6VkdTbHVndExxc0JQaUVCTVNYT1hXM2VwNGZBblJ3ODFFSjQyR0tRcTlmQW85SFY2aTRUaU5jRGlYXzcwVU5wNWJHSXdFT3BMZnhNa1c0cFhuUmRSQQ?oc=5,600519,研报掘金丨中银证券：维持贵州茅台“买入”评级，i茅台大放异彩，2026年稳健开局 - AASTOCKS.com. 研报掘金丨中银证券：维持贵州茅台“买入”评级，i茅台大放异彩，2026年稳健开局 AASTOCKS.com,neutral,0.0329972,zh,bootstrap,mixed_real_news_v6
2026-04-27,2026-04-27T09:37:12+00:00,600519.SH,"""Kweichow Moutai"" - Google News",Kweichow Moutai's Q1 Profit Edges Up as Revenue Grows 6.5% - Moomoo,"<a href=""https://news.google.com/rss/articles/CBMimwFBVV95cUxQdy15OXFXWlNONlNqaDVCX2d5d05YQTVTSmhjTEV5MF8wdlZoMVBfSS1MNDNOT25MNjlrZ0xFOURWVm96cGdIMHBsUGdBODFuRC1tbnVkUFlhY3R6cW1EZTcwRml1dGFSWnU3YWNJS1gyNkNLNHNMZHRnSmpBSldwTTA4eW5KLWMwemtlMWVFTHdIZGNhUXRjQ2tQOA?oc=5"" target=""_blank"">Kweichow Moutai's Q1 Profit Edges Up as Revenue Grows 6.5%</a>&nbsp;&nbsp;<font color=""#6f6f6f"">Moomoo</font>",https://news.google.com/rss/articles/CBMimwFBVV95cUxQdy15OXFXWlNONlNqaDVCX2d5d05YQTVTSmhjTEV5MF8wdlZoMVBfSS1MNDNOT25MNjlrZ0xFOURWVm96cGdIMHBsUGdBODFuRC1tbnVkUFlhY3R6cW1EZTcwRml1dGFSWnU3YWNJS1gyNkNLNHNMZHRnSmpBSldwTTA4eW5KLWMwemtlMWVFTHdIZGNhUXRjQ2tQOA?oc=5,Kweichow Moutai,Kweichow Moutai's Q1 Profit Edges Up as Revenue Grows 6.5% - Moomoo. Kweichow Moutai's Q1 Profit Edges Up as Revenue Grows 6.5% Moomoo,positive,0.9325282,en,bootstrap,mixed_real_news_v6
2026-04-27,2026-04-27T14:14:30+00:00,600519.SH,"""Kweichow Moutai"" - Google News","Kweichow Moutai’s Q1 Profit Barely Grew, But Direct Sales Did - Finimize","<a href=""https://news.google.com/rss/articles/CBMikgFBVV95cUxQdTVxQzRxLW5oc0FzR1B0UDk0eTNDdWxLRzNSZ2ZOWVZJX0ctY0NHTi1OTUF4TlZjWV9sa0Fsb0E2cTBEaFZFV2szcmxpQjlXZkVhWHNEMi1qSUpERndGS0V4V1NkeThjNERWSzcxcE5zYjU1NFhEN3piWWd3SlNLaFBfNWUzaEtRRUcyVkpKajRfUQ?oc=5"" target=""_blank"">Kweichow Moutai’s Q1 Profit Barely Grew, But Direct Sales Did</a>&nbsp;&nbsp;<font color=""#6f6f6f"">Finimize</font>",https://news.google.com/rss/articles/CBMikgFBVV95cUxQdTVxQzRxLW5oc0FzR1B0UDk0eTNDdWxLRzNSZ2ZOWVZJX0ctY0NHTi1OTUF4TlZjWV9sa0Fsb0E2cTBEaFZFV2szcmxpQjlXZkVhWHNEMi1qSUpERndGS0V4V1NkeThjNERWSzcxcE5zYjU1NFhEN3piWWd3SlNLaFBfNWUzaEtRRUcyVkpKajRfUQ?oc=5,Kweichow Moutai,"Kweichow Moutai’s Q1 Profit Barely Grew, But Direct Sales Did - Finimize. Kweichow Moutai’s Q1 Profit Barely Grew, But Direct Sales Did Finimize",neutral,0.22189946,en,bootstrap,mixed_real_news_v6
2026-04-28,2026-04-28T00:27:46+00:00,600519.SH,"""600519"" - Google 新闻",贵州茅台（600519）4月27日主力资金净卖出11.82亿元_主力研究 - 证券之星,"<a href=""https://news.google.com/rss/articles/CBMiYkFVX3lxTFA0U0ZTWHZqOGVLTUdvVTh2aG9qTUFINE9VcVN4VXE1bi01aDY0S0lFakFNSkh0SlpMSjUxcW1VOGdRZlloNzhzYjRhTnJ5SjJtZUgzSjZES3hObEpVN3ZOT2hR?oc=5"" target=""_blank"">贵州茅台（600519）4月27日主力资金净卖出11.82亿元_主力研究</a>&nbsp;&nbsp;<font color=""#6f6f6f"">证券之星</font>",https://news.google.com/rss/articles/CBMiYkFVX3lxTFA0U0ZTWHZqOGVLTUdvVTh2aG9qTUFINE9VcVN4VXE1bi01aDY0S0lFakFNSkh0SlpMSjUxcW1VOGdRZlloNzhzYjRhTnJ5SjJtZUgzSjZES3hObEpVN3ZOT2hR?oc=5,600519,贵州茅台（600519）4月27日主力资金净卖出11.82亿元_主力研究 - 证券之星. 贵州茅台（600519）4月27日主力资金净卖出11.82亿元_主力研究 证券之星,neutral,0.099820584,zh,bootstrap,mixed_real_news_v6
2026-04-28,2026-04-28T01:03:00+00:00,600519.SH,"""贵州茅台"" - Google 新闻",贵州茅台 茅台酒和系列酒价格分析 - 财富号,"<a href=""https://news.google.com/rss/articles/CBMia0FVX3lxTE1NNzBsZGE2dE4zWTlVVF9kRy1HeDdMZHBadlliaTNIVGtIaV9PTExta1UweldyMV9IOW5ReEpLbURSRVZMdE5hQjVFNDVUODhMX1lGQ01aamM3V1E3bTFhdWdHcm96OFBBZGpn?oc=5"" target=""_blank"">贵州茅台 茅台酒和系列酒价格分析</a>&nbsp;&nbsp;<font color=""#6f6f6f"">财富号</font>",https://news.google.com/rss/articles/CBMia0FVX3lxTE1NNzBsZGE2dE4zWTlVVF9kRy1HeDdMZHBadlliaTNIVGtIaV9PTExta1UweldyMV9IOW5ReEpLbURSRVZMdE5hQjVFNDVUODhMX1lGQ01aamM3V1E3bTFhdWdHcm96OFBBZGpn?oc=5,贵州茅台,贵州茅台 茅台酒和系列酒价格分析 - 财富号. 贵州茅台 茅台酒和系列酒价格分析 财富号,neutral,0.024069745,zh,bootstrap,mixed_real_news_v6
2026-04-28,2026-04-28T11:55:58+00:00,600519.SH,"""贵州茅台"" - Google 新闻",10只白酒股下跌 贵州茅台1405元/股收盘 - 东方财富,"<a href=""https://news.google.com/rss/articles/CBMiYEFVX3lxTE9kTFBqcnc5SmQ1eXMwaTNXUmxTNDZrdHctWXFMems4Ulo3blNqUjhOb05qcGx3NFpHSGRObWp3Wlh6cTJwcjdLMk1Fa3VraGZlMjJDME54OWhSTzFTS284dw?oc=5"" target=""_blank"">10只白酒股下跌 贵州茅台1405元/股收盘</a>&nbsp;&nbsp;<font color=""#6f6f6f"">东方财富</font>",https://news.google.com/rss/articles/CBMiYEFVX3lxTE9kTFBqcnc5SmQ1eXMwaTNXUmxTNDZrdHctWXFMems4Ulo3blNqUjhOb05qcGx3NFpHSGRObWp3Wlh6cTJwcjdLMk1Fa3VraGZlMjJDME54OWhSTzFTS284dw?oc=5,贵州茅台,10只白酒股下跌 贵州茅台1405元/股收盘 - 东方财富. 10只白酒股下跌 贵州茅台1405元/股收盘 东方财富,neutral,0.02198986,zh,bootstrap,mixed_real_news_v6
2026-04-28,2026-04-28T12:08:22+00:00,600519.SH,"""贵州茅台"" - Google 新闻",5月11日贵州茅台将召开业绩说明会，王莉将出席 - 新浪财经,"<a href=""https://news.google.com/rss/articles/CBMilAFBVV95cUxOcUg1bnhQNllLSkFXeGJpMk9HWGlvWE5FcUZpYU5YV3JPbnk4bnZyNkhCTW1aY21tdS1XbklCZEg5T190YWQ2Q1RIWDNrbks1NDdBN0xYTVlRaDRHNzQxZ1ZoS180ekVfeUw2aDFuSjZ3Q1NmUm1ZeG82bmIyZ0FUbVBXLXV4VHhHVnhyTTZrazczdnpN?oc=5"" target=""_blank"">5月11日贵州茅台将召开业绩说明会，王莉将出席</a>&nbsp;&nbsp;<font color=""#6f6f6f"">新浪财经</font>",https://news.google.com/rss/articles/CBMilAFBVV95cUxOcUg1bnhQNllLSkFXeGJpMk9HWGlvWE5FcUZpYU5YV3JPbnk4bnZyNkhCTW1aY21tdS1XbklCZEg5T190YWQ2Q1RIWDNrbks1NDdBN0xYTVlRaDRHNzQxZ1ZoS180ekVfeUw2aDFuSjZ3Q1NmUm1ZeG82bmIyZ0FUbVBXLXV4VHhHVnhyTTZrazczdnpN?oc=5,贵州茅台,5月11日贵州茅台将召开业绩说明会，王莉将出席 - 新浪财经. 5月11日贵州茅台将召开业绩说明会，王莉将出席 新浪财经,neutral,0.045175046,zh,bootstrap,mixed_real_news_v6
2026-04-28,2026-04-28T13:28:31+00:00,600519.SH,"""贵州茅台"" - Google 新闻",贵州茅台：将于5月11日召开2025年度及2026年第一季度业绩说明会 - 东方财富,"<a href=""https://news.google.com/rss/articles/CBMiYEFVX3lxTE9lWGtjX2l0UUM4dzItQlp6UTI5UzJRWnd0cnBIQnJfWk5qZllocXk5RHF0cG9mQlJtQWVySXRjcmlZNlVkal95TWlIUDdhRWRSLUxELW9rd3ZyR1BzVGRyZQ?oc=5"" target=""_blank"">贵州茅台：将于5月11日召开2025年度及2026年第一季度业绩说明会</a>&nbsp;&nbsp;<font color=""#6f6f6f"">东方财富</font>",https://news.google.com/rss/articles/CBMiYEFVX3lxTE9lWGtjX2l0UUM4dzItQlp6UTI5UzJRWnd0cnBIQnJfWk5qZllocXk5RHF0cG9mQlJtQWVySXRjcmlZNlVkal95TWlIUDdhRWRSLUxELW9rd3ZyR1BzVGRyZQ?oc=5,贵州茅台,贵州茅台：将于5月11日召开2025年度及2026年第一季度业绩说明会 - 东方财富. 贵州茅台：将于5月11日召开2025年度及2026年第一季度业绩说明会 东方财富,neutral,0.03193936,zh,bootstrap,mixed_real_news_v6
2026-04-28,2026-04-28T13:37:48+00:00,600519.SH,"""600519"" - Google 新闻",股票行情快报：贵州茅台（600519）4月28日主力资金净卖出1.85亿元_主力研究 - 证券之星,"<a href=""https://news.google.com/rss/articles/CBMiYkFVX3lxTE43TXA4U1FINjNJbFdIQ3A1cFF4M2N5XzBnVEhkWkZ0RW5JY0Y4VEk0UkdldXRmcDNRTkZKSm16elNFLTZlNWFBSXlfVndYSEt0OUtJTDA1RHdNb1dhZnJUV0NR?oc=5"" target=""_blank"">股票行情快报：贵州茅台（600519）4月28日主力资金净卖出1.85亿元_主力研究</a>&nbsp;&nbsp;<font color=""#6f6f6f"">证券之星</font>",https://news.google.com/rss/articles/CBMiYkFVX3lxTE43TXA4U1FINjNJbFdIQ3A1cFF4M2N5XzBnVEhkWkZ0RW5JY0Y4VEk0UkdldXRmcDNRTkZKSm16elNFLTZlNWFBSXlfVndYSEt0OUtJTDA1RHdNb1dhZnJUV0NR?oc=5,600519,股票行情快报：贵州茅台（600519）4月28日主力资金净卖出1.85亿元_主力研究 - 证券之星. 股票行情快报：贵州茅台（600519）4月28日主力资金净卖出1.85亿元_主力研究 证券之星,neutral,0.09295355,zh,bootstrap,mixed_real_news_v6
2026-04-28,2026-04-28T16:12:12+00:00,600519.SH,"""贵州茅台"" - Google 新闻",贵州茅台将召开线上业绩说明会，王莉等高管将与投资者对话 - 东方财富,"<a href=""https://news.google.com/rss/articles/CBMiYEFVX3lxTE5FeE1rQXd6TDdVeVdoYXc0ZXVWaXBLUk11VGJHZEg3dVpCbVJBeFgwNHZlSkpxUXdnNDd4ZWVDbXllYVZPak44ajl5MkluTXJ3bG1TOVdzRWlRU0MxNmFncg?oc=5"" target=""_blank"">贵州茅台将召开线上业绩说明会，王莉等高管将与投资者对话</a>&nbsp;&nbsp;<font color=""#6f6f6f"">东方财富</font>",https://news.google.com/rss/articles/CBMiYEFVX3lxTE5FeE1rQXd6TDdVeVdoYXc0ZXVWaXBLUk11VGJHZEg3dVpCbVJBeFgwNHZlSkpxUXdnNDd4ZWVDbXllYVZPak44ajl5MkluTXJ3bG1TOVdzRWlRU0MxNmFncg?oc=5,贵州茅台,贵州茅台将召开线上业绩说明会，王莉等高管将与投资者对话 - 东方财富. 贵州茅台将召开线上业绩说明会，王莉等高管将与投资者对话 东方财富,neutral,0.053163573,zh,bootstrap,mixed_real_news_v6
2026-04-29,2026-04-29T03:39:57+00:00,600519.SH,"""贵州茅台"" - Google 新闻",贵州茅台：融资净偿还2.11亿元，融资余额178.98亿元 - 东方财富,"<a href=""https://news.google.com/rss/articles/CBMiYEFVX3lxTE5teWF1amx1R19odXVIOGFvWjZhekdwckpkSXNIeU9jNzdFS1B2UlpJQnNibk55WWlLbjZGMlJ1bjBFVW5MdjZZNWdLZV9fdW05bDdSM1ZmTUQwV1prN24ydg?oc=5"" target=""_blank"">贵州茅台：融资净偿还2.11亿元，融资余额178.98亿元</a>&nbsp;&nbsp;<font color=""#6f6f6f"">东方财富</font>",https://news.google.com/rss/articles/CBMiYEFVX3lxTE5teWF1amx1R19odXVIOGFvWjZhekdwckpkSXNIeU9jNzdFS1B2UlpJQnNibk55WWlLbjZGMlJ1bjBFVW5MdjZZNWdLZV9fdW05bDdSM1ZmTUQwV1prN24ydg?oc=5,贵州茅台,贵州茅台：融资净偿还2.11亿元，融资余额178.98亿元 - 东方财富. 贵州茅台：融资净偿还2.11亿元，融资余额178.98亿元 东方财富,neutral,0.0068122223,zh,bootstrap,mixed_real_news_v6
2026-04-29,2026-04-29T04:44:26+00:00,600519.SH,"""贵州茅台"" - Google 新闻",贵州茅台将召开线上业绩说明会 - 东方财富,"<a href=""https://news.google.com/rss/articles/CBMiZkFVX3lxTE9valVQaVZyQVVpZ3gyTjFSN3YwU205TnJTWWtzb2dxNEpQMS1IYUJHOVRtVm4wbFFjMVZCd1RMRG0xNzdVMjFfNl9zOVo3dFZZYVpodzdMNjBKQXRJYUpnV3F6cHR0UQ?oc=5"" target=""_blank"">贵州茅台将召开线上业绩说明会</a>&nbsp;&nbsp;<font color=""#6f6f6f"">东方财富</font>",https://news.google.com/rss/articles/CBMiZkFVX3lxTE9valVQaVZyQVVpZ3gyTjFSN3YwU205TnJTWWtzb2dxNEpQMS1IYUJHOVRtVm4wbFFjMVZCd1RMRG0xNzdVMjFfNl9zOVo3dFZZYVpodzdMNjBKQXRJYUpnV3F6cHR0UQ?oc=5,贵州茅台,贵州茅台将召开线上业绩说明会 - 东方财富. 贵州茅台将召开线上业绩说明会 东方财富,neutral,0.048346277,zh,bootstrap,mixed_real_news_v6
2026-04-29,2026-04-29T06:09:25+00:00,600519.SH,"""Kweichow Moutai"" - Google News",Kweichow Moutai Co Ltd stock (CNE000001LQ8): Why does its baijiu dominance matter more now for globa - AD HOC NEWS,"<a href=""https://news.google.com/rss/articles/CBMiygFBVV95cUxOWUEzOE5WeGdZRm5IVlhZSWN4TGRGSHp1c0xSRFhfM1hkUnNUS2pGZENQWWNZYnNPTElPMGhoT3AwR0E3dWVrR2hWNndMUVFHVDNWVjFMZkJEZkNzbVhBeXdXY0FZTDRxT0F4dmtpYkozalZLUVVZS2F3YmQ1NklHMzhmLU5qRGxWZlJkOVVXQjVJc1AtYTkxT1NCS2pWTkFTczc0eDc2c3JhWlRkSG5sVWdzNXgxRVZrdGREbGtRcnZrTEVTLVZic3JR?oc=5"" target=""_blank"">Kweichow Moutai Co Ltd stock (CNE000001LQ8): Why does its baijiu dominance matter more now for globa</a>&nbsp;&nbsp;<font color=""#6f6f6f"">AD HOC NEWS</font>",https://news.google.com/rss/articles/CBMiygFBVV95cUxOWUEzOE5WeGdZRm5IVlhZSWN4TGRGSHp1c0xSRFhfM1hkUnNUS2pGZENQWWNZYnNPTElPMGhoT3AwR0E3dWVrR2hWNndMUVFHVDNWVjFMZkJEZkNzbVhBeXdXY0FZTDRxT0F4dmtpYkozalZLUVVZS2F3YmQ1NklHMzhmLU5qRGxWZlJkOVVXQjVJc1AtYTkxT1NCS2pWTkFTczc0eDc2c3JhWlRkSG5sVWdzNXgxRVZrdGREbGtRcnZrTEVTLVZic3JR?oc=5,Kweichow Moutai,Kweichow Moutai Co Ltd stock (CNE000001LQ8): Why does its baijiu dominance matter more now for globa - AD HOC NEWS. Kweichow Moutai Co Ltd stock (CNE000001LQ8): Why does its baijiu dominance matter more now for globa AD HOC NEWS,neutral,0.011635626,en,bootstrap,mixed_real_news_v6
2026-04-29,2026-04-29T07:21:21+00:00,600519.SH,"""贵州茅台"" - Google News",贵州茅台(600519)：开局表现平稳 市场化改革初显成效 - Futubull - 富途牛牛,"<a href=""https://news.google.com/rss/articles/CBMipAFBVV95cUxORnFCUzhaeHktSHkxYlk1eDczTDNvU1QyZERkaThHbWp1a19hWUo2LWlRTENtZldRdmgyWURsVk12YjM5cUdoYmlUTFFEcGJ4WmRVczlzUFppbFg1bmItaTdsMEx0S1NRLUFiRVBZeHJFb0h2N0pGa0JTZlEyOEpxbWpuM2w4VHVCMjV5UlpfME9zSGJjZXdtNVVLdmY2eUxYY0dNVg?oc=5"" target=""_blank"">贵州茅台(600519)：开局表现平稳 市场化改革初显成效 - Futubull</a>&nbsp;&nbsp;<font color=""#6f6f6f"">富途牛牛</font>",https://news.google.com/rss/articles/CBMipAFBVV95cUxORnFCUzhaeHktSHkxYlk1eDczTDNvU1QyZERkaThHbWp1a19hWUo2LWlRTENtZldRdmgyWURsVk12YjM5cUdoYmlUTFFEcGJ4WmRVczlzUFppbFg1bmItaTdsMEx0S1NRLUFiRVBZeHJFb0h2N0pGa0JTZlEyOEpxbWpuM2w4VHVCMjV5UlpfME9zSGJjZXdtNVVLdmY2eUxYY0dNVg?oc=5,贵州茅台,贵州茅台(600519)：开局表现平稳 市场化改革初显成效 - Futubull - 富途牛牛. 贵州茅台(600519)：开局表现平稳 市场化改革初显成效 - Futubull 富途牛牛,neutral,0.0009255819,zh,bootstrap,mixed_real_news_v6
2026-04-30,2026-04-30T00:22:19+00:00,600519.SH,"""贵州茅台"" - Google 新闻",贵州茅台：融资净偿还7753.58万元，融资余额178.2亿元 - 东方财富,"<a href=""https://news.google.com/rss/articles/CBMiYEFVX3lxTFBrd2dRWm11OWd0aTY2WlJTT19XVU5ySEdNM3dBM1RyQTVmaHdMelVucDJEcUxkZ3lFRVdiNW1PTGYtcWFJR2NxcXc1YnRZV2g0ZFM4YlVNVmwzR1NaXzJXTg?oc=5"" target=""_blank"">贵州茅台：融资净偿还7753.58万元，融资余额178.2亿元</a>&nbsp;&nbsp;<font color=""#6f6f6f"">东方财富</font>",https://news.google.com/rss/articles/CBMiYEFVX3lxTFBrd2dRWm11OWd0aTY2WlJTT19XVU5ySEdNM3dBM1RyQTVmaHdMelVucDJEcUxkZ3lFRVdiNW1PTGYtcWFJR2NxcXc1YnRZV2g0ZFM4YlVNVmwzR1NaXzJXTg?oc=5,贵州茅台,贵州茅台：融资净偿还7753.58万元，融资余额178.2亿元 - 东方财富. 贵州茅台：融资净偿还7753.58万元，融资余额178.2亿元 东方财富,neutral,0.0058263503,zh,bootstrap,mixed_real_news_v6
2026-04-30,2026-04-30T09:50:53+00:00,600519.SH,"""Kweichow Moutai"" - Google News",Kweichow Moutai Co Ltd (CNE000001LQ8): Q1 2026 Earnings Release Scheduled for Today - AD HOC NEWS,"<a href=""https://news.google.com/rss/articles/CBMiyAFBVV95cUxNUE1FM3M5SVpDS2R1WlRibFBYUzZRNVBtVENCYVkxVTItRmVkd0VyajFwZV9XRm1iWnBaTjE1LUd4OU5CN2QxVmdxTE15UzFLZkx6MXFRX1ZHZGlJNFNjLU5YWUZqMGR0Umdvb2VJT2pkbXpRd0FEU25Qd29fa3lZZmxtdW1zMlY1bHliRzZuU3FHQ0JNakRFbVlodTRibXRzRkw4ZHBaR1FScm00dDI1TDVHTWhWbi15Z0R0UGZCUUE3ZGtkZXZnRg?oc=5"" target=""_blank"">Kweichow Moutai Co Ltd (CNE000001LQ8): Q1 2026 Earnings Release Scheduled for Today</a>&nbsp;&nbsp;<font color=""#6f6f6f"">AD HOC NEWS</font>",https://news.google.com/rss/articles/CBMiyAFBVV95cUxNUE1FM3M5SVpDS2R1WlRibFBYUzZRNVBtVENCYVkxVTItRmVkd0VyajFwZV9XRm1iWnBaTjE1LUd4OU5CN2QxVmdxTE15UzFLZkx6MXFRX1ZHZGlJNFNjLU5YWUZqMGR0Umdvb2VJT2pkbXpRd0FEU25Qd29fa3lZZmxtdW1zMlY1bHliRzZuU3FHQ0JNakRFbVlodTRibXRzRkw4ZHBaR1FScm00dDI1TDVHTWhWbi15Z0R0UGZCUUE3ZGtkZXZnRg?oc=5,Kweichow Moutai,Kweichow Moutai Co Ltd (CNE000001LQ8): Q1 2026 Earnings Release Scheduled for Today - AD HOC NEWS. Kweichow Moutai Co Ltd (CNE000001LQ8): Q1 2026 Earnings Release Scheduled for Today AD HOC NEWS,neutral,-0.05566467,en,bootstrap,mixed_real_news_v6
2026-04-30,2026-04-30T11:16:04+00:00,600519.SH,"""600519"" - Google 新闻",股票行情快报：贵州茅台（600519）4月30日主力资金净卖出13.81亿元 - Sohu,"<a href=""https://news.google.com/rss/articles/CBMiVkFVX3lxTE9KVVM4YzB4dldTZE5aNGdvWXhBOEg4OGdQWF8td09rNXVXZWtCNGZ3bHc1RmREME9kNWJKZzR0Q0V1eGVnLXdlQ1JncG9ReUc3MFlxMFdR?oc=5"" target=""_blank"">股票行情快报：贵州茅台（600519）4月30日主力资金净卖出13.81亿元</a>&nbsp;&nbsp;<font color=""#6f6f6f"">Sohu</font>",https://news.google.com/rss/articles/CBMiVkFVX3lxTE9KVVM4YzB4dldTZE5aNGdvWXhBOEg4OGdQWF8td09rNXVXZWtCNGZ3bHc1RmREME9kNWJKZzR0Q0V1eGVnLXdlQ1JncG9ReUc3MFlxMFdR?oc=5,600519,股票行情快报：贵州茅台（600519）4月30日主力资金净卖出13.81亿元 - Sohu. 股票行情快报：贵州茅台（600519）4月30日主力资金净卖出13.81亿元 Sohu,neutral,0.05420129,zh,bootstrap,mixed_real_news_v6
2026-05-02,2026-05-02T23:56:00+00:00,600519.SH,"""Kweichow Moutai"" - Google News",贵州茅台(600519)：I茅台持续发力 改革效果初显 - Futubull - 富途牛牛,"<a href=""https://news.google.com/rss/articles/CBMisAFBVV95cUxQSkRaQ2stSXhaR1dOVTJSMTdPMlBSbGZQTmx4Zmw3emJwd0NZdUxSV1dDLVV2eElGNWZvRTFlRG5TR0RGSzVNVm91UEZmLVp0OGVmdHVuQ19MUk5NVnR5cnRfVW9LX3lValNFdGh0bWw4UXdUclp0SVhORzcxV0tCSWhVWDNYenU1ck5hV0ZjSlVlN2tiUmR3d19TMllocmdlXzdnX3NEbEdMSWN5eFJNMQ?oc=5"" target=""_blank"">贵州茅台(600519)：I茅台持续发力 改革效果初显 - Futubull</a>&nbsp;&nbsp;<font color=""#6f6f6f"">富途牛牛</font>",https://news.google.com/rss/articles/CBMisAFBVV95cUxQSkRaQ2stSXhaR1dOVTJSMTdPMlBSbGZQTmx4Zmw3emJwd0NZdUxSV1dDLVV2eElGNWZvRTFlRG5TR0RGSzVNVm91UEZmLVp0OGVmdHVuQ19MUk5NVnR5cnRfVW9LX3lValNFdGh0bWw4UXdUclp0SVhORzcxV0tCSWhVWDNYenU1ck5hV0ZjSlVlN2tiUmR3d19TMllocmdlXzdnX3NEbEdMSWN5eFJNMQ?oc=5,Kweichow Moutai,贵州茅台(600519)：I茅台持续发力 改革效果初显 - Futubull - 富途牛牛. 贵州茅台(600519)：I茅台持续发力 改革效果初显 - Futubull 富途牛牛,neutral,0.0147500485,zh,bootstrap,mixed_real_news_v6
2026-05-03,2026-05-03T01:19:02+00:00,600519.SH,"""600519"" - Google 新闻",贵州茅台(600519)：Q1高质量开局 市场化改革成效显著 - 富途牛牛,"<a href=""https://news.google.com/rss/articles/CBMilwFBVV95cUxQNDZHNGViaFA5RDh0M0M3M1c3eVl4bTFLZERtazhPZnNvdEVlZFhQQkR5VnRsd0FmenFIaENicWpBdFJWMi1NYlRjTWgwc243b192Y1hXSnpfSDZEVkNfMFRSVy1fS1ZPTGY2ZjNaTHZRaDFxQWdlQ0N0bi05eDluNFprNWxhZzdBblY2VjZUVXhGTW83X3dn?oc=5"" target=""_blank"">贵州茅台(600519)：Q1高质量开局 市场化改革成效显著</a>&nbsp;&nbsp;<font color=""#6f6f6f"">富途牛牛</font>",https://news.google.com/rss/articles/CBMilwFBVV95cUxQNDZHNGViaFA5RDh0M0M3M1c3eVl4bTFLZERtazhPZnNvdEVlZFhQQkR5VnRsd0FmenFIaENicWpBdFJWMi1NYlRjTWgwc243b192Y1hXSnpfSDZEVkNfMFRSVy1fS1ZPTGY2ZjNaTHZRaDFxQWdlQ0N0bi05eDluNFprNWxhZzdBblY2VjZUVXhGTW83X3dn?oc=5,600519,贵州茅台(600519)：Q1高质量开局 市场化改革成效显著 - 富途牛牛. 贵州茅台(600519)：Q1高质量开局 市场化改革成效显著 富途牛牛,neutral,0.0028173365,zh,bootstrap,mixed_real_news_v6
2026-05-05,2026-05-05T08:10:41+00:00,600519.SH,"""Kweichow Moutai"" - Google News","Kweichow Moutai’s annual profit, revenue fall for first time - MSN","<a href=""https://news.google.com/rss/articles/CBMi3wJBVV95cUxPUDh1Ym1hRU5iLU8yd0hDTTI2UFF3SVpwOVlKQjRZWEJRQV9aSVB2SERJalpDSHNkZjhHbnhkUGs3UkRTTFNmenRhNXMxdmUwVEFfNEdqX0NoYlJSQm9CelowUVhRVU5sSm1tUGJmN3pYdTloal95QWNLV0VlVjkyaGxtOS05UDMtWGxvSWxyMEpJVUpFblU3dnZnNmJJMHRPYXBuTDZPZ0V5NXZleENnd2ZGUGNZSDhDa1ZMZVpfVGV2YW9fOUsxLURuQWdiUXhMdzN0aFlhcDI4cV9TWlBfVzBHOS05VGZZMzFiOTZBT0RIWG9wRmZ2QmFqaXlsLVVZTnlGVWRNZnhfMXdLNzFwbno4eDVYUEdTVUM5N1BrTDlVUFNTYkRRY3pWZmtNUlNaaE52ak9EWE9jR2xOUndxeENMSXlSclhFR3FONmpuQzlCNmY3WGM5SC1Rb2RRek0?oc=5"" target=""_blank"">Kweichow Moutai’s annual profit, revenue fall for first time</a>&nbsp;&nbsp;<font color=""#6f6f6f"">MSN</font>",https://news.google.com/rss/articles/CBMi3wJBVV95cUxPUDh1Ym1hRU5iLU8yd0hDTTI2UFF3SVpwOVlKQjRZWEJRQV9aSVB2SERJalpDSHNkZjhHbnhkUGs3UkRTTFNmenRhNXMxdmUwVEFfNEdqX0NoYlJSQm9CelowUVhRVU5sSm1tUGJmN3pYdTloal95QWNLV0VlVjkyaGxtOS05UDMtWGxvSWxyMEpJVUpFblU3dnZnNmJJMHRPYXBuTDZPZ0V5NXZleENnd2ZGUGNZSDhDa1ZMZVpfVGV2YW9fOUsxLURuQWdiUXhMdzN0aFlhcDI4cV9TWlBfVzBHOS05VGZZMzFiOTZBT0RIWG9wRmZ2QmFqaXlsLVVZTnlGVWRNZnhfMXdLNzFwbno4eDVYUEdTVUM5N1BrTDlVUFNTYkRRY3pWZmtNUlNaaE52ak9EWE9jR2xOUndxeENMSXlSclhFR3FONmpuQzlCNmY3WGM5SC1Rb2RRek0?oc=5,Kweichow Moutai,"Kweichow Moutai’s annual profit, revenue fall for first time - MSN. Kweichow Moutai’s annual profit, revenue fall for first time MSN",negative,-0.94235396,en,bootstrap,mixed_real_news_v6
2026-05-05,2026-05-05T19:53:00+00:00,600519.SH,贵州茅台 - Bing新聞,多只明星基金减仓茅台，为啥茅台不被资本欢迎了？,一直以来，茅台都是资本市场的香饽饽，机构投资者纷纷大力投资茅台的股票，然而就在最近多只明星基金减仓茅台，让人不禁想问为啥茅台不被资本欢迎了？ 一、多只明星基金减仓茅台 据21世纪经济报道，贵州茅台披露，一季度收入同比增长6.54%，归母净利润同比增长1.47%，保持营收、盈利正增长。 在此之前，河北区域龙头老白干酒、徽酒老二迎驾贡酒也双双交出了正增长一季报，次日两家股价双双冲击涨停。 然而奇怪的是 ...,http://www.bing.com/news/apiclick.aspx?ref=FexRss&aid=&tid=69fb16cbabed4f7ca7e8ada320dc7212&url=https%3a%2f%2ffinance.sina.com.cn%2froll%2f2026-05-06%2fdoc-inhwxnuk8399199.shtml&c=5745638097860350788&mkt=zh-tw,贵州茅台,多只明星基金减仓茅台，为啥茅台不被资本欢迎了？. 一直以来，茅台都是资本市场的香饽饽，机构投资者纷纷大力投资茅台的股票，然而就在最近多只明星基金减仓茅台，让人不禁想问为啥茅台不被资本欢迎了？ 一、多只明星基金减仓茅台 据21世纪经济报道，贵州茅台披露，一季度收入同比增长6.54%，归母净利润同比增长1.47%，保持营收、盈利正增长。 在此之前，河北区域龙头老白干酒、徽酒老二迎驾贡酒也双双交出了正增长一季报，次日两家股价双双冲击涨停。 然而奇怪的是 ...,neutral,0.07295501,zh,bootstrap,mixed_real_news_v6
2026-05-06,2026-05-06T01:35:00+00:00,600519.SH,"""贵州茅台"" - Google 新闻",上证180ETF鹏华（510040）开盘涨0.84%，重仓股贵州茅台跌1.42%，紫金矿业涨0.60% - 新浪财经,"<a href=""https://news.google.com/rss/articles/CBMimAFBVV95cUxORHFoZVBaWV9CZEQ2WDItLXlyZ2lrMWwyR05KVDZPWm93cFNCUlprc3JsWlZhQ085ckZHTkxiMkUtem1EVFNwanRpUUQwN0J2N0hreC1zXzFFRkZ1eGNRMk5xZVRyNGVJa3FpV2pYYl9seVBoemZtNmhTamhpY3Z4ci1GZjJOYnBBWTFqSVZrXzcyOW85a3Rwbg?oc=5"" target=""_blank"">上证180ETF鹏华（510040）开盘涨0.84%，重仓股贵州茅台跌1.42%，紫金矿业涨0.60%</a>&nbsp;&nbsp;<font color=""#6f6f6f"">新浪财经</font>",https://news.google.com/rss/articles/CBMimAFBVV95cUxORHFoZVBaWV9CZEQ2WDItLXlyZ2lrMWwyR05KVDZPWm93cFNCUlprc3JsWlZhQ085ckZHTkxiMkUtem1EVFNwanRpUUQwN0J2N0hreC1zXzFFRkZ1eGNRMk5xZVRyNGVJa3FpV2pYYl9seVBoemZtNmhTamhpY3Z4ci1GZjJOYnBBWTFqSVZrXzcyOW85a3Rwbg?oc=5,贵州茅台,上证180ETF鹏华（510040）开盘涨0.84%，重仓股贵州茅台跌1.42%，紫金矿业涨0.60% - 新浪财经. 上证180ETF鹏华（510040）开盘涨0.84%，重仓股贵州茅台跌1.42%，紫金矿业涨0.60% 新浪财经,neutral,0.01028128,zh,bootstrap,mixed_real_news_v6
2026-05-06,2026-05-06T09:31:03+00:00,600519.SH,"""贵州茅台"" - Google 新闻",5月6日贵州茅台现1375万元大宗交易 - Sohu,"<a href=""https://news.google.com/rss/articles/CBMiiAFBVV95cUxNTXhzUFJ3V0E0Uk9OeTM2TjV6ZzNndC1IZDVFaXhVblI2a3lMM2J5Yloxd1pvQkhVWEJRbWFpSFdxS0FDSjRFdEV0LWdEWTVRajNIVnhBOGZ5NHJINDNKYkoxUUtJRXVyR2tLS21jb2RDdGxqenBfSGkyb044a1A0SmU5TU1Rb2s2?oc=5"" target=""_blank"">5月6日贵州茅台现1375万元大宗交易</a>&nbsp;&nbsp;<font color=""#6f6f6f"">Sohu</font>",https://news.google.com/rss/articles/CBMiiAFBVV95cUxNTXhzUFJ3V0E0Uk9OeTM2TjV6ZzNndC1IZDVFaXhVblI2a3lMM2J5Yloxd1pvQkhVWEJRbWFpSFdxS0FDSjRFdEV0LWdEWTVRajNIVnhBOGZ5NHJINDNKYkoxUUtJRXVyR2tLS21jb2RDdGxqenBfSGkyb044a1A0SmU5TU1Rb2s2?oc=5,贵州茅台,5月6日贵州茅台现1375万元大宗交易 - Sohu. 5月6日贵州茅台现1375万元大宗交易 Sohu,neutral,0.025667856,zh,bootstrap,mixed_real_news_v6
2026-05-06,2026-05-06T09:31:05+00:00,600519.SH,"""贵州茅台"" - Google 新闻",大宗交易：贵州茅台成交1375.00万元（5-6） - 东方财富,"<a href=""https://news.google.com/rss/articles/CBMiZkFVX3lxTFBrNzJPQkl3VUF2bE1zeXQyTVoxQVpGRjFWM2taVlNOLUhWMWxGcWdxUE9WQjliYWFNWmpHZDRpM3hsV3VCNnQxZXJpZ3JMX3NpZXhDdGxnUWJ3VWhfVVN6SEpUMGdPdw?oc=5"" target=""_blank"">大宗交易：贵州茅台成交1375.00万元（5-6）</a>&nbsp;&nbsp;<font color=""#6f6f6f"">东方财富</font>",https://news.google.com/rss/articles/CBMiZkFVX3lxTFBrNzJPQkl3VUF2bE1zeXQyTVoxQVpGRjFWM2taVlNOLUhWMWxGcWdxUE9WQjliYWFNWmpHZDRpM3hsV3VCNnQxZXJpZ3JMX3NpZXhDdGxnUWJ3VWhfVVN6SEpUMGdPdw?oc=5,贵州茅台,大宗交易：贵州茅台成交1375.00万元（5-6） - 东方财富. 大宗交易：贵州茅台成交1375.00万元（5-6） 东方财富,neutral,0.014310207,zh,bootstrap,mixed_real_news_v6
