date,symbol,open,high,low,close,volume,return,ma50,ma200,macd,rsi,sentiment_score,news_count
2025-02-28,000001.SZ,11.58,11.68,11.5,11.53,94908806,-0.007745266781411297,11.5398,10.994349999999999,0.028446264722925108,55.10204002915452,0.0,0
2025-03-03,000001.SZ,11.52,11.56,11.45,11.51,83045695,-0.0017346053772766545,11.533,10.99745,0.021958316156935,54.5454537741047,0.0,0
2025-03-04,000001.SZ,11.47,11.55,11.44,11.51,68317873,0.0,11.532,11.000599999999999,0.01662492834988427,54.5454537741047,0.0,0
2025-03-05,000001.SZ,11.52,11.67,11.48,11.66,108064544,0.01303214596003488,11.5338,11.00525,0.024222702252053807,57.54716905126382,0.0,0
2025-03-06,000001.SZ,11.69,11.7,11.6,11.63,87740771,-0.002572898799313883,11.5358,11.009599999999999,0.027506169528658475,53.8461531213018,0.0,0
2025-03-07,000001.SZ,11.63,11.69,11.6,11.67,83553669,0.0034393809114359186,11.536200000000001,11.013250000000001,0.03295610919518843,43.52941104775089,0.0,0
2025-03-10,000001.SZ,11.66,11.67,11.55,11.59,66383393,-0.006855184233076295,11.536200000000001,11.01635,0.030468670367593376,37.77777719012339,0.0,0
2025-03-11,000001.SZ,11.54,11.61,11.52,11.61,60897527,0.0017256255392579245,11.536,11.019850000000002,0.02976804256400989,43.90243827483631,0.0,0
2025-03-12,000001.SZ,11.6,11.87,11.56,11.85,187731840,0.02067183462532296,11.5384,11.02495,0.04802517983967469,59.40593977061075,0.0,0
2025-03-13,000001.SZ,11.81,11.91,11.78,11.84,131237121,-0.0008438818565400519,11.538,11.0283,0.060984188476281176,59.999999160000016,0.0,0
2025-03-14,000001.SZ,11.82,12.0,11.82,11.97,172241765,0.010979729729729826,11.539000000000001,11.03105,0.08081265178443431,67.59259171639242,0.0,0
2025-03-17,000001.SZ,11.63,11.67,11.46,11.5,460361210,-0.039264828738513,11.5318,11.031649999999999,0.05793395321635586,51.048950549171096,0.0,0
2025-03-18,000001.SZ,11.52,11.54,11.48,11.49,160529000,-0.0008695652173912327,11.525,11.03135,0.038551110142032385,48.92086281662443,0.0,0
2025-03-19,000001.SZ,11.48,11.53,11.46,11.52,136245491,0.0026109660574411553,11.5164,11.03115,0.025318955481044014,46.21212072199266,0.0,0
2025-03-20,000001.SZ,11.51,11.61,11.49,11.49,110115724,-0.0026041666666666297,11.5122,11.031600000000001,0.012270185242593712,48.41269787477958,0.0,0
2025-03-21,000001.SZ,11.49,11.52,11.39,11.42,137638897,-0.006092254134029584,11.512,11.032150000000001,-0.0036770869982731824,46.564884998543214,0.0,0
2025-03-24,000001.SZ,11.41,11.44,11.34,11.38,116457734,-0.003502626970227629,11.512,11.031500000000001,-0.019320367677034156,45.18518471659811,0.0,0
2025-03-25,000001.SZ,11.38,11.43,11.36,11.43,73560888,0.004393673110720364,11.511800000000001,11.031649999999999,-0.027367720144130914,40.79999954303996,0.0,0
2025-03-26,000001.SZ,11.42,11.43,11.37,11.38,74086307,-0.004374453193350725,11.5092,11.032250000000001,-0.03734934706115389,40.15747987227972,0.16755149,1
2025-03-27,000001.SZ,11.37,11.41,11.35,11.39,55334940,0.0008787346221441616,11.507,11.033600000000002,-0.04394635564786853,38.7096769823101,0.0,0
2025-03-28,000001.SZ,11.39,11.4,11.34,11.35,64494555,-0.00351185250219499,11.506000000000002,11.0348,-0.05180502214004967,39.99999953333331,0.0,0
2025-03-31,000001.SZ,11.36,11.38,11.26,11.26,111612564,-0.007929515418502175,11.5052,11.036200000000001,-0.06455121358389349,36.22047204166408,0.0,0
2025-04-01,000001.SZ,11.27,11.3,11.22,11.27,68147042,0.000888099467140302,11.5066,11.037450000000002,-0.07300419874834319,22.11538431767744,0.0,0
2025-04-02,000001.SZ,11.25,11.41,11.25,11.37,93264176,0.008873114463176623,11.506400000000001,11.039950000000001,-0.07081774326466928,29.203539461195007,0.0,0
2025-04-03,000001.SZ,11.31,11.39,11.3,11.34,64391391,-0.0026385224274405594,11.503599999999999,11.042150000000001,-0.07069083092544126,19.417475464228332,0.0,0
2025-04-07,000001.SZ,11.0,11.05,10.48,10.7,254556048,-0.0564373897707231,11.486199999999998,11.0407,-0.12083993572034224,16.666666472222076,0.0,0
2025-04-08,000001.SZ,10.68,10.85,10.66,10.82,146398771,0.011214953271028172,11.473600000000001,11.04045,-0.14918080203292483,24.427480654973436,0.0,0
2025-04-09,000001.SZ,10.73,10.83,10.66,10.8,106439405,-0.001848428835489746,11.461199999999998,11.040049999999999,-0.17128055994696645,22.30769206745562,0.0,0
2025-04-10,000001.SZ,10.86,10.93,10.82,10.9,86654805,0.0092592592592593,11.4526,11.040550000000001,-0.1786660619030176,28.46715299376629,0.0,0
2025-04-11,000001.SZ,10.87,10.9,10.83,10.89,58387902,-0.0009174311926605228,11.448599999999999,11.044099999999998,-0.18321406415458874,29.770992048248914,0.0,0
2025-04-14,000001.SZ,10.95,11.04,10.92,10.93,78599345,0.0036730945821854544,11.440800000000001,11.048250000000001,-0.18149852102798825,32.82442713012054,0.0,0
2025-04-15,000001.SZ,10.92,10.97,10.9,10.95,72275410,0.0018298261665141702,11.433,11.0526,-0.17649063372335583,31.249999658203066,0.0,0
2025-04-16,000001.SZ,10.93,11.01,10.91,11.0,84282217,0.004566210045662267,11.423599999999999,11.056849999999999,-0.1665671820319954,35.15624961547849,0.0,0
2025-04-17,000001.SZ,10.95,11.08,10.93,11.06,82391931,0.005454545454545601,11.4174,11.061900000000001,-0.15210787165235828,37.593984566679865,0.0,0
2025-04-18,000001.SZ,11.04,11.19,11.03,11.18,72709815,0.010849909584086825,11.413799999999998,11.067800000000002,-0.12947327951273024,43.971630769076,0.0,0
2025-04-21,000001.SZ,11.0,11.13,10.97,11.02,111418418,-0.014311270125223596,11.4066,11.073000000000002,-0.12302767849720553,41.89189149561722,0.0,0
2025-04-22,000001.SZ,11.02,11.06,10.98,11.04,83112887,0.001814882032667775,11.398800000000001,11.0778,-0.11498023976997551,42.281878797351446,0.0,0
2025-04-23,000001.SZ,11.04,11.05,10.97,11.01,58638293,-0.0027173913043477826,11.3906,11.08245,-0.10975811267861246,37.3239432939893,0.0,0
2025-04-24,000001.SZ,11.0,11.06,10.99,11.03,68925613,0.0018165304268846771,11.3828,11.086950000000002,-0.10282045626596492,39.00709181127708,0.0,0
2025-04-25,000001.SZ,11.04,11.05,10.99,11.01,63754686,-0.0018132366273798661,11.373,11.09125,-0.09780866897667195,69.62025193078044,-0.94321114,1
2025-04-28,000001.SZ,11.0,11.04,10.96,11.0,64201837,-0.0009082652134423386,11.362,11.0945,-0.0935651470950134,63.235292815744025,0.0,0
2025-04-29,000001.SZ,11.0,11.02,10.95,10.98,64904494,-0.0018181818181818299,11.345999999999998,11.0974,-0.09076962257696053,63.235292815744025,0.8745527,1
2025-04-30,000001.SZ,10.96,10.97,10.89,10.91,86983492,-0.006375227686703178,11.328,11.100400000000002,-0.09312903074570045,50.76922967573966,0.0,0
2025-05-06,000001.SZ,10.92,11.0,10.89,10.96,85467127,0.004582951420714965,11.312999999999999,11.1039,-0.08992766642496264,55.07246265070369,0.0160237,1
2025-05-07,000001.SZ,11.01,11.04,10.97,11.03,112627001,0.006386861313868453,11.3004,11.109200000000001,-0.08081061271014,56.94444333719138,0.0,0
2025-05-08,000001.SZ,11.0,11.08,10.99,11.08,105661366,0.004533091568449832,11.289200000000001,11.114949999999999,-0.06875809925596066,58.666665571555654,0.0,0
2025-05-09,000001.SZ,11.07,11.17,11.06,11.15,99989747,0.00631768953068601,11.2804,11.12035,-0.05294763316786266,59.74025865407327,0.0,0
2025-05-12,000001.SZ,11.16,11.22,11.13,11.16,89560460,0.0008968609865471766,11.274199999999999,11.125449999999999,-0.03915940323367728,56.94444333719138,0.0,0
2025-05-13,000001.SZ,11.19,11.33,11.15,11.29,126103062,0.011648745519713177,11.2696,11.13125,-0.017540027607365616,57.53424547194597,0.0,0
2025-05-14,000001.SZ,11.29,11.47,11.25,11.43,168351358,0.01240035429583708,11.265799999999999,11.136849999999999,0.010766207172309805,78.8732378813729,0.0,0
2025-05-15,000001.SZ,11.43,11.5,11.38,11.39,103546026,-0.0034995625546805353,11.263,11.142149999999999,0.029629881633054467,73.9726013210736,0.0,0
2025-05-16,000001.SZ,11.37,11.43,11.31,11.38,91474445,-0.0008779631255486642,11.260399999999999,11.14755,0.04327373049394545,76.05633652846677,0.0,0
2025-05-19,000001.SZ,11.4,11.47,11.36,11.37,83139060,-0.0008787346221442727,11.2576,11.1524,0.052672486946276464,74.28571280000004,0.0,0
2025-05-20,000001.SZ,11.4,11.47,11.37,11.39,64363480,0.0017590149516271136,11.2522,11.1573,0.06103137035541195,77.14285560000005,0.0,0
2025-05-21,000001.SZ,11.4,11.59,11.39,11.48,132827810,0.007901668129938422,11.2492,11.162849999999999,0.07406432607076852,80.76922931952663,0.0,0
2025-05-22,000001.SZ,11.45,11.56,11.44,11.55,100296806,0.0060975609756097615,11.2468,11.16945,0.08901533894096936,84.33734797503263,0.0,0
2025-05-23,000001.SZ,11.55,11.6,11.43,11.46,96264311,-0.007792207792207795,11.2442,11.17585,0.09253518846672826,82.35293982006922,0.0,0
2025-05-26,000001.SZ,11.44,11.5,11.4,11.42,69915858,-0.003490401396160636,11.240400000000001,11.1823,0.0910474900784557,77.38095109126976,0.0,0
2025-05-27,000001.SZ,11.45,11.54,11.42,11.49,80191514,0.0061295971978985175,11.233200000000002,11.189300000000001,0.09442838176766344,77.3809510912698,0.0,0
2025-05-28,000001.SZ,11.5,11.55,11.44,11.53,65817947,0.003481288076588207,11.227,11.196800000000001,0.09919200480886481,77.10843243431549,0.0,0
2025-05-29,000001.SZ,11.52,11.55,11.45,11.46,91980676,-0.00607111882046818,11.2168,11.20355,0.09620974930201065,68.67469763681237,0.0,0
2025-05-30,000001.SZ,11.47,11.58,11.44,11.56,113084931,0.008726003490401313,11.218,11.21095,0.10075402491000851,71.73912934310023,0.0,0
2025-06-03,000001.SZ,11.54,11.91,11.53,11.81,219247966,0.021626297577854725,11.224399999999997,11.21865,0.12310918072926569,74.99999899038467,0.0,0
2025-06-04,000001.SZ,11.82,11.88,11.78,11.84,116795950,0.002540220152413175,11.230799999999999,11.226500000000001,0.14161411271610014,72.04300966816976,0.0,0
2025-06-05,000001.SZ,11.88,11.91,11.66,11.67,116680349,-0.014358108108108114,11.2344,11.23415,0.14093718919904852,63.20754633499464,0.0,0
2025-06-06,000001.SZ,11.7,11.79,11.68,11.7,68235251,0.0025706940874035134,11.24,11.2424,0.14119387659510174,64.81481397462271,0.0,0
2025-06-09,000001.SZ,11.73,11.75,11.65,11.71,77325468,0.0008547008547010737,11.2466,11.2513,0.1405836587248288,65.74073988854605,0.0,0
2025-06-10,000001.SZ,11.72,11.89,11.71,11.81,142813180,0.00853970964987183,11.254199999999999,11.2607,0.14648068280111204,68.10344745392393,-0.29825246,2
2025-06-11,000001.SZ,11.82,11.93,11.79,11.85,109466664,0.003386960203217493,11.263599999999999,11.27025,0.15262244601984065,66.66666582582585,0.0,0
2025-06-12,000001.SZ,11.56,11.7,11.52,11.68,129022047,-0.014345991561181437,11.269400000000001,11.27845,0.14213382807417574,55.37190018577963,-0.455614,2
2025-06-13,000001.SZ,11.68,11.74,11.56,11.58,109549419,-0.008561643835616417,11.274,11.2863,0.12431928320991759,54.9180321566783,0.0,0
2025-06-16,000001.SZ,11.57,11.79,11.53,11.79,117443827,0.018134715025906578,11.284599999999998,11.295500000000002,0.12569741149905944,63.30935188033748,0.0,0
2025-06-17,000001.SZ,11.79,11.88,11.71,11.76,89002734,-0.0025445292620864812,11.294400000000001,11.3047,0.12295153011307036,59.99999937777782,0.0,0
2025-06-18,000001.SZ,11.78,11.81,11.66,11.77,68352111,0.0008503401360544505,11.3024,11.3134,0.12019676230224441,59.09090846418738,0.03837692,1
2025-06-19,000001.SZ,11.76,11.78,11.65,11.7,83224716,-0.005947323704333041,11.3096,11.32125,0.11108465917635968,59.090908464187294,0.0,0
2025-06-20,000001.SZ,11.7,11.86,11.67,11.84,130919782,0.011965811965811923,11.3324,11.328999999999999,0.11384771616689093,60.29411702638408,0.03301987,1
2025-06-23,000001.SZ,11.81,11.97,11.67,11.93,138917048,0.007601351351351315,11.354599999999998,11.336950000000002,0.12189458171597423,54.99999935833332,0.0,0
2025-06-24,000001.SZ,11.9,12.01,11.84,11.93,130852531,0.0,11.3772,11.34485,0.12680999396422088,53.84615320184089,0.105985425,1
2025-06-25,000001.SZ,11.93,12.08,11.83,12.06,167511647,0.010896898575021075,11.4004,11.353250000000001,0.1395863426605466,67.25663633487358,0.83961934,1
2025-06-26,000001.SZ,12.05,12.48,12.01,12.41,217457766,0.029021558872305064,11.430800000000001,11.362949999999998,0.17592580283390014,74.48275790154582,0.0,0
2025-06-27,000001.SZ,12.37,12.58,12.13,12.2,237760015,-0.01692183722804197,11.456199999999999,11.371500000000001,0.18563990065822367,64.84848429825524,0.0,0
2025-06-30,000001.SZ,12.14,12.17,11.96,12.07,150481965,-0.0106557377049179,11.478600000000002,11.379699999999998,0.18076473626806866,57.738094756944456,0.0,0
2025-07-01,000001.SZ,12.06,12.33,12.06,12.3,135434108,0.0190555095277547,11.5046,11.38955,0.19323274438098892,62.032085097086025,0.0,0
2025-07-02,000001.SZ,12.31,12.41,12.23,12.32,120041184,0.001626016260162677,11.5298,11.400500000000001,0.20239448584403696,68.60465060438078,-0.0028151758,1
2025-07-03,000001.SZ,12.33,12.42,12.28,12.35,79408597,0.0024350649350648457,11.553200000000002,11.41145,0.2096591609407934,73.33333271111113,0.0,0
2025-07-04,000001.SZ,12.35,12.72,12.3,12.6,177533267,0.020242914979757165,11.5848,11.423899999999998,0.2329045997095811,73.96449642869649,0.0,0
2025-07-07,000001.SZ,12.6,12.82,12.6,12.78,149540653,0.014285714285714235,11.6196,11.4374,0.26282162894769634,77.71739071301984,0.0,0
2025-07-08,000001.SZ,12.75,12.84,12.65,12.69,109098597,-0.007042253521126751,11.6532,11.450750000000001,0.2760862914112039,73.95833279405383,0.0,0
2025-07-09,000001.SZ,12.66,12.9,12.66,12.84,120596330,0.011820330969267268,11.689400000000001,11.4646,0.2952983626699499,78.49999945050003,0.9200856,3
2025-07-10,000001.SZ,12.82,13.33,12.79,13.18,248141553,0.026479750778816147,11.7328,11.4801,0.33410783886788487,80.454544942562,0.0,0
2025-07-11,000001.SZ,13.19,13.3,12.89,12.91,244374350,-0.020485584218512876,11.771,11.4954,0.3391681653606504,70.58823487889275,0.0,0
2025-07-14,000001.SZ,12.87,13.17,12.86,12.98,187289585,0.005422153369481153,11.811,11.5108,0.3448516899306444,71.42857102040819,0.0,0
2025-07-15,000001.SZ,12.99,13.04,12.71,12.73,181053131,-0.01926040061633283,11.8474,11.526200000000001,0.3254316400646218,63.0350191118715,0.0,0
2025-07-16,000001.SZ,12.73,12.76,12.5,12.64,192786379,-0.0070699135899450205,11.880999999999998,11.5407,0.29932839142241363,54.97835464515284,0.0,0
2025-07-17,000001.SZ,12.61,12.7,12.54,12.59,94464140,-0.003955696202531667,11.9122,11.555150000000001,0.2714773744927932,59.06976705722013,0.0,0
2025-07-18,000001.SZ,12.62,12.75,12.6,12.7,124120611,0.008737092930897417,11.944600000000001,11.5698,0.2553379467047101,64.78873196852476,0.0,0
2025-07-21,000001.SZ,12.64,12.71,12.55,12.61,107902662,-0.007086614173228312,11.9738,11.583800000000002,0.23260377454362313,57.78894431706268,0.0,0
2025-07-22,000001.SZ,12.6,12.6,12.32,12.49,193522916,-0.009516256938937317,12.000399999999999,11.59675,0.20256869635993802,54.06698528376183,0.0,0
2025-07-23,000001.SZ,12.46,12.63,12.45,12.53,137052000,0.0032025620496396456,12.0252,11.609200000000001,0.17991934796690856,54.285713923809524,0.0,0
2025-07-24,000001.SZ,12.53,12.53,12.33,12.35,195935057,-0.01436552274541103,12.043600000000001,11.619100000000001,0.14576479469069703,43.842364229658564,0.0,0
2025-07-25,000001.SZ,12.33,12.46,12.32,12.35,110826666,0.0,12.0628,11.628350000000001,0.11734439204191816,38.378378087947404,0.0,0
2025-07-28,000001.SZ,12.35,12.53,12.32,12.46,123824278,0.00890688259109318,12.0844,11.6349,0.10251536555593077,43.85026705138841,0.0,0
2025-07-29,000001.SZ,12.46,12.51,12.34,12.34,101281801,-0.009630818619582704,12.103800000000001,11.6395,0.08015626656484542,36.41304320120511,-0.77097815,1
2025-07-30,000001.SZ,12.35,12.64,12.34,12.49,171516360,0.012155591572123203,12.125800000000002,11.640899999999998,0.07369080420357221,29.090908844077163,0.0,0
2025-07-31,000001.SZ,12.51,12.55,12.22,12.23,169008125,-0.02081665332265814,12.140799999999999,11.637649999999999,0.04704474902931288,29.268292433075572,0.0,0
2025-08-01,000001.SZ,12.24,12.33,12.15,12.28,101218698,0.004088307440719419,12.1554,11.64065,0.029620691567664892,28.395061483005605,0.0029492714,1
2025-08-04,000001.SZ,12.24,12.38,12.21,12.3,103268969,0.0016286644951140072,12.1722,11.64225,0.01722724835335221,34.532373752911354,0.0,0
2025-08-05,000001.SZ,12.3,12.5,12.28,12.47,113207820,0.0138211382113822,12.1932,11.645999999999999,0.020882217363753952,44.21768665370911,0.0,0
2025-08-06,000001.SZ,12.47,12.52,12.4,12.46,69044765,-0.000801924619085792,12.2126,11.6482,0.022710102287984313,45.45454500953595,0.0,0
2025-08-07,000001.SZ,12.44,12.53,12.39,12.47,72205305,0.0008025682182986049,12.231399999999999,11.65105,0.02468112207434281,41.353383023347895,0.0,0
2025-08-08,000001.SZ,12.48,12.53,12.39,12.4,82979591,-0.005613472333600655,12.250200000000001,11.65275,0.020360056413236904,41.98473237573572,0.0,0
2025-08-11,000001.SZ,12.4,12.42,12.27,12.3,93435315,-0.008064516129032251,12.265,11.6545,0.008765374696833916,42.63565845201613,0.0,0
2025-08-12,000001.SZ,12.3,12.4,12.3,12.33,68005619,0.0024390243902439046,12.275400000000001,11.65595,0.0019744944381496765,42.18749953857426,0.0,0
2025-08-13,000001.SZ,12.37,12.4,12.23,12.26,111981305,-0.005677210056772131,12.283800000000001,11.658199999999999,-0.008952542738178693,46.153845601577935,0.0,0
2025-08-14,000001.SZ,12.27,12.34,12.19,12.2,124104129,-0.004893964110929905,12.294399999999998,11.660250000000001,-0.02219791325822662,43.90243852468769,0.0,0
2025-08-15,000001.SZ,12.23,12.23,11.94,12.08,194850295,-0.00983606557377048,12.302,11.66135,-0.04189502220404151,34.67741896331944,0.0,0
2025-08-18,000001.SZ,12.06,12.15,12.03,12.08,123905837,0.0,12.3094,11.663,-0.0568497939170971,38.39285666294643,0.8951019,1
2025-08-19,000001.SZ,12.1,12.12,12.02,12.06,89285989,-0.0016556291390728006,12.314400000000001,11.66475,-0.06951407609778748,28.282827882869086,0.0,0
2025-08-20,000001.SZ,12.06,12.12,11.98,12.07,104873853,0.0008291873963515162,12.318800000000001,11.6669,-0.07784633050034806,39.18918844777208,0.0,0
2025-08-21,000001.SZ,12.05,12.19,12.03,12.15,121741825,0.006628003314001596,12.328199999999999,11.669950000000002,-0.07710554599522723,41.55844080283361,0.8546611,1
2025-08-22,000001.SZ,12.15,12.17,11.98,12.06,164425977,-0.007407407407407418,12.3378,11.67365,-0.08282595077331933,35.714285119047574,0.0,0
2025-08-25,000001.SZ,12.12,12.53,12.1,12.45,304508753,0.03233830845771135,12.351,11.678999999999998,-0.05525275279862463,49.05660312566744,0.0,0
2025-08-26,000001.SZ,12.45,12.5,12.3,12.36,138359861,-0.0072289156626506035,12.363,11.68365,-0.04019964609140203,45.61403452754687,-0.96223724,1
2025-08-27,000001.SZ,12.32,12.36,12.05,12.06,186004950,-0.024271844660194053,12.368799999999998,11.68665,-0.05187940982686534,35.6643353151743,-0.012012482,3
2025-08-28,000001.SZ,12.09,12.14,11.97,12.08,165358793,0.0016583747927030323,12.3764,11.688799999999999,-0.0588435619292742,38.4057967118252,0.0,0
2025-08-29,000001.SZ,12.05,12.22,12.03,12.05,180512568,-0.002483443708609201,12.3806,11.691300000000002,-0.06602238694478757,40.458014834799805,0.0,0
2025-09-01,000001.SZ,12.05,12.05,11.85,11.89,185845902,-0.01327800829875525,12.3798,11.691199999999998,-0.08365796338777187,34.72222188464504,0.0,0
2025-09-02,000001.SZ,11.85,11.99,11.84,11.98,149271566,0.007569386038688064,12.380799999999999,11.6925,-0.08934215617486174,40.41095851660724,0.0,0
2025-09-03,000001.SZ,11.98,12.01,11.74,11.75,136723249,-0.019198664440734592,12.374600000000001,11.69325,-0.11112501768982064,36.19631870751627,0.0,0
2025-09-04,000001.SZ,11.76,11.77,11.6,11.74,129530002,-0.0008510638297871687,12.361199999999998,11.694250000000002,-0.12772270101134353,38.815789116170336,0.0,0
2025-09-05,000001.SZ,11.73,11.74,11.63,11.72,81966156,-0.0017035775127768327,12.351600000000001,11.6948,-0.14086649619474478,38.31168796340022,0.26892143,1
2025-09-08,000001.SZ,11.71,11.78,11.67,11.7,92443104,-0.0017064846416383617,12.3442,11.695599999999999,-0.15115446682339417,38.311687963400175,0.0,0
2025-09-09,000001.SZ,11.71,11.78,11.68,11.75,86053917,0.004273504273504258,12.333200000000001,11.697149999999999,-0.15350368065696784,39.873417368210205,0.0,0
2025-09-10,000001.SZ,11.74,11.79,11.71,11.77,79266839,0.0017021276595743373,12.3222,11.697249999999999,-0.15199946151624566,37.49999965460522,-0.93358153,1
2025-09-11,000001.SZ,11.77,11.85,11.71,11.85,96393163,0.00679694137638065,12.312199999999997,11.698100000000002,-0.1427069882690546,43.04635721678871,0.0,0
2025-09-12,000001.SZ,11.83,11.88,11.7,11.72,94038510,-0.010970464135021007,12.2946,11.6985,-0.14417064041704641,20.799999767040006,0.0,0
2025-09-15,000001.SZ,11.7,11.72,11.63,11.65,84038656,-0.005972696245733822,12.271999999999998,11.6988,-0.14925845175331354,21.138211141516308,0.0,0
2025-09-16,000001.SZ,11.66,11.71,11.61,11.64,70804849,-0.0008583690987123971,12.251000000000001,11.7006,-0.15234139850676165,27.65957405613399,0.0,0
2025-09-17,000001.SZ,11.64,11.67,11.58,11.64,77112893,0.0,12.227,11.7029,-0.15302072831636693,26.08695612476373,0.0,0
2025-09-18,000001.SZ,11.65,11.66,11.38,11.41,138616040,-0.019759450171821347,12.191600000000001,11.703600000000002,-0.17015671915504527,21.4285711607143,0.0,0
2025-09-19,000001.SZ,11.41,11.51,11.37,11.45,83465123,0.0035056967572304476,12.1624,11.703899999999999,-0.17845236190153102,27.99999960799994,0.0,0
2025-09-22,000001.SZ,11.44,11.47,11.37,11.38,59640232,-0.006113537117903856,12.130400000000002,11.7041,-0.18850219753593933,19.38775482507286,0.0,0
2025-09-23,000001.SZ,11.37,11.58,11.32,11.52,134143022,0.012302284710017375,12.106200000000001,11.7048,-0.1830597360240276,37.078651102133506,0.0,0
2025-09-24,000001.SZ,11.51,11.62,11.43,11.46,113958347,-0.005208333333333259,12.0826,11.705150000000001,-0.18149587317538796,35.10638245586236,0.0,0
2025-09-25,000001.SZ,11.43,11.47,11.36,11.4,77327594,-0.005235602094240899,12.058800000000002,11.7047,-0.18298862025208962,33.67346890670548,0.0,0
2025-09-26,000001.SZ,11.39,11.44,11.32,11.4,75323875,0.0,12.0328,11.704399999999998,-0.1820728110358072,34.3749994986979,0.0,0
2025-09-29,000001.SZ,11.4,11.48,11.27,11.37,117601243,-0.0026315789473685403,12.008,11.70405,-0.18167355525626228,29.787233598913417,0.0,0
2025-09-30,000001.SZ,11.37,11.37,11.29,11.34,83247947,-0.0026385224274405594,11.985000000000003,11.702449999999999,-0.18168355650868406,27.368420649307396,0.0,0
2025-10-09,000001.SZ,11.33,11.41,11.27,11.4,104746906,0.005291005291005346,11.9624,11.701099999999999,-0.17483459958099345,25.80645122441895,0.0,0
2025-10-10,000001.SZ,11.37,11.49,11.36,11.43,108794775,0.002631578947368318,11.943999999999999,11.699300000000001,-0.16508302820367504,32.53011993322676,0.0,0
2025-10-13,000001.SZ,11.32,11.46,11.28,11.4,116880173,-0.002624671916010457,11.925,11.69765,-0.1579547825011769,34.17721458420117,0.0,0
2025-10-14,000001.SZ,11.39,11.6,11.36,11.57,184342836,0.014912280701754321,11.9072,11.69625,-0.13700866655191213,46.31578879113571,0.0,0
2025-10-15,000001.SZ,11.34,11.42,11.26,11.4,127106103,-0.014693171996542742,11.888399999999999,11.695450000000001,-0.1325977931836615,39.2857137946428,0.0,0
2025-10-16,000001.SZ,11.38,11.55,11.36,11.54,126193687,0.012280701754385781,11.869399999999999,11.6953,-0.1164628035853621,56.31067884626261,0.0,0
2025-10-17,000001.SZ,11.5,11.58,11.38,11.4,103966632,-0.0121317157712304,11.852800000000002,11.694650000000001,-0.1136623096996825,47.78761002741018,0.0,0
2025-10-20,000001.SZ,11.41,11.45,11.27,11.42,95264110,0.0017543859649122862,11.8356,11.693500000000002,-0.10857745198640423,51.851851179698194,0.0,0
2025-10-21,000001.SZ,11.4,11.47,11.39,11.43,76116462,0.0008756567425569628,11.8182,11.6927,-0.10255851842772223,45.26315722770083,0.0,0
2025-10-22,000001.SZ,11.4,11.54,11.4,11.52,83370319,0.007874015748031482,11.7992,11.6922,-0.08949458451789916,53.061223731778384,0.0,0
2025-10-23,000001.SZ,11.52,11.71,11.5,11.63,137311158,0.00954861111111116,11.7826,11.6917,-0.06946449858264714,61.16504771231978,0.0,0
2025-10-24,000001.SZ,11.6,11.68,11.55,11.56,98047530,-0.006018916595012969,11.7644,11.690199999999999,-0.058563838678018953,57.27272654380169,0.03135319,3
2025-10-27,000001.SZ,11.54,11.61,11.44,11.52,123948526,-0.0034602076124568004,11.746799999999999,11.6882,-0.05254692463675248,56.756756040905806,0.0,0
2025-10-28,000001.SZ,11.53,11.58,11.42,11.47,82156818,-0.004340277777777679,11.7302,11.68625,-0.05122259683078134,55.75221169864521,0.27806306,3
2025-10-29,000001.SZ,11.46,11.46,11.36,11.39,96621364,-0.006974716652136004,11.7114,11.684050000000003,-0.05598305114996904,49.56521678790172,0.0,0
2025-10-30,000001.SZ,11.38,11.47,11.36,11.38,94377015,-0.0008779631255486642,11.6938,11.681199999999999,-0.059872489136227,47.78761002741019,0.0,0
2025-10-31,000001.SZ,11.38,11.4,11.3,11.32,97019293,-0.005272407732864748,11.676200000000001,11.679300000000001,-0.06702378682761534,46.55172357609988,0.0,0
2025-11-03,000001.SZ,11.34,11.44,11.3,11.43,95232643,0.009717314487632356,11.6632,11.679299999999998,-0.06308792277581965,43.63636308099171,-0.82156444,1
2025-11-04,000001.SZ,11.42,11.64,11.4,11.59,150300748,0.013998250218722585,11.6534,11.68035,-0.04652178515375027,58.71559557612996,0.35437417,3
2025-11-05,000001.SZ,11.59,11.6,11.5,11.52,79492605,-0.006039689387402958,11.6426,11.68075,-0.038596500291403046,49.01960717031914,0.764513,1
2025-11-06,000001.SZ,11.5,11.58,11.47,11.51,76658546,-0.0008680555555555802,11.6314,11.68075,-0.032745106165160465,56.179774397172054,0.115478665,1
2025-11-07,000001.SZ,11.52,11.58,11.5,11.55,73485055,0.0034752389226759828,11.6194,11.681,-0.02459663377377197,57.14285626373631,0.0,0
2025-11-10,000001.SZ,11.52,11.64,11.45,11.63,82720833,0.006926406926407003,11.610800000000001,11.68215,-0.011550433082241796,60.20408077259479,0.0,0
2025-11-11,000001.SZ,11.62,11.69,11.57,11.67,88650887,0.0034393809114359186,11.5952,11.684000000000001,0.0019934612838543586,58.06451525494278,0.0,0
2025-11-12,000001.SZ,11.7,11.79,11.65,11.68,114132538,0.0008568980291345785,11.581599999999998,11.686399999999999,0.013379777823857353,53.012047298591916,0.0,0
2025-11-13,000001.SZ,11.68,11.72,11.57,11.7,97899103,0.001712328767123239,11.5744,11.688000000000002,0.02374364659082495,58.97435791584479,0.0,0
2025-11-14,000001.SZ,11.67,11.84,11.66,11.75,131699498,0.004273504273504258,11.5678,11.689350000000001,0.035581507914336896,64.55696088126908,-0.8631498,1
2025-11-17,000001.SZ,11.75,11.75,11.62,11.67,99523287,-0.006808510638297904,11.5602,11.68985,0.038068931938006756,62.19512088935154,0.0,0
2025-11-18,000001.SZ,11.65,11.69,11.57,11.59,67007735,-0.006855184233076295,11.554200000000002,11.69055,0.033202168059821346,62.19512088935154,0.0,0
2025-11-19,000001.SZ,11.58,11.83,11.57,11.8,133499619,0.018119068162208984,11.550600000000001,11.692450000000001,0.045762940883925296,70.58823432525949,0.0,0
2025-11-20,000001.SZ,11.79,11.99,11.74,11.85,163703985,0.004237288135593209,11.5526,11.695050000000002,0.05907109120612475,76.23762270561708,0.06267302,1
2025-11-21,000001.SZ,11.8,11.88,11.66,11.69,146535888,-0.013502109704641385,11.5516,11.69805,0.05606099711433288,62.26415012103951,0.0,0
2025-11-24,000001.SZ,11.7,11.73,11.6,11.6,111711880,-0.007698887938408894,11.5492,11.699449999999999,0.045884302345957195,50.50504979083767,0.0,0
2025-11-25,000001.SZ,11.61,11.8,11.58,11.8,102808052,0.017241379310344973,11.5512,11.701750000000002,0.05334262636109344,62.49999921875005,0.011783764,1
2025-11-26,000001.SZ,11.81,11.85,11.65,11.69,82130109,-0.009322033898305215,11.55,11.702849999999998,0.04980322065943632,57.377048521902694,0.0,0
2025-11-27,000001.SZ,11.66,11.71,11.58,11.71,101184710,0.0017108639863132602,11.548799999999998,11.70455,0.048058065529538396,56.66666600555555,0.0,0
2025-11-28,000001.SZ,11.67,11.68,11.58,11.61,88435845,-0.008539709649872052,11.544,11.7058,0.038165900507202366,49.180327304487996,0.0,0
2025-12-01,000001.SZ,11.6,11.7,11.53,11.69,103732271,0.006890611541774394,11.543400000000002,11.707350000000002,0.036362456110703434,50.793650229276885,0.0,0
2025-12-02,000001.SZ,11.68,11.73,11.59,11.64,76805993,-0.004277159965782595,11.543200000000002,11.7084,0.03054651014637244,48.46153793964502,0.0,0
2025-12-03,000001.SZ,11.64,11.7,11.54,11.55,94460109,-0.0077319587628865705,11.5414,11.70905,0.018462261768092958,44.52554699024996,0.0,0
2025-12-04,000001.SZ,11.55,11.58,11.46,11.49,88608988,-0.0051948051948051965,11.5384,11.7094,0.0039978248703747,40.57970973324936,0.0,0
2025-12-05,000001.SZ,11.49,11.54,11.4,11.53,89076609,0.003481288076588207,11.540799999999999,11.709550000000002,-0.004189387227500063,44.77611893517487,0.0,0
2025-12-08,000001.SZ,11.49,11.6,11.48,11.52,85589893,-0.0008673026886383273,11.542199999999998,11.7094,-0.011353848133500932,47.24409396738794,0.0,0
2025-12-09,000001.SZ,11.52,11.54,11.43,11.43,73395745,-0.0078125,11.543199999999999,11.70765,-0.024017128351777828,33.91304306540641,0.0,0
2025-12-10,000001.SZ,11.44,11.46,11.29,11.33,104406472,-0.008748906386701671,11.5394,11.70525,-0.041642010250978245,28.33333300277785,0.0,0
2025-12-11,000001.SZ,11.35,11.39,11.3,11.37,92526129,0.003530450132391838,11.537600000000003,11.70355,-0.05178524239136806,35.185184729080945,0.0,0
2025-12-12,000001.SZ,11.37,11.43,11.3,11.35,119189472,-0.0017590149516270026,11.536599999999998,11.702,-0.06073751552253981,37.62376185472015,0.0,0
2025-12-15,000001.SZ,11.34,11.54,11.33,11.51,94083253,0.014096916299559448,11.538799999999998,11.70135,-0.05429570654528071,35.05154588585394,0.0,0
2025-12-16,000001.SZ,11.49,11.55,11.44,11.48,64735136,-0.0026064291920069316,11.540999999999999,11.7008,-0.05102311311243923,38.20224659007705,0.0,0
2025-12-17,000001.SZ,11.47,11.58,11.42,11.53,70149533,0.00435540069686402,11.544799999999999,11.701100000000002,-0.043889051441553306,40.21739069234394,-0.00080092624,1
2025-12-18,000001.SZ,11.51,11.65,11.48,11.64,79046654,0.009540329575021822,11.5496,11.7017,-0.029024597979272926,51.6129024488381,0.041911084,1
2025-12-19,000001.SZ,11.63,11.65,11.58,11.62,64988619,-0.001718213058419349,11.553400000000002,11.701699999999999,-0.018643335603080402,45.97701075439291,0.0,0
2025-12-22,000001.SZ,11.61,11.61,11.51,11.52,74236916,-0.008605851979345935,11.555800000000001,11.701649999999999,-0.01827461624164073,43.47826020793946,0.0,0
2025-12-23,000001.SZ,11.52,11.6,11.5,11.56,66626574,0.003472222222222321,11.5556,11.7019,-0.014586592625223105,50.57471182983221,0.0,0
2025-12-24,000001.SZ,11.55,11.58,11.49,11.54,50524356,-0.0017301038062285112,11.5584,11.702050000000002,-0.01312632805252889,53.012047298591916,0.0,0
2025-12-25,000001.SZ,11.54,11.62,11.52,11.56,54745523,0.0017331022530331364,11.558800000000002,11.70155,-0.01023721674283884,51.85185095564709,0.0,0
2025-12-26,000001.SZ,11.56,11.59,11.53,11.54,43633984,-0.0017301038062285112,11.561599999999999,11.701100000000002,-0.009452446152707239,51.219511320642454,0.0,0
2025-12-29,000001.SZ,11.54,11.62,11.5,11.56,64829542,0.0017331022530331364,11.564400000000001,11.70055,-0.0071344356202374115,58.66666557155556,0.0,0
2025-12-30,000001.SZ,11.53,11.56,11.45,11.48,58258433,-0.00692041522491349,11.565400000000002,11.7,-0.011618792774340747,60.27397144680049,0.02629913,1
2025-12-31,000001.SZ,11.48,11.49,11.4,11.41,59062037,-0.0060975609756097615,11.5632,11.698999999999998,-0.020583815698216767,52.631577977839385,0.18711483,2
2026-01-05,000001.SZ,11.42,11.51,11.41,11.5,87549118,0.007887817703768674,11.560599999999999,11.697249999999999,-0.020193633479619777,59.03614358252282,0.0,0
2026-01-06,000001.SZ,11.5,11.68,11.48,11.67,130464842,0.014782608695652177,11.5628,11.6964,-0.006096554721693792,59.52380853174598,0.0,0
2026-01-07,000001.SZ,11.66,11.82,11.62,11.64,96623624,-0.0025706940874035134,11.565199999999999,11.694749999999999,0.0026244791168146264,59.52380853174598,0.0,0
2026-01-08,000001.SZ,11.64,11.65,11.49,11.51,110008511,-0.011168384879725157,11.565999999999999,11.6948,-0.0009430810281365609,48.913042733931995,0.0,0
2026-01-09,000001.SZ,11.53,11.53,11.44,11.46,98339004,-0.004344048653344812,11.5674,11.694650000000001,-0.007716034634258406,39.53488307733921,0.0,0
2026-01-12,000001.SZ,11.45,11.49,11.42,11.48,85521298,0.0017452006980802626,11.5694,11.694450000000002,-0.011339106153194223,41.86046443482976,0.0,0
2026-01-13,000001.SZ,11.48,11.54,11.44,11.47,106154122,-0.0008710801393727596,11.5724,11.69435,-0.014846195164858855,46.753245903187825,0.0,0
2026-01-14,000001.SZ,11.47,11.47,11.35,11.36,127475714,-0.00959023539668713,11.571000000000002,11.694049999999999,-0.02619965584163708,38.09523746031748,0.0,0
2026-01-15,000001.SZ,11.33,11.37,11.3,11.31,88495977,-0.004401408450704136,11.5654,11.6937,-0.038784849752596884,36.781608603514464,0.42304507,2
2026-01-16,000001.SZ,11.34,11.34,11.16,11.19,111947254,-0.010610079575596898,11.558800000000002,11.6925,-0.057775701395057055,30.927834605165273,0.0,0
2026-01-19,000001.SZ,11.15,11.21,11.11,11.12,80474131,-0.006255585344057235,11.551000000000002,11.691199999999998,-0.07758020679704103,29.4117643021915,0.0,0
2026-01-20,000001.SZ,11.12,11.2,11.11,11.16,77227609,0.003597122302158251,11.543199999999999,11.69005,-0.08902156907156389,30.769230355029592,0.8722034,1
2026-01-21,000001.SZ,11.15,11.18,11.06,11.07,90012491,-0.008064516129032251,11.531999999999998,11.68865,-0.10415059570748397,30.47619006984128,0.0,0
2026-01-22,000001.SZ,11.07,11.15,11.05,11.07,78863462,0.0,11.52,11.6877,-0.11481692032870328,32.65306075801752,0.5028883,1
2026-01-23,000001.SZ,11.07,11.09,10.98,10.99,110999429,-0.0072267389340560095,11.506200000000002,11.6863,-0.1282470388173671,23.711339863960077,0.0,0
2026-01-26,000001.SZ,10.98,11.06,10.92,10.96,110624665,-0.0027297543221109777,11.4914,11.684249999999999,-0.13970086909973922,7.2289155407171535,0.0,0
2026-01-27,000001.SZ,10.96,11.03,10.93,10.94,89409121,-0.0018248175182482562,11.4752,11.68225,-0.1486780766531659,7.3170730458061115,0.0,0
2026-01-28,000001.SZ,10.94,10.99,10.82,10.84,143876603,-0.009140767824497242,11.4586,11.68295,-0.16199437229584568,7.594936574266995,0.0,0
2026-01-29,000001.SZ,10.84,10.98,10.66,10.96,185299383,0.011070110701107083,11.446000000000002,11.68365,-0.16100862817206618,20.930232217414925,0.0,0
2026-01-30,000001.SZ,10.94,11.03,10.83,10.83,109175497,-0.011861313868613221,11.426599999999999,11.683800000000002,-0.16877183573124377,16.49484512275494,0.0,0
2026-02-02,000001.SZ,10.82,11.03,10.8,10.86,122317302,0.0027700831024930483,11.4068,11.683600000000002,-0.1705376326994763,19.191918920518376,0.06843023,1
2026-02-03,000001.SZ,10.89,10.9,10.77,10.84,80662816,-0.0018416206261510082,11.389800000000001,11.68335,-0.17157308465237264,21.111110782716153,0.0,0
2026-02-04,000001.SZ,10.85,10.98,10.84,10.97,69541547,0.011992619926199266,11.3772,11.68355,-0.16005871698410168,32.653060758017574,0.0,0
2026-02-05,000001.SZ,10.98,11.11,10.96,11.09,117759109,0.010938924339106482,11.363,11.684249999999999,-0.13964080821854274,44.89795854227409,0.0,0
2026-02-06,000001.SZ,11.08,11.14,10.99,11.05,72770959,-0.0036068530207393756,11.3502,11.6845,-0.1252434061005836,46.31578879113582,0.0,0
2026-02-09,000001.SZ,11.05,11.11,11.01,11.07,61971670,0.0018099547511312153,11.3374,11.684550000000002,-0.11094067331756285,45.16128964273329,0.04819209,1
2026-02-10,000001.SZ,11.07,11.1,11.02,11.06,60042999,-0.0009033423667569318,11.326400000000001,11.68395,-0.09926826816485423,49.41176389204155,-0.6085786,1
2026-02-11,000001.SZ,11.06,11.09,11.02,11.07,43104098,0.0009041591320071429,11.313999999999998,11.684199999999999,-0.08819423827979911,49.99999918604653,0.42220592,2
2026-02-12,000001.SZ,11.07,11.08,10.93,10.96,68134024,-0.009936766034326916,11.3004,11.683799999999998,-0.087287870269801,48.31460598156803,0.026626838,1
2026-02-13,000001.SZ,10.96,10.99,10.9,10.91,55504736,-0.0045620437956205295,11.2876,11.683300000000001,-0.08957162330732515,47.25274652578189,0.0,0
2026-02-24,000001.SZ,10.93,10.95,10.88,10.91,60251240,0.0,11.276000000000002,11.6827,-0.09034012926769641,48.31460598156803,0.0,0
2026-02-25,000001.SZ,10.91,10.95,10.78,10.86,106313487,-0.004582951420714965,11.262599999999999,11.681950000000002,-0.09390132192305423,51.19047533730158,0.0,0
2026-02-26,000001.SZ,10.86,10.91,10.8,10.87,71273019,0.0009208103130755596,11.249600000000001,11.6813,-0.09482360879636431,43.835615597673,0.0,0
2026-02-27,000001.SZ,10.86,10.92,10.84,10.9,61222796,0.002759889604415866,11.239,11.680900000000001,-0.09207242490740342,55.55555432098771,0.0,0
2026-03-02,000001.SZ,10.85,10.89,10.77,10.85,83887355,-0.004587155963302836,11.229399999999998,11.6806,-0.09285628453961436,49.230768170414244,0.8356284,1
2026-03-03,000001.SZ,10.85,10.95,10.8,10.88,102869483,0.0027649769585254003,11.219599999999998,11.680200000000003,-0.0900190659091269,53.0303019054179,0.0,0
2026-03-04,000001.SZ,10.84,10.84,10.67,10.71,108971396,-0.015625,11.206800000000001,11.678600000000001,-0.10033156908000862,31.42857080000006,0.0,0
2026-03-05,000001.SZ,10.72,10.84,10.7,10.81,71264118,0.00933706816059754,11.192800000000002,11.67725,-0.0992905778995894,29.41176410034612,0.0,0
2026-03-06,000001.SZ,10.78,10.84,10.77,10.82,47657680,0.0009250693802034249,11.1796,11.6756,-0.09654574916393877,32.30769161183436,0.0,0
2026-03-09,000001.SZ,10.79,10.82,10.74,10.76,83589238,-0.005545286506469571,11.164200000000001,11.6736,-0.09808133064838387,27.536231325351892,0.0,0
2026-03-10,000001.SZ,10.77,10.81,10.73,10.81,79011168,0.004646840148698983,11.1476,11.6712,-0.09417808160459273,32.87671169825494,0.0,0
2026-03-11,000001.SZ,10.79,10.9,10.77,10.89,72053464,0.007400555041628065,11.133,11.6685,-0.08366495962891918,38.749999321875094,-0.4354687,2
2026-03-12,000001.SZ,10.87,10.96,10.85,10.94,75490558,0.0045913682277318735,11.1214,11.66625,-0.07048613233027012,48.64864772826874,0.0,0
2026-03-13,000001.SZ,10.93,11.0,10.87,10.93,84193915,-0.000914076782449702,11.1088,11.663999999999998,-0.0601553003175912,51.428570399999984,0.04645782,1
2026-03-16,000001.SZ,10.93,10.97,10.88,10.92,71560301,-0.0009149130832570851,11.096400000000001,11.66175,-0.052173533922275084,50.70422435231105,0.037782654,1
2026-03-17,000001.SZ,10.91,11.07,10.9,11.03,107665681,0.010073260073260037,11.085799999999999,11.659950000000002,-0.03655051428010658,61.03895992916174,0.0,0
2026-03-18,000001.SZ,11.04,11.04,10.91,10.96,79107940,-0.006346328195829476,11.074200000000001,11.657350000000001,-0.029477772232478827,55.421685812164434,0.027700668,1
2026-03-19,000001.SZ,10.92,10.97,10.86,10.88,62421195,-0.007299270072992692,11.060599999999999,11.654000000000002,-0.029982287468868662,48.863635586260365,0.0,0
2026-03-20,000001.SZ,10.87,10.94,10.76,10.77,83408256,-0.01011029411764719,11.046399999999998,11.65055,-0.03881081322422908,45.74468016976007,-0.016392061,2
2026-03-23,000001.SZ,10.68,10.68,10.43,10.45,158008833,-0.029712163416898862,11.0272,11.6457,-0.07081252641462044,32.520324833101924,0.07521229,11
2026-03-24,000001.SZ,10.52,10.89,10.52,10.88,162225127,0.04114832535885182,11.014800000000001,11.642650000000001,-0.06077611906903435,55.70469746317734,0.016054392,5
2026-03-25,000001.SZ,10.89,10.95,10.79,10.94,74477991,0.0055147058823528106,11.0002,11.6397,-0.04743390682882698,54.4827580946492,0.045119613,2
2026-03-26,000001.SZ,10.91,11.05,10.9,10.94,82766409,0.0,10.986200000000002,11.637099999999998,-0.03644004929785183,54.166666140046274,0.5155885,6
2026-03-27,000001.SZ,10.91,11.05,10.83,11.02,88412862,0.007312614259597838,10.976400000000002,11.634400000000001,-0.02102959055651432,58.90410902420718,0.43107358,4
2026-03-30,000001.SZ,10.98,11.05,10.94,10.99,63252210,-0.0027223230490017736,10.967,11.6303,-0.011109378259952507,56.24999945312501,0.0,0
2026-03-31,000001.SZ,11.0,11.18,10.99,11.08,116456534,0.008189262966332933,10.959000000000001,11.626499999999998,0.003968957622085156,56.55172359191439,0.0,0
2026-04-01,000001.SZ,11.09,11.23,11.08,11.15,91892539,0.00631768953068601,10.9526,11.6239,0.02132128393852817,57.1428565986395,-0.004512906,1
2026-04-02,000001.SZ,11.15,11.32,11.13,11.27,114889522,0.010762331838565009,10.9508,11.621749999999999,0.044246083372339484,60.759493132510826,0.0,0
2026-04-03,000001.SZ,11.28,11.28,11.09,11.12,75775733,-0.013309671694764935,10.947000000000001,11.618799999999998,0.04973706773361819,55.813953034072455,0.0,0
2026-04-07,000001.SZ,11.12,11.14,10.97,11.03,60795521,-0.008093525179856065,10.9438,11.6149,0.04629282963794168,49.9999995882353,-0.4392782,2
2026-04-08,000001.SZ,11.11,11.22,11.05,11.22,81297589,0.017225747960109006,10.945799999999998,11.611749999999999,0.05822349404004079,57.142856703296694,0.0,0
2026-04-09,000001.SZ,11.17,11.22,11.06,11.1,60236493,-0.010695187165775444,10.944600000000001,11.60885,0.05733471550561653,55.91397807376572,0.025553748,1
2026-04-10,000001.SZ,11.1,11.13,11.07,11.09,48104693,-0.0009009009009008917,10.945,11.606399999999999,0.055187271178013475,59.09090862086777,0.0,0
2026-04-13,000001.SZ,11.05,11.09,11.03,11.07,40610413,-0.0018034265103696878,10.945,11.6028,0.0512804441842718,71.23287602927381,0.0,0
2026-04-14,000001.SZ,11.07,11.17,11.07,11.17,49615109,0.009033423667569984,10.948599999999999,11.599850000000002,0.055612355295338034,62.83185762863182,0.91301847,2
2026-04-15,000001.SZ,11.16,11.22,11.15,11.21,50393793,0.0035810205908684,10.9536,11.597050000000001,0.06156342690320571,62.162161378134954,0.016304828,1
2026-04-16,000001.SZ,11.2,11.23,11.07,11.09,68091460,-0.010704727921498791,10.956600000000002,11.594,0.05595172030648499,56.097560337100944,0.0,0
2026-04-17,000001.SZ,11.09,11.11,10.99,11.01,72253042,-0.007213706041478862,10.96,11.589850000000002,0.044535691259978805,49.593495370480554,0.034086406,3
2026-04-20,000001.SZ,11.01,11.07,10.96,11.06,63003366,0.004541326067211582,10.961999999999998,11.5855,0.03907258370205824,52.79999940864001,0.028396973,8
2026-04-21,000001.SZ,11.04,11.16,11.03,11.08,80694634,0.001808318264014508,10.967,11.58125,0.03594254121420626,49.999999406779665,0.044407383,4
2026-04-22,000001.SZ,11.08,11.09,10.95,10.98,83905399,-0.009025270758122761,10.9694,11.57585,0.025103419137238348,42.97520611433648,0.030491516,2
2026-04-23,000001.SZ,10.98,11.03,10.93,11.0,64806661,0.0018214936247722413,10.9726,11.568800000000001,0.017920592220669107,37.8378373606039,-0.07350522,1
2026-04-24,000001.SZ,10.98,11.03,10.92,11.0,58271012,0.0,10.973199999999999,11.5628,0.01208879800146967,43.749999361979235,0.15970129,26
2026-04-27,000001.SZ,11.33,11.57,11.29,11.38,340127567,0.03454545454545466,10.979000000000001,11.559350000000002,0.03769535469011487,63.999999283200026,0.12603319,9
2026-04-28,000001.SZ,11.36,11.46,11.32,11.46,167425883,0.007029876977152849,10.9872,11.555150000000001,0.06370966144400825,60.52631504616805,0.1895737,11
2026-04-29,000001.SZ,11.43,11.54,11.39,11.52,137842344,0.005235602094240788,10.996200000000002,11.55115,0.08815152956806749,69.4444435442387,0.068225764,8
2026-04-30,000001.SZ,11.5,11.6,11.46,11.49,113924162,-0.0026041666666666297,11.0048,11.54685,0.10390340311748147,68.18181731404962,0.30224672,12
2026-05-06,000001.SZ,11.5,11.5,11.3,11.36,121638755,-0.011314186248912117,11.010600000000002,11.540650000000001,0.1046901598514367,61.983470357216,0.038424898,5
2025-02-28,600036.SH,42.38,42.66,42.05,42.05,70542365,-0.007786691835771742,39.9898,36.21035,0.5602559506577265,65.19916123421623,0.0,0
2025-03-03,600036.SH,42.12,42.62,41.95,42.05,47014902,0.0,40.05479999999999,36.2462,0.5559916798298161,62.1867879565797,0.027096145,1
2025-03-04,600036.SH,41.91,42.1,41.77,41.8,31724542,-0.005945303210463715,40.144800000000004,36.28085,0.5263716194395158,52.24999981712499,0.0,0
2025-03-05,600036.SH,41.96,42.91,41.75,42.89,63203743,0.026076555023923476,40.2478,36.32245,0.5841180493965297,61.799999826959976,0.0,0
2025-03-06,600036.SH,42.89,43.1,42.45,42.96,57205304,0.0016320820704127659,40.35,36.36305,0.628288408486533,59.7894735079889,0.0,0
2025-03-07,600036.SH,42.9,43.8,42.85,43.57,60541319,0.014199255121042809,40.451,36.4028,0.7043958019788548,68.31683149377511,0.0,0
2025-03-10,600036.SH,43.49,43.58,42.82,43.07,50874971,-0.011475786091347251,40.552,36.4386,0.7161107592508671,59.77011478222577,0.0,0
2025-03-11,600036.SH,42.77,43.64,42.71,43.51,56574109,0.010215927559786397,40.664,36.47945,0.752228053304421,63.68515189774738,0.0,0
2025-03-12,600036.SH,43.5,43.86,43.25,43.54,41825836,0.0006894966674328984,40.7678,36.5219,0.7743458414853563,65.39162096257141,0.0,0
2025-03-13,600036.SH,43.6,44.38,43.5,43.84,58553928,0.006890215893431417,40.8602,36.559850000000004,0.8067817628067715,72.84644175658237,0.0,0
2025-03-14,600036.SH,44.0,45.47,43.94,45.16,91127535,0.030109489051094673,40.9754,36.6014,0.9282995728129251,79.7856047294029,0.0,0
2025-03-17,600036.SH,45.32,45.5,44.98,45.04,65420973,-0.0026572187776793266,41.0866,36.6447,1.00335427213043,81.27925099252579,0.0,0
2025-03-18,600036.SH,45.29,45.38,44.82,45.14,42822001,0.002220248667850866,41.202600000000004,36.6892,1.058700782739514,80.19801961670423,0.0,0
2025-03-19,600036.SH,45.28,46.1,45.1,46.02,67070594,0.019494904740806396,41.3306,36.739000000000004,1.1601978975159852,80.13245014538833,0.0,0
2025-03-20,600036.SH,45.92,45.92,44.78,45.24,67865603,-0.016949152542372947,41.4494,36.7877,1.164274578352078,74.5762710255674,0.0,0
2025-03-21,600036.SH,45.12,45.34,44.52,44.7,67541170,-0.011936339522546358,41.5732,36.8375,1.1111235496242031,68.84779502647669,0.0,0
2025-03-24,600036.SH,44.55,45.19,44.55,45.05,44957619,0.007829977628635243,41.701,36.88705,1.0847388570354184,72.7910236999896,0.0,0
2025-03-25,600036.SH,45.0,45.5,44.95,45.09,35687155,0.0008879023307437617,41.8218,36.93835,1.0548962761520713,68.09210510636689,0.0,0
2025-03-26,600036.SH,44.5,44.59,42.61,42.66,157832632,-0.05389221556886237,41.897,36.9788,0.825647572882751,48.222748735175514,0.0,0
2025-03-27,600036.SH,42.75,43.74,42.74,43.26,82795081,0.01406469760900153,41.9766,37.0234,0.6844909241916,48.16132850839161,0.0,0
2025-03-28,600036.SH,43.3,43.45,43.06,43.22,38618409,-0.000924641701340656,42.06100000000001,37.0681,0.5629067587020486,50.941028768735954,0.0,0
2025-03-31,600036.SH,43.21,43.78,42.61,43.29,53956888,0.0016196205460434765,42.147200000000005,37.1138,0.46681766313385964,48.552631489508315,0.015715336,1
2025-04-01,600036.SH,43.28,43.29,42.75,42.87,38936035,-0.00970200970200974,42.2232,37.15545,0.35271005078688944,45.80725899357926,0.0,0
2025-04-02,600036.SH,42.87,43.15,42.68,42.73,33120189,-0.0032656869605784955,42.2808,37.19915,0.24812192087644291,42.91187731790976,0.0,0
2025-04-03,600036.SH,42.02,42.85,42.02,42.65,46416550,-0.0018722209220687347,42.321000000000005,37.2424,0.15697028723292306,30.955993864433438,0.0,0
2025-04-07,600036.SH,40.94,42.0,39.39,40.83,181563292,-0.04267291910902693,42.3178,37.2766,-0.06141883071835963,24.607961357718793,0.0,0
2025-04-08,600036.SH,40.78,41.2,40.44,41.15,161047736,0.007837374479549464,42.3266,37.31555,-0.20629442078597293,26.556991730693568,0.0,0
2025-04-09,600036.SH,40.6,41.02,40.3,40.46,97396935,-0.016767922235722876,42.333400000000005,37.352399999999996,-0.3724927386932393,16.586538433628434,0.0,0
2025-04-10,600036.SH,40.99,41.45,40.55,41.1,74378875,0.015818091942659374,42.3526,37.3938,-0.44740603347877084,24.69437648585317,0.0,0
2025-04-11,600036.SH,41.11,41.69,40.81,41.51,58305691,0.009975669099756557,42.39379999999999,37.4323,-0.46829358884090055,30.186335351228706,0.0,0
2025-04-14,600036.SH,41.68,41.91,41.41,41.48,48215984,-0.0007227174174897488,42.42679999999999,37.47105,-0.4817149659611957,26.908150015949047,0.0,0
2025-04-15,600036.SH,41.49,42.29,41.45,42.1,61456386,0.014946962391514163,42.46360000000001,37.513000000000005,-0.4372819712154268,32.00962690154816,0.0,0
2025-04-16,600036.SH,41.98,42.58,41.82,42.25,57629358,0.0035629453681709222,42.4956,37.5535,-0.3855207135517489,46.60033156676543,0.0,0
2025-04-17,600036.SH,42.12,42.36,41.85,42.12,40579288,-0.003076923076923088,42.538000000000004,37.59405,-0.3509439935753491,39.74820133876352,0.0,0
2025-04-18,600036.SH,42.13,42.79,42.05,42.75,43500128,0.014957264957265126,42.589000000000006,37.6393,-0.2695981987952507,46.178861683495285,0.0,0
2025-04-21,600036.SH,42.66,43.08,42.28,42.28,41646585,-0.010994152046783556,42.630599999999994,37.68035,-0.24028627184451778,42.29007624548688,0.0,0
2025-04-22,600036.SH,42.31,42.54,42.01,42.01,43378813,-0.006385998107852453,42.6588,37.7189,-0.2361212433578217,43.28124990532227,0.0,0
2025-04-23,600036.SH,42.3,42.3,41.77,41.99,46774359,-0.0004760771244940454,42.678999999999995,37.75855,-0.23176264561630688,44.10828015644655,0.0,0
2025-04-24,600036.SH,42.0,42.38,41.95,42.21,41365185,0.005239342700642968,42.690799999999996,37.7983,-0.20815676253545234,46.573208621179944,0.0,0
2025-04-25,600036.SH,42.29,42.55,42.04,42.08,42434993,-0.0030798389007344884,42.6982,37.83775,-0.19766033832640062,63.213530468289754,0.0,0
2025-04-28,600036.SH,42.15,42.56,42.03,42.35,38697317,0.006416349809885924,42.7046,37.8777,-0.16564564313895147,62.820512632588226,0.0,0
2025-04-29,600036.SH,42.35,42.65,42.0,42.0,45769853,-0.008264462809917439,42.71020000000001,37.9123,-0.16659543302754543,67.74193526534854,0.0,0
2025-04-30,600036.SH,41.64,41.64,40.51,40.74,117268210,-0.029999999999999916,42.684,37.9437,-0.2659538674641695,46.3709676110497,0.0,0
2025-05-06,600036.SH,40.9,41.41,40.51,41.37,66640999,0.015463917525773141,42.67179999999999,37.977,-0.29051157116848003,48.64864851716581,0.0,0
2025-05-07,600036.SH,41.79,42.23,41.31,42.02,71291388,0.01571186850374673,42.6752,38.0177,-0.2545894122910184,54.655172281866875,0.0,0
2025-05-08,600036.SH,42.01,43.42,42.0,42.8,83380964,0.018562589243217298,42.703199999999995,38.06175,-0.16132174465436577,55.872483090232386,0.0,0
2025-05-09,600036.SH,42.8,43.6,42.8,43.48,66815472,0.015887850467289688,42.7474,38.1068,-0.03216534699426177,59.47611697493593,0.0,0
2025-05-12,600036.SH,43.45,44.4,43.11,43.8,84897409,0.007359705611775569,42.802800000000005,38.1524,0.09491918504136265,62.5748501682563,0.0,0
2025-05-13,600036.SH,44.09,44.65,43.85,44.56,69912417,0.01735159817351617,42.8644,38.210699999999996,0.2540319188579758,63.2892803397871,0.0,0
2025-05-14,600036.SH,44.55,45.3,44.32,44.81,71279018,0.005610412926391417,42.913000000000004,38.26475,0.39574096194669295,69.19575099108641,0.0,0
2025-05-15,600036.SH,44.83,45.38,44.65,44.92,68460048,0.0024548091943763506,42.9704,38.32045,0.5110316257689433,72.62830466301772,0.03732013,1
2025-05-16,600036.SH,44.75,44.98,44.03,44.27,61965535,-0.014470169189670479,43.01480000000001,38.37285,0.5436834948516918,66.14730865069939,0.0,0
2025-05-19,600036.SH,44.2,44.46,43.75,43.84,50281701,-0.009713124011746066,43.0556,38.4217,0.5287676259580891,61.21045380234577,0.0,0
2025-05-20,600036.SH,44.03,44.61,43.87,43.9,50053483,0.0013686131386860811,43.0758,38.47075,0.5158418867855161,62.63888876709105,0.0,0
2025-05-21,600036.SH,43.95,44.37,43.84,43.9,49920035,0.0,43.0946,38.519,0.49983634313993264,61.183261059658626,0.0,0
2025-05-22,600036.SH,43.9,44.56,43.75,44.51,56565562,0.013895216400911181,43.1134,38.57485,0.5302612152906576,67.45479819967079,0.0,0
2025-05-23,600036.SH,44.51,44.68,43.9,44.05,54146009,-0.010334756234554043,43.133,38.6284,0.5113603462886331,75.89984333918656,0.0,0
2025-05-26,600036.SH,43.89,44.17,43.63,43.8,45609975,-0.005675368898978461,43.1388,38.6815,0.47078148486209415,70.21630599284055,0.0,0
2025-05-27,600036.SH,43.8,44.15,43.67,43.74,36375001,-0.001369863013698569,43.142799999999994,38.73605,0.42883757366053743,65.86715850145018,0.0,0
2025-05-28,600036.SH,43.78,44.05,43.6,43.68,30035524,-0.001371742112482921,43.1396,38.7926,0.38630217230706876,59.36170195083752,0.0,0
2025-05-29,600036.SH,43.7,43.95,43.45,43.47,49298970,-0.004807692307692291,43.1058,38.8477,0.331822274696151,49.881796525213936,0.0,0
2025-05-30,600036.SH,43.55,43.88,43.35,43.43,57139144,-0.000920174833218268,43.0736,38.90275,0.28216626061697525,45.316455535587274,0.0,0
2025-06-03,600036.SH,43.5,44.43,43.5,43.97,50368513,0.01243380151968676,43.050200000000004,38.95895,0.2831233292373767,42.091152657030456,0.0,0
2025-06-04,600036.SH,44.05,44.27,43.9,44.06,37341667,0.002046850125085431,43.011,39.0157,0.28782617981761405,39.49579816444223,0.0,0
2025-06-05,600036.SH,44.06,44.42,44.0,44.37,42131680,0.007035860190649057,42.993599999999994,39.07615,0.3129600236646013,42.70557013318878,0.0,0
2025-06-06,600036.SH,44.45,44.71,44.3,44.47,37349895,0.0022537750732476436,42.989000000000004,39.138000000000005,0.33706249364540497,53.10558983121788,0.0,0
2025-06-09,600036.SH,44.6,44.68,44.21,44.6,47477446,0.002923319091522325,42.98,39.2025,0.3624753975489341,63.0136983280165,0.0,0
2025-06-10,600036.SH,44.57,45.05,44.45,44.67,52834892,0.0015695067264573925,42.971599999999995,39.26795,0.383839064167951,63.13993143892189,0.0,0
2025-06-11,600036.SH,44.72,45.68,44.72,45.31,77676108,0.014327289008283062,43.0246,39.33485,0.447256876314853,69.74789888614274,0.0,0
2025-06-12,600036.SH,45.4,45.65,45.1,45.23,45239070,-0.0017656146546017881,43.06400000000001,39.39935,0.4854644855317716,61.842104978358684,0.0,0
2025-06-13,600036.SH,45.24,45.35,44.95,45.18,47408056,-0.0011054609772274127,43.103199999999994,39.46465,0.5058782592996423,71.48288935332306,0.0,0
2025-06-16,600036.SH,45.08,45.81,44.95,45.78,41447435,0.013280212483399723,43.153,39.53385,0.5639702101514033,83.22147611909377,0.022953512,1
2025-06-17,600036.SH,45.88,46.05,45.71,45.98,47420901,0.004368719965050172,43.2152,39.60445,0.619011251871143,85.89743551199855,0.0,0
2025-06-18,600036.SH,45.92,46.07,45.65,45.85,42642859,-0.00282731622444532,43.2776,39.6699,0.6447099455048715,84.01253881624596,0.0,0
2025-06-19,600036.SH,45.84,46.06,45.37,45.63,51345430,-0.004798255179934596,43.3372,39.7323,0.639947270197915,83.74999963359386,0.0,0
2025-06-20,600036.SH,45.73,46.18,45.55,45.99,44815652,0.007889546351084853,43.4404,39.79515000000001,0.6576409317642842,86.3636360201447,0.04445453,1
2025-06-23,600036.SH,45.9,46.34,45.43,46.25,53893148,0.005653402913676775,43.5424,39.859,0.6847497443104231,85.18518481710113,0.0,0
2025-06-24,600036.SH,46.31,47.0,46.18,46.75,65581461,0.0108108108108107,43.6682,39.92655,0.7380714664555725,86.84931473537254,0.0,0
2025-06-25,600036.SH,46.75,47.5,46.59,47.5,60767987,0.016042780748663166,43.7962,39.997550000000004,0.8312657334757816,88.26405837758031,0.0,0
2025-06-26,600036.SH,47.49,47.88,47.05,47.88,59020064,0.008000000000000007,43.92360000000001,40.06845,0.9251214613864818,89.01601802145905,0.0,0
2025-06-27,600036.SH,47.85,47.87,46.04,46.22,95414320,-0.03467000835421896,44.0184,40.130700000000004,0.8556908042066951,63.728813408101104,0.03068219,1
2025-06-30,600036.SH,46.13,46.29,45.77,45.95,62461363,-0.005841627001298089,44.0954,40.19195,0.770003641980864,60.491803139854895,0.0,0
2025-07-01,600036.SH,45.96,46.67,45.92,46.45,45061309,0.01088139281828071,44.179399999999994,40.2558,0.7339808950292053,59.5637582493469,0.0,0
2025-07-02,600036.SH,46.7,47.16,46.45,46.9,51856318,0.009687836383207582,44.275,40.32565,0.7332909263915468,63.19115309878739,0.008456437,1
2025-07-03,600036.SH,46.9,46.95,46.34,46.61,55622576,-0.006183368869935979,44.3522,40.39795,0.701259857784926,60.88280047909299,0.013326306,1
2025-07-04,600036.SH,46.6,47.5,46.4,47.07,67894832,0.009869126796824723,44.448,40.47365,0.7048678825770622,60.031104068361536,0.0,0
2025-07-07,600036.SH,47.07,47.3,46.7,47.2,56742742,0.00276184406203539,44.5518,40.55155,0.7100323705757248,59.59119483737793,0.0,0
2025-07-08,600036.SH,47.28,47.67,47.1,47.62,63742101,0.00889830508474554,44.66440000000001,40.63285,0.739491358374373,63.30827054341115,0.9182357,1
2025-07-09,600036.SH,47.5,47.77,47.13,47.13,61456635,-0.010289794204115799,44.762800000000006,40.7125,0.7150561908847237,60.838150165934394,0.88825876,3
2025-07-10,600036.SH,47.1,48.55,47.1,48.24,121978404,0.02355187778485046,44.886,40.79745,0.7763100489383064,64.66753573593934,0.0,0
2025-07-11,600036.SH,46.28,46.5,45.62,45.64,118444284,-0.05389718076285244,44.95179999999999,40.87445,0.6080467177958013,46.953046887378356,0.0,0
2025-07-14,600036.SH,45.65,46.09,45.44,45.57,64848437,-0.0015337423312883347,45.023199999999996,40.951350000000005,0.46370311968933464,43.84133605284147,0.022013083,1
2025-07-15,600036.SH,45.77,45.92,44.8,45.22,66620626,-0.007680491551459334,45.1128,41.02705,0.31740881211657523,37.58169928909107,0.5467075,1
2025-07-16,600036.SH,45.26,45.54,44.88,45.11,46818639,-0.0024325519681556163,45.1876,41.10145000000001,0.19039864165795706,34.45566773486199,0.05947075,1
2025-07-17,600036.SH,45.1,45.33,44.91,45.0,41689506,-0.0024384837064952425,45.2472,41.17345,0.07994453498345422,41.71195644239572,0.5832092,1
2025-07-18,600036.SH,45.05,45.16,44.74,45.05,54343057,0.0011111111111110628,45.2922,41.24314999999999,-0.0035160276245846944,43.697478905915254,0.1783827,1
2025-07-21,600036.SH,45.05,45.23,44.83,44.85,56641201,-0.004439511653718031,45.3196,41.3133,-0.08481970456679022,38.30409348885122,0.0,0
2025-07-22,600036.SH,44.85,44.98,44.21,44.94,92231906,0.0020066889632106566,45.3424,41.3833,-0.14037307305921587,34.87654313452593,0.025436925,1
2025-07-23,600036.SH,44.97,45.7,44.96,45.12,85324905,0.004005340453938633,45.3536,41.45195,-0.16793912446426873,38.304552506080995,0.0,0
2025-07-24,600036.SH,45.21,45.36,44.8,44.88,82662013,-0.005319148936170137,45.355,41.5107,-0.20676792115526155,32.19512187792975,0.0,0
2025-07-25,600036.SH,44.84,45.17,44.75,44.83,69626423,-0.0011140819964350346,45.353199999999994,41.564099999999996,-0.23882161746694663,30.477759402522366,0.035276864,2
2025-07-28,600036.SH,44.8,45.16,44.41,44.44,63512720,-0.008699531563685081,45.3566,41.609399999999994,-0.2923244095348778,23.675496633864668,0.0,0
2025-07-29,600036.SH,44.44,44.8,44.14,44.14,78581282,-0.006750675067506706,45.3626,41.65195000000001,-0.35484284309767133,24.444444385944834,0.03993707,1
2025-07-30,600036.SH,44.17,44.75,43.93,44.42,72546085,0.006343452650656944,45.373000000000005,41.68599999999999,-0.37744454639504,11.952191201726876,0.0,0
2025-07-31,600036.SH,44.4,44.56,43.85,44.48,73319517,0.0013507429085997114,45.3846,41.708400000000005,-0.386064746455439,26.612903075572078,0.0,0
2025-08-01,600036.SH,44.5,44.97,44.35,44.42,59462094,-0.0013489208633092886,45.3828,41.74545,-0.39320519098759377,26.720647621826103,0.0,0
2025-08-04,600036.SH,44.31,44.97,44.31,44.9,49800832,0.01080594326879769,45.399800000000006,41.7763,-0.3560279872337162,43.846153610059105,0.0,0
2025-08-05,600036.SH,44.78,45.4,44.64,45.25,55525830,0.007795100222717233,45.4288,41.8104,-0.2949230214751779,52.46478847376516,0.0,0
2025-08-06,600036.SH,45.29,45.73,45.11,45.12,43029640,-0.0028729281767956305,45.4564,41.839349999999996,-0.25405818480993503,52.09790184287738,0.0,0
2025-08-07,600036.SH,45.12,45.6,44.96,45.15,44064325,0.0006648936170212671,45.4858,41.872600000000006,-0.21675316252451182,51.76056312512402,0.0,0
2025-08-08,600036.SH,45.2,45.28,44.53,44.53,45642153,-0.013732004429678812,45.507,41.897749999999995,-0.23451414891030709,45.09202434623054,0.0,0
2025-08-11,600036.SH,44.53,44.63,44.1,44.1,53672371,-0.009656411408039522,45.5204,41.9258,-0.2800589200227037,38.33333318425927,0.0,0
2025-08-12,600036.SH,44.13,44.48,44.0,44.0,56225243,-0.0022675736961451642,45.520999999999994,41.95055,-0.32052779858629066,34.09090895532023,0.0,0
2025-08-13,600036.SH,44.14,44.25,43.49,43.54,87673736,-0.010454545454545494,45.5106,41.974000000000004,-0.3852766031750079,32.08556137721975,0.10082829,1
2025-08-14,600036.SH,43.55,43.94,43.5,43.78,67635168,0.005512172714745134,45.4988,41.99705,-0.41246980787357046,36.641221243517286,0.0,0
2025-08-15,600036.SH,43.66,43.74,43.3,43.3,93295684,-0.010963910461397997,45.4754,42.01525000000001,-0.46736511288956706,35.82089539763865,0.0,0
2025-08-18,600036.SH,43.1,43.67,42.89,43.51,92639738,0.00484988452655899,45.453599999999994,42.03625,-0.48829602009138995,41.984732674863515,0.055492725,2
2025-08-19,600036.SH,43.45,43.7,43.29,43.4,57411852,-0.0025281544472535167,45.4282,42.057750000000006,-0.5079051807755377,36.43617007709932,0.0,0
2025-08-20,600036.SH,43.3,43.63,43.15,43.45,54724013,0.0011520737327190833,45.39099999999999,42.0824,-0.5134917860890411,36.26666653127121,0.0,0
2025-08-21,600036.SH,43.5,43.59,43.23,43.47,57854002,0.00046029919447621026,45.3558,42.106750000000005,-0.510421556222532,37.19676535828713,0.035582103,1
2025-08-22,600036.SH,43.47,43.48,43.04,43.26,79449625,-0.004830917874396157,45.3174,42.13365000000001,-0.5189514723530735,26.162790591198032,0.0,0
2025-08-25,600036.SH,43.32,43.87,43.11,43.87,90738990,0.01410078594544606,45.2792,42.166199999999996,-0.47105950952255427,31.351351232724625,0.0,0
2025-08-26,600036.SH,43.89,44.02,43.42,43.52,75572231,-0.007978117164349041,45.23,42.19375,-0.4560893448032246,29.591836629008824,0.0,0
2025-08-27,600036.SH,43.5,43.66,43.0,43.0,75814078,-0.01194852941176483,45.173,42.215,-0.48064446538148786,25.623582685095244,0.0,0
2025-08-28,600036.SH,43.02,43.3,42.6,42.98,82242557,-0.00046511627906986597,45.12,42.2345,-0.49600081950541863,29.65879254193618,0.0,0
2025-08-29,600036.SH,42.98,43.99,42.89,42.89,136087899,-0.0020939972080036284,45.058,42.25615,-0.5095592072719626,32.56484136717356,0.0,0
2025-09-01,600036.SH,42.62,42.64,41.88,41.98,127633329,-0.021217066915364957,44.9726,42.26820000000001,-0.5869675258096123,26.401869072517258,0.019915812,1
2025-09-02,600036.SH,41.86,43.5,41.86,43.44,145214114,0.034778465936160075,44.906400000000005,42.291399999999996,-0.5244587437429828,49.053030172965435,0.0,0
2025-09-03,600036.SH,43.44,43.57,42.7,42.9,81840560,-0.012430939226519278,44.8144,42.31425,-0.5125848119957013,42.11469523483767,0.31909508,2
2025-09-04,600036.SH,42.81,43.32,42.14,43.05,93536328,0.0034965034965035446,44.7178,42.34155,-0.4854746396923275,47.619047492063494,0.0,0
2025-09-05,600036.SH,43.0,43.02,42.53,42.76,57232838,-0.006736353077816504,44.64860000000001,42.36625,-0.4818359048142753,42.964352607598315,-0.1954816,1
2025-09-08,600036.SH,42.7,43.1,42.37,42.43,85168162,-0.007717492984097296,44.578199999999995,42.3881,-0.4998188230173497,41.26126115717881,0.029130664,1
2025-09-09,600036.SH,42.42,42.88,42.4,42.83,58952653,0.009427292010369959,44.5058,42.41315,-0.47630323103380334,44.74576260568797,0.0,0
2025-09-10,600036.SH,42.8,43.15,42.56,43.0,47138694,0.00396918048097139,44.4278,42.438649999999996,-0.4388901235705305,46.11570237262484,0.0,0
2025-09-11,600036.SH,43.13,43.33,42.78,43.3,65073072,0.006976744186046435,44.361599999999996,42.46655,-0.3806446391070466,50.32573278427357,0.0,0
2025-09-12,600036.SH,43.38,43.47,42.42,42.54,82314003,-0.01755196304849882,44.271,42.49185000000001,-0.39129966251478265,39.4276628693184,0.0,0
2025-09-15,600036.SH,42.48,42.79,42.11,42.22,69949106,-0.007522331922896086,44.17139999999999,42.5158,-0.42071542544089624,39.61661332993086,0.0,0
2025-09-16,600036.SH,42.32,42.43,41.66,41.75,85905078,-0.011132164850781612,44.053999999999995,42.5423,-0.47646036305605577,39.935587671642786,0.0,0
2025-09-17,600036.SH,41.76,42.19,41.7,41.76,57236258,0.00023952095808388307,43.9466,42.57,-0.5139077032040404,40.161290231893844,0.0,0
2025-09-18,600036.SH,41.78,41.84,40.8,40.83,100352240,-0.02227011494252873,43.7984,42.592200000000005,-0.6115783235113881,35.369318111481434,0.0,0
2025-09-19,600036.SH,40.8,41.53,40.55,41.0,83656307,0.0041636051922606665,43.705600000000004,42.614200000000004,-0.6675700821737109,42.222222128395074,0.0353624,1
2025-09-22,600036.SH,41.15,41.37,40.8,40.92,65611030,-0.0019512195121951237,43.6126,42.63645,-0.7102123992775375,24.390243833035868,0.0,0
2025-09-23,600036.SH,40.98,41.75,40.63,41.55,93885081,0.015395894428152479,43.5392,42.6625,-0.6852716232275213,36.52694600571307,0.0,0
2025-09-24,600036.SH,41.5,41.89,41.29,41.32,64389951,-0.005535499398315213,43.4634,42.68655,-0.6762693442911569,33.00589381884427,0.0,0
2025-09-25,600036.SH,41.32,41.36,40.81,40.82,66694887,-0.012100677637947754,43.3798,42.70505,-0.7013955434801318,31.698113123816256,0.0,0
2025-09-26,600036.SH,40.81,41.0,40.3,40.8,68276667,-0.0004899559039687196,43.294799999999995,42.725,-0.7146836420643154,33.66733457488117,0.0,0
2025-09-29,600036.SH,40.77,41.29,40.36,40.68,83555055,-0.002941176470588225,43.2114,42.74385,-0.7265226521566106,27.17622072601543,0.0,0
2025-09-30,600036.SH,40.65,40.79,40.41,40.41,70002520,-0.006637168141592986,43.1208,42.7574,-0.7490572309792753,23.07692300975522,0.0,0
2025-10-09,600036.SH,40.21,40.44,39.82,40.33,97231953,-0.0019797079930710115,43.025,42.77055,-0.7645580294189145,17.647058769703904,0.036055196,1
2025-10-10,600036.SH,40.3,40.65,40.13,40.18,95504979,-0.003719315645921095,42.931,42.77845,-0.7799554295705562,20.35175872238068,0.0,0
2025-10-13,600036.SH,39.76,40.3,39.7,40.11,106593617,-0.0017421602787456303,42.8366,42.7875,-0.7887145843381376,21.715817612862807,0.0,0
2025-10-14,600036.SH,40.09,41.49,39.83,41.26,173382668,0.02867115432560463,42.773,42.7998,-0.6948510778530448,44.444444303350934,0.0,0
2025-10-15,600036.SH,41.25,41.57,41.01,41.5,106276702,0.005816771691711242,42.720200000000006,42.8208,-0.594247463622807,47.198275719660394,0.09912507,4
2025-10-16,600036.SH,41.5,41.99,41.13,41.93,106248776,0.010361445783132472,42.6704,42.841750000000005,-0.47435292297377885,63.285023940582086,0.26469418,1
2025-10-17,600036.SH,41.88,42.22,41.38,41.59,82982705,-0.008108752683043119,42.6126,42.86045,-0.40213522961088444,56.844547379159295,0.0,0
2025-10-20,600036.SH,41.61,41.79,41.1,41.42,64947729,-0.004087521038711239,42.55259999999999,42.87495,-0.35453293162444766,55.68181800464877,0.0,0
2025-10-21,600036.SH,41.49,42.1,41.49,41.98,75993124,0.013520038628681785,42.49419999999999,42.894749999999995,-0.26852505791286063,54.965357789950346,0.0,0
2025-10-22,600036.SH,41.98,42.2,41.73,41.95,55133364,-0.0007146260123866988,42.4282,42.91495,-0.2004730194446509,57.62711844872168,0.0,0
2025-10-23,600036.SH,41.95,42.49,41.78,42.24,71317373,0.006912991656734091,42.370599999999996,42.9344,-0.12173739934056016,68.11224465470124,0.0,0
2025-10-24,600036.SH,42.35,42.45,41.85,41.95,69883194,-0.006865530303030276,42.306599999999996,42.94805,-0.08179653003575993,63.7231501450779,0.0,0
2025-10-27,600036.SH,41.9,41.97,41.42,41.59,98894862,-0.00858164481525625,42.2478,42.959,-0.0782896206939867,60.27088017070159,0.0,0
2025-10-28,600036.SH,41.62,41.72,41.23,41.6,70595074,0.00024044241404186373,42.19780000000001,42.9696,-0.07385213194252316,64.26858491612478,0.0,0
2025-10-29,600036.SH,41.53,41.53,40.69,40.77,91098760,-0.01995192307692306,42.13320000000001,42.97675,-0.13574467343990193,54.471544560446894,0.0,0
2025-10-30,600036.SH,40.8,41.36,40.73,41.2,113153844,0.010546970811871503,42.086400000000005,42.98465,-0.14838703873339654,59.807692146671656,0.0,0
2025-10-31,600036.SH,41.26,41.3,40.84,40.89,70260700,-0.007524271844660202,42.0286,42.9926,-0.18133035013162413,57.169117499932455,0.0,0
2025-11-03,600036.SH,41.14,41.97,41.06,41.79,92198068,0.022010271460014552,41.99839999999999,43.00900000000001,-0.13327932230821915,55.1059728764001,0.0,0
2025-11-04,600036.SH,41.84,43.11,41.81,43.01,134003592,0.029193586982531716,41.9884,43.03075,0.0032082843603546962,62.23662870805306,0.0,0
2025-11-05,600036.SH,43.1,43.47,42.75,42.8,73171377,-0.0048825854452453354,41.976400000000005,43.049499999999995,0.09335432053246961,57.31092423489867,0.0,0
2025-11-06,600036.SH,42.65,42.89,42.31,42.34,87197274,-0.010747663551401776,41.9542,43.0667,0.12622253325384492,56.17792408789279,0.0,0
2025-11-07,600036.SH,42.4,42.72,42.28,42.51,59319118,0.0040151157298062845,41.935,43.08285,0.16409680210103517,58.97858306001646,0.0,0
2025-11-10,600036.SH,42.45,42.88,42.28,42.72,53236873,0.004940014114326097,41.9242,43.10144999999999,0.20865246228500922,56.46853133032181,0.0,0
2025-11-11,600036.SH,42.69,43.04,42.52,42.96,54467066,0.005617977528090012,41.90599999999999,43.12135,0.2603282363632218,58.51602009793857,0.0,0
2025-11-12,600036.SH,43.12,43.36,42.93,42.93,58792878,-0.0006983240223463749,41.89419999999999,43.140649999999994,0.29545508800440246,56.084655946175445,0.0,0
2025-11-13,600036.SH,42.97,43.3,42.74,43.21,58798006,0.006522245515956149,41.898399999999995,43.15745,0.34194529840128496,61.13074189826319,0.0,0
2025-11-14,600036.SH,43.24,43.59,43.18,43.25,51820955,0.0009257116408238897,41.90379999999999,43.170500000000004,0.37766332308942907,65.54307098921292,0.0,0
2025-11-17,600036.SH,43.1,43.2,42.5,42.65,61067446,-0.01387283236994219,41.898999999999994,43.1788,0.35348042706915095,58.85328822530419,0.0,0
2025-11-18,600036.SH,42.56,42.91,42.44,42.88,51743927,0.005392731535756257,41.917,43.18964999999999,0.34885302503538895,69.79362082981038,0.0,0
2025-11-19,600036.SH,42.88,43.5,42.8,43.22,51169639,0.007929104477611748,41.91259999999999,43.20515,0.3683745416751947,69.27480897521995,0.0,0
2025-11-20,600036.SH,43.22,43.79,43.05,43.23,58585152,0.00023137436372056008,41.919200000000004,43.2206,0.38026889754199544,73.68421031749415,0.016798792,1
2025-11-21,600036.SH,43.24,43.55,42.76,43.0,79126405,-0.005320379366180794,41.9182,43.23835,0.36690671028615895,64.16861805659005,0.7823426,1
2025-11-24,600036.SH,43.1,43.21,42.51,42.63,67854882,-0.008604651162790633,41.9156,43.25235000000001,0.32274081758957607,44.44444426250818,0.31650096,2
2025-11-25,600036.SH,42.66,43.3,42.44,43.25,66640949,0.014543748533896173,41.931999999999995,43.267300000000006,0.333918641629694,55.87467342500126,0.0,0
2025-11-26,600036.SH,43.34,43.63,42.97,43.25,45107206,0.0,41.9404,43.280300000000004,0.338870855431729,63.50148341572083,-0.006700445,1
2025-11-27,600036.SH,43.18,43.39,42.6,43.19,62143434,-0.001387283236994219,41.9442,43.29625,0.3341026941036205,60.42944759324777,0.0,0
2025-11-28,600036.SH,43.1,43.12,42.82,42.95,49465789,-0.005556841861541928,41.93719999999999,43.31,0.3074142179165946,53.495440501843184,0.0,0
2025-12-01,600036.SH,43.08,43.47,42.93,43.44,56791942,0.01140861466821863,41.9552,43.32620000000001,0.3220894662838347,56.77966079239681,0.0,0
2025-12-02,600036.SH,43.44,43.65,43.22,43.38,40673497,-0.0013812154696131174,41.9784,43.3401,0.32513030798143916,56.30252078760924,0.0,0
2025-12-03,600036.SH,43.27,43.58,43.0,43.01,46895972,-0.008529276164131017,42.003600000000006,43.350249999999996,0.2942918756022763,47.26775938203584,0.0,0
2025-12-04,600036.SH,43.05,43.42,43.01,43.22,36120746,0.004882585445245224,42.032799999999995,43.35825,0.28352909381685976,49.60835491004778,0.01918709,1
2025-12-05,600036.SH,43.25,43.55,42.91,43.45,54890622,0.00532161036557155,42.08519999999999,43.366949999999996,0.290213192488487,61.560693392529096,0.0,0
2025-12-08,600036.SH,43.44,43.64,43.07,43.18,58003881,-0.006214039125431614,42.1288,43.3727,0.2706042875447423,54.2857140685714,0.0,0
2025-12-09,600036.SH,43.18,43.3,42.83,43.04,46593870,-0.003242241778601218,42.1712,43.37929999999999,0.2409892846680819,47.27272707217631,0.0,0
2025-12-10,600036.SH,43.08,43.08,41.55,41.7,108315686,-0.031133828996282475,42.1742,43.37755,0.10814574355767093,33.47732171302755,0.0,0
2025-12-11,600036.SH,41.86,42.05,41.41,41.68,84623107,-0.0004796163069544779,42.181400000000004,43.376050000000006,0.001238174385044033,35.06787319209269,0.0,0
2025-12-12,600036.SH,41.75,41.83,41.48,41.74,71762547,0.0014395393474089246,42.199799999999996,43.3755,-0.07774910259505674,39.172749258292335,0.0,0
2025-12-15,600036.SH,41.74,42.28,41.63,41.8,56266557,0.0014374700527071127,42.219800000000006,43.3775,-0.13396136686613147,29.577464672088823,0.0,0
2025-12-16,600036.SH,41.78,42.13,41.43,41.7,56617635,-0.0023923444976075015,42.2402,43.37965,-0.1844528973706261,28.76712317733157,0.0,0
2025-12-17,600036.SH,41.6,41.85,41.23,41.52,63126744,-0.004316546762589968,42.2624,43.3821,-0.23626873583004482,27.851458782514484,0.0,0
2025-12-18,600036.SH,41.54,42.42,41.4,42.37,76811931,0.020472061657032636,42.3032,43.38655,-0.20636640145118434,43.37899529513555,0.0,0
2025-12-19,600036.SH,42.37,42.48,41.91,41.99,57382341,-0.008968609865470767,42.339400000000005,43.3846,-0.21090028304664798,33.02107717510654,0.0,0
2025-12-22,600036.SH,42.08,42.13,41.71,41.77,52473989,-0.005239342700642968,42.372600000000006,43.383199999999995,-0.22959890500267477,31.828442337336725,0.0,0
2025-12-23,600036.SH,41.74,42.04,41.66,41.91,60651014,0.003351687814220572,42.3856,43.3825,-0.2304642195835811,36.90476178174596,0.0,0
2025-12-24,600036.SH,41.93,41.99,41.55,41.83,53630520,-0.001908852302552999,42.392199999999995,43.382650000000005,-0.2348975661118331,32.92383281058132,0.0,0
2025-12-25,600036.SH,41.93,42.08,41.7,41.78,49921351,-0.0011953143676786127,42.3892,43.3771,-0.2396826944047703,28.534704267484173,0.0,0
2025-12-26,600036.SH,41.79,41.88,41.62,41.7,50880959,-0.0019147917663954184,42.3914,43.3708,-0.24708206620800865,29.99999988648635,0.0,0
2025-12-29,600036.SH,41.66,41.93,41.42,41.87,68255105,0.004076738609112507,42.40040000000001,43.362300000000005,-0.23650229122527122,34.316353758597955,0.0,0
2025-12-30,600036.SH,41.9,42.48,41.78,42.28,83478293,0.00979221399570096,42.406400000000005,43.35835,-0.19281155821913387,60.35714255535723,0.006777428,2
2025-12-31,600036.SH,42.24,42.33,41.92,42.1,55414239,-0.004257332071901598,42.4094,43.3513,-0.1707426185907508,57.09459432455271,0.0,0
2026-01-05,600036.SH,42.48,42.8,42.27,42.35,84082964,0.005938242280284944,42.4116,43.345349999999996,-0.13156333405465404,59.68253941728406,0.0,0
2026-01-06,600036.SH,42.45,42.79,42.09,42.73,92371482,0.008972845336481683,42.42719999999999,43.3398,-0.06905462583914357,63.40057611308139,0.0,0
2026-01-07,600036.SH,42.75,43.02,42.14,42.15,88055952,-0.01357360168499877,42.4384,43.32475,-0.0655614256607393,55.6962023342413,0.0,0
2026-01-08,600036.SH,42.2,42.25,41.3,41.58,111572692,-0.013523131672597888,42.437999999999995,43.307449999999996,-0.10754753463022837,50.69124407611114,0.0,0
2026-01-09,600036.SH,41.54,41.76,41.12,41.3,98547074,-0.006734006734006814,42.4486,43.28825,-0.16155320365612624,35.80901843466137,0.020859208,1
2026-01-12,600036.SH,41.3,41.43,41.0,41.12,118664058,-0.004358353510895863,42.446999999999996,43.26375,-0.21638324971738143,37.81512590212543,0.0,0
2026-01-13,600036.SH,41.2,41.38,41.03,41.13,115936473,0.0002431906614788204,42.451800000000006,43.243199999999995,-0.2560776362358226,40.47619030753963,0.0,0
2026-01-14,600036.SH,41.13,41.17,40.06,40.07,191774380,-0.025771942620957944,42.41740000000001,43.22005,-0.3688173677105411,28.504672803956694,0.026032068,2
2026-01-15,600036.SH,40.11,40.42,40.0,40.11,121727094,0.000998253057149956,42.359399999999994,43.19535,-0.449752287040198,29.71698103395336,0.036086425,1
2026-01-16,600036.SH,39.49,39.5,38.65,38.72,152524530,-0.034654699576165515,42.2778,43.16349999999999,-0.6189206450672486,22.580645104636346,0.0,0
2026-01-19,600036.SH,38.73,38.92,38.5,38.55,98870273,-0.004390495867768629,42.202,43.14295,-0.7579679837486424,22.2222221673525,0.018068723,2
2026-01-20,600036.SH,38.57,39.13,38.51,38.73,111387322,0.0046692607003890885,42.1264,43.1203,-0.843911420222689,22.35915487446691,0.056264553,1
2026-01-21,600036.SH,38.92,38.94,38.18,38.24,121499985,-0.012651691195455617,42.0368,43.0954,-0.9407171163750263,14.930555519265994,0.0,0
2026-01-22,600036.SH,38.27,38.58,37.8,37.85,187754633,-0.01019874476987448,41.9346,43.068200000000004,-1.036952723145376,14.405360100221927,0.50288814,1
2026-01-23,600036.SH,37.85,38.17,37.38,37.5,189211273,-0.009247027741083214,41.826,43.04135,-1.1284540934281893,10.049423370561442,0.018211097,2
2026-01-26,600036.SH,37.5,38.3,37.31,38.02,216679416,0.013866666666666694,41.7222,43.01780000000001,-1.1458018440095472,12.077294658763051,0.0,0
2026-01-27,600036.SH,38.06,38.51,37.87,38.1,157240627,0.002104155707522315,41.6192,42.99505,-1.1399540492341487,14.535901890805206,0.029494733,1
2026-01-28,600036.SH,38.12,38.44,37.7,37.8,204166688,-0.007874015748031593,41.522200000000005,42.97990000000001,-1.1463131382365077,15.25735290191129,-0.93063676,1
2026-01-29,600036.SH,37.88,38.65,37.55,38.53,199998187,0.01931216931216939,41.435199999999995,42.96679999999999,-1.0799983146544676,26.485568697657484,0.0,0
2026-01-30,600036.SH,38.53,39.17,38.53,38.67,166084303,0.003633532312483867,41.3442,42.95785,-1.004566492022903,29.059828990284274,0.0,0
2026-02-02,600036.SH,38.88,39.3,38.41,38.45,138497888,-0.005689164727178619,41.248599999999996,42.9446,-0.9515692920463437,27.887788714450693,0.0,0
2026-02-03,600036.SH,38.67,38.67,38.14,38.3,84279156,-0.0039011703511054874,41.1546,42.928549999999994,-0.911168986742247,32.81553389137527,0.0,0
2026-02-04,600036.SH,38.3,39.02,38.26,39.01,102131628,0.01853785900783289,41.0822,42.916199999999996,-0.8124944570966832,40.549828081151624,0.014996094,2
2026-02-05,600036.SH,38.94,39.92,38.91,39.71,121889452,0.01794411689310449,41.0114,42.904250000000005,-0.6700857007407919,59.649122644232406,0.0,0
2026-02-06,600036.SH,39.7,39.95,39.31,39.6,80297978,-0.0027700831024930483,40.9384,42.89099999999999,-0.559650513274029,60.355029419138,0.0,0
2026-02-09,600036.SH,39.6,39.74,39.33,39.48,65894891,-0.003030303030303161,40.864200000000004,42.87780000000001,-0.47632208419580735,57.48502977948292,0.0,0
2026-02-10,600036.SH,39.49,39.56,39.31,39.34,49596465,-0.0035460992907799804,40.792,42.86075000000001,-0.41677619720636727,61.80257492162313,0.049367324,1
2026-02-11,600036.SH,39.36,39.45,39.2,39.4,52881696,0.0015251652262326942,40.711200000000005,42.84635,-0.36058752566528085,67.89838315229152,0.18855643,1
2026-02-12,600036.SH,39.4,39.42,38.73,38.99,77752571,-0.010406091370558257,40.623400000000004,42.83125,-0.34516235536197115,66.97038703016277,0.021186188,2
2026-02-13,600036.SH,38.95,39.09,38.63,38.71,70537032,-0.007181328545781018,40.537400000000005,42.81485,-0.35147981617434,58.31325281532875,0.0,0
2026-02-24,600036.SH,39.2,39.41,38.82,38.94,75467438,0.005941617153190304,40.4518,42.7985,-0.33407634739571535,59.76744166587339,0.0,0
2026-02-25,600036.SH,38.9,39.15,38.72,38.78,72397149,-0.00410888546481758,40.358399999999996,42.782,-0.32939754596066706,61.77884594593664,0.0,0
2026-02-26,600036.SH,38.8,39.02,38.5,38.7,59332534,-0.00206291903042799,40.2688,42.76375,-0.3283597665347884,52.42165221256324,0.086992115,1
2026-02-27,600036.SH,38.75,38.95,38.64,38.75,63703472,0.0012919896640826156,40.183,42.7475,-0.31981609585601234,51.169590433808665,0.0,0
2026-03-02,600036.SH,38.6,38.87,38.42,38.67,68547313,-0.0020645161290322456,40.1224,42.73714999999999,-0.31585947528595426,53.353658308856325,0.0,0
2026-03-03,600036.SH,38.66,39.55,38.56,39.18,138465642,0.01318851823118683,40.0724,42.7262,-0.26847626002125224,62.08791184911254,0.0,0
2026-03-04,600036.SH,39.01,39.03,38.01,38.6,115193902,-0.014803471158754467,40.0096,42.7091,-0.27456090606718675,44.159543983409236,0.0,0
2026-03-05,600036.SH,38.66,39.24,38.63,39.15,78336979,0.014248704663212264,39.9566,42.69085,-0.23232453580611434,41.666666493055445,0.0,0
2026-03-06,600036.SH,39.1,39.32,38.95,39.2,46595667,0.0012771392081738497,39.9066,42.669450000000005,-0.19259718547841942,43.939393752984365,0.0,0
2026-03-09,600036.SH,38.9,39.18,38.75,38.79,76677490,-0.01045918367346943,39.852000000000004,42.6444,-0.19198348154101552,40.38997198733712,0.0,0
2026-03-10,600036.SH,38.94,39.24,38.8,39.22,61371700,0.01108533127094602,39.788999999999994,42.617700000000006,-0.15501281912234788,48.45360807259001,0.0,0
2026-03-11,600036.SH,39.3,39.5,38.95,39.5,68940710,0.007139214686384454,39.7392,42.591150000000006,-0.10194449022883134,51.21951202022608,0.0,0
2026-03-12,600036.SH,39.45,39.58,39.33,39.5,52772330,0.0,39.693799999999996,42.56405000000001,-0.059204979098829824,56.91056888977019,0.03600488,1
2026-03-13,600036.SH,39.46,40.05,39.35,39.76,76527668,0.00658227848101256,39.6508,42.541500000000006,-0.004304165773625357,64.30517686641079,0.0,0
2026-03-16,600036.SH,39.77,40.04,39.64,39.91,61094451,0.0037726358148892913,39.6124,42.52185,0.050724154247816955,63.50974905595086,0.03692814,1
2026-03-17,600036.SH,39.89,40.36,39.83,40.12,65622927,0.005261839138060553,39.5792,42.50295,0.11001159410223948,68.40659314349111,0.029912781,1
2026-03-18,600036.SH,40.13,40.32,39.79,39.92,70583141,-0.004985044865403632,39.5436,42.483050000000006,0.13925375815795604,66.22340400874268,0.022707615,1
2026-03-19,600036.SH,39.88,40.04,39.7,39.77,65024684,-0.0037575150300600546,39.501599999999996,42.45935,0.14861153617132317,63.212435003892786,0.0,0
2026-03-20,600036.SH,39.85,40.08,39.66,39.75,61580273,-0.0005028916268544625,39.451,42.43785,0.15265410827670678,64.21052607922437,0.008344136,1
2026-03-23,600036.SH,39.58,39.7,38.55,38.68,95773829,-0.026918238993710708,39.3826,42.41225,0.06872559231054254,44.26605490373285,0.03747449,1
2026-03-24,600036.SH,38.8,39.32,38.73,39.25,61633642,0.014736297828334965,39.3206,42.38980000000001,0.047656520344908415,57.47126418285108,0.025875196,3
2026-03-25,600036.SH,39.33,39.4,38.94,39.26,65381669,0.0002547770700636054,39.2512,42.367700000000006,0.031404039228291936,51.44356936477427,0.0,0
2026-03-26,600036.SH,39.15,39.69,39.14,39.56,61679007,0.007641365257259336,39.1994,42.348150000000004,0.04224435699472906,54.433497349244085,0.76397943,1
2026-03-27,600036.SH,39.5,39.7,39.25,39.44,46800671,-0.0030333670374116384,39.1566,42.32820000000001,0.04068341670352993,58.620689437482824,0.1243418,2
2026-03-30,600036.SH,39.24,39.57,39.13,39.48,64605410,0.0010141987829614951,39.1202,42.305749999999996,0.042187712296424706,53.84615362312241,0.033475023,6
2026-03-31,600036.SH,39.54,39.73,39.28,39.32,66309671,-0.00405268490374866,39.0842,42.28205,0.03012198705101099,47.23926360081298,0.015775897,4
2026-04-01,600036.SH,39.56,40.04,39.42,39.82,88152581,0.012716174974567673,39.058,42.259299999999996,0.060211552889505526,54.25531894692169,0.020242948,1
2026-04-02,600036.SH,39.86,39.92,39.58,39.76,53462988,-0.0015067805123054612,39.0518,42.235749999999996,0.07831350273004034,49.999999803370784,0.030061362,2
2026-04-03,600036.SH,39.76,39.82,39.36,39.4,46448537,-0.00905432595573441,39.0376,42.20974999999999,0.0628855317762671,43.2360741099987,0.53159225,2
2026-04-07,600036.SH,39.39,39.6,38.96,38.99,52836661,-0.010406091370558257,39.043,42.181349999999995,0.01737489320250063,35.76826183860064,-0.9069538,1
2026-04-08,600036.SH,39.5,39.64,39.19,39.62,66949789,0.01615798922800704,39.0644,42.1529,0.03177681576489988,46.590908942665244,0.009184312,1
2026-04-09,600036.SH,39.48,39.52,39.12,39.26,53585405,-0.009086320040383677,39.075,42.123050000000006,0.013980295655500186,44.4685465026985,0.060703143,3
2026-04-10,600036.SH,39.32,39.38,39.13,39.21,54320208,-0.0012735608762097783,39.0944,42.093199999999996,-0.004110770477574022,44.181034349453775,0.0,0
2026-04-13,600036.SH,39.13,39.16,38.92,38.98,52514495,-0.005865850548329554,39.117,42.059200000000004,-0.03658541465046028,53.947368222299126,0.04075443,1
2026-04-14,600036.SH,39.0,39.18,38.95,39.13,50399861,0.0038481272447410397,39.1496,42.02495,-0.04964577216881594,48.22485187125805,0.021198314,1
2026-04-15,600036.SH,39.25,39.92,39.22,39.9,105210379,0.019677996422182265,39.187200000000004,41.9952,0.0021120192019239425,57.7294684038134,0.20169589,5
2026-04-16,600036.SH,39.9,40.15,39.75,39.91,61725776,0.0002506265664159457,39.2234,41.9666,0.043436647549917495,54.545454347107366,0.92916733,1
2026-04-17,600036.SH,39.85,39.9,39.5,39.52,58792518,-0.009771986970683821,39.257799999999996,41.93425,0.04420737748010595,50.97087361320584,0.0,0
2026-04-20,600036.SH,39.5,39.9,39.33,39.87,58877642,0.008856275303643635,39.2846,41.902350000000006,0.07222766585868357,54.40180569715008,0.0,0
2026-04-21,600036.SH,39.91,40.15,39.86,39.87,54594915,0.0,39.3086,41.86795,0.09335777594607464,56.44028084539486,0.01761961,1
2026-04-22,600036.SH,39.87,40.03,39.62,39.74,50759455,-0.003260596940055094,39.3344,41.82915,0.09847842885276492,48.9743587985536,0.109048896,2
2026-04-23,600036.SH,39.72,39.86,39.52,39.81,56948934,0.001761449421238126,39.364599999999996,41.7888,0.10695212068732474,50.63938600794088,0.028933115,1
2026-04-24,600036.SH,39.74,39.8,39.36,39.38,62941438,-0.010801306204471284,39.372,41.7546,0.07807023114815337,49.74874354359743,0.024121605,1
2026-04-27,600036.SH,39.52,39.99,39.32,39.38,92616843,0.0,39.3654,41.72174999999999,0.05455228086934483,55.46218465645086,0.2709596,2
2026-04-28,600036.SH,39.38,39.63,39.26,39.6,66930520,0.005586592178770999,39.3654,41.6875,0.053054715484307735,49.683544083680566,0.14317308,26
2026-04-29,600036.SH,38.91,39.02,38.34,38.5,253311717,-0.02777777777777779,39.3458,41.6455,-0.03647249062060354,40.25641011190005,-0.013301616,24
2026-04-30,600036.SH,38.4,38.51,38.12,38.27,116957410,-0.005974025974025854,39.3244,41.6038,-0.12454682599486944,38.48039202482217,-0.027945934,48
2026-05-06,600036.SH,38.29,38.35,37.82,38.0,143177103,-0.007055134570159494,39.2964,41.55845,-0.2136700593964207,38.10679598701573,0.026756912,10
2025-02-28,600519.SH,1485.5,1528.38,1482.0,1500.79,5612895,0.010252026171948536,1478.6506000000002,1508.26285,4.6334645023091525,66.85808837387572,0.0,0
2025-03-03,600519.SH,1502.6,1520.99,1481.5,1487.02,3159566,-0.009175167744987611,1477.075,1506.89695,5.402056482534363,66.7735977401826,-0.56120515,1
2025-03-04,600519.SH,1485.0,1486.0,1465.21,1470.11,2521121,-0.011371736762114892,1476.0972,1505.3975,4.593721920231701,56.858082464983454,0.0,0
2025-03-05,600519.SH,1472.0,1474.0,1460.1,1466.37,2460522,-0.0025440273176837724,1474.8806000000002,1503.9095000000002,3.6097136800206044,50.365248420759954,0.0,0
2025-03-06,600519.SH,1474.0,1510.2,1472.08,1505.98,4216764,0.027012282029774237,1473.8402,1502.6594,5.9574027946125625,57.41148324974276,0.0,0
2025-03-07,600519.SH,1503.0,1528.36,1503.0,1521.0,3799135,0.00997357202618887,1472.8302,1501.5694999999998,8.927046371063625,61.19017403527619,0.0,0
2025-03-10,600519.SH,1519.81,1526.88,1506.14,1522.9,3136907,0.0012491781722552275,1472.2679999999998,1500.654,11.303524428157061,60.92808906345596,0.0,0
2025-03-11,600519.SH,1517.0,1548.68,1512.0,1548.68,3977560,0.01692822903670632,1472.8016,1499.8875,15.093146559177057,62.5971870320767,0.0,0
2025-03-12,600519.SH,1546.96,1549.68,1526.35,1542.58,2960396,-0.003938838236433706,1473.1242000000002,1499.1004,17.403612370555493,65.72647220271428,0.0,0
2025-03-13,600519.SH,1544.0,1555.5,1530.88,1537.77,2572439,-0.0031181527052080993,1473.1031999999998,1498.2667499999998,18.631770913708806,61.87691717376206,0.0,0
2025-03-14,600519.SH,1547.66,1628.01,1541.0,1628.01,9291315,0.05868237772878904,1475.0634,1497.8318,26.58030799551034,75.7023538308144,0.0,0
2025-03-17,600519.SH,1657.0,1657.99,1626.88,1637.86,5468913,0.006050331386170837,1477.2648000000002,1497.4760999999999,33.29063980608976,83.48754188704342,0.0,0
2025-03-18,600519.SH,1645.04,1652.0,1621.7,1624.0,3161345,-0.008462261731771892,1479.1654,1497.0711,37.06300074251408,79.03814144170225,0.0,0
2025-03-19,600519.SH,1624.29,1648.0,1623.0,1635.71,2738955,0.007210591133004929,1481.3796,1496.7611,40.530314858031716,77.95777007749075,0.0,0
2025-03-20,600519.SH,1635.71,1637.6,1595.07,1604.0,3673677,-0.01938607699408823,1482.9796,1496.32105,40.25541492166485,68.10638222885692,0.0,0
2025-03-21,600519.SH,1599.0,1612.2,1568.83,1573.75,3361430,-0.018859102244389025,1484.6945999999998,1495.8044,37.168180898338505,64.3835616408459,0.0,0
2025-03-24,600519.SH,1570.0,1589.66,1562.38,1583.0,2556585,0.005877680698967325,1486.8546,1495.3688,35.063730527945154,69.21008746224368,0.0,0
2025-03-25,600519.SH,1588.0,1592.8,1566.66,1575.5,1767438,-0.004737839545167377,1489.5646,1494.9231,32.41706735424145,68.33562955423,0.0,0
2025-03-26,600519.SH,1572.77,1582.58,1571.0,1576.0,1432356,0.00031735956839096247,1492.2806,1494.4331,30.013931621519305,63.54456824168359,0.0,0
2025-03-27,600519.SH,1576.0,1598.25,1573.38,1589.0,1795563,0.008248730964466988,1495.2105999999999,1494.1331,28.826130900765293,63.257428055503375,0.0,0
2025-03-28,600519.SH,1590.93,1593.0,1576.0,1585.21,1622789,-0.002385147891755812,1498.0348000000001,1493.8169,27.264678701875255,62.05922198231534,0.0,0
2025-03-31,600519.SH,1580.98,1586.96,1560.06,1561.0,2108494,-0.015272424473729007,1500.5348000000001,1493.4249499999999,23.799328076512893,52.39894072461412,0.0,0
2025-04-01,600519.SH,1564.0,1569.89,1552.21,1556.02,1855644,-0.0031902626521460586,1502.7756,1492.93905,20.415827409046415,52.62849096168038,0.0,0
2025-04-02,600519.SH,1558.0,1567.8,1545.5,1549.02,2167401,-0.004498656829603709,1504.306,1492.46415,16.973873012495005,52.18150086976715,0.8816466,1
2025-04-03,600519.SH,1530.0,1586.0,1529.01,1568.88,3548050,0.012821009412402828,1506.2582,1492.1095,15.668024148957784,34.22947671371843,0.0,0
2025-04-07,600519.SH,1520.01,1536.85,1462.0,1500.0,10195267,-0.04390393146703386,1507.3306,1491.5136000000002,8.971669351041555,22.036511154935084,0.0,0
2025-04-08,600519.SH,1513.0,1545.0,1495.0,1545.0,7387649,0.030000000000000027,1509.1356,1491.3936,7.2127398728903245,35.7729433781126,0.0,0
2025-04-09,600519.SH,1525.02,1556.8,1520.55,1541.04,5563004,-0.0025631067961164877,1510.4603999999997,1491.2403999999997,5.436567320231688,32.461373150341046,0.0,0
2025-04-10,600519.SH,1550.99,1555.0,1528.0,1549.0,3862021,0.00516534288532422,1512.0774,1491.21035,4.618009709798571,38.827496544472325,0.0,0
2025-04-11,600519.SH,1579.97,1579.97,1545.0,1568.98,3263423,0.012898644286636562,1514.6370000000002,1491.2802500000003,5.517908907210767,48.98884978723092,0.0,0
2025-04-14,600519.SH,1560.97,1566.0,1551.53,1551.99,2171144,-0.01082869125164121,1516.8167999999998,1491.3327000000002,4.8047483478362665,43.635318744670194,0.0,0
2025-04-15,600519.SH,1552.0,1565.0,1545.0,1558.0,2148928,0.003872447631750209,1519.2567999999999,1491.5152000000003,4.670679552339379,46.38608953969352,0.0,0
2025-04-16,600519.SH,1552.0,1576.0,1537.0,1559.17,3115605,0.000750962772785746,1521.7403999999997,1491.8060500000001,4.60574611367565,46.53404176180456,0.0,0
2025-04-17,600519.SH,1554.0,1576.5,1549.99,1570.0,2384605,0.0069460033222803474,1525.0644,1492.15555,5.3663168256778135,46.05186601012083,0.0,0
2025-04-18,600519.SH,1566.0,1575.0,1556.0,1565.94,2029848,-0.0025859872611464496,1528.1263999999999,1492.63025,5.5771763085779185,46.00024907366847,0.0,0
2025-04-21,600519.SH,1565.5,1565.5,1551.0,1551.0,1805703,-0.009540595425112097,1530.4263999999998,1493.0025,4.487027170581314,47.84129176811252,0.0,0
2025-04-22,600519.SH,1550.0,1556.3,1543.21,1548.8,1843214,-0.0014184397163120588,1532.7722,1493.31325,3.406288932315192,48.422478584697096,0.0072407313,1
2025-04-23,600519.SH,1559.0,1559.22,1545.0,1552.0,1866876,0.0020661157024792765,1535.4522,1493.62715,2.776009242136979,50.66210451160119,0.0,0
2025-04-24,600519.SH,1552.0,1560.68,1548.98,1552.25,1487181,0.00016108247422685906,1537.6372000000001,1493.93595,2.270507955050334,45.952392539340224,0.0,0
2025-04-25,600519.SH,1557.1,1561.2,1550.0,1550.0,1476490,-0.0014495087775808768,1539.336,1494.349,1.669098024084633,68.01152737066164,0.0,0
2025-04-28,600519.SH,1552.0,1555.0,1546.6,1550.0,1465972,0.0,1540.836,1494.8971,1.1788868471273872,52.66524519469814,0.0,0
2025-04-29,600519.SH,1550.0,1552.54,1532.02,1544.0,1892180,-0.003870967741935516,1542.2835999999998,1495.1635999999999,0.3027511746149685,51.544240393138374,0.0,0
2025-04-30,600519.SH,1549.99,1566.66,1546.3,1547.0,2575425,0.0019430051813471572,1543.7235999999998,1495.3985999999998,-0.14781382435739943,48.89964787979099,0.0,0
2025-05-06,600519.SH,1559.0,1559.0,1544.33,1550.2,1830026,0.0020685197155785318,1544.9075999999998,1495.7209,-0.24386544663639143,37.3279352156196,0.0,0
2025-05-07,600519.SH,1570.0,1570.0,1550.2,1555.0,2746221,0.003096374661333945,1546.5276000000001,1496.2309,0.06656550965931274,52.43094813868464,0.0,0
2025-05-08,600519.SH,1553.0,1592.78,1549.83,1578.19,3348106,0.014913183279742892,1548.3272,1497.02185,2.158936594966235,62.763939804290125,0.03424813,1
2025-05-09,600519.SH,1578.99,1597.45,1575.05,1591.18,2367190,0.008230948111444203,1550.5694,1497.7876,4.809894720548755,67.6053239363494,0.0,0
2025-05-12,600519.SH,1598.0,1618.93,1596.61,1604.5,2473533,0.008371145942005276,1553.5794,1498.62215,7.894606702466035,68.46895073920163,0.0,0
2025-05-13,600519.SH,1608.92,1608.92,1585.11,1590.3,2125829,-0.00885010906824557,1556.1852,1499.2631999999999,9.088673278583883,61.76356962657237,0.0,0
2025-05-14,600519.SH,1590.0,1645.0,1588.18,1634.99,3946012,0.02810161604728667,1559.1738,1500.04405,13.485635145586912,81.50648960056196,-0.9620696,1
2025-05-15,600519.SH,1634.8,1643.59,1624.13,1632.01,2473285,-0.0018226411170710888,1561.7981999999997,1500.8296,16.539145039728282,81.03229655303606,0.0,0
2025-05-16,600519.SH,1633.99,1636.99,1614.13,1614.13,2293522,-0.0109558152217204,1564.3404,1501.52025,17.31669102471369,70.88403360677398,0.0,0
2025-05-19,600519.SH,1596.0,1600.0,1573.88,1578.98,3806283,-0.021776436842137925,1566.5178,1501.90815,14.924549662241361,57.277429889453394,0.0,0
2025-05-20,600519.SH,1580.0,1594.8,1575.1,1586.0,1952153,0.004445908117898911,1568.9103999999998,1502.3506000000002,13.440284496062077,59.553125990692365,0.0,0
2025-05-21,600519.SH,1585.0,1595.94,1580.97,1580.97,1979464,-0.0031715006305169657,1570.4101999999998,1502.6273499999998,11.722979485567748,58.004652360754385,0.0,0
2025-05-22,600519.SH,1580.99,1584.99,1570.1,1580.0,1509024,-0.0006135473791406554,1571.5901999999999,1503.03235,10.166538471812146,59.553125990692365,0.0,0
2025-05-23,600519.SH,1575.2,1587.9,1571.66,1572.6,2153700,-0.004683544303797471,1572.5842000000002,1503.6203499999997,8.240933250529906,56.63831552332257,0.0,0
2025-05-26,600519.SH,1570.0,1574.63,1545.0,1550.5,2708653,-0.014053160371359508,1572.6206,1504.17275,4.875391458920603,50.070848286883646,0.0,0
2025-05-27,600519.SH,1551.0,1558.6,1543.51,1543.9,1775213,-0.004256691389874168,1572.647,1504.7398,1.6565152237978964,47.4007118739996,0.0,0
2025-05-28,600519.SH,1543.99,1546.46,1533.0,1537.0,1626568,-0.004469201373145992,1572.6316,1505.31385,-1.4347013732219693,39.55787658797438,0.0,0
2025-05-29,600519.SH,1540.0,1555.0,1532.0,1540.0,2185958,0.0019518542615484247,1570.8713999999998,1506.02375,-3.60092860595023,36.33304849119491,0.0,0
2025-05-30,600519.SH,1540.15,1545.0,1515.24,1522.0,3123918,-0.011688311688311637,1568.5541999999998,1506.7338,-6.692976396766198,28.506669443522867,0.0,0
2025-06-03,600519.SH,1508.01,1519.0,1505.02,1509.0,2897918,-0.00854139290407363,1566.2541999999999,1507.1724,-10.076284763966669,28.686031877088908,0.0,0
2025-06-04,600519.SH,1510.5,1523.0,1509.22,1509.96,2300809,0.0006361829025844923,1563.7392000000002,1507.7914,-12.535614285118527,7.469895910575019,0.0,0
2025-06-05,600519.SH,1514.0,1516.0,1502.2,1514.0,2321366,0.0026755675647036625,1561.9392,1508.43415,-13.99730420299943,10.145221208091627,0.0,0
2025-06-06,600519.SH,1513.8,1518.97,1503.0,1506.39,2502307,-0.00502642007926013,1560.592,1508.9160499999998,-15.590054945464544,10.901437072487866,0.0,0
2025-06-09,600519.SH,1505.02,1508.7,1485.68,1486.11,4495867,-0.013462649114771241,1558.6542000000002,1509.3231,-18.278049915254087,12.220323812781004,0.0,0
2025-06-10,600519.SH,1486.0,1492.0,1474.8,1475.01,3049220,-0.00746916446292667,1556.6444000000001,1509.62065,-21.06120210052768,6.299708637780952,0.0,0
2025-06-11,600519.SH,1476.8,1494.0,1476.1,1480.0,3089282,0.003383027911675107,1554.7244,1509.8672,-22.603658062203294,10.232374949639592,-0.82849914,1
2025-06-12,600519.SH,1480.0,1483.87,1454.1,1459.0,4990361,-0.01418918918918921,1552.1244,1509.9782,-25.229757085599203,8.837937133462177,0.0,0
2025-06-13,600519.SH,1444.41,1449.97,1425.06,1426.95,5911325,-0.021967100753941038,1548.9591999999998,1509.93245,-29.5564186328686,7.56860688629051,0.5791479,1
2025-06-16,600519.SH,1401.2,1425.04,1401.18,1422.29,4288787,-0.0032657065769648996,1546.185,1509.92885,-32.981165786622114,8.424670859861564,0.0,0
2025-06-17,600519.SH,1420.0,1427.0,1412.18,1427.0,2723151,0.003311560933424218,1543.6046000000001,1509.99735,-34.912792009231,11.621799079693346,0.0,0
2025-06-18,600519.SH,1440.0,1443.44,1421.01,1425.0,3076099,-0.0014015416958654825,1541.1242000000002,1509.9879,-36.18785196131262,12.008141111478224,0.12557647,2
2025-06-19,600519.SH,1426.0,1433.67,1417.18,1426.0,2450072,0.00070175438596487,1538.2666,1509.9619,-36.69466130312776,10.797799173650844,0.0,0
2025-06-20,600519.SH,1423.58,1441.14,1420.2,1428.66,3481581,0.001865357643758836,1536.8398000000002,1509.9779999999998,-36.461367638702086,14.116561585440394,0.0,0
2025-06-23,600519.SH,1420.0,1433.0,1405.18,1420.0,2672331,-0.006061624179300895,1534.3398000000002,1509.9644,-36.55389975188791,14.60388164011735,0.0,0
2025-06-24,600519.SH,1423.35,1451.68,1423.35,1437.2,3631151,0.012112676056338145,1532.2630000000001,1510.0625,-34.837747991541846,24.37306283219769,0.0,0
2025-06-25,600519.SH,1439.11,1449.2,1420.51,1435.86,4105007,-0.0009323684942945665,1530.0002000000002,1510.19155,-33.20306786031301,21.944564122452846,0.0,0
2025-06-26,600519.SH,1415.0,1428.0,1410.08,1420.0,3486025,-0.011045645118604841,1527.0206,1510.2166,-32.80913820923274,20.71723950721963,-0.23200265,1
2025-06-27,600519.SH,1420.01,1423.0,1403.09,1403.09,3824973,-0.011908450704225415,1524.0426,1510.1720500000001,-33.47555642323846,21.201609544215273,0.0,0
2025-06-30,600519.SH,1403.5,1413.23,1402.0,1409.52,3045730,0.00458274237575651,1521.073,1510.1993,-33.10325666015751,26.521832649521087,0.0,0
2025-07-01,600519.SH,1409.0,1411.94,1403.31,1405.1,1987819,-0.0031358192859981537,1517.9916,1510.2798,-32.78691631403808,23.038156945122225,0.0,0
2025-07-02,600519.SH,1409.5,1414.8,1400.0,1409.6,2621825,0.003202619030673981,1514.7836000000002,1510.2613000000001,-31.806456882588236,29.820261434497723,0.0,0
2025-07-03,600519.SH,1412.0,1422.69,1408.0,1415.6,2441267,0.004256526674233818,1511.7767999999999,1510.1233500000003,-30.197191437633364,44.11001556183141,0.0,0
2025-07-04,600519.SH,1415.7,1431.89,1410.01,1422.22,2876691,0.004676462277479532,1509.2012,1510.25945,-28.064152226484794,49.96439832469231,0.0,0
2025-07-07,600519.SH,1422.28,1423.5,1410.01,1410.7,2385467,-0.008100012656269806,1506.4392,1510.26295,-26.992122619727752,42.24695585434312,0.0,0
2025-07-08,600519.SH,1410.71,1420.0,1410.7,1416.11,1867370,0.003834975544056096,1503.7214,1510.3435,-25.41304389512061,45.90435823603921,0.0,0
2025-07-09,600519.SH,1415.0,1429.97,1414.17,1418.88,2774532,0.0019560627352397386,1501.0539999999999,1510.4135,-23.665297955384403,46.77243879732723,0.0,0
2025-07-10,600519.SH,1418.97,1436.18,1410.4,1426.5,3872503,0.005370433017591214,1498.5839999999998,1510.556,-21.418428082880155,49.062988021109796,0.0,0
2025-07-11,600519.SH,1423.16,1458.0,1423.16,1427.0,5724335,0.000350508236943492,1496.124,1510.816,-19.374089258748654,53.267973849246005,0.0,0
2025-07-14,600519.SH,1430.0,1434.98,1421.6,1423.6,2778094,-0.0023826208829713647,1493.7160000000001,1511.0439999999999,-17.82283702606719,42.711682737428006,0.0,0
2025-07-15,600519.SH,1420.98,1422.93,1408.32,1411.0,3540578,-0.008850800786737834,1490.996,1511.1989999999998,-17.409487418968183,38.112088747766244,0.0,0
2025-07-16,600519.SH,1410.01,1417.49,1409.95,1411.03,2128605,2.1261516654824675e-05,1488.2126,1511.57885,-16.884846132278653,44.94533978779179,0.0,0
2025-07-17,600519.SH,1413.98,1423.01,1412.88,1416.35,2310554,0.0037702954579279524,1485.4396,1512.13995,-15.856995025814967,58.59476275835718,0.0,0
2025-07-18,600519.SH,1420.0,1437.81,1416.38,1437.0,4182341,0.014579729586613466,1482.6157999999998,1512.9904499999998,-13.223698631567459,65.03940454344843,0.030627009,1
2025-07-21,600519.SH,1436.99,1446.8,1435.0,1443.0,2620331,0.0041753653444676075,1479.6521999999998,1513.9004499999999,-10.531244777025677,70.38949859064505,0.0,0
2025-07-22,600519.SH,1444.0,1466.6,1440.68,1464.98,4211898,0.015232155232155264,1476.8618,1514.9057500000001,-6.548367884982554,75.07697879866805,0.0,0
2025-07-23,600519.SH,1469.0,1495.0,1468.95,1475.5,4504484,0.00718098540594414,1474.5658,1515.97555,-2.514052737256634,76.0570732463477,0.0,0
2025-07-24,600519.SH,1476.0,1499.0,1475.0,1491.5,3880364,0.010843781768892002,1471.6960000000001,1516.57005,1.9517389338934663,77.86357785480945,0.0,0
2025-07-25,600519.SH,1491.4,1491.4,1453.0,1455.0,4191126,-0.024472008045591687,1468.1558000000002,1516.85005,2.5166556114736522,64.83590086465034,0.0,0
2025-07-28,600519.SH,1453.0,1454.99,1436.3,1438.66,3858632,-0.01123024054982813,1464.6463999999999,1516.39835,1.6270985285352708,57.03675965300814,0.0,0
2025-07-29,600519.SH,1439.6,1448.79,1435.01,1439.0,2630408,0.0002363310302642141,1461.8468,1515.44735,0.938732169782952,56.37515842338874,0.0,0
2025-07-30,600519.SH,1444.0,1457.16,1437.0,1449.44,3186771,0.007255038220986831,1459.1156,1513.95455,1.2215365078568539,57.14107831652365,0.0,0
2025-07-31,600519.SH,1443.0,1444.87,1418.0,1421.67,5179751,-0.019159123523567745,1455.9296,1512.4479,-0.7860844410354275,48.58161689988749,0.0,0
2025-08-01,600519.SH,1421.87,1425.96,1414.0,1417.0,2963559,-0.003284869203120322,1452.6696,1511.5571499999999,-2.7225842221785115,48.25544512224798,0.8333243,1
2025-08-04,600519.SH,1415.0,1419.8,1414.0,1419.0,1868795,0.0014114326040930436,1449.5975999999998,1510.45215,-4.049214145043379,52.24014336507974,0.0,0
2025-08-05,600519.SH,1421.0,1429.94,1417.11,1427.74,2534227,0.006159267089499654,1447.1424,1509.5659000000003,-4.345243695492854,54.461472735822824,0.0,0
2025-08-06,600519.SH,1429.0,1429.0,1419.3,1423.88,2369928,-0.002703573479765131,1444.7420000000002,1508.6753499999998,-4.835577460710738,52.026263383411234,0.0,0
2025-08-07,600519.SH,1423.88,1427.7,1420.06,1422.35,2800134,-0.0010745287524230873,1442.4489999999998,1508.01585,-5.286687077782517,45.6056152100397,0.0,0
2025-08-08,600519.SH,1423.05,1426.5,1418.0,1420.97,1865528,-0.0009702253313178533,1440.0683999999999,1507.5081999999998,-5.6899588623512045,43.20355401613593,0.3051277,2
2025-08-11,600519.SH,1423.5,1451.99,1423.0,1445.0,4715907,0.016910983342364627,1438.5284,1507.2602,-4.024146626758466,43.91299049101399,0.0,0
2025-08-12,600519.SH,1449.0,1465.07,1436.0,1437.04,4201923,-0.005508650519031155,1437.0892000000001,1506.7404000000001,-3.3081496145218807,38.09730130890465,-0.95240927,1
2025-08-13,600519.SH,1425.0,1433.68,1420.0,1420.05,6552754,-0.011822913767188137,1435.2910000000002,1506.19665,-4.064811219014473,28.022147029269064,0.15512674,1
2025-08-14,600519.SH,1420.94,1447.51,1420.94,1426.99,4812930,0.004887151860849981,1433.5508,1505.6166,-4.057696393827655,39.46913301336516,0.04140134,1
2025-08-15,600519.SH,1426.01,1428.66,1420.22,1422.08,4758165,-0.0034408089755360027,1431.8645999999999,1504.8895000000002,-4.397561457925349,43.18032246952508,-0.9131633,1
2025-08-18,600519.SH,1426.99,1436.64,1423.1,1428.5,4737798,0.004514513951395127,1430.7124,1504.271,-4.101586092669322,45.88686931492937,-0.9479936,1
2025-08-19,600519.SH,1433.5,1446.66,1432.0,1438.0,4637186,0.006650332516625834,1429.9722,1503.66675,-3.065120081797204,45.48539857429521,0.0,0
2025-08-20,600519.SH,1438.0,1452.8,1430.02,1450.0,4580466,0.008344923504867818,1429.3722,1503.0917500000003,-1.2608789612359033,62.76931397386841,0.0,0
2025-08-21,600519.SH,1453.45,1454.99,1443.65,1448.25,3089057,-0.0012068965517241237,1429.1572,1502.6749000000002,0.02746811568499652,64.46625311635468,0.0,0
2025-08-22,600519.SH,1448.88,1464.0,1444.77,1463.95,4497058,0.010840669773864997,1429.8972,1502.3346500000002,2.2889654766267995,68.46602579115498,0.0012307726,1
2025-08-25,600519.SH,1470.01,1496.0,1466.0,1490.33,6532455,0.01801974111137672,1431.2579999999998,1502.14735,6.139096281049888,72.45783996401566,0.6985695,1
2025-08-26,600519.SH,1490.32,1494.23,1480.01,1481.61,3960213,-0.005851053122462813,1432.3501999999999,1501.8866500000001,8.390006782736918,70.01594895652008,0.0,0
2025-08-27,600519.SH,1481.88,1484.93,1448.0,1448.0,5600609,-0.022684782095153233,1432.8102,1501.38565,7.3767884375313315,57.274944688854475,-0.018379703,1
2025-08-28,600519.SH,1447.97,1456.1,1438.77,1446.1,3928177,-0.0013121546961326613,1433.2122,1500.7312,6.347323484022581,57.1064984966942,0.0,0
2025-08-29,600519.SH,1453.0,1482.58,1452.0,1480.0,6225648,0.023442362215614576,1434.239,1500.2762,8.17270195652668,59.3743304005183,0.0,0
2025-09-01,600519.SH,1482.2,1488.0,1465.7,1476.1,4512338,-0.002635135135135247,1435.3609999999999,1499.4109999999998,9.198594469668024,60.694337964901294,0.0,0
2025-09-02,600519.SH,1478.66,1509.0,1478.0,1491.3,5668837,0.010297405324842579,1436.443,1498.8176500000002,11.110064735295282,69.70082397292585,0.16814736,1
2025-09-03,600519.SH,1491.0,1503.5,1466.0,1480.55,4504503,-0.0072084758264601145,1437.3368,1498.23035,11.623495117364655,64.5038994751784,0.0,0
2025-09-04,600519.SH,1472.0,1479.3,1460.47,1472.66,4774676,-0.005329100672047504,1438.39,1497.7076499999998,11.26389219599605,63.479373196414535,0.0,0
2025-09-05,600519.SH,1471.0,1486.97,1464.0,1483.0,3738848,0.0070213083807531,1439.9882,1497.2301499999999,11.678631876451163,64.22679335439503,-0.9431546,1
2025-09-08,600519.SH,1483.0,1506.44,1477.5,1501.23,5138298,0.012292650033715491,1441.8224,1496.8673,13.32472556482503,65.78618864072999,0.0,0
2025-09-09,600519.SH,1505.0,1509.95,1493.42,1505.0,3574277,0.0025112740885806506,1443.8204,1496.5973,14.763292123353494,64.3199333425303,0.0,0
2025-09-10,600519.SH,1506.66,1529.95,1496.0,1522.01,4966331,0.011302325581395323,1446.0685999999998,1496.4123499999998,17.07905461652149,67.7906415776697,0.0,0
2025-09-11,600519.SH,1522.01,1526.02,1508.5,1523.5,3723896,0.0009789686007319887,1448.2266,1496.32025,18.817625748017463,65.42027033551253,0.0,0
2025-09-12,600519.SH,1526.0,1538.02,1510.53,1516.0,3372209,-0.004922874958976031,1450.1022,1496.1761999999999,19.36701765163366,57.36754491244393,0.0,0
2025-09-15,600519.SH,1515.87,1517.48,1501.5,1515.1,2582703,-0.0005936675461741814,1452.1902,1496.0260500000002,19.50495127809495,60.06370574649383,0.0,0
2025-09-16,600519.SH,1515.1,1520.99,1496.21,1499.98,3271789,-0.00997953930433626,1453.8676,1495.98685,18.184586440956764,67.5726842397159,0.0,0
2025-09-17,600519.SH,1499.99,1510.28,1490.01,1493.0,3033054,-0.004653395378605096,1455.35,1495.9589999999998,16.38607169458396,65.32880114449864,0.0,0
2025-09-18,600519.SH,1492.0,1497.8,1463.5,1467.96,4972125,-0.01677160080375084,1456.1792,1495.7538,12.79275020731643,45.82292533554316,0.0,0
2025-09-19,600519.SH,1467.99,1475.5,1457.01,1467.97,3263662,6.8121747185401205e-06,1456.9986000000001,1495.4984,9.832481233448107,47.10119089596084,0.0,0
2025-09-22,600519.SH,1465.09,1467.97,1450.01,1453.35,3494708,-0.00995933159397,1457.5936,1495.17515,6.2348633053923095,36.41245971707999,-0.22658072,1
2025-09-23,600519.SH,1450.5,1457.5,1440.0,1447.42,3866300,-0.004080228437747135,1458.322,1494.78355,2.8721157742329524,37.71415856613516,0.0,0
2025-09-24,600519.SH,1434.07,1456.78,1434.07,1442.0,3074350,-0.0037445938290199265,1458.9414,1494.3685500000001,-0.2276108188316357,38.417951038547464,0.0,0
2025-09-25,600519.SH,1442.83,1445.21,1436.0,1439.0,3386973,-0.0020804438280166426,1459.3944000000001,1493.9298500000002,-2.8928939237248414,32.40281554588353,0.8897506,1
2025-09-26,600519.SH,1441.18,1447.11,1428.01,1435.0,4512071,-0.002779708130646319,1459.3544,1493.5048500000003,-5.267199559481924,20.11011823917734,0.028070271,1
2025-09-29,600519.SH,1439.38,1469.99,1435.0,1460.86,5368403,0.018020905923344932,1459.7116,1493.25415,-5.004479478556732,33.39102949678295,0.0,0
2025-09-30,600519.SH,1460.0,1460.76,1440.0,1443.99,3936362,-0.011547992278520769,1459.2918,1492.86905,-6.087368537905149,20.61172216145421,0.0,0
2025-10-09,600519.SH,1436.0,1439.38,1420.0,1436.78,5491812,-0.00499310937056352,1458.5174,1492.4589500000002,-7.44157086602263,18.68409648807176,0.0,0
2025-10-10,600519.SH,1437.6,1439.94,1427.5,1430.0,3600144,-0.0047188852851515195,1457.2874,1491.876,-8.958606070490532,18.78176273948779,0.0,0
2025-10-13,600519.SH,1415.7,1422.85,1415.12,1419.2,4606880,-0.00755244755244755,1456.5713999999998,1491.2940000000003,-10.906612500538131,17.522351664553526,0.028341588,1
2025-10-14,600519.SH,1429.99,1464.0,1429.99,1451.02,6667233,0.02242108229988715,1456.8186,1490.7200999999998,-9.770188905840087,35.10405257094156,0.0,0
2025-10-15,600519.SH,1450.98,1463.0,1445.08,1462.0,4278540,0.007567090736171789,1457.2786,1490.4350999999997,-7.892589919614011,40.79244386021684,0.0,0
2025-10-16,600519.SH,1461.92,1484.95,1458.88,1484.91,4573015,0.01567031463748303,1457.9880000000003,1490.2236500000001,-4.504014190580847,55.098971176395025,0.0,0
2025-10-17,600519.SH,1483.1,1488.0,1454.03,1455.0,3808589,-0.020142634907166168,1458.6546000000003,1489.7086500000003,-4.183802275348853,46.693182394300614,0.91325104,1
2025-10-20,600519.SH,1455.0,1469.5,1454.88,1457.93,2594988,0.002013745704467329,1459.4732000000001,1489.1408000000001,-3.6515131420433136,51.241730827907084,0.0,0
2025-10-21,600519.SH,1459.0,1469.94,1455.5,1462.26,2544267,0.002969964264402325,1460.3384000000003,1488.6970500000002,-2.84745170549877,54.05863690648275,0.0,0
2025-10-22,600519.SH,1462.08,1465.73,1456.0,1458.7,1819492,-0.0024345875562484798,1460.9576000000002,1488.3805499999999,-2.4690280534423437,54.61427939453692,0.0,0
2025-10-23,600519.SH,1455.0,1468.8,1447.2,1467.98,2932235,0.006361829025844923,1461.8396,1488.0882000000001,-1.4041203140429843,57.73873103605885,0.0,0
2025-10-24,600519.SH,1467.95,1478.88,1449.34,1450.0,3822583,-0.012248123271434208,1462.3926000000001,1487.6441,-1.9880915117892073,53.727263687743864,0.0,0
2025-10-27,600519.SH,1440.0,1452.49,1435.99,1440.41,3710239,-0.006613793103448229,1462.7814,1487.19615,-3.18797673496033,44.47147877468185,-0.13621569,2
2025-10-28,600519.SH,1442.0,1451.2,1441.1,1445.0,2712433,0.0031865927062433297,1462.7814,1486.7822,-3.7255736849097048,50.292465392343225,0.0,0
2025-10-29,600519.SH,1440.02,1446.55,1430.04,1431.9,3393711,-0.009065743944636662,1462.6786,1486.29685,-5.1493254413096565,48.63351254098978,0.023830958,2
2025-10-30,600519.SH,1421.81,1436.63,1421.81,1426.74,4745610,-0.003603603603603678,1462.8123999999998,1485.80555,-6.6177426243432365,49.07878376462585,0.0,0
2025-10-31,600519.SH,1422.0,1435.98,1420.11,1430.01,3569377,0.002291938264855631,1462.8728,1485.3355999999999,-7.43194135607223,53.190484618708055,0.034218043,1
2025-11-03,600519.SH,1431.0,1448.0,1420.1,1435.0,3454766,0.0034894860875098743,1463.1312,1485.0706,-7.5870891788677,44.38210127211846,0.0,0
2025-11-04,600519.SH,1435.1,1435.78,1423.78,1429.0,2656572,-0.004181184668989535,1463.1412,1484.8406,-8.100813664774478,38.008720926365385,0.3599226,1
2025-11-05,600519.SH,1425.89,1430.99,1420.01,1420.08,3447527,-0.006242127361791527,1462.7828,1484.741,-9.122554345587105,23.776393492978897,-0.8791613,1
2025-11-06,600519.SH,1430.0,1441.45,1429.99,1435.13,3834782,0.010597994479184303,1462.4854,1484.7156499999996,-8.618532892143321,40.864367810831304,0.0,0
2025-11-07,600519.SH,1435.11,1439.78,1431.11,1433.33,1886139,-0.001254241776006526,1462.1870000000001,1484.6698,-8.269017133551415,38.57089759765845,0.06896253,1
2025-11-10,600519.SH,1435.0,1463.69,1434.98,1462.3,4945154,0.020211674910871835,1462.154,1484.7612999999997,-5.589949036266489,50.01512172463169,0.30915964,2
2025-11-11,600519.SH,1462.0,1462.18,1447.0,1458.99,2669156,-0.0022635574095601907,1461.5272,1484.87625,-3.691306520886428,50.10984015830967,-0.91698134,1
2025-11-12,600519.SH,1459.98,1478.36,1459.21,1465.15,3299210,0.004222098849203881,1461.1979999999999,1484.9821,-1.6703039060346327,48.902164631200044,0.0,0
2025-11-13,600519.SH,1462.12,1473.58,1458.0,1470.38,3117923,0.0035696003822134337,1461.6456,1484.9714999999999,0.3493454805989131,58.773893569632925,-0.06622078,1
2025-11-14,600519.SH,1470.0,1478.95,1456.3,1456.6,2747306,-0.009371727036548538,1461.8555999999999,1484.8981499999998,0.8284514618010235,56.72733316052361,0.0,0
2025-11-17,600519.SH,1454.0,1473.0,1445.79,1471.0,3446221,0.00988603597418658,1461.6756,1485.02125,2.343096302209233,59.98924234793409,0.0,0
2025-11-18,600519.SH,1470.7,1486.07,1469.0,1476.0,3420478,0.003399048266485405,1461.6736,1485.1275,3.901942301934014,68.06784659986094,0.0,0
2025-11-19,600519.SH,1474.0,1479.53,1469.96,1471.01,2204537,-0.0033807588075880357,1461.2678,1485.10855,4.680731135884798,68.1627964145869,-0.92204875,1
2025-11-20,600519.SH,1472.0,1479.9,1465.03,1467.11,2400232,-0.0026512396244757763,1460.999,1485.1033500000003,4.926440551248788,65.1428571354121,0.0,0
2025-11-21,600519.SH,1470.5,1480.0,1456.0,1466.6,4260720,-0.000347622196018027,1460.8778,1485.23135,5.02212239461096,63.387561422746636,0.0,0
2025-11-24,600519.SH,1467.0,1471.0,1451.13,1452.0,3360744,-0.009954997954452427,1460.2578,1485.27635,3.8751822730903314,59.08229347001137,0.0,0
2025-11-25,600519.SH,1458.0,1458.0,1444.5,1444.65,2844069,-0.005061983471074338,1459.1262,1485.3196000000003,2.346096055111275,59.82407036515366,0.0,0
2025-11-26,600519.SH,1448.88,1453.49,1443.58,1449.15,2030616,0.0031149413352715705,1458.0091999999997,1485.3904,1.480332254072664,56.122270735495945,0.0,0
2025-11-27,600519.SH,1449.5,1450.0,1439.04,1447.3,2228689,-0.0012766104268020495,1456.515,1485.6078999999997,0.6375790509330272,56.09777389100506,0.16501889,2
2025-11-28,600519.SH,1446.5,1455.5,1443.0,1450.5,2321121,0.0022110136115525147,1455.055,1485.7962,0.22530712196703462,43.35435908304848,0.0,0
2025-12-01,600519.SH,1451.0,1462.27,1442.0,1448.0,2733342,-0.0017235436056531883,1453.695,1485.8562,-0.29969575254472147,43.753552340428016,0.0,0
2025-12-02,600519.SH,1448.0,1451.92,1435.02,1436.03,2504726,-0.0082665745856354,1452.1136,1485.8788,-1.6624792496402279,34.47430155168864,0.0,0
2025-12-03,600519.SH,1435.81,1435.97,1428.0,1429.1,2357279,-0.004825804474836937,1450.6960000000001,1485.9343,-3.2640619980809333,28.38290741100377,0.7001904,1
2025-12-04,600519.SH,1429.1,1432.5,1418.38,1423.98,2907539,-0.003582674410468001,1449.3156,1485.8392000000001,-4.890099057422276,31.214005984370104,0.0,0
2025-12-05,600519.SH,1423.98,1433.09,1419.5,1430.01,2540166,0.004234610036657704,1448.5566000000001,1485.6639499999999,-5.627306450838887,23.875079664318022,0.0,0
2025-12-08,600519.SH,1429.2,1436.67,1418.0,1418.22,3360280,-0.008244697589527283,1447.5616,1485.38005,-7.081274563050329,16.107461283135805,0.0,0
2025-12-09,600519.SH,1418.23,1421.0,1400.05,1401.01,4263443,-0.012134929700610697,1446.5148000000002,1485.027,-9.51260257617264,14.087830902962978,0.0,0
2025-12-10,600519.SH,1400.0,1402.8,1383.18,1402.8,3313347,0.0012776496955766437,1445.6224000000002,1484.6660000000002,-11.16629144598437,16.276874669870182,0.0,0
2025-12-11,600519.SH,1406.66,1411.99,1401.55,1411.99,2238501,0.006551183347590639,1445.0222,1484.27095,-11.601560031210283,23.752763622680632,0.0,0
2025-12-12,600519.SH,1418.0,1425.0,1413.57,1420.65,3715919,0.006133187912095828,1444.6552000000001,1484.0042,-11.119544705889211,34.01977775026741,0.0,0
2025-12-15,600519.SH,1439.59,1439.99,1425.57,1426.0,3335879,0.0037658818146621975,1444.4752,1483.69315,-10.188398286268239,40.2955562434786,0.0,0
2025-12-16,600519.SH,1426.2,1428.78,1415.0,1422.0,2396367,-0.0028050490883591017,1443.698,1483.4078,-9.661848831736279,35.7987237106268,0.0,0
2025-12-17,600519.SH,1425.0,1439.94,1417.68,1433.1,3138249,0.007805907172995674,1443.4802,1483.3032999999998,-8.253733460445119,43.22777565237322,0.0,0
2025-12-18,600519.SH,1433.5,1438.88,1426.11,1431.0,1782995,-0.001465354825204046,1443.3645999999999,1483.1582500000002,-7.223970893644719,40.6015037539192,0.036669504,1
2025-12-19,600519.SH,1410.0,1412.45,1401.01,1410.0,2650868,-0.014675052410901501,1442.9646,1482.7804499999997,-8.010066080412116,34.456806278776185,0.0,0
2025-12-22,600519.SH,1410.0,1414.14,1406.58,1408.26,2042565,-0.0012340425531914834,1442.7458000000001,1482.3178,-8.673473237219469,37.60378537160562,0.0,0
2025-12-23,600519.SH,1408.26,1412.93,1397.19,1407.86,2450681,-0.00028403845880742296,1441.8826000000001,1481.9219999999998,-9.12630251121709,39.93174060903445,0.0,0
2025-12-24,600519.SH,1404.99,1406.36,1400.0,1400.9,2518669,-0.004943673376614055,1440.6606,1481.57595,-9.932293509235251,39.24711143729539,0.0,0
2025-12-25,600519.SH,1405.0,1419.48,1401.38,1414.17,2338621,0.009472481975872693,1439.2458,1481.31495,-9.392003909286814,43.0865921735055,-0.06926619,1
2025-12-26,600519.SH,1414.17,1419.14,1410.0,1414.13,1780299,-2.828514252173342e-05,1438.4284,1480.8557,-8.864859591272534,48.010893875380326,0.0,0
2025-12-29,600519.SH,1414.13,1414.13,1401.0,1402.0,2630810,-0.008577712091533352,1437.3098,1480.2607,-9.318466070420754,50.50649748585808,0.0,0
2025-12-30,600519.SH,1401.0,1401.9,1386.0,1389.72,3379194,-0.00875891583452204,1435.859,1479.5947999999999,-10.547263556130474,43.95675475313813,0.31271443,1
2025-12-31,600519.SH,1390.0,1394.0,1377.17,1377.18,3476563,-0.009023400397202286,1434.2286,1478.7373,-12.39014177363947,34.39992829182037,0.0,0
2026-01-05,600519.SH,1385.0,1431.88,1385.0,1426.0,7094942,0.035449251368739,1433.389,1478.1544000000001,-9.798321097629014,51.763000061130384,0.0,0
2026-01-06,600519.SH,1432.55,1436.97,1416.53,1428.01,3958618,0.0014095371669005097,1432.9492,1477.6055999999999,-7.495688703631004,50.677269352992234,0.0,0
2026-01-07,600519.SH,1432.88,1435.0,1420.2,1423.36,2968380,-0.003256279717929189,1432.6082000000001,1476.5823500000001,-5.977151201739389,50.45625335006446,0.0,0
2026-01-08,600519.SH,1423.33,1423.36,1408.14,1412.3,2913454,-0.007770346223021529,1431.9542,1475.4545500000002,-5.601577361775753,43.02013422414576,0.0,0
2026-01-09,600519.SH,1417.0,1428.6,1416.01,1419.1,2984774,0.004814841039439077,1431.6982,1474.43005,-4.701038571356776,46.12882237706045,0.0,0
2026-01-12,600519.SH,1419.1,1431.0,1417.1,1423.23,3608266,0.0029102952575577046,1431.628,1473.3676500000001,-3.612456458391989,54.834466120239114,0.0,0
2026-01-13,600519.SH,1426.79,1429.52,1408.99,1411.0,3916866,-0.008593129711993108,1431.2478,1472.4026500000002,-3.6940236752043347,50.92994840678103,0.022490466,1
2026-01-14,600519.SH,1411.0,1422.25,1396.18,1398.01,5175797,-0.009206236711552074,1430.5080000000003,1471.5239499999998,-4.752071794641779,46.92014257609356,0.0,0
2026-01-15,600519.SH,1396.02,1402.83,1388.58,1388.89,4090714,-0.006523558486706049,1429.7058000000002,1470.5534,-6.25439357716823,46.29481088018679,0.0,0
2026-01-16,600519.SH,1395.0,1397.5,1380.0,1382.0,5512068,-0.004960796031363235,1428.9442000000001,1469.5859,-7.909780801915076,39.668572159063764,0.0,0
2026-01-19,600519.SH,1381.9,1387.49,1375.0,1376.0,4228640,-0.00434153400868309,1427.7616,1468.5859,-9.59522913125329,38.206000615311545,0.0,0
2026-01-20,600519.SH,1379.5,1381.58,1372.05,1373.55,3648443,-0.001780523255814015,1426.5659999999998,1467.50865,-11.001831336503983,40.639599917293175,0.0,0
2026-01-21,600519.SH,1373.56,1374.4,1350.0,1351.06,6451625,-0.016373630373848758,1424.3412000000003,1466.3378999999998,-13.772567180087663,38.081144404161186,0.0,0
2026-01-22,600519.SH,1352.01,1361.76,1337.48,1340.06,5901089,-0.008141755362456093,1421.9626,1465.2331999999997,-16.663912160900054,38.44621513609156,-0.1961991,2
2026-01-23,600519.SH,1340.1,1348.0,1332.47,1337.0,6194890,-0.002283479844186087,1419.3996000000002,1464.1381,-18.983411366255496,11.263927575229019,0.0,0
2026-01-26,600519.SH,1340.51,1355.0,1325.12,1342.0,8016606,0.0037397157816005944,1416.832,1463.1029999999998,-20.185487252317444,13.514889283200091,0.0,0
2026-01-27,600519.SH,1344.98,1353.7,1338.0,1343.01,4841596,0.0007526080476900621,1414.5602,1461.97365,-20.816680755615835,14.829729491310417,0.0,0
2026-01-28,600519.SH,1343.04,1346.71,1322.01,1323.69,7621801,-0.014385596533160516,1411.614,1461.0920999999998,-22.61517503021605,13.829700382124159,0.8398422,1
2026-01-29,600519.SH,1335.0,1445.0,1329.06,1437.72,18953440,0.08614554767354887,1410.8483999999999,1460.5557000000001,-14.670118692307824,54.052759878300826,0.021506209,1
2026-01-30,600519.SH,1435.0,1435.0,1401.0,1401.0,9447974,-0.025540439028461703,1409.4482,1459.8555000000001,-11.207409382638616,45.762647246995236,0.68148696,2
2026-02-02,600519.SH,1425.0,1458.58,1411.62,1427.0,8572427,0.01855817273376159,1408.646,1459.2455000000002,-6.292666654177765,52.89771080577888,0.0,0
2026-02-03,600519.SH,1445.0,1476.81,1443.03,1474.92,8632066,0.03358093903293624,1408.8123999999998,1458.7751999999998,1.4523046191654885,62.36455419159159,0.04410798,1
2026-02-04,600519.SH,1485.0,1533.27,1474.0,1525.0,10912293,0.0339543839665879,1410.2723999999998,1458.64025,11.498737330540507,69.33545472349716,0.040810954,2
2026-02-05,600519.SH,1520.0,1565.0,1515.0,1555.0,9162274,0.01967213114754096,1412.4794,1458.62525,21.631996721725727,73.06174682461645,0.0,0
2026-02-06,600519.SH,1555.0,1568.0,1505.88,1515.01,7896538,-0.025717041800643048,1413.7966000000001,1458.40445,26.134556111153188,66.99097953666151,0.0,0
2026-02-09,600519.SH,1518.0,1542.88,1513.49,1524.96,5116846,0.006567613415092932,1415.3498000000002,1458.17925,30.158104850890822,68.17341623027481,0.0,0
2026-02-10,600519.SH,1524.97,1524.97,1496.5,1504.8,3957596,-0.013220018885741314,1416.4358000000002,1457.87355,31.35857061734191,68.55687523908894,0.48966864,1
2026-02-11,600519.SH,1504.8,1514.0,1496.0,1504.33,3092846,-0.0003123338649654306,1417.5624000000003,1457.6401999999998,31.904250968637143,70.34504966192358,0.0,0
2026-02-12,600519.SH,1500.2,1502.82,1473.36,1486.6,4624582,-0.011785977810719772,1418.5738000000001,1457.3292000000001,30.55383812741684,67.87848367285648,0.0,0
2026-02-13,600519.SH,1486.6,1507.8,1470.58,1485.3,4167901,-0.00087447867617374,1419.6978,1456.9957000000002,29.043926777430443,67.27838332945427,0.0,0
2026-02-24,600519.SH,1521.0,1524.4,1463.6,1466.8,4191253,-0.012455396216252579,1420.5542,1456.56845,26.054179403196486,64.32191035726564,-0.316667,2
2026-02-25,600519.SH,1470.0,1509.66,1467.88,1491.66,3688067,0.016948459230978985,1421.7872,1456.2767500000002,25.398004914515468,69.18736149284086,0.021944314,1
2026-02-26,600519.SH,1486.6,1489.49,1464.67,1466.21,3295801,-0.017061528766609046,1422.7469999999998,1455.8578,22.564272709258148,54.08014206525614,0.0,0
2026-02-27,600519.SH,1466.99,1476.21,1455.02,1455.02,3216016,-0.007631921757456306,1423.8272,1455.4129,19.194319867996683,58.346724348526394,0.0,0
2026-03-02,600519.SH,1450.0,1457.0,1436.66,1440.11,3545386,-0.010247281824304899,1424.5734,1454.87845,15.145903028056637,52.09753287661396,0.0,0
2026-03-03,600519.SH,1440.1,1452.87,1422.13,1426.19,4589086,-0.009665928297143855,1424.8574,1454.2584,10.691036238610195,41.25166062052522,0.29026797,1
2026-03-04,600519.SH,1415.0,1423.0,1392.09,1401.18,4801443,-0.017536232900244753,1424.4679999999998,1453.4893,5.08382110455841,25.572127523839953,0.0,0
2026-03-05,600519.SH,1406.0,1412.96,1395.0,1399.04,3050524,-0.0015272841462197206,1423.9288000000001,1452.59355,0.46205630033477973,15.431332563986047,0.0,0
2026-03-06,600519.SH,1395.0,1407.5,1388.0,1402.0,2915415,0.00211573650503194,1423.5288,1451.64765,-2.928124743433955,20.031821796444262,0.11046356,1
2026-03-09,600519.SH,1390.0,1404.9,1383.2,1397.0,3744162,-0.003566333808844524,1422.8068000000003,1450.6101500000002,-5.949740948740782,15.152505445467725,0.0,0
2026-03-10,600519.SH,1404.9,1409.49,1398.0,1401.88,2462592,0.003493199713672235,1422.2244,1449.6680500000002,-7.860013007613588,19.427281367205552,0.016970191,1
2026-03-11,600519.SH,1402.99,1405.99,1398.02,1400.0,2445673,-0.0013410562958313665,1422.0244,1448.4931000000004,-9.41706361775482,19.265892887116564,0.0,0
2026-03-12,600519.SH,1395.0,1403.95,1391.01,1392.0,2758646,-0.005714285714285672,1421.6991999999998,1447.2930500000002,-11.167834738318561,20.43749999821182,0.0,0
2026-03-13,600519.SH,1392.48,1417.62,1392.0,1413.64,3360783,0.015545977011494294,1421.8147999999999,1446.2906,-10.68598493547438,30.131972937663136,0.020232424,5
2026-03-16,600519.SH,1420.0,1466.0,1420.0,1460.18,6008635,0.03292210180809829,1423.0004000000001,1445.6965999999998,-6.474097084978439,48.41155580824573,0.0,0
2026-03-17,600519.SH,1468.0,1498.07,1461.19,1485.0,4945361,0.016997904367954675,1424.4170000000001,1445.1915999999997,-1.1204630472968802,48.40165114391079,0.0,0
2026-03-18,600519.SH,1489.0,1496.5,1463.15,1468.8,3555100,-0.01090909090909098,1425.5104000000001,1444.63075,1.7944406921662903,50.65045958757793,0.0,0
2026-03-19,600519.SH,1472.96,1473.0,1446.0,1452.87,3031859,-0.010845588235294135,1426.5278,1443.9951,2.78697848585216,49.47259971205112,0.035444684,1
2026-03-20,600519.SH,1452.96,1462.5,1439.0,1445.0,2613234,-0.005416864550854439,1427.6334,1443.3571000000002,2.9050411049981903,51.24244117730886,-0.0012076572,1
2026-03-23,600519.SH,1433.33,1435.0,1400.03,1408.07,4725589,-0.025557093425605526,1428.2512,1442.6449500000003,0.01845152051146215,45.87807097069019,0.0,0
2026-03-24,600519.SH,1416.0,1417.59,1400.18,1407.33,2856179,-0.0005255420540172251,1427.8778,1441.9621,-2.3023631285368538,51.5726486947168,0.0,0
2026-03-25,600519.SH,1410.11,1417.87,1401.01,1410.27,2609346,0.002089062266845687,1427.523,1441.32845,-3.859897533021467,52.859980641063316,0.0,0
2026-03-26,600519.SH,1409.0,1413.9,1400.3,1401.18,2309289,-0.0064455742517389725,1427.0793999999996,1440.63435,-5.7613287897199825,49.79749085894912,0.0,0
2026-03-27,600519.SH,1400.0,1426.0,1396.66,1416.02,3008711,0.010591073238270576,1427.1538,1440.10445,-6.0015803009257525,54.47951012358589,0.022716751,1
2026-03-30,600519.SH,1407.0,1431.0,1402.52,1420.0,2868459,0.0028106947641981517,1427.1717999999998,1439.65945,-5.80392458690244,54.28571428211917,0.14155698,7
2026-03-31,600519.SH,1468.0,1479.93,1448.41,1450.0,6169066,0.021126760563380254,1427.7072,1439.3596499999999,-3.1897621376033385,60.437541746634416,0.42353368,4
2026-04-01,600519.SH,1464.49,1469.99,1452.88,1459.44,2912514,0.0065103448275862785,1428.6760000000002,1439.08685,-0.3522301657865228,63.99402390066437,0.0,0
2026-04-02,600519.SH,1459.44,1464.88,1452.1,1459.88,2106437,0.00030148550128816787,1429.9134,1438.8543000000002,1.9100211530530942,60.52056788839057,0.01121162,2
2026-04-03,600519.SH,1459.54,1469.96,1455.0,1460.0,2019373,8.219853686597389e-05,1431.3355999999999,1438.72375,3.670246304245893,49.948078916007404,0.018550467,1
2026-04-07,600519.SH,1460.05,1470.0,1435.05,1440.02,2415218,-0.013684931506849352,1432.4959999999999,1438.5487999999998,3.413667761114766,36.65281898805258,0.0,0
2026-04-08,600519.SH,1460.0,1469.08,1452.13,1465.02,3383610,0.01736086998791686,1434.2763999999997,1438.4739,5.168044483606309,48.934010148420334,0.0,0
2026-04-09,600519.SH,1465.02,1465.02,1447.5,1460.49,2070476,-0.0030921079575705335,1436.0152000000003,1438.4813499999998,6.122293545574394,52.2965641908852,0.024892077,1
2026-04-10,600519.SH,1459.14,1459.71,1441.1,1453.96,2886556,-0.0044711021643421,1438.0731999999998,1438.6164,6.27924316910412,52.72241127407564,0.0,0
2026-04-13,600519.SH,1444.0,1446.5,1433.0,1443.31,2521364,-0.00732482324135475,1440.1382,1438.7214999999999,5.481078422079008,62.742262070593064,0.024392324,3
2026-04-14,600519.SH,1442.6,1448.6,1435.0,1446.9,2423261,0.002487338132487249,1442.3362,1438.8209999999997,5.079655005782342,64.01898957772083,0.02653667,4
2026-04-15,600519.SH,1444.98,1470.79,1442.0,1467.5,3455348,0.014237334992051931,1444.8462,1439.0334999999998,6.350566517164907,68.0206562066107,0.0504804,2
2026-04-16,600519.SH,1467.45,1477.41,1460.0,1462.84,2451284,-0.003175468483816113,1447.2428,1439.2177,6.902185889135126,69.97279087211953,-0.13751929,19
2026-04-17,600519.SH,1400.0,1421.0,1399.87,1407.24,9682499,-0.038008257909272314,1448.9138,1439.1106,2.8203812843919422,47.75010249759891,-0.06650472,31
2026-04-20,600519.SH,1403.0,1413.94,1400.0,1410.89,3645139,0.002593729569938308,1448.3772,1439.0650500000002,-0.11858678239400433,47.661584266814224,0.107352674,5
2026-04-21,600519.SH,1411.0,1419.9,1410.0,1412.01,2175427,0.0007938251741808067,1448.5973999999999,1438.9391,-2.3305009454611536,38.55102163498455,-0.30383578,3
2026-04-22,600519.SH,1415.0,1419.0,1404.98,1409.5,2691593,-0.0017776078073101775,1448.2474,1438.8073000000002,-4.237151632246196,34.29362183620509,0.02092055,2
2026-04-23,600519.SH,1408.0,1419.7,1405.1,1419.0,3770109,0.0067399787158566316,1447.129,1438.8023,-4.92484488676746,37.8362294660217,0.024989828,2
2026-04-24,600519.SH,1413.1,1458.88,1413.1,1458.49,5545531,0.02782945736434117,1445.7988,1439.0792999999999,-2.257312879491792,49.635986689673096,0.049548876,29
2026-04-27,600519.SH,1420.0,1420.0,1402.2,1403.2,7279774,-0.03790907033987201,1442.7628,1439.0477,-4.552240077443912,42.415128540730855,0.29703268,6
2026-04-28,600519.SH,1402.0,1409.39,1400.11,1405.0,3400442,0.0012827822120866639,1440.5626000000002,1439.0472,-6.154792838489811,36.32926384607959,0.019804763,7
2026-04-29,600519.SH,1405.0,1409.75,1400.28,1401.17,3481313,-0.0027259786476867554,1438.0868,1439.00505,-7.6457410947109565,36.445480301114,0.017114019,4
2026-04-30,600519.SH,1400.0,1401.17,1380.0,1384.79,5275267,-0.011690230307528804,1435.6866,1438.8509999999997,-10.033398661896172,34.875584901874916,0.00068530877,3
2026-05-06,600519.SH,1365.1,1379.0,1360.05,1375.0,4780604,-0.007069663992374298,1433.1,1438.6148999999998,-12.570698480495594,35.007242875685435,0.03479852,7
