date,published_at,symbol,source,title,summary,url,query_keyword,text,finbert_label,sentiment_score
2024-05-10,2024-05-10T07:00:00+00:00,000001.SZ,"""Ping An Bank"" - Google News",China’s Ping An sells US$50 million in HSBC shares after protest vote - South China Morning Post,"<a href=""https://news.google.com/rss/articles/CBMi7gFBVV95cUxNSUd4YkdGWm91QVJWM0xULU90OFBWd2p0UDVuU1BLanNzQ1RmNVQycnhiOEo2WGRsVkxaajNVeXdOTVRyUFY0WFRPTGpFR2dhcVplUGpzMUV4Ty16dThleTdoYUJMZlVpLUFGTUJfZjd5NmZZRV9oYVoyaWUxVXBuWV9Zc0FGRGs1VDFPYzVGMWNOSU9WMV9qRFBGSll2Q3RoWmlEcDFud1Y4WG5zWk1yM0ZONWdvWFpHdW9TTHcxVVNuS2hiTWlQNVEwcFZfX01RLUpkRXNlcENGcDJFSm5uOG8wNVYwbjRFbGF2V3hR0gHuAUFVX3lxTE5iREZ3aTVPT0xmQVNGNjZQTjhpZldGcEMwa2VjRnZjNVpOeWdmZHRwYUs0QlhtVWlObGFnYXRTWXBrQmkzNUo5QURuc01wOTFOVlVFenEwV3BwQm1Ud0d5YXF4cGNKMHh2ZDZ1SkY4S0JaVzBuS1F5ZndDZTBjR0hIOUZaRFVSMC1CNWsybWY3dHJOakJ4WFFvcGFhM3FaMzduSC1DLWQ3bDlrVlVTM29CMUdtYThWRHFoWHpQWGFVaDNWUFNyQ0tEYTdKbi1Id284MmU5UkYtbURxd0ZNZWN5VHZZR1kwanB1dWRCbGc?oc=5"" target=""_blank"">China’s Ping An sells US$50 million in HSBC shares after protest vote</a>&nbsp;&nbsp;<font color=""#6f6f6f"">South China Morning Post</font>",https://news.google.com/rss/articles/CBMi7gFBVV95cUxNSUd4YkdGWm91QVJWM0xULU90OFBWd2p0UDVuU1BLanNzQ1RmNVQycnhiOEo2WGRsVkxaajNVeXdOTVRyUFY0WFRPTGpFR2dhcVplUGpzMUV4Ty16dThleTdoYUJMZlVpLUFGTUJfZjd5NmZZRV9oYVoyaWUxVXBuWV9Zc0FGRGs1VDFPYzVGMWNOSU9WMV9qRFBGSll2Q3RoWmlEcDFud1Y4WG5zWk1yM0ZONWdvWFpHdW9TTHcxVVNuS2hiTWlQNVEwcFZfX01RLUpkRXNlcENGcDJFSm5uOG8wNVYwbjRFbGF2V3hR0gHuAUFVX3lxTE5iREZ3aTVPT0xmQVNGNjZQTjhpZldGcEMwa2VjRnZjNVpOeWdmZHRwYUs0QlhtVWlObGFnYXRTWXBrQmkzNUo5QURuc01wOTFOVlVFenEwV3BwQm1Ud0d5YXF4cGNKMHh2ZDZ1SkY4S0JaVzBuS1F5ZndDZTBjR0hIOUZaRFVSMC1CNWsybWY3dHJOakJ4WFFvcGFhM3FaMzduSC1DLWQ3bDlrVlVTM29CMUdtYThWRHFoWHpQWGFVaDNWUFNyQ0tEYTdKbi1Id284MmU5UkYtbURxd0ZNZWN5VHZZR1kwanB1dWRCbGc?oc=5,Ping An Bank,"China’s Ping An sells US$50 million in HSBC shares after protest vote - South China Morning Post. <a href=""https://news.google.com/rss/articles/CBMi7gFBVV95cUxNSUd4YkdGWm91QVJWM0xULU90OFBWd2p0UDVuU1BLanNzQ1RmNVQycnhiOEo2WGRsVkxaajNVeXdOTVRyUFY0WFRPTGpFR2dhcVplUGpzMUV4Ty16dThleTdoYUJMZlVpLUFGTUJfZjd5NmZZRV9oYVoyaWUxVXBuWV9Zc0FGRGs1VDFPYzVGMWNOSU9WMV9qRFBGSll2Q3RoWmlEcDFud1Y4WG5zWk1yM0ZONWdvWFpHdW9TTHcxVVNuS2hiTWlQNVEwcFZfX01RLUpkRXNlcENGcDJFSm5uOG8wNVYwbjRFbGF2V3hR0gHuAUFVX3lxTE5iREZ3aTVPT0xmQVNGNjZQTjhpZldGcEMwa2VjRnZjNVpOeWdmZHRwYUs0QlhtVWlObGFnYXRTWXBrQmkzNUo5QURuc01wOTFOVlVFenEwV3BwQm1Ud0d5YXF4cGNKMHh2ZDZ1SkY4S0JaVzBuS1F5ZndDZTBjR0hIOUZaRFVSMC1CNWsybWY3dHJOakJ4WFFvcGFhM3FaMzduSC1DLWQ3bDlrVlVTM29CMUdtYThWRHFoWHpQWGFVaDNWUFNyQ0tEYTdKbi1Id284MmU5UkYtbURxd0ZNZWN5VHZZR1kwanB1dWRCbGc?oc=5"" target=""_blank"">China’s Ping An sells US$50 million in HSBC shares after protest vote</a>&nbsp;&nbsp;<font color=""#6f6f6f"">South China Morning Post</font>",neutral,-0.040730577
2024-05-13,2024-05-13T07:00:00+00:00,000001.SZ,"""000001"" - Google News",Revisit Robert Pattinson’s Cover Story for Another Man - anothermag.com,"<a href=""https://news.google.com/rss/articles/CBMiuwFBVV95cUxOVnVDYVhEbmM1M25NTjdiT3dVclVhb05PRE1laGpCV2FkRDduc2d4VWFqSE1JVjZERUdLNzRYOC01blVrc0RROHE5eTlsMTZPamJEc1lOekdMZnJqM081Yk0zUVhWaWFqbjllMlNiN3pTRzNBWG1oUEZkd2xfTXEzQU1pbW5YcEdhNVduc0lHQWV6VndMM2xsa2JhSWNkR0U2bWN5V1p5VnZaeXRaS25CRThSZmpRYVdab0FB?oc=5"" target=""_blank"">Revisit Robert Pattinson’s Cover Story for Another Man</a>&nbsp;&nbsp;<font color=""#6f6f6f"">anothermag.com</font>",https://news.google.com/rss/articles/CBMiuwFBVV95cUxOVnVDYVhEbmM1M25NTjdiT3dVclVhb05PRE1laGpCV2FkRDduc2d4VWFqSE1JVjZERUdLNzRYOC01blVrc0RROHE5eTlsMTZPamJEc1lOekdMZnJqM081Yk0zUVhWaWFqbjllMlNiN3pTRzNBWG1oUEZkd2xfTXEzQU1pbW5YcEdhNVduc0lHQWV6VndMM2xsa2JhSWNkR0U2bWN5V1p5VnZaeXRaS25CRThSZmpRYVdab0FB?oc=5,000001,"Revisit Robert Pattinson’s Cover Story for Another Man - anothermag.com. <a href=""https://news.google.com/rss/articles/CBMiuwFBVV95cUxOVnVDYVhEbmM1M25NTjdiT3dVclVhb05PRE1laGpCV2FkRDduc2d4VWFqSE1JVjZERUdLNzRYOC01blVrc0RROHE5eTlsMTZPamJEc1lOekdMZnJqM081Yk0zUVhWaWFqbjllMlNiN3pTRzNBWG1oUEZkd2xfTXEzQU1pbW5YcEdhNVduc0lHQWV6VndMM2xsa2JhSWNkR0U2bWN5V1p5VnZaeXRaS25CRThSZmpRYVdab0FB?oc=5"" target=""_blank"">Revisit Robert Pattinson’s Cover Story for Another Man</a>&nbsp;&nbsp;<font color=""#6f6f6f"">anothermag.com</font>",neutral,-0.05494926
2024-05-17,2024-05-17T07:00:00+00:00,000001.SZ,"""Ping An Bank"" - Google News","Top HSBC shareholder Ping An will retain investment in bank, source says, amid sale talk - Reuters","<a href=""https://news.google.com/rss/articles/CBMiywFBVV95cUxOQ1o4dlFfcjNPbzhLekhHcjI5YVBhS3Vha3JuMnlGOER5WnVkRzRCRlpLQWhZWEZ0V3dJRG9kZDhkMGNBaDBGbTRxX0dNZHZOQk5yejM4WU82X0tOZnNDYnFTZzRhdWg1WEtDLXNjN0ZSQXFDQXNpQTFneHJhQWkzNFhpLWcyTmdNVEpRWC1DZ0h1U1JCd1JmWDM1elJyOXdIU0lzSDRyeGctY2pVSGgxM3NRdWxJbXgtMHllY0UxNk51dUVobWl0VUE1Yw?oc=5"" target=""_blank"">Top HSBC shareholder Ping An will retain investment in bank, source says, amid sale talk</a>&nbsp;&nbsp;<font color=""#6f6f6f"">Reuters</font>",https://news.google.com/rss/articles/CBMiywFBVV95cUxOQ1o4dlFfcjNPbzhLekhHcjI5YVBhS3Vha3JuMnlGOER5WnVkRzRCRlpLQWhZWEZ0V3dJRG9kZDhkMGNBaDBGbTRxX0dNZHZOQk5yejM4WU82X0tOZnNDYnFTZzRhdWg1WEtDLXNjN0ZSQXFDQXNpQTFneHJhQWkzNFhpLWcyTmdNVEpRWC1DZ0h1U1JCd1JmWDM1elJyOXdIU0lzSDRyeGctY2pVSGgxM3NRdWxJbXgtMHllY0UxNk51dUVobWl0VUE1Yw?oc=5,Ping An Bank,"Top HSBC shareholder Ping An will retain investment in bank, source says, amid sale talk - Reuters. <a href=""https://news.google.com/rss/articles/CBMiywFBVV95cUxOQ1o4dlFfcjNPbzhLekhHcjI5YVBhS3Vha3JuMnlGOER5WnVkRzRCRlpLQWhZWEZ0V3dJRG9kZDhkMGNBaDBGbTRxX0dNZHZOQk5yejM4WU82X0tOZnNDYnFTZzRhdWg1WEtDLXNjN0ZSQXFDQXNpQTFneHJhQWkzNFhpLWcyTmdNVEpRWC1DZ0h1U1JCd1JmWDM1elJyOXdIU0lzSDRyeGctY2pVSGgxM3NRdWxJbXgtMHllY0UxNk51dUVobWl0VUE1Yw?oc=5"" target=""_blank"">Top HSBC shareholder Ping An will retain investment in bank, source says, amid sale talk</a>&nbsp;&nbsp;<font color=""#6f6f6f"">Reuters</font>",neutral,0.33227158
2024-05-17,2024-05-17T07:00:00+00:00,000001.SZ,"""Ping An Bank"" - Google 新闻",Ping An Asset Says HSBC Is ‘Long-Term Investment’ After Report Parent Is Mulling Ways to Pare Stake - Yicai Global,"<a href=""https://news.google.com/rss/articles/CBMizAFBVV95cUxPQURJWDFIbC0yVzVTN2Jrd0VrQTVNdEU4Y1Z5V0gxZU5BREpMdFJBYkt3R0w2RFdtSnlMMy1Hb20td3FBaUtFN3N2V0liT3hGU0wxbm9McXFzWmlZOExPRzNrRVh6ZlQyVW5FNTFlRHZHcWlvSXlRdkpnTS13Umg5WHJJa2sxVllTYjM0ZlJFdmpJeDRvNE4taDFQR1NKUnBicFg5OFFRamVQRVRTUDZEZFY0QjFsMXZSS0VnYVd1WUtNQzBmVmtpcG16bTE?oc=5"" target=""_blank"">Ping An Asset Says HSBC Is ‘Long-Term Investment’ After Report Parent Is Mulling Ways to Pare Stake</a>&nbsp;&nbsp;<font color=""#6f6f6f"">Yicai Global</font>",https://news.google.com/rss/articles/CBMizAFBVV95cUxPQURJWDFIbC0yVzVTN2Jrd0VrQTVNdEU4Y1Z5V0gxZU5BREpMdFJBYkt3R0w2RFdtSnlMMy1Hb20td3FBaUtFN3N2V0liT3hGU0wxbm9McXFzWmlZOExPRzNrRVh6ZlQyVW5FNTFlRHZHcWlvSXlRdkpnTS13Umg5WHJJa2sxVllTYjM0ZlJFdmpJeDRvNE4taDFQR1NKUnBicFg5OFFRamVQRVRTUDZEZFY0QjFsMXZSS0VnYVd1WUtNQzBmVmtpcG16bTE?oc=5,Ping An Bank,"Ping An Asset Says HSBC Is ‘Long-Term Investment’ After Report Parent Is Mulling Ways to Pare Stake - Yicai Global. <a href=""https://news.google.com/rss/articles/CBMizAFBVV95cUxPQURJWDFIbC0yVzVTN2Jrd0VrQTVNdEU4Y1Z5V0gxZU5BREpMdFJBYkt3R0w2RFdtSnlMMy1Hb20td3FBaUtFN3N2V0liT3hGU0wxbm9McXFzWmlZOExPRzNrRVh6ZlQyVW5FNTFlRHZHcWlvSXlRdkpnTS13Umg5WHJJa2sxVllTYjM0ZlJFdmpJeDRvNE4taDFQR1NKUnBicFg5OFFRamVQRVRTUDZEZFY0QjFsMXZSS0VnYVd1WUtNQzBmVmtpcG16bTE?oc=5"" target=""_blank"">Ping An Asset Says HSBC Is ‘Long-Term Investment’ After Report Parent Is Mulling Ways to Pare Stake</a>&nbsp;&nbsp;<font color=""#6f6f6f"">Yicai Global</font>",neutral,0.07370042
2024-05-24,2024-05-24T07:00:00+00:00,000001.SZ,"""Ping An Bank"" - Google News",Ping An Bank’s “Pocket Manager” recognised as Best Business Ecosystem Initiative - The Asian Banker,"<a href=""https://news.google.com/rss/articles/CBMiuAFBVV95cUxPZmo3WE5zdlNIRDkza3VNeExwYV93cEFtb0N6U1d0YWJZTjMxbGtYd0FBNzVxVWU1Vmg5TV84V1FZRTE5RVV4QUFiVkVoeXY1ZWdnRDlWcmxLNGpmbmhPTmRRQl91NXVqSlZvR19taXJNQnJROXZOLXJfNk80QmlSNmg4ZGxsbDRTZUVEbGNjTzJkOEdLVkkySHQyMW5GYlhQZWJGRHVveDEyWjVfOGNOcXpjcWVhV1E2?oc=5"" target=""_blank"">Ping An Bank’s “Pocket Manager” recognised as Best Business Ecosystem Initiative</a>&nbsp;&nbsp;<font color=""#6f6f6f"">The Asian Banker</font>",https://news.google.com/rss/articles/CBMiuAFBVV95cUxPZmo3WE5zdlNIRDkza3VNeExwYV93cEFtb0N6U1d0YWJZTjMxbGtYd0FBNzVxVWU1Vmg5TV84V1FZRTE5RVV4QUFiVkVoeXY1ZWdnRDlWcmxLNGpmbmhPTmRRQl91NXVqSlZvR19taXJNQnJROXZOLXJfNk80QmlSNmg4ZGxsbDRTZUVEbGNjTzJkOEdLVkkySHQyMW5GYlhQZWJGRHVveDEyWjVfOGNOcXpjcWVhV1E2?oc=5,Ping An Bank,"Ping An Bank’s “Pocket Manager” recognised as Best Business Ecosystem Initiative - The Asian Banker. <a href=""https://news.google.com/rss/articles/CBMiuAFBVV95cUxPZmo3WE5zdlNIRDkza3VNeExwYV93cEFtb0N6U1d0YWJZTjMxbGtYd0FBNzVxVWU1Vmg5TV84V1FZRTE5RVV4QUFiVkVoeXY1ZWdnRDlWcmxLNGpmbmhPTmRRQl91NXVqSlZvR19taXJNQnJROXZOLXJfNk80QmlSNmg4ZGxsbDRTZUVEbGNjTzJkOEdLVkkySHQyMW5GYlhQZWJGRHVveDEyWjVfOGNOcXpjcWVhV1E2?oc=5"" target=""_blank"">Ping An Bank’s “Pocket Manager” recognised as Best Business Ecosystem Initiative</a>&nbsp;&nbsp;<font color=""#6f6f6f"">The Asian Banker</font>",positive,0.85187757
2024-06-05,2024-06-05T07:00:00+00:00,000001.SZ,"""000001"" - Google News",Serial numbers to look out for on new King Charles bank notes that could be worth a fortune - LADbible,"<a href=""https://news.google.com/rss/articles/CBMirwFBVV95cUxOR1VudHhPal9pQ1pROWwwcXZCQnJuUVZCXzEwQjJicDNjSkNHUzN0OENUeGFlZHRPcGNjd1BsZmJfWkFVVmVWVlJSSzg3U1ZVQVdoVGd0blUyX2d4ODNDRkZqeVBzX0d4Slk2Q1hsYk9RNjdBNWdkZ3VTSFJPZmdpWTdiZHpEMXFseXVIMFJpbFMwdHJiZWFfNUF0QzNySzZLVTB4RmVOVTR5MXZoZkxV?oc=5"" target=""_blank"">Serial numbers to look out for on new King Charles bank notes that could be worth a fortune</a>&nbsp;&nbsp;<font color=""#6f6f6f"">LADbible</font>",https://news.google.com/rss/articles/CBMirwFBVV95cUxOR1VudHhPal9pQ1pROWwwcXZCQnJuUVZCXzEwQjJicDNjSkNHUzN0OENUeGFlZHRPcGNjd1BsZmJfWkFVVmVWVlJSSzg3U1ZVQVdoVGd0blUyX2d4ODNDRkZqeVBzX0d4Slk2Q1hsYk9RNjdBNWdkZ3VTSFJPZmdpWTdiZHpEMXFseXVIMFJpbFMwdHJiZWFfNUF0QzNySzZLVTB4RmVOVTR5MXZoZkxV?oc=5,000001,"Serial numbers to look out for on new King Charles bank notes that could be worth a fortune - LADbible. <a href=""https://news.google.com/rss/articles/CBMirwFBVV95cUxOR1VudHhPal9pQ1pROWwwcXZCQnJuUVZCXzEwQjJicDNjSkNHUzN0OENUeGFlZHRPcGNjd1BsZmJfWkFVVmVWVlJSSzg3U1ZVQVdoVGd0blUyX2d4ODNDRkZqeVBzX0d4Slk2Q1hsYk9RNjdBNWdkZ3VTSFJPZmdpWTdiZHpEMXFseXVIMFJpbFMwdHJiZWFfNUF0QzNySzZLVTB4RmVOVTR5MXZoZkxV?oc=5"" target=""_blank"">Serial numbers to look out for on new King Charles bank notes that could be worth a fortune</a>&nbsp;&nbsp;<font color=""#6f6f6f"">LADbible</font>",neutral,0.062136643
2024-06-12,2024-06-12T06:53:41+00:00,000001.SZ,"""000001"" - Google News","KL-TRX Corporate Office Tower for Sale @RM165,000,001 By DANIEL LEONG - EdgeProp","<a href=""https://news.google.com/rss/articles/CBMiwgFBVV95cUxNUlotcmQxNGdZY0hTSG1tQmlpZjZ1WWExVWxjc1ptVm5wTEVQRzZsNDVIYkRUc1FVdm1rbnVJZUpFR0t3X0cxMlBudnFxRjlodHpRaVdma3kzVjFSNmRGNWVpVHlZNnpBUy1HaFhhTkxFOHpYTDZZRHRLbFBDRGlGSjJQZnd0c1BIazd6Q0NRWmlkaVF6SlJuU1RUMG1idnNrTGdlU1Mwb0hQaFItZUpwWXJhcHRZNHFZd245SWtWN0dIUQ?oc=5"" target=""_blank"">KL-TRX Corporate Office Tower for Sale @RM165,000,001 By DANIEL LEONG</a>&nbsp;&nbsp;<font color=""#6f6f6f"">EdgeProp</font>",https://news.google.com/rss/articles/CBMiwgFBVV95cUxNUlotcmQxNGdZY0hTSG1tQmlpZjZ1WWExVWxjc1ptVm5wTEVQRzZsNDVIYkRUc1FVdm1rbnVJZUpFR0t3X0cxMlBudnFxRjlodHpRaVdma3kzVjFSNmRGNWVpVHlZNnpBUy1HaFhhTkxFOHpYTDZZRHRLbFBDRGlGSjJQZnd0c1BIazd6Q0NRWmlkaVF6SlJuU1RUMG1idnNrTGdlU1Mwb0hQaFItZUpwWXJhcHRZNHFZd245SWtWN0dIUQ?oc=5,000001,"KL-TRX Corporate Office Tower for Sale @RM165,000,001 By DANIEL LEONG - EdgeProp. <a href=""https://news.google.com/rss/articles/CBMiwgFBVV95cUxNUlotcmQxNGdZY0hTSG1tQmlpZjZ1WWExVWxjc1ptVm5wTEVQRzZsNDVIYkRUc1FVdm1rbnVJZUpFR0t3X0cxMlBudnFxRjlodHpRaVdma3kzVjFSNmRGNWVpVHlZNnpBUy1HaFhhTkxFOHpYTDZZRHRLbFBDRGlGSjJQZnd0c1BIazd6Q0NRWmlkaVF6SlJuU1RUMG1idnNrTGdlU1Mwb0hQaFItZUpwWXJhcHRZNHFZd245SWtWN0dIUQ?oc=5"" target=""_blank"">KL-TRX Corporate Office Tower for Sale @RM165,000,001 By DANIEL LEONG</a>&nbsp;&nbsp;<font color=""#6f6f6f"">EdgeProp</font>",neutral,0.061281085
2024-06-25,2024-06-25T05:28:59+00:00,000001.SZ,"""Ping An Bank"" - Google News",Ping An to take control of Shenzhen Development Bank - Asset Publishing and Research,"<a href=""https://news.google.com/rss/articles/CBMilgFBVV95cUxPUjJlX2hpeGY3bldId00weFliaG45RldBZ0J2X0o0UDZMemREcmxfcFp2QXNGVTYtSF9aYzF1S0l5UnhoTkdDbnZqR2xvRGw0b004c2JOQjZWb3h0T2wxZkgzanZsd0pmSGFFaV9HQ2kySFJxUzhqc25DdzVfeDY2c1J4N3o1Q0s5emZ4WXRvTUxNanVkdWc?oc=5"" target=""_blank"">Ping An to take control of Shenzhen Development Bank</a>&nbsp;&nbsp;<font color=""#6f6f6f"">Asset Publishing and Research</font>",https://news.google.com/rss/articles/CBMilgFBVV95cUxPUjJlX2hpeGY3bldId00weFliaG45RldBZ0J2X0o0UDZMemREcmxfcFp2QXNGVTYtSF9aYzF1S0l5UnhoTkdDbnZqR2xvRGw0b004c2JOQjZWb3h0T2wxZkgzanZsd0pmSGFFaV9HQ2kySFJxUzhqc25DdzVfeDY2c1J4N3o1Q0s5emZ4WXRvTUxNanVkdWc?oc=5,Ping An Bank,"Ping An to take control of Shenzhen Development Bank - Asset Publishing and Research. <a href=""https://news.google.com/rss/articles/CBMilgFBVV95cUxPUjJlX2hpeGY3bldId00weFliaG45RldBZ0J2X0o0UDZMemREcmxfcFp2QXNGVTYtSF9aYzF1S0l5UnhoTkdDbnZqR2xvRGw0b004c2JOQjZWb3h0T2wxZkgzanZsd0pmSGFFaV9HQ2kySFJxUzhqc25DdzVfeDY2c1J4N3o1Q0s5emZ4WXRvTUxNanVkdWc?oc=5"" target=""_blank"">Ping An to take control of Shenzhen Development Bank</a>&nbsp;&nbsp;<font color=""#6f6f6f"">Asset Publishing and Research</font>",neutral,0.052116625
2024-06-29,2024-06-29T07:00:00+00:00,000001.SZ,"""000001"" - Google News",King Charles’ new £10 banknote auctioned for £17k - Jang,"<a href=""https://news.google.com/rss/articles/CBMihwFBVV95cUxON0dZeHdRdWxCZWZXTlczcDhGNGFSa0NRVi1vY1lHYURBaUJjbWVqR1JFcW5PTWFmbUhOY1BTdHAyUksyWkJmakJZTGE1cTE5N2tObEN3WnNKbnNuajhMSG5LR3RkRzc5cU5xcGtHZlB0eUVqNnRtelBDMmJCei1MUV9RdkFSTk0?oc=5"" target=""_blank"">King Charles’ new £10 banknote auctioned for £17k</a>&nbsp;&nbsp;<font color=""#6f6f6f"">Jang</font>",https://news.google.com/rss/articles/CBMihwFBVV95cUxON0dZeHdRdWxCZWZXTlczcDhGNGFSa0NRVi1vY1lHYURBaUJjbWVqR1JFcW5PTWFmbUhOY1BTdHAyUksyWkJmakJZTGE1cTE5N2tObEN3WnNKbnNuajhMSG5LR3RkRzc5cU5xcGtHZlB0eUVqNnRtelBDMmJCei1MUV9RdkFSTk0?oc=5,000001,"King Charles’ new £10 banknote auctioned for £17k - Jang. <a href=""https://news.google.com/rss/articles/CBMihwFBVV95cUxON0dZeHdRdWxCZWZXTlczcDhGNGFSa0NRVi1vY1lHYURBaUJjbWVqR1JFcW5PTWFmbUhOY1BTdHAyUksyWkJmakJZTGE1cTE5N2tObEN3WnNKbnNuajhMSG5LR3RkRzc5cU5xcGtHZlB0eUVqNnRtelBDMmJCei1MUV9RdkFSTk0?oc=5"" target=""_blank"">King Charles’ new £10 banknote auctioned for £17k</a>&nbsp;&nbsp;<font color=""#6f6f6f"">Jang</font>",neutral,0.07853103
2024-07-02,2024-07-02T07:00:00+00:00,000001.SZ,"""000001"" - Google News","King Charles £10 note sells for £17,000 - what you should look for - Ham & High","<a href=""https://news.google.com/rss/articles/CBMiiAFBVV95cUxOR1U0WkFhekFwRFc1R2N4N1JoTUhfaUJndkw1MlNBWGtBWmJHd3NYdUJFLTAzSUhkMFVyR3lZWnR6NjNqSmc3ZE85MmZDUUt4alNWaWRXZXlNSXc2TWdXaldrakRYNmU4RDVKRUVkVkRzbE9oME5UcGdRcEtNUlhFcDRmMjVrcDJ4?oc=5"" target=""_blank"">King Charles £10 note sells for £17,000 - what you should look for</a>&nbsp;&nbsp;<font color=""#6f6f6f"">Ham & High</font>",https://news.google.com/rss/articles/CBMiiAFBVV95cUxOR1U0WkFhekFwRFc1R2N4N1JoTUhfaUJndkw1MlNBWGtBWmJHd3NYdUJFLTAzSUhkMFVyR3lZWnR6NjNqSmc3ZE85MmZDUUt4alNWaWRXZXlNSXc2TWdXaldrakRYNmU4RDVKRUVkVkRzbE9oME5UcGdRcEtNUlhFcDRmMjVrcDJ4?oc=5,000001,"King Charles £10 note sells for £17,000 - what you should look for - Ham & High. <a href=""https://news.google.com/rss/articles/CBMiiAFBVV95cUxOR1U0WkFhekFwRFc1R2N4N1JoTUhfaUJndkw1MlNBWGtBWmJHd3NYdUJFLTAzSUhkMFVyR3lZWnR6NjNqSmc3ZE85MmZDUUt4alNWaWRXZXlNSXc2TWdXaldrakRYNmU4RDVKRUVkVkRzbE9oME5UcGdRcEtNUlhFcDRmMjVrcDJ4?oc=5"" target=""_blank"">King Charles £10 note sells for £17,000 - what you should look for</a>&nbsp;&nbsp;<font color=""#6f6f6f"">Ham & High</font>",neutral,0.052070916
2024-07-07,2024-07-07T07:00:00+00:00,000001.SZ,"""000001"" - Google News",Abnormally Large Submandibular Salivary Gland Sialolithiasis - Consultant360,"<a href=""https://news.google.com/rss/articles/CBMipAFBVV95cUxQaGFaTU1ESDJkckdEaTVBSFZvTzFSYUVYV3pILTdQOHdpNFZYYXZfbjUtOE55TzJzYXdldnlRLVlkT3VOTW9vSnlWT1d1LXRtRG1USzBHTWZoZ2FoLWcwVUFtcGpEUTJ3ZnhqY2J1MHdfdlVqWkJPT1Z1cXlBZXp1WlpYd2tSMlpxRGZTWUlaTE5qQTFYcFVOTlViSWVDUXdXakd1NQ?oc=5"" target=""_blank"">Abnormally Large Submandibular Salivary Gland Sialolithiasis</a>&nbsp;&nbsp;<font color=""#6f6f6f"">Consultant360</font>",https://news.google.com/rss/articles/CBMipAFBVV95cUxQaGFaTU1ESDJkckdEaTVBSFZvTzFSYUVYV3pILTdQOHdpNFZYYXZfbjUtOE55TzJzYXdldnlRLVlkT3VOTW9vSnlWT1d1LXRtRG1USzBHTWZoZ2FoLWcwVUFtcGpEUTJ3ZnhqY2J1MHdfdlVqWkJPT1Z1cXlBZXp1WlpYd2tSMlpxRGZTWUlaTE5qQTFYcFVOTlViSWVDUXdXakd1NQ?oc=5,000001,"Abnormally Large Submandibular Salivary Gland Sialolithiasis - Consultant360. <a href=""https://news.google.com/rss/articles/CBMipAFBVV95cUxQaGFaTU1ESDJkckdEaTVBSFZvTzFSYUVYV3pILTdQOHdpNFZYYXZfbjUtOE55TzJzYXdldnlRLVlkT3VOTW9vSnlWT1d1LXRtRG1USzBHTWZoZ2FoLWcwVUFtcGpEUTJ3ZnhqY2J1MHdfdlVqWkJPT1Z1cXlBZXp1WlpYd2tSMlpxRGZTWUlaTE5qQTFYcFVOTlViSWVDUXdXakd1NQ?oc=5"" target=""_blank"">Abnormally Large Submandibular Salivary Gland Sialolithiasis</a>&nbsp;&nbsp;<font color=""#6f6f6f"">Consultant360</font>",neutral,-0.28903452
2024-07-09,2024-07-09T07:00:00+00:00,000001.SZ,"""Ping An Bank"" - Google News","Ping An Bank to Move Shanghai Staff to Shenzhen, Insider Confirms - Yicai Global","<a href=""https://news.google.com/rss/articles/CBMiqgFBVV95cUxObzhEYmZuV1ZDbEpVbDROeEJlWnVvLWdCLTFmeTFoQnluWjJKcjMzbnVzVkhzQmVia3RDNnhQaEZHVkN5RkRrbWpVZzEtWmtTZ0Z1aFVTTHhXVzhFWThrSU12eWtPLVFKcE15M0VsRXVsWllCdmhTWGNGWFhTVVoyMGhkYzhvR1pCQzlVbnNjOTc4MENDVFFiTWhIeWh3N0R0RlMya2lWWHcwQQ?oc=5"" target=""_blank"">Ping An Bank to Move Shanghai Staff to Shenzhen, Insider Confirms</a>&nbsp;&nbsp;<font color=""#6f6f6f"">Yicai Global</font>",https://news.google.com/rss/articles/CBMiqgFBVV95cUxObzhEYmZuV1ZDbEpVbDROeEJlWnVvLWdCLTFmeTFoQnluWjJKcjMzbnVzVkhzQmVia3RDNnhQaEZHVkN5RkRrbWpVZzEtWmtTZ0Z1aFVTTHhXVzhFWThrSU12eWtPLVFKcE15M0VsRXVsWllCdmhTWGNGWFhTVVoyMGhkYzhvR1pCQzlVbnNjOTc4MENDVFFiTWhIeWh3N0R0RlMya2lWWHcwQQ?oc=5,Ping An Bank,"Ping An Bank to Move Shanghai Staff to Shenzhen, Insider Confirms - Yicai Global. <a href=""https://news.google.com/rss/articles/CBMiqgFBVV95cUxObzhEYmZuV1ZDbEpVbDROeEJlWnVvLWdCLTFmeTFoQnluWjJKcjMzbnVzVkhzQmVia3RDNnhQaEZHVkN5RkRrbWpVZzEtWmtTZ0Z1aFVTTHhXVzhFWThrSU12eWtPLVFKcE15M0VsRXVsWllCdmhTWGNGWFhTVVoyMGhkYzhvR1pCQzlVbnNjOTc4MENDVFFiTWhIeWh3N0R0RlMya2lWWHcwQQ?oc=5"" target=""_blank"">Ping An Bank to Move Shanghai Staff to Shenzhen, Insider Confirms</a>&nbsp;&nbsp;<font color=""#6f6f6f"">Yicai Global</font>",neutral,0.3569492
2024-07-18,2024-07-18T07:00:00+00:00,000001.SZ,"""Ping An Bank"" - Google 新闻","Chinese Home Buyers Need to Be Cautious When Choosing New 'Interest-First' Loans, Watchdog Says - Yicai Global","<a href=""https://news.google.com/rss/articles/CBMiwwFBVV95cUxQT184amkwY091LVdDUTZHc0FXcTFFeWh0Vk95Y3cwUkpaelIyV0twWm5LdEpfdUR2UWN2MUZGVDJiYmh0ZHUwYk40YXhPUHBsaUczcTNoalJLZEJ4Y3dVbm0zTmdNaFJnM3Ywc2NpOE04eHhYQTJ0VG94eHpNNlJEOTM3dmZGTk94QWhTSHBuOWRfQUF2UGgyNWtHaW9BYXJpSWdib0RHVmx6V3FXOGNIenkxaDRTQk1VSWsxUndWcnVLVHc?oc=5"" target=""_blank"">Chinese Home Buyers Need to Be Cautious When Choosing New 'Interest-First' Loans, Watchdog Says</a>&nbsp;&nbsp;<font color=""#6f6f6f"">Yicai Global</font>",https://news.google.com/rss/articles/CBMiwwFBVV95cUxQT184amkwY091LVdDUTZHc0FXcTFFeWh0Vk95Y3cwUkpaelIyV0twWm5LdEpfdUR2UWN2MUZGVDJiYmh0ZHUwYk40YXhPUHBsaUczcTNoalJLZEJ4Y3dVbm0zTmdNaFJnM3Ywc2NpOE04eHhYQTJ0VG94eHpNNlJEOTM3dmZGTk94QWhTSHBuOWRfQUF2UGgyNWtHaW9BYXJpSWdib0RHVmx6V3FXOGNIenkxaDRTQk1VSWsxUndWcnVLVHc?oc=5,Ping An Bank,"Chinese Home Buyers Need to Be Cautious When Choosing New 'Interest-First' Loans, Watchdog Says - Yicai Global. <a href=""https://news.google.com/rss/articles/CBMiwwFBVV95cUxQT184amkwY091LVdDUTZHc0FXcTFFeWh0Vk95Y3cwUkpaelIyV0twWm5LdEpfdUR2UWN2MUZGVDJiYmh0ZHUwYk40YXhPUHBsaUczcTNoalJLZEJ4Y3dVbm0zTmdNaFJnM3Ywc2NpOE04eHhYQTJ0VG94eHpNNlJEOTM3dmZGTk94QWhTSHBuOWRfQUF2UGgyNWtHaW9BYXJpSWdib0RHVmx6V3FXOGNIenkxaDRTQk1VSWsxUndWcnVLVHc?oc=5"" target=""_blank"">Chinese Home Buyers Need to Be Cautious When Choosing New 'Interest-First' Loans, Watchdog Says</a>&nbsp;&nbsp;<font color=""#6f6f6f"">Yicai Global</font>",neutral,-0.032917418
2024-08-06,2024-08-06T07:00:00+00:00,000001.SZ,"""Ping An Bank"" - Google 新闻",10 Shenzhen firms make Fortune Global 500 list-Guangdong-Hong Kong-Macao Greater Bay Area - 粤港澳大湾区门户网,"<a href=""https://news.google.com/rss/articles/CBMidkFVX3lxTFBqLVVFd1RBUVNtdWlFa29zNE8ybTZ5cXVXdElnMGVpcVlaSmdjRGttdEZ5SFltcEhMX3BicEJPREJycjhEUXRCNGxVWldOWTFuVGMxdUdtbUFCSGdqTkZYck13RlBLMWJ0a25LaGc5QXdmOEdBSHc?oc=5"" target=""_blank"">10 Shenzhen firms make Fortune Global 500 list-Guangdong-Hong Kong-Macao Greater Bay Area</a>&nbsp;&nbsp;<font color=""#6f6f6f"">粤港澳大湾区门户网</font>",https://news.google.com/rss/articles/CBMidkFVX3lxTFBqLVVFd1RBUVNtdWlFa29zNE8ybTZ5cXVXdElnMGVpcVlaSmdjRGttdEZ5SFltcEhMX3BicEJPREJycjhEUXRCNGxVWldOWTFuVGMxdUdtbUFCSGdqTkZYck13RlBLMWJ0a25LaGc5QXdmOEdBSHc?oc=5,Ping An Bank,"10 Shenzhen firms make Fortune Global 500 list-Guangdong-Hong Kong-Macao Greater Bay Area - 粤港澳大湾区门户网. <a href=""https://news.google.com/rss/articles/CBMidkFVX3lxTFBqLVVFd1RBUVNtdWlFa29zNE8ybTZ5cXVXdElnMGVpcVlaSmdjRGttdEZ5SFltcEhMX3BicEJPREJycjhEUXRCNGxVWldOWTFuVGMxdUdtbUFCSGdqTkZYck13RlBLMWJ0a25LaGc5QXdmOEdBSHc?oc=5"" target=""_blank"">10 Shenzhen firms make Fortune Global 500 list-Guangdong-Hong Kong-Macao Greater Bay Area</a>&nbsp;&nbsp;<font color=""#6f6f6f"">粤港澳大湾区门户网</font>",neutral,0.04106483
2024-08-12,2024-08-12T07:00:00+00:00,000001.SZ,"""000001"" - Google News","Bank of England turns £78,000 into £900,000 in charity auctions - BBC","<a href=""https://news.google.com/rss/articles/CBMiWkFVX3lxTFBpd3Z1dlZZaHhROTVTZXhlZ292UVhkZHNJQ1dFOEs5TTZpVy1EXzBKNUVLODlpdGxWb1BKR3pvTFRQMzZSUV80eU80UVRIdU9XNkJQWF9EVGRldw?oc=5"" target=""_blank"">Bank of England turns £78,000 into £900,000 in charity auctions</a>&nbsp;&nbsp;<font color=""#6f6f6f"">BBC</font>",https://news.google.com/rss/articles/CBMiWkFVX3lxTFBpd3Z1dlZZaHhROTVTZXhlZ292UVhkZHNJQ1dFOEs5TTZpVy1EXzBKNUVLODlpdGxWb1BKR3pvTFRQMzZSUV80eU80UVRIdU9XNkJQWF9EVGRldw?oc=5,000001,"Bank of England turns £78,000 into £900,000 in charity auctions - BBC. <a href=""https://news.google.com/rss/articles/CBMiWkFVX3lxTFBpd3Z1dlZZaHhROTVTZXhlZ292UVhkZHNJQ1dFOEs5TTZpVy1EXzBKNUVLODlpdGxWb1BKR3pvTFRQMzZSUV80eU80UVRIdU9XNkJQWF9EVGRldw?oc=5"" target=""_blank"">Bank of England turns £78,000 into £900,000 in charity auctions</a>&nbsp;&nbsp;<font color=""#6f6f6f"">BBC</font>",neutral,-0.008653637
2024-10-08,2024-10-08T07:00:00+00:00,000001.SZ,"""000001"" - Google News",China’s Stock Market Rally Resumes After Holiday as Turnover Sets New Record - Yicai Global,"<a href=""https://news.google.com/rss/articles/CBMirAFBVV95cUxQQXU1SHdIMlQyODlrWXNsbzhnX285VTh1RDhmVWk3aGpXb29FZV9tU09HNHBFWUVITW1TSkQwQzZYX3Z4alR0Y3laQWwtY0xjOTFCMXVlZUNnUUNtbFE3Y0lEaVpyR250VXFwRkFQTkxVN3ZoLXBwSG9pUXVrdlpZdFVXb2hUZlhVTkZ0UUxCOS1rcWxpU3h3NW5SWnNibk56MXI1Q1VlaWRLemM4?oc=5"" target=""_blank"">China’s Stock Market Rally Resumes After Holiday as Turnover Sets New Record</a>&nbsp;&nbsp;<font color=""#6f6f6f"">Yicai Global</font>",https://news.google.com/rss/articles/CBMirAFBVV95cUxQQXU1SHdIMlQyODlrWXNsbzhnX285VTh1RDhmVWk3aGpXb29FZV9tU09HNHBFWUVITW1TSkQwQzZYX3Z4alR0Y3laQWwtY0xjOTFCMXVlZUNnUUNtbFE3Y0lEaVpyR250VXFwRkFQTkxVN3ZoLXBwSG9pUXVrdlpZdFVXb2hUZlhVTkZ0UUxCOS1rcWxpU3h3NW5SWnNibk56MXI1Q1VlaWRLemM4?oc=5,000001,"China’s Stock Market Rally Resumes After Holiday as Turnover Sets New Record - Yicai Global. <a href=""https://news.google.com/rss/articles/CBMirAFBVV95cUxQQXU1SHdIMlQyODlrWXNsbzhnX285VTh1RDhmVWk3aGpXb29FZV9tU09HNHBFWUVITW1TSkQwQzZYX3Z4alR0Y3laQWwtY0xjOTFCMXVlZUNnUUNtbFE3Y0lEaVpyR250VXFwRkFQTkxVN3ZoLXBwSG9pUXVrdlpZdFVXb2hUZlhVTkZ0UUxCOS1rcWxpU3h3NW5SWnNibk56MXI1Q1VlaWRLemM4?oc=5"" target=""_blank"">China’s Stock Market Rally Resumes After Holiday as Turnover Sets New Record</a>&nbsp;&nbsp;<font color=""#6f6f6f"">Yicai Global</font>",positive,0.6489742
2024-10-31,2024-10-31T09:50:08+00:00,000001.SZ,"""000001"" - Google News",Shanghai Composite Index (SSE Composite – SHA: 000001) - AskTraders,"<a href=""https://news.google.com/rss/articles/CBMiXkFVX3lxTE9uOExhaGFXNWNOdXJiaEEteWVvZVEzYTJBSlNGOW91ck5TOHF6RldyT1NiUFB5WXZHQnlISWw1UmI5Zmxjd0dWWUZudHVUcDRzVzhrdFdxYlJiYm9JaVE?oc=5"" target=""_blank"">Shanghai Composite Index (SSE Composite – SHA: 000001)</a>&nbsp;&nbsp;<font color=""#6f6f6f"">AskTraders</font>",https://news.google.com/rss/articles/CBMiXkFVX3lxTE9uOExhaGFXNWNOdXJiaEEteWVvZVEzYTJBSlNGOW91ck5TOHF6RldyT1NiUFB5WXZHQnlISWw1UmI5Zmxjd0dWWUZudHVUcDRzVzhrdFdxYlJiYm9JaVE?oc=5,000001,"Shanghai Composite Index (SSE Composite – SHA: 000001) - AskTraders. <a href=""https://news.google.com/rss/articles/CBMiXkFVX3lxTE9uOExhaGFXNWNOdXJiaEEteWVvZVEzYTJBSlNGOW91ck5TOHF6RldyT1NiUFB5WXZHQnlISWw1UmI5Zmxjd0dWWUZudHVUcDRzVzhrdFdxYlJiYm9JaVE?oc=5"" target=""_blank"">Shanghai Composite Index (SSE Composite – SHA: 000001)</a>&nbsp;&nbsp;<font color=""#6f6f6f"">AskTraders</font>",neutral,0.030026145
2024-11-29,2024-11-29T01:04:54+00:00,000001.SZ,"""000001"" - Google News","Ping An Bank (000001) Investor Relations, Earnings Summary & Outlook - Quartr","<a href=""https://news.google.com/rss/articles/CBMiZEFVX3lxTFBEdmM0T196Y2RfeXhjNWdoZnpwdEQ2RHJiMGdSbmFVeWU3dEJSbEh1dm9mSXlaMGRPWDlMcjBmYmRkRS1aZXZwMzlNNm9rWVlnRkRhNTJ5aHFDR3RndU50dXFDOEM?oc=5"" target=""_blank"">Ping An Bank (000001) Investor Relations, Earnings Summary & Outlook</a>&nbsp;&nbsp;<font color=""#6f6f6f"">Quartr</font>",https://news.google.com/rss/articles/CBMiZEFVX3lxTFBEdmM0T196Y2RfeXhjNWdoZnpwdEQ2RHJiMGdSbmFVeWU3dEJSbEh1dm9mSXlaMGRPWDlMcjBmYmRkRS1aZXZwMzlNNm9rWVlnRkRhNTJ5aHFDR3RndU50dXFDOEM?oc=5,000001,"Ping An Bank (000001) Investor Relations, Earnings Summary & Outlook - Quartr. <a href=""https://news.google.com/rss/articles/CBMiZEFVX3lxTFBEdmM0T196Y2RfeXhjNWdoZnpwdEQ2RHJiMGdSbmFVeWU3dEJSbEh1dm9mSXlaMGRPWDlMcjBmYmRkRS1aZXZwMzlNNm9rWVlnRkRhNTJ5aHFDR3RndU50dXFDOEM?oc=5"" target=""_blank"">Ping An Bank (000001) Investor Relations, Earnings Summary & Outlook</a>&nbsp;&nbsp;<font color=""#6f6f6f"">Quartr</font>",neutral,0.0075304396
2024-11-30,2024-11-30T08:00:00+00:00,000001.SZ,"""Ping An Bank"" - Google 新闻",How Banks Are Shifting Nonperforming Assets From Disposal to Management (AI Translation) - Caixin Global,"<a href=""https://news.google.com/rss/articles/CBMi8gFBVV95cUxNZXJnTllRb1JvX2NoR2w5RHA5ektXaWtXV0FkVUNDbmxteHM1NmF5OUVkNzZxYk9JOGZYZm1TejFhZU9HRmxYa2IwVnBjUkFxNWkzRjFjbHJRaVk0eFI5Z0FhLXdNcGY2Vm5STDZTMjcwNG4zNmlfTVVLT2pxWUdiMWZVLW1VZDhqdU9XR2paWmFXcF80aTBhSzVEYmZlMy1jT1dyd0RXQThUMTF3VUZyNHE0V0lmaDlhMndEZzlyMlFISmY0cU1rMXVmYzFGVjc2NVZ3S3V6Wk5fQmdXRDFqZ0x5OVRiOHpSY0RsbjVRUVBidw?oc=5"" target=""_blank"">How Banks Are Shifting Nonperforming Assets From Disposal to Management (AI Translation)</a>&nbsp;&nbsp;<font color=""#6f6f6f"">Caixin Global</font>",https://news.google.com/rss/articles/CBMi8gFBVV95cUxNZXJnTllRb1JvX2NoR2w5RHA5ektXaWtXV0FkVUNDbmxteHM1NmF5OUVkNzZxYk9JOGZYZm1TejFhZU9HRmxYa2IwVnBjUkFxNWkzRjFjbHJRaVk0eFI5Z0FhLXdNcGY2Vm5STDZTMjcwNG4zNmlfTVVLT2pxWUdiMWZVLW1VZDhqdU9XR2paWmFXcF80aTBhSzVEYmZlMy1jT1dyd0RXQThUMTF3VUZyNHE0V0lmaDlhMndEZzlyMlFISmY0cU1rMXVmYzFGVjc2NVZ3S3V6Wk5fQmdXRDFqZ0x5OVRiOHpSY0RsbjVRUVBidw?oc=5,Ping An Bank,"How Banks Are Shifting Nonperforming Assets From Disposal to Management (AI Translation) - Caixin Global. <a href=""https://news.google.com/rss/articles/CBMi8gFBVV95cUxNZXJnTllRb1JvX2NoR2w5RHA5ektXaWtXV0FkVUNDbmxteHM1NmF5OUVkNzZxYk9JOGZYZm1TejFhZU9HRmxYa2IwVnBjUkFxNWkzRjFjbHJRaVk0eFI5Z0FhLXdNcGY2Vm5STDZTMjcwNG4zNmlfTVVLT2pxWUdiMWZVLW1VZDhqdU9XR2paWmFXcF80aTBhSzVEYmZlMy1jT1dyd0RXQThUMTF3VUZyNHE0V0lmaDlhMndEZzlyMlFISmY0cU1rMXVmYzFGVjc2NVZ3S3V6Wk5fQmdXRDFqZ0x5OVRiOHpSY0RsbjVRUVBidw?oc=5"" target=""_blank"">How Banks Are Shifting Nonperforming Assets From Disposal to Management (AI Translation)</a>&nbsp;&nbsp;<font color=""#6f6f6f"">Caixin Global</font>",neutral,0.03513737
2024-12-20,2024-12-20T10:53:28+00:00,000001.SZ,"""Ping An Bank"" - Google News",Ping An Bank structured products offering increases despite deposit curb - SRP Structured Products,"<a href=""https://news.google.com/rss/articles/CBMixwFBVV95cUxNb3Nfb18zakRKWXBhbkJxZUtMX1NPbUVmeGtqODR4QmNwZ2EyWlA1UDJ1ZEExMjlQQmZDVkhyTHhxTHZXZEFuTVVDZVFmS1gwemc0UXZUUkx1YVN3TGM1YjRjcW5ycXJnazB4U24wWWExcndTa1NtQ2pSMjZJVjB1bVR0dkc4NEM4bzF5Y0hPUGxrdkV6RmZNcWFLb2RhY2M5dXV4NEN4bnBRUEJCcklTcFlFd25nUlpvZDBYLW1DZWg3bWVrdThR?oc=5"" target=""_blank"">Ping An Bank structured products offering increases despite deposit curb</a>&nbsp;&nbsp;<font color=""#6f6f6f"">SRP Structured Products</font>",https://news.google.com/rss/articles/CBMixwFBVV95cUxNb3Nfb18zakRKWXBhbkJxZUtMX1NPbUVmeGtqODR4QmNwZ2EyWlA1UDJ1ZEExMjlQQmZDVkhyTHhxTHZXZEFuTVVDZVFmS1gwemc0UXZUUkx1YVN3TGM1YjRjcW5ycXJnazB4U24wWWExcndTa1NtQ2pSMjZJVjB1bVR0dkc4NEM4bzF5Y0hPUGxrdkV6RmZNcWFLb2RhY2M5dXV4NEN4bnBRUEJCcklTcFlFd25nUlpvZDBYLW1DZWg3bWVrdThR?oc=5,Ping An Bank,"Ping An Bank structured products offering increases despite deposit curb - SRP Structured Products. <a href=""https://news.google.com/rss/articles/CBMixwFBVV95cUxNb3Nfb18zakRKWXBhbkJxZUtMX1NPbUVmeGtqODR4QmNwZ2EyWlA1UDJ1ZEExMjlQQmZDVkhyTHhxTHZXZEFuTVVDZVFmS1gwemc0UXZUUkx1YVN3TGM1YjRjcW5ycXJnazB4U24wWWExcndTa1NtQ2pSMjZJVjB1bVR0dkc4NEM4bzF5Y0hPUGxrdkV6RmZNcWFLb2RhY2M5dXV4NEN4bnBRUEJCcklTcFlFd25nUlpvZDBYLW1DZWg3bWVrdThR?oc=5"" target=""_blank"">Ping An Bank structured products offering increases despite deposit curb</a>&nbsp;&nbsp;<font color=""#6f6f6f"">SRP Structured Products</font>",positive,0.8599774
2025-02-18,2025-02-18T08:00:00+00:00,000001.SZ,"""平安银行"" - Google News",【公司】农业银行(01288.HK)获平安资管增持 - TradingView,"<a href=""https://news.google.com/rss/articles/CBMigAFBVV95cUxPOUxUOC1pRkVpSGdtRHk5UElyOFpQaTlTdy05NEVtSVVJSDd0WGRCMVRZSWY0b0I5bGtBMzFWcG9XNHdjWVY3Y2tlRlFoZUxJY2ZRTGtLUWh3MFk3NGJYY2I0M3JDbFZxRExVaFAzaFBBRjBMajZuLVFHOXJEanE3dw?oc=5"" target=""_blank"">【公司】农业银行(01288.HK)获平安资管增持</a>&nbsp;&nbsp;<font color=""#6f6f6f"">TradingView</font>",https://news.google.com/rss/articles/CBMigAFBVV95cUxPOUxUOC1pRkVpSGdtRHk5UElyOFpQaTlTdy05NEVtSVVJSDd0WGRCMVRZSWY0b0I5bGtBMzFWcG9XNHdjWVY3Y2tlRlFoZUxJY2ZRTGtLUWh3MFk3NGJYY2I0M3JDbFZxRExVaFAzaFBBRjBMajZuLVFHOXJEanE3dw?oc=5,平安银行,"【公司】农业银行(01288.HK)获平安资管增持 - TradingView. <a href=""https://news.google.com/rss/articles/CBMigAFBVV95cUxPOUxUOC1pRkVpSGdtRHk5UElyOFpQaTlTdy05NEVtSVVJSDd0WGRCMVRZSWY0b0I5bGtBMzFWcG9XNHdjWVY3Y2tlRlFoZUxJY2ZRTGtLUWh3MFk3NGJYY2I0M3JDbFZxRExVaFAzaFBBRjBMajZuLVFHOXJEanE3dw?oc=5"" target=""_blank"">【公司】农业银行(01288.HK)获平安资管增持</a>&nbsp;&nbsp;<font color=""#6f6f6f"">TradingView</font>",neutral,0.034585148
2025-03-26,2025-03-26T21:58:11+00:00,000001.SZ,"""Ping An Bank"" - Google News",Ping An rallies seven Hong Kong banks for blockchain trade finance platform - FinTech Futures,"<a href=""https://news.google.com/rss/articles/CBMisAFBVV95cUxPVFplQXJEV05PSXRXazAxeXEtN2VMSFdod1Z6OE04Y3FmRkFnYXZ3dTY3YWpJdWdfOUNkc3ZZYWE0LTRHUU9IVUJZQ1B0RVVZSENtTUp3dHQ3cEU4enFvZGpBUzh6anltd3Jxb2k1VU5yV3NqYUJaUzhldkMxRE80NnphVmZrcFc3X1UwY0l6cm10bmZLamNzMUhTTmlBVjZpeGZ0UXVId3F2Tngyd1htTw?oc=5"" target=""_blank"">Ping An rallies seven Hong Kong banks for blockchain trade finance platform</a>&nbsp;&nbsp;<font color=""#6f6f6f"">FinTech Futures</font>",https://news.google.com/rss/articles/CBMisAFBVV95cUxPVFplQXJEV05PSXRXazAxeXEtN2VMSFdod1Z6OE04Y3FmRkFnYXZ3dTY3YWpJdWdfOUNkc3ZZYWE0LTRHUU9IVUJZQ1B0RVVZSENtTUp3dHQ3cEU4enFvZGpBUzh6anltd3Jxb2k1VU5yV3NqYUJaUzhldkMxRE80NnphVmZrcFc3X1UwY0l6cm10bmZLamNzMUhTTmlBVjZpeGZ0UXVId3F2Tngyd1htTw?oc=5,Ping An Bank,"Ping An rallies seven Hong Kong banks for blockchain trade finance platform - FinTech Futures. <a href=""https://news.google.com/rss/articles/CBMisAFBVV95cUxPVFplQXJEV05PSXRXazAxeXEtN2VMSFdod1Z6OE04Y3FmRkFnYXZ3dTY3YWpJdWdfOUNkc3ZZYWE0LTRHUU9IVUJZQ1B0RVVZSENtTUp3dHQ3cEU4enFvZGpBUzh6anltd3Jxb2k1VU5yV3NqYUJaUzhldkMxRE80NnphVmZrcFc3X1UwY0l6cm10bmZLamNzMUhTTmlBVjZpeGZ0UXVId3F2Tngyd1htTw?oc=5"" target=""_blank"">Ping An rallies seven Hong Kong banks for blockchain trade finance platform</a>&nbsp;&nbsp;<font color=""#6f6f6f"">FinTech Futures</font>",neutral,0.16755149
2025-04-25,2025-04-25T07:00:00+00:00,000001.SZ,"""Ping An Bank"" - Google News",Ping An Insurance's first quarter profit hit by slump in investment income - Reuters,"<a href=""https://news.google.com/rss/articles/CBMiswFBVV95cUxQRnBfSmhVZVVqbjdiTjktbVhUcVloZkJ1WVpUNkNYLXJCSEpJZXczOF94c3h2Sk1oblZtdG1zZF9PY3hnb3JFY05Ed2s0bXl2d3BGMHFvRmV3MlNXdUJkeHdWSE5NNE1YbVNjQ1lrU0t0ZG05aEhCQ0txNmtVM1BQdEVMS09VbG5yTnpEWnF0R2hYeWhZbVBzZXYyM3NfRVIySHJ3SjFoR2k4REZKazd2S1VOSQ?oc=5"" target=""_blank"">Ping An Insurance's first quarter profit hit by slump in investment income</a>&nbsp;&nbsp;<font color=""#6f6f6f"">Reuters</font>",https://news.google.com/rss/articles/CBMiswFBVV95cUxQRnBfSmhVZVVqbjdiTjktbVhUcVloZkJ1WVpUNkNYLXJCSEpJZXczOF94c3h2Sk1oblZtdG1zZF9PY3hnb3JFY05Ed2s0bXl2d3BGMHFvRmV3MlNXdUJkeHdWSE5NNE1YbVNjQ1lrU0t0ZG05aEhCQ0txNmtVM1BQdEVMS09VbG5yTnpEWnF0R2hYeWhZbVBzZXYyM3NfRVIySHJ3SjFoR2k4REZKazd2S1VOSQ?oc=5,Ping An Bank,"Ping An Insurance's first quarter profit hit by slump in investment income - Reuters. <a href=""https://news.google.com/rss/articles/CBMiswFBVV95cUxQRnBfSmhVZVVqbjdiTjktbVhUcVloZkJ1WVpUNkNYLXJCSEpJZXczOF94c3h2Sk1oblZtdG1zZF9PY3hnb3JFY05Ed2s0bXl2d3BGMHFvRmV3MlNXdUJkeHdWSE5NNE1YbVNjQ1lrU0t0ZG05aEhCQ0txNmtVM1BQdEVMS09VbG5yTnpEWnF0R2hYeWhZbVBzZXYyM3NfRVIySHJ3SjFoR2k4REZKazd2S1VOSQ?oc=5"" target=""_blank"">Ping An Insurance's first quarter profit hit by slump in investment income</a>&nbsp;&nbsp;<font color=""#6f6f6f"">Reuters</font>",negative,-0.94321114
2025-04-29,2025-04-29T07:00:00+00:00,000001.SZ,"""Ping An Bank"" - Google News",Ping An posts Q1 growth as health strategy drives expansion - Insurance Business,"<a href=""https://news.google.com/rss/articles/CBMiyAFBVV95cUxQX3hveXZ5S24zZnplQ0NoRGtzTUM2aldVS2Vod3ctbHpVd2x5Qk5wYXNaSHFMd2FDUWUzeUNkNnB5elhUS3Nicjg5ZUtZcXczRHk3X0pIcE5CS0ZGY18xYmN3aDFveHRwT2RVaV9kX2pLdW9uY19NMXk0VGhIT1FMbVFycTlSRTV4S1hoNERkRHg4V3c2Um5FQjBWNU1IeDVCS2oyX01HNUVIc2xaZ2hpX0hVY2d2S0hmTEVyZ2lValRJbG1lRTZocA?oc=5"" target=""_blank"">Ping An posts Q1 growth as health strategy drives expansion</a>&nbsp;&nbsp;<font color=""#6f6f6f"">Insurance Business</font>",https://news.google.com/rss/articles/CBMiyAFBVV95cUxQX3hveXZ5S24zZnplQ0NoRGtzTUM2aldVS2Vod3ctbHpVd2x5Qk5wYXNaSHFMd2FDUWUzeUNkNnB5elhUS3Nicjg5ZUtZcXczRHk3X0pIcE5CS0ZGY18xYmN3aDFveHRwT2RVaV9kX2pLdW9uY19NMXk0VGhIT1FMbVFycTlSRTV4S1hoNERkRHg4V3c2Um5FQjBWNU1IeDVCS2oyX01HNUVIc2xaZ2hpX0hVY2d2S0hmTEVyZ2lValRJbG1lRTZocA?oc=5,Ping An Bank,"Ping An posts Q1 growth as health strategy drives expansion - Insurance Business. <a href=""https://news.google.com/rss/articles/CBMiyAFBVV95cUxQX3hveXZ5S24zZnplQ0NoRGtzTUM2aldVS2Vod3ctbHpVd2x5Qk5wYXNaSHFMd2FDUWUzeUNkNnB5elhUS3Nicjg5ZUtZcXczRHk3X0pIcE5CS0ZGY18xYmN3aDFveHRwT2RVaV9kX2pLdW9uY19NMXk0VGhIT1FMbVFycTlSRTV4S1hoNERkRHg4V3c2Um5FQjBWNU1IeDVCS2oyX01HNUVIc2xaZ2hpX0hVY2d2S0hmTEVyZ2lValRJbG1lRTZocA?oc=5"" target=""_blank"">Ping An posts Q1 growth as health strategy drives expansion</a>&nbsp;&nbsp;<font color=""#6f6f6f"">Insurance Business</font>",positive,0.8745527
2025-05-06,2025-05-06T07:00:00+00:00,000001.SZ,"""Ping An Bank"" - Google News","Ping An Bank Co., Ltd.'s (SZSE:000001) Largest Shareholders Are Public Companies With 58% Ownership, Individual Investors Own 34% - Moomoo","<a href=""https://news.google.com/rss/articles/CBMinAFBVV95cUxOZlgzT3EteHlUeHBuZC00VTdiNkdNWjltREh6U29INkpBRTZtMFI5SGhLeWRWTG5pdjVDVWxjME1zVTZLcWE0M29SdEQ3TU5BUzZ5VTVFRTVsQ2NTSGwyUzVsWVIwU2tVbmRnNmZCTm9CanBtejVrek04bDZpb011c0g0NnV4akZmU2dmZF9vNkhGSEdBdEtObExial8?oc=5"" target=""_blank"">Ping An Bank Co., Ltd.'s (SZSE:000001) Largest Shareholders Are Public Companies With 58% Ownership, Individual Investors Own 34%</a>&nbsp;&nbsp;<font color=""#6f6f6f"">Moomoo</font>",https://news.google.com/rss/articles/CBMinAFBVV95cUxOZlgzT3EteHlUeHBuZC00VTdiNkdNWjltREh6U29INkpBRTZtMFI5SGhLeWRWTG5pdjVDVWxjME1zVTZLcWE0M29SdEQ3TU5BUzZ5VTVFRTVsQ2NTSGwyUzVsWVIwU2tVbmRnNmZCTm9CanBtejVrek04bDZpb011c0g0NnV4akZmU2dmZF9vNkhGSEdBdEtObExial8?oc=5,Ping An Bank,"Ping An Bank Co., Ltd.'s (SZSE:000001) Largest Shareholders Are Public Companies With 58% Ownership, Individual Investors Own 34% - Moomoo. <a href=""https://news.google.com/rss/articles/CBMinAFBVV95cUxOZlgzT3EteHlUeHBuZC00VTdiNkdNWjltREh6U29INkpBRTZtMFI5SGhLeWRWTG5pdjVDVWxjME1zVTZLcWE0M29SdEQ3TU5BUzZ5VTVFRTVsQ2NTSGwyUzVsWVIwU2tVbmRnNmZCTm9CanBtejVrek04bDZpb011c0g0NnV4akZmU2dmZF9vNkhGSEdBdEtObExial8?oc=5"" target=""_blank"">Ping An Bank Co., Ltd.'s (SZSE:000001) Largest Shareholders Are Public Companies With 58% Ownership, Individual Investors Own 34%</a>&nbsp;&nbsp;<font color=""#6f6f6f"">Moomoo</font>",neutral,0.0160237
2025-06-10,2025-06-10T07:00:00+00:00,000001.SZ,"""Ping An Bank"" - Google News",Labubu becomes bait for China’s Ping An Bank to lure young customers - South China Morning Post,"<a href=""https://news.google.com/rss/articles/CBMiyAFBVV95cUxNdWItcXJmWWdLNFBRdGp1cW1MdzFGZ1J3dEYtbUFVMDF3eHdmSDFLYVAxVllCR0htY0hRSHZBSkgyeVVnWkpEY04yR2FHZUxaMzdYU2ptVnE4ME1vcEY4UUdLcmZKbUk0bG5nbjlpNUJBZ1dNcW1wNG5pOFFvMUQ2WTRQNjlfcWx3cW5yakNyZ1FIeEhKanRBdnRSYlFBd0loVkdTVFY5MUNjSDNzb3lqWlVraFY3WXJpVC1DdUFEZk91NzRiN2RiddIByAFBVV95cUxNaGpzU0J1ZzBteUl2ZnZYSzB2WGVSQ1hwc21aQlJsRzBVZHhicFRmNTJSMjZMV1VBRk5FZlltc2lzcXI1YzB4NEVpUEpQYlkyZTRWME9zMHJ6elBmX0pDSURYU3RZUl9MYzBjbUY4cnFWWF8ybmpsRjlzRmk4UTMwdWlEVm5RMjI0bXgzMU14MjdYd1pJdmFDMzBHekdBNU9fVEYwQVRabkFnaXRBWC1icEkxSEpxT2dLblpINElsZXlFUmZnVDluaA?oc=5"" target=""_blank"">Labubu becomes bait for China’s Ping An Bank to lure young customers</a>&nbsp;&nbsp;<font color=""#6f6f6f"">South China Morning Post</font>",https://news.google.com/rss/articles/CBMiyAFBVV95cUxNdWItcXJmWWdLNFBRdGp1cW1MdzFGZ1J3dEYtbUFVMDF3eHdmSDFLYVAxVllCR0htY0hRSHZBSkgyeVVnWkpEY04yR2FHZUxaMzdYU2ptVnE4ME1vcEY4UUdLcmZKbUk0bG5nbjlpNUJBZ1dNcW1wNG5pOFFvMUQ2WTRQNjlfcWx3cW5yakNyZ1FIeEhKanRBdnRSYlFBd0loVkdTVFY5MUNjSDNzb3lqWlVraFY3WXJpVC1DdUFEZk91NzRiN2RiddIByAFBVV95cUxNaGpzU0J1ZzBteUl2ZnZYSzB2WGVSQ1hwc21aQlJsRzBVZHhicFRmNTJSMjZMV1VBRk5FZlltc2lzcXI1YzB4NEVpUEpQYlkyZTRWME9zMHJ6elBmX0pDSURYU3RZUl9MYzBjbUY4cnFWWF8ybmpsRjlzRmk4UTMwdWlEVm5RMjI0bXgzMU14MjdYd1pJdmFDMzBHekdBNU9fVEYwQVRabkFnaXRBWC1icEkxSEpxT2dLblpINElsZXlFUmZnVDluaA?oc=5,Ping An Bank,"Labubu becomes bait for China’s Ping An Bank to lure young customers - South China Morning Post. <a href=""https://news.google.com/rss/articles/CBMiyAFBVV95cUxNdWItcXJmWWdLNFBRdGp1cW1MdzFGZ1J3dEYtbUFVMDF3eHdmSDFLYVAxVllCR0htY0hRSHZBSkgyeVVnWkpEY04yR2FHZUxaMzdYU2ptVnE4ME1vcEY4UUdLcmZKbUk0bG5nbjlpNUJBZ1dNcW1wNG5pOFFvMUQ2WTRQNjlfcWx3cW5yakNyZ1FIeEhKanRBdnRSYlFBd0loVkdTVFY5MUNjSDNzb3lqWlVraFY3WXJpVC1DdUFEZk91NzRiN2RiddIByAFBVV95cUxNaGpzU0J1ZzBteUl2ZnZYSzB2WGVSQ1hwc21aQlJsRzBVZHhicFRmNTJSMjZMV1VBRk5FZlltc2lzcXI1YzB4NEVpUEpQYlkyZTRWME9zMHJ6elBmX0pDSURYU3RZUl9MYzBjbUY4cnFWWF8ybmpsRjlzRmk4UTMwdWlEVm5RMjI0bXgzMU14MjdYd1pJdmFDMzBHekdBNU9fVEYwQVRabkFnaXRBWC1icEkxSEpxT2dLblpINElsZXlFUmZnVDluaA?oc=5"" target=""_blank"">Labubu becomes bait for China’s Ping An Bank to lure young customers</a>&nbsp;&nbsp;<font color=""#6f6f6f"">South China Morning Post</font>",neutral,0.109565765
2025-06-10,2025-06-10T07:00:00+00:00,000001.SZ,"""Ping An Bank"" - Google News",China bans bank from luring depositors with popular Labubu dolls - Fortune,"<a href=""https://news.google.com/rss/articles/CBMiigFBVV95cUxOa2hHMTdtcXAyREc2Ri1EQkpIazkwS0tBMThHS1h0NnJHZkRrdGpyWFh3c3dUMmg5Z1ZvdDYyaV9PbVFid1JPaERzOG11dnQ3ejdkSXpNMU5WcVdreG0zYlhUcHdmTFlKYjJLaU95TzQyTjVoZUhweFAxUGdSZzBMeEZXSE13aGxWZmc?oc=5"" target=""_blank"">China bans bank from luring depositors with popular Labubu dolls</a>&nbsp;&nbsp;<font color=""#6f6f6f"">Fortune</font>",https://news.google.com/rss/articles/CBMiigFBVV95cUxOa2hHMTdtcXAyREc2Ri1EQkpIazkwS0tBMThHS1h0NnJHZkRrdGpyWFh3c3dUMmg5Z1ZvdDYyaV9PbVFid1JPaERzOG11dnQ3ejdkSXpNMU5WcVdreG0zYlhUcHdmTFlKYjJLaU95TzQyTjVoZUhweFAxUGdSZzBMeEZXSE13aGxWZmc?oc=5,Ping An Bank,"China bans bank from luring depositors with popular Labubu dolls - Fortune. <a href=""https://news.google.com/rss/articles/CBMiigFBVV95cUxOa2hHMTdtcXAyREc2Ri1EQkpIazkwS0tBMThHS1h0NnJHZkRrdGpyWFh3c3dUMmg5Z1ZvdDYyaV9PbVFid1JPaERzOG11dnQ3ejdkSXpNMU5WcVdreG0zYlhUcHdmTFlKYjJLaU95TzQyTjVoZUhweFAxUGdSZzBMeEZXSE13aGxWZmc?oc=5"" target=""_blank"">China bans bank from luring depositors with popular Labubu dolls</a>&nbsp;&nbsp;<font color=""#6f6f6f"">Fortune</font>",negative,-0.70607066
2025-06-12,2025-06-12T07:00:00+00:00,000001.SZ,"""Ping An Bank"" - Google News",Chinese bank barred from offering customers free Labubu dolls - upi.com,"<a href=""https://news.google.com/rss/articles/CBMif0FVX3lxTE5ORUJDUXpyVW9Zc0JkQ1hsOXM3VmxCUVZqSk1paEZrcmkwUDBWSnlFT2JKbDk4b3ZlQ1J4c190bDZiMF9iamYxeTZpclppRWpIRzBaTXZGRUdHNnNHZGs2Q3BHNG1COUM0VmNfd0g2WHVOM1VuN2tCODBQNGVnVDjSAYQBQVVfeXFMUFlzZzJ4MFhpakdVamFDYW05X24wZk83aTN5S1BKVFZES1FRWnc3OFNZYXJ1amlaWF9JNnpkZWdsenpjVURrSUhJcHVSZkh3eXdwdGhhNTJhUE5PRUxkYTdlb2xHUGF2bHpFYmJtWWl1UE5HM3VjTVduNzd4WjZRLVdWOXh1?oc=5"" target=""_blank"">Chinese bank barred from offering customers free Labubu dolls</a>&nbsp;&nbsp;<font color=""#6f6f6f"">upi.com</font>",https://news.google.com/rss/articles/CBMif0FVX3lxTE5ORUJDUXpyVW9Zc0JkQ1hsOXM3VmxCUVZqSk1paEZrcmkwUDBWSnlFT2JKbDk4b3ZlQ1J4c190bDZiMF9iamYxeTZpclppRWpIRzBaTXZGRUdHNnNHZGs2Q3BHNG1COUM0VmNfd0g2WHVOM1VuN2tCODBQNGVnVDjSAYQBQVVfeXFMUFlzZzJ4MFhpakdVamFDYW05X24wZk83aTN5S1BKVFZES1FRWnc3OFNZYXJ1amlaWF9JNnpkZWdsenpjVURrSUhJcHVSZkh3eXdwdGhhNTJhUE5PRUxkYTdlb2xHUGF2bHpFYmJtWWl1UE5HM3VjTVduNzd4WjZRLVdWOXh1?oc=5,Ping An Bank,"Chinese bank barred from offering customers free Labubu dolls - upi.com. <a href=""https://news.google.com/rss/articles/CBMif0FVX3lxTE5ORUJDUXpyVW9Zc0JkQ1hsOXM3VmxCUVZqSk1paEZrcmkwUDBWSnlFT2JKbDk4b3ZlQ1J4c190bDZiMF9iamYxeTZpclppRWpIRzBaTXZGRUdHNnNHZGs2Q3BHNG1COUM0VmNfd0g2WHVOM1VuN2tCODBQNGVnVDjSAYQBQVVfeXFMUFlzZzJ4MFhpakdVamFDYW05X24wZk83aTN5S1BKVFZES1FRWnc3OFNZYXJ1amlaWF9JNnpkZWdsenpjVURrSUhJcHVSZkh3eXdwdGhhNTJhUE5PRUxkYTdlb2xHUGF2bHpFYmJtWWl1UE5HM3VjTVduNzd4WjZRLVdWOXh1?oc=5"" target=""_blank"">Chinese bank barred from offering customers free Labubu dolls</a>&nbsp;&nbsp;<font color=""#6f6f6f"">upi.com</font>",negative,-0.89184386
2025-06-12,2025-06-12T07:00:00+00:00,000001.SZ,"""Ping An Bank"" - Google News",The puppet challenging the Chinese banking system: the Labubu case - Il Sole 24 ORE,"<a href=""https://news.google.com/rss/articles/CBMiowFBVV95cUxOS21ad2lXcnNXaUltc3ozZlk2cUN5cmQ5RUVPX1Q4YnJSZjROcGdmN2VWZDNJeTBWR2RWWWNfV0o5Q2tZUjJ3cFJ5cGpjOUZ3X0VKamdpM2ZCOFBJb2xZWVBJQUV1QkttQ3RhV1cyYk0wNFBlOHppNzMwQ21CdDJaM3p2eGNaWGlCSnZxOVBiSmJqV3ZuUVBaNHJ1b1ZhTEtMdFV3?oc=5"" target=""_blank"">The puppet challenging the Chinese banking system: the Labubu case</a>&nbsp;&nbsp;<font color=""#6f6f6f"">Il Sole 24 ORE</font>",https://news.google.com/rss/articles/CBMiowFBVV95cUxOS21ad2lXcnNXaUltc3ozZlk2cUN5cmQ5RUVPX1Q4YnJSZjROcGdmN2VWZDNJeTBWR2RWWWNfV0o5Q2tZUjJ3cFJ5cGpjOUZ3X0VKamdpM2ZCOFBJb2xZWVBJQUV1QkttQ3RhV1cyYk0wNFBlOHppNzMwQ21CdDJaM3p2eGNaWGlCSnZxOVBiSmJqV3ZuUVBaNHJ1b1ZhTEtMdFV3?oc=5,Ping An Bank,"The puppet challenging the Chinese banking system: the Labubu case - Il Sole 24 ORE. <a href=""https://news.google.com/rss/articles/CBMiowFBVV95cUxOS21ad2lXcnNXaUltc3ozZlk2cUN5cmQ5RUVPX1Q4YnJSZjROcGdmN2VWZDNJeTBWR2RWWWNfV0o5Q2tZUjJ3cFJ5cGpjOUZ3X0VKamdpM2ZCOFBJb2xZWVBJQUV1QkttQ3RhV1cyYk0wNFBlOHppNzMwQ21CdDJaM3p2eGNaWGlCSnZxOVBiSmJqV3ZuUVBaNHJ1b1ZhTEtMdFV3?oc=5"" target=""_blank"">The puppet challenging the Chinese banking system: the Labubu case</a>&nbsp;&nbsp;<font color=""#6f6f6f"">Il Sole 24 ORE</font>",neutral,-0.019384153
2025-06-18,2025-06-18T17:00:00+00:00,000001.SZ,Ping An Bank - Bing新聞,000001K線圖型態,獲得Ping An Bank Co Ltd股票所有相關的牛熊即時K線圖形態，以此推測市場走勢。平安銀行股票形態可以依不同時間段顯示，以因應長、短線的投資所需。利用我們的自動形態辨認功能，一窺市場 ...,http://www.bing.com/news/apiclick.aspx?ref=FexRss&aid=&tid=69fb168ec8e541c580ef517b48ae6d2d&url=https%3a%2f%2fhk.investing.com%2fequities%2fping-an-bank-a-candlestick&c=18296679046494041829&mkt=zh-tw,Ping An Bank,000001K線圖型態. 獲得Ping An Bank Co Ltd股票所有相關的牛熊即時K線圖形態，以此推測市場走勢。平安銀行股票形態可以依不同時間段顯示，以因應長、短線的投資所需。利用我們的自動形態辨認功能，一窺市場 ...,neutral,0.03837692
2025-06-20,2025-06-20T07:00:00+00:00,000001.SZ,"""Ping An Bank"" - Google 新闻",UNEP FI Regional Roundtable Asia Pacific 2025 - United Nations Environment Programme Finance Initiative,"<a href=""https://news.google.com/rss/articles/CBMiigFBVV95cUxQMUk4OHU5SEQ3QWxNU2pHZGdGLWVfTlN3OG5pbVl0NjhQYXRrdDlOcGg4cWpqbHF6TUg2SEdKN3l3T3FaWHotOF9qOWJkLUNuUGJ1SnkzNmp2enpGSXJLeG4ySW5WV09HaVhlWm5hMmVIUWJxRHgwTUVVdjNKeUlSQXhYOHRzeWZHQkE?oc=5"" target=""_blank"">UNEP FI Regional Roundtable Asia Pacific 2025</a>&nbsp;&nbsp;<font color=""#6f6f6f"">United Nations Environment Programme Finance Initiative</font>",https://news.google.com/rss/articles/CBMiigFBVV95cUxQMUk4OHU5SEQ3QWxNU2pHZGdGLWVfTlN3OG5pbVl0NjhQYXRrdDlOcGg4cWpqbHF6TUg2SEdKN3l3T3FaWHotOF9qOWJkLUNuUGJ1SnkzNmp2enpGSXJLeG4ySW5WV09HaVhlWm5hMmVIUWJxRHgwTUVVdjNKeUlSQXhYOHRzeWZHQkE?oc=5,Ping An Bank,"UNEP FI Regional Roundtable Asia Pacific 2025 - United Nations Environment Programme Finance Initiative. <a href=""https://news.google.com/rss/articles/CBMiigFBVV95cUxQMUk4OHU5SEQ3QWxNU2pHZGdGLWVfTlN3OG5pbVl0NjhQYXRrdDlOcGg4cWpqbHF6TUg2SEdKN3l3T3FaWHotOF9qOWJkLUNuUGJ1SnkzNmp2enpGSXJLeG4ySW5WV09HaVhlWm5hMmVIUWJxRHgwTUVVdjNKeUlSQXhYOHRzeWZHQkE?oc=5"" target=""_blank"">UNEP FI Regional Roundtable Asia Pacific 2025</a>&nbsp;&nbsp;<font color=""#6f6f6f"">United Nations Environment Programme Finance Initiative</font>",neutral,0.03301987
2025-06-24,2025-06-24T07:00:00+00:00,000001.SZ,"""Ping An Bank"" - Google News",Ping An Builds $23 Billion Stake in China Banks on Dividend Bet - Bloomberg,"<a href=""https://news.google.com/rss/articles/CBMiswFBVV95cUxObUJQT01ienJSRGl1RWRVQTZVTktGeU9Db2xBbjVCel9MQVNPdVdXRndMeUF2dThoZXFKTEhuQXRqdzQ4bmRiYTJiVUtBaUQ2SkhzZ01QQ2NCOXJKc0ZsMF9Xcm5zZGlvTUVLUmlobFhzRTR0eHdFYkRVR0E0WjBicFZKc3FmNFlNRzhUSEJxVzJiTG9XZU9MRHpObTZTTkxzOVFiNjBWNVhUWm1ORjg1bzhWcw?oc=5"" target=""_blank"">Ping An Builds $23 Billion Stake in China Banks on Dividend Bet</a>&nbsp;&nbsp;<font color=""#6f6f6f"">Bloomberg</font>",https://news.google.com/rss/articles/CBMiswFBVV95cUxObUJQT01ienJSRGl1RWRVQTZVTktGeU9Db2xBbjVCel9MQVNPdVdXRndMeUF2dThoZXFKTEhuQXRqdzQ4bmRiYTJiVUtBaUQ2SkhzZ01QQ2NCOXJKc0ZsMF9Xcm5zZGlvTUVLUmlobFhzRTR0eHdFYkRVR0E0WjBicFZKc3FmNFlNRzhUSEJxVzJiTG9XZU9MRHpObTZTTkxzOVFiNjBWNVhUWm1ORjg1bzhWcw?oc=5,Ping An Bank,"Ping An Builds $23 Billion Stake in China Banks on Dividend Bet - Bloomberg. <a href=""https://news.google.com/rss/articles/CBMiswFBVV95cUxObUJQT01ienJSRGl1RWRVQTZVTktGeU9Db2xBbjVCel9MQVNPdVdXRndMeUF2dThoZXFKTEhuQXRqdzQ4bmRiYTJiVUtBaUQ2SkhzZ01QQ2NCOXJKc0ZsMF9Xcm5zZGlvTUVLUmlobFhzRTR0eHdFYkRVR0E0WjBicFZKc3FmNFlNRzhUSEJxVzJiTG9XZU9MRHpObTZTTkxzOVFiNjBWNVhUWm1ORjg1bzhWcw?oc=5"" target=""_blank"">Ping An Builds $23 Billion Stake in China Banks on Dividend Bet</a>&nbsp;&nbsp;<font color=""#6f6f6f"">Bloomberg</font>",neutral,0.105985425
2025-06-25,2025-06-25T07:00:00+00:00,000001.SZ,"""Ping An Bank"" - Google News",Ping An Bank to maintain moderate profitability: Moody’s - Asian Banking & Finance,"<a href=""https://news.google.com/rss/articles/CBMipgFBVV95cUxNZ2h1N2tHalp5WmtuZWpBXzRmUk1TNGtyNlR4U2lHNTNGdDVDelBxYVc0LTNPZS1Kc2JzWW82SW9jeW9kbWk3LUFCbnJfa0dRWm9DZWZjaTR5UEtoSlJpbVc1UWlHRXhWRTZvaC1RTFQtbFMxWFFERWs5SFprRGxQR056R3dQQzBkNjNKQXhETE40UzZNaHZWdUEtdUl3bXBpUTRyTTZB?oc=5"" target=""_blank"">Ping An Bank to maintain moderate profitability: Moody’s</a>&nbsp;&nbsp;<font color=""#6f6f6f"">Asian Banking & Finance</font>",https://news.google.com/rss/articles/CBMipgFBVV95cUxNZ2h1N2tHalp5WmtuZWpBXzRmUk1TNGtyNlR4U2lHNTNGdDVDelBxYVc0LTNPZS1Kc2JzWW82SW9jeW9kbWk3LUFCbnJfa0dRWm9DZWZjaTR5UEtoSlJpbVc1UWlHRXhWRTZvaC1RTFQtbFMxWFFERWs5SFprRGxQR056R3dQQzBkNjNKQXhETE40UzZNaHZWdUEtdUl3bXBpUTRyTTZB?oc=5,Ping An Bank,"Ping An Bank to maintain moderate profitability: Moody’s - Asian Banking & Finance. <a href=""https://news.google.com/rss/articles/CBMipgFBVV95cUxNZ2h1N2tHalp5WmtuZWpBXzRmUk1TNGtyNlR4U2lHNTNGdDVDelBxYVc0LTNPZS1Kc2JzWW82SW9jeW9kbWk3LUFCbnJfa0dRWm9DZWZjaTR5UEtoSlJpbVc1UWlHRXhWRTZvaC1RTFQtbFMxWFFERWs5SFprRGxQR056R3dQQzBkNjNKQXhETE40UzZNaHZWdUEtdUl3bXBpUTRyTTZB?oc=5"" target=""_blank"">Ping An Bank to maintain moderate profitability: Moody’s</a>&nbsp;&nbsp;<font color=""#6f6f6f"">Asian Banking & Finance</font>",positive,0.83961934
2025-07-02,2025-07-02T13:52:55+00:00,000001.SZ,"""000001"" - Google News",SSE Composite Index (000001) - Moomoo,"<a href=""https://news.google.com/rss/articles/CBMiT0FVX3lxTE1iWmhFMzhQZHFDYnF1Vm1lVHhOcloyMTNiOVZVNmFnb1dRM01QNGtibWt6NTJ1TWRjZ3JqV1BydlA2aGhwWXM1Rk5WMVlocE0?oc=5"" target=""_blank"">SSE Composite Index (000001)</a>&nbsp;&nbsp;<font color=""#6f6f6f"">Moomoo</font>",https://news.google.com/rss/articles/CBMiT0FVX3lxTE1iWmhFMzhQZHFDYnF1Vm1lVHhOcloyMTNiOVZVNmFnb1dRM01QNGtibWt6NTJ1TWRjZ3JqV1BydlA2aGhwWXM1Rk5WMVlocE0?oc=5,000001,"SSE Composite Index (000001) - Moomoo. <a href=""https://news.google.com/rss/articles/CBMiT0FVX3lxTE1iWmhFMzhQZHFDYnF1Vm1lVHhOcloyMTNiOVZVNmFnb1dRM01QNGtibWt6NTJ1TWRjZ3JqV1BydlA2aGhwWXM1Rk5WMVlocE0?oc=5"" target=""_blank"">SSE Composite Index (000001)</a>&nbsp;&nbsp;<font color=""#6f6f6f"">Moomoo</font>",neutral,-0.0028151758
2025-07-09,2025-07-09T07:00:00+00:00,000001.SZ,"""Ping An Bank"" - Google News",Ping An Bank wins Best Trade Finance Bank in China for leveraging technology to upgrade supply chain finance - The Asian Banker,"<a href=""https://news.google.com/rss/articles/CBMi4AFBVV95cUxPMkdNU1VNLVU1ajdVZVFSWUlnTUxvQXktbkNDMUI1dzBlOFhySnFJWVpmbGNiNWx6cnQ5MVo2UWJrU3o2Z3psLTQySy1GT0dhNUJNdUoyckh6cm1pT1pUYzk3SzJndmJDeG9jV1ljdVFTVDlFNGp5VEpSbHYwYWltbzlwaEdvakxSZFhUa3RiMm5PQlZpRjlIbVhvRHYyM2hONHNMd2dYdFVpVnVJbld4bkZ2RGVvMjl3SEVoM3BHMGx0Y3hpQm95ZmNyMUN6RU5GX2o2bTI5cUN3X0E0Rm9PLQ?oc=5"" target=""_blank"">Ping An Bank wins Best Trade Finance Bank in China for leveraging technology to upgrade supply chain finance</a>&nbsp;&nbsp;<font color=""#6f6f6f"">The Asian Banker</font>",https://news.google.com/rss/articles/CBMi4AFBVV95cUxPMkdNU1VNLVU1ajdVZVFSWUlnTUxvQXktbkNDMUI1dzBlOFhySnFJWVpmbGNiNWx6cnQ5MVo2UWJrU3o2Z3psLTQySy1GT0dhNUJNdUoyckh6cm1pT1pUYzk3SzJndmJDeG9jV1ljdVFTVDlFNGp5VEpSbHYwYWltbzlwaEdvakxSZFhUa3RiMm5PQlZpRjlIbVhvRHYyM2hONHNMd2dYdFVpVnVJbld4bkZ2RGVvMjl3SEVoM3BHMGx0Y3hpQm95ZmNyMUN6RU5GX2o2bTI5cUN3X0E0Rm9PLQ?oc=5,Ping An Bank,"Ping An Bank wins Best Trade Finance Bank in China for leveraging technology to upgrade supply chain finance - The Asian Banker. <a href=""https://news.google.com/rss/articles/CBMi4AFBVV95cUxPMkdNU1VNLVU1ajdVZVFSWUlnTUxvQXktbkNDMUI1dzBlOFhySnFJWVpmbGNiNWx6cnQ5MVo2UWJrU3o2Z3psLTQySy1GT0dhNUJNdUoyckh6cm1pT1pUYzk3SzJndmJDeG9jV1ljdVFTVDlFNGp5VEpSbHYwYWltbzlwaEdvakxSZFhUa3RiMm5PQlZpRjlIbVhvRHYyM2hONHNMd2dYdFVpVnVJbld4bkZ2RGVvMjl3SEVoM3BHMGx0Y3hpQm95ZmNyMUN6RU5GX2o2bTI5cUN3X0E0Rm9PLQ?oc=5"" target=""_blank"">Ping An Bank wins Best Trade Finance Bank in China for leveraging technology to upgrade supply chain finance</a>&nbsp;&nbsp;<font color=""#6f6f6f"">The Asian Banker</font>",positive,0.9206057
2025-07-09,2025-07-09T07:00:00+00:00,000001.SZ,"""Ping An Bank"" - Google News",Ping An Bank awarded Best AI/Gen AI Application in Retail Marketing Initiative in Asia Pacific for groundbreaking achievements in AI-driven content marketing - The Asian Banker,"<a href=""https://news.google.com/rss/articles/CBMingJBVV95cUxQVGt0SWs5SGJROVpUYW4tZVdROVRSZFZpTGdnRktRbXVyanNPdjFWcHgtNDlzRE9BeUpSY05IX0NNcm9Uem5Ydjh4dTlic3lVRmhvQ1FvdHRLbEdSanBRSUNzQ0hld3FSTXBIeE5xVUN5SjJuZ0JYUW5WV0RhaXBTQ0s4ek8zYS0yeEVfRWU0T3l2cmJwNEFwYXM3X1Y2ZFNaQ0U0LWNoSmxXRzJqNTF5VnUwbUt4ZnpsbXZNLVNmalpkb1o5YVlITElsNVNGZmJhTXF0d0xvdmJIdmJXa0ZtME1YTllZam1pQzc0bTRWMUtzS2FGbW9zLTFEeWVqZl81QnFqVnQ0YVp0Zm5VeFVHbHhJN1RHUThUSzZJc2xB?oc=5"" target=""_blank"">Ping An Bank awarded Best AI/Gen AI Application in Retail Marketing Initiative in Asia Pacific for groundbreaking achievements in AI-driven content marketing</a>&nbsp;&nbsp;<font color=""#6f6f6f"">The Asian Banker</font>",https://news.google.com/rss/articles/CBMingJBVV95cUxQVGt0SWs5SGJROVpUYW4tZVdROVRSZFZpTGdnRktRbXVyanNPdjFWcHgtNDlzRE9BeUpSY05IX0NNcm9Uem5Ydjh4dTlic3lVRmhvQ1FvdHRLbEdSanBRSUNzQ0hld3FSTXBIeE5xVUN5SjJuZ0JYUW5WV0RhaXBTQ0s4ek8zYS0yeEVfRWU0T3l2cmJwNEFwYXM3X1Y2ZFNaQ0U0LWNoSmxXRzJqNTF5VnUwbUt4ZnpsbXZNLVNmalpkb1o5YVlITElsNVNGZmJhTXF0d0xvdmJIdmJXa0ZtME1YTllZam1pQzc0bTRWMUtzS2FGbW9zLTFEeWVqZl81QnFqVnQ0YVp0Zm5VeFVHbHhJN1RHUThUSzZJc2xB?oc=5,Ping An Bank,"Ping An Bank awarded Best AI/Gen AI Application in Retail Marketing Initiative in Asia Pacific for groundbreaking achievements in AI-driven content marketing - The Asian Banker. <a href=""https://news.google.com/rss/articles/CBMingJBVV95cUxQVGt0SWs5SGJROVpUYW4tZVdROVRSZFZpTGdnRktRbXVyanNPdjFWcHgtNDlzRE9BeUpSY05IX0NNcm9Uem5Ydjh4dTlic3lVRmhvQ1FvdHRLbEdSanBRSUNzQ0hld3FSTXBIeE5xVUN5SjJuZ0JYUW5WV0RhaXBTQ0s4ek8zYS0yeEVfRWU0T3l2cmJwNEFwYXM3X1Y2ZFNaQ0U0LWNoSmxXRzJqNTF5VnUwbUt4ZnpsbXZNLVNmalpkb1o5YVlITElsNVNGZmJhTXF0d0xvdmJIdmJXa0ZtME1YTllZam1pQzc0bTRWMUtzS2FGbW9zLTFEeWVqZl81QnFqVnQ0YVp0Zm5VeFVHbHhJN1RHUThUSzZJc2xB?oc=5"" target=""_blank"">Ping An Bank awarded Best AI/Gen AI Application in Retail Marketing Initiative in Asia Pacific for groundbreaking achievements in AI-driven content marketing</a>&nbsp;&nbsp;<font color=""#6f6f6f"">The Asian Banker</font>",positive,0.9164182
2025-07-09,2025-07-09T07:00:00+00:00,000001.SZ,"""Ping An Bank"" - Google News","Ping An Bank wins Best Customer Loyalty and Rewards Initiative in Asia Pacific for making loyalty rewards more attractive, seamless and accessible - The Asian Banker","<a href=""https://news.google.com/rss/articles/CBMikgJBVV95cUxPTVZvUDZydmF4VkZ1RTZibnh5WWFYRlNoeEVPbEdvVl9ESTZNTjJDOEgyWUZ0amhtNERHTjhnZ3NKeW91ZE5tS0kzbmNUWU5maldudmhHM0piUVMwU1JoLWNSWVZvaWtQTXRHQWU0Z2piTnI2Y0VHOXhGd2VNSGp4ZWx0ODByZFdDWDEzUDZ3bXBubU1WQ3AyTThQYjVIbU55LVhra0RaTlNtaWNBQXhlbVRxM09rVFR0NFdhOFV0aGNPa1VfLURXYktFTGVXUldVdkZ4cFhfV3pUWDMzRExYWTc1eUh0eFd5aVc3V0s4OG9DejJOWkZKbXRDYzhfTEk1aU9NZ0lQdUR1WnNzeXByWWJn?oc=5"" target=""_blank"">Ping An Bank wins Best Customer Loyalty and Rewards Initiative in Asia Pacific for making loyalty rewards more attractive, seamless and accessible</a>&nbsp;&nbsp;<font color=""#6f6f6f"">The Asian Banker</font>",https://news.google.com/rss/articles/CBMikgJBVV95cUxPTVZvUDZydmF4VkZ1RTZibnh5WWFYRlNoeEVPbEdvVl9ESTZNTjJDOEgyWUZ0amhtNERHTjhnZ3NKeW91ZE5tS0kzbmNUWU5maldudmhHM0piUVMwU1JoLWNSWVZvaWtQTXRHQWU0Z2piTnI2Y0VHOXhGd2VNSGp4ZWx0ODByZFdDWDEzUDZ3bXBubU1WQ3AyTThQYjVIbU55LVhra0RaTlNtaWNBQXhlbVRxM09rVFR0NFdhOFV0aGNPa1VfLURXYktFTGVXUldVdkZ4cFhfV3pUWDMzRExYWTc1eUh0eFd5aVc3V0s4OG9DejJOWkZKbXRDYzhfTEk1aU9NZ0lQdUR1WnNzeXByWWJn?oc=5,Ping An Bank,"Ping An Bank wins Best Customer Loyalty and Rewards Initiative in Asia Pacific for making loyalty rewards more attractive, seamless and accessible - The Asian Banker. <a href=""https://news.google.com/rss/articles/CBMikgJBVV95cUxPTVZvUDZydmF4VkZ1RTZibnh5WWFYRlNoeEVPbEdvVl9ESTZNTjJDOEgyWUZ0amhtNERHTjhnZ3NKeW91ZE5tS0kzbmNUWU5maldudmhHM0piUVMwU1JoLWNSWVZvaWtQTXRHQWU0Z2piTnI2Y0VHOXhGd2VNSGp4ZWx0ODByZFdDWDEzUDZ3bXBubU1WQ3AyTThQYjVIbU55LVhra0RaTlNtaWNBQXhlbVRxM09rVFR0NFdhOFV0aGNPa1VfLURXYktFTGVXUldVdkZ4cFhfV3pUWDMzRExYWTc1eUh0eFd5aVc3V0s4OG9DejJOWkZKbXRDYzhfTEk1aU9NZ0lQdUR1WnNzeXByWWJn?oc=5"" target=""_blank"">Ping An Bank wins Best Customer Loyalty and Rewards Initiative in Asia Pacific for making loyalty rewards more attractive, seamless and accessible</a>&nbsp;&nbsp;<font color=""#6f6f6f"">The Asian Banker</font>",positive,0.92323273
2025-07-29,2025-07-29T07:00:00+00:00,000001.SZ,"""Ping An Bank"" - Google 新闻",Earthquake Rocks Bank of China’s Overseas Branches as Multiple Top Executives Go Missing (AI Translation) - Caixin Global,"<a href=""https://news.google.com/rss/articles/CBMi2gFBVV95cUxNc21VZHM4X1VlXzlVWTZERVh1WFZxT0hKZUtLRGd3R3VGUm1QTGJxazhjRkNMOTgyeGdmcE9RTzFRa1ZheFU5OXNCMGNfZ2l4WnJ6U3ItNlJkSEpHX0I4VWxlMm54NXNodjN4T1VzUDB2SjgzaVlOZmFUN0l6Z1haZS00dC1neEZpeG5xYkVaLU5weEl0QVRoRzRGNHlZWlRzcWF4QjdONkFKZ0hQUko2cWV4Qnk3U296NnYwdHZaMjNxSEYwX1VvekttV2FGbUw2a2tmb1VCSlVydw?oc=5"" target=""_blank"">Earthquake Rocks Bank of China’s Overseas Branches as Multiple Top Executives Go Missing (AI Translation)</a>&nbsp;&nbsp;<font color=""#6f6f6f"">Caixin Global</font>",https://news.google.com/rss/articles/CBMi2gFBVV95cUxNc21VZHM4X1VlXzlVWTZERVh1WFZxT0hKZUtLRGd3R3VGUm1QTGJxazhjRkNMOTgyeGdmcE9RTzFRa1ZheFU5OXNCMGNfZ2l4WnJ6U3ItNlJkSEpHX0I4VWxlMm54NXNodjN4T1VzUDB2SjgzaVlOZmFUN0l6Z1haZS00dC1neEZpeG5xYkVaLU5weEl0QVRoRzRGNHlZWlRzcWF4QjdONkFKZ0hQUko2cWV4Qnk3U296NnYwdHZaMjNxSEYwX1VvekttV2FGbUw2a2tmb1VCSlVydw?oc=5,Ping An Bank,"Earthquake Rocks Bank of China’s Overseas Branches as Multiple Top Executives Go Missing (AI Translation) - Caixin Global. <a href=""https://news.google.com/rss/articles/CBMi2gFBVV95cUxNc21VZHM4X1VlXzlVWTZERVh1WFZxT0hKZUtLRGd3R3VGUm1QTGJxazhjRkNMOTgyeGdmcE9RTzFRa1ZheFU5OXNCMGNfZ2l4WnJ6U3ItNlJkSEpHX0I4VWxlMm54NXNodjN4T1VzUDB2SjgzaVlOZmFUN0l6Z1haZS00dC1neEZpeG5xYkVaLU5weEl0QVRoRzRGNHlZWlRzcWF4QjdONkFKZ0hQUko2cWV4Qnk3U296NnYwdHZaMjNxSEYwX1VvekttV2FGbUw2a2tmb1VCSlVydw?oc=5"" target=""_blank"">Earthquake Rocks Bank of China’s Overseas Branches as Multiple Top Executives Go Missing (AI Translation)</a>&nbsp;&nbsp;<font color=""#6f6f6f"">Caixin Global</font>",negative,-0.77097815
2025-08-01,2025-08-01T07:00:00+00:00,000001.SZ,"""000001"" - Google News",No. 000001 – the turbulent history of the first Bulgarian banknote - БНР Новини,"<a href=""https://news.google.com/rss/articles/CBMinAFBVV95cUxNRkRfZzBMY2VEMFFSM3FaYy1OWEtOMVZ5akZVSUd0S2VZMUltTmpBbmpJalhUaXlEZDljUTZIanRlUGdDenFlanRJSnI1ZHg3MVF4V2tESXpldGFQOXhHdjB2NzJkWmxaWG54RUowTlVQUlNEdXM1RWpZeXU1ekh4U1VMbGRYcW5yVVlrejhPZmxNX2NWSHF5WnYyZk4?oc=5"" target=""_blank"">No. 000001 – the turbulent history of the first Bulgarian banknote</a>&nbsp;&nbsp;<font color=""#6f6f6f"">БНР Новини</font>",https://news.google.com/rss/articles/CBMinAFBVV95cUxNRkRfZzBMY2VEMFFSM3FaYy1OWEtOMVZ5akZVSUd0S2VZMUltTmpBbmpJalhUaXlEZDljUTZIanRlUGdDenFlanRJSnI1ZHg3MVF4V2tESXpldGFQOXhHdjB2NzJkWmxaWG54RUowTlVQUlNEdXM1RWpZeXU1ekh4U1VMbGRYcW5yVVlrejhPZmxNX2NWSHF5WnYyZk4?oc=5,000001,"No. 000001 – the turbulent history of the first Bulgarian banknote - БНР Новини. <a href=""https://news.google.com/rss/articles/CBMinAFBVV95cUxNRkRfZzBMY2VEMFFSM3FaYy1OWEtOMVZ5akZVSUd0S2VZMUltTmpBbmpJalhUaXlEZDljUTZIanRlUGdDenFlanRJSnI1ZHg3MVF4V2tESXpldGFQOXhHdjB2NzJkWmxaWG54RUowTlVQUlNEdXM1RWpZeXU1ekh4U1VMbGRYcW5yVVlrejhPZmxNX2NWSHF5WnYyZk4?oc=5"" target=""_blank"">No. 000001 – the turbulent history of the first Bulgarian banknote</a>&nbsp;&nbsp;<font color=""#6f6f6f"">БНР Новини</font>",neutral,0.0029492714
2025-08-18,2025-08-18T07:00:00+00:00,000001.SZ,"""000001"" - Google News",Shanghai Stocks Hit 10-Year High as Analysts Predict Further Gains - Yicai Global,"<a href=""https://news.google.com/rss/articles/CBMipwFBVV95cUxORzBlRVRXenFPa1h2dlRjOTRwaHlsYWNZVTAwWnhiV3pCaFp6YWJGV05WdFp2bk9rV0lIV1JpaUZDT0R4a2tIWGdUblRxTjNUbTBBZk4wXzZBZllRbjlnbldpZzlBdVg1MzRhMS1TS3pKRVhlUHBpdjZkYTBFM3lzcUh6QW0zNi1HN2tmSy0wc2E5YW5lSVV2cUxJNm9yM1JlMHpXUUJ6QQ?oc=5"" target=""_blank"">Shanghai Stocks Hit 10-Year High as Analysts Predict Further Gains</a>&nbsp;&nbsp;<font color=""#6f6f6f"">Yicai Global</font>",https://news.google.com/rss/articles/CBMipwFBVV95cUxORzBlRVRXenFPa1h2dlRjOTRwaHlsYWNZVTAwWnhiV3pCaFp6YWJGV05WdFp2bk9rV0lIV1JpaUZDT0R4a2tIWGdUblRxTjNUbTBBZk4wXzZBZllRbjlnbldpZzlBdVg1MzRhMS1TS3pKRVhlUHBpdjZkYTBFM3lzcUh6QW0zNi1HN2tmSy0wc2E5YW5lSVV2cUxJNm9yM1JlMHpXUUJ6QQ?oc=5,000001,"Shanghai Stocks Hit 10-Year High as Analysts Predict Further Gains - Yicai Global. <a href=""https://news.google.com/rss/articles/CBMipwFBVV95cUxORzBlRVRXenFPa1h2dlRjOTRwaHlsYWNZVTAwWnhiV3pCaFp6YWJGV05WdFp2bk9rV0lIV1JpaUZDT0R4a2tIWGdUblRxTjNUbTBBZk4wXzZBZllRbjlnbldpZzlBdVg1MzRhMS1TS3pKRVhlUHBpdjZkYTBFM3lzcUh6QW0zNi1HN2tmSy0wc2E5YW5lSVV2cUxJNm9yM1JlMHpXUUJ6QQ?oc=5"" target=""_blank"">Shanghai Stocks Hit 10-Year High as Analysts Predict Further Gains</a>&nbsp;&nbsp;<font color=""#6f6f6f"">Yicai Global</font>",positive,0.8951019
2025-08-21,2025-08-21T07:00:00+00:00,000001.SZ,"""000001"" - Google News","SSE Composite Index (SHA:000001) Hits Decade High, As Bullish Sentiment Builds - AskTraders","<a href=""https://news.google.com/rss/articles/CBMitAFBVV95cUxNSXZQeHBwOS1GR2NIVHBKYjY2TmtHV0kzS09ISlNDTE5RVm9vSnV2c3ZON0ZPNE8tR1RVRUZ5TVN3QzE1SzI0c1BCd3NMVmU5UVh0SmlTbmUwOHplamRJZTZjbHZpdXRNTGNwTnNINTFlVkJNS2FQUi1ZY1I1V193U3NkMHNNdFFuYUlwS2REMUx0OF83TVFHZEc4LWxDcmdYWEZHbVZLZklQM1FINlBESU9SdXQ?oc=5"" target=""_blank"">SSE Composite Index (SHA:000001) Hits Decade High, As Bullish Sentiment Builds</a>&nbsp;&nbsp;<font color=""#6f6f6f"">AskTraders</font>",https://news.google.com/rss/articles/CBMitAFBVV95cUxNSXZQeHBwOS1GR2NIVHBKYjY2TmtHV0kzS09ISlNDTE5RVm9vSnV2c3ZON0ZPNE8tR1RVRUZ5TVN3QzE1SzI0c1BCd3NMVmU5UVh0SmlTbmUwOHplamRJZTZjbHZpdXRNTGNwTnNINTFlVkJNS2FQUi1ZY1I1V193U3NkMHNNdFFuYUlwS2REMUx0OF83TVFHZEc4LWxDcmdYWEZHbVZLZklQM1FINlBESU9SdXQ?oc=5,000001,"SSE Composite Index (SHA:000001) Hits Decade High, As Bullish Sentiment Builds - AskTraders. <a href=""https://news.google.com/rss/articles/CBMitAFBVV95cUxNSXZQeHBwOS1GR2NIVHBKYjY2TmtHV0kzS09ISlNDTE5RVm9vSnV2c3ZON0ZPNE8tR1RVRUZ5TVN3QzE1SzI0c1BCd3NMVmU5UVh0SmlTbmUwOHplamRJZTZjbHZpdXRNTGNwTnNINTFlVkJNS2FQUi1ZY1I1V193U3NkMHNNdFFuYUlwS2REMUx0OF83TVFHZEc4LWxDcmdYWEZHbVZLZklQM1FINlBESU9SdXQ?oc=5"" target=""_blank"">SSE Composite Index (SHA:000001) Hits Decade High, As Bullish Sentiment Builds</a>&nbsp;&nbsp;<font color=""#6f6f6f"">AskTraders</font>",positive,0.8546611
2025-08-26,2025-08-26T07:00:00+00:00,000001.SZ,"""Ping An Bank"" - Google News",Ping An Insurance posts 8.8pc fall in first-half profit - The Standard (HK),"<a href=""https://news.google.com/rss/articles/CBMirAFBVV95cUxQejNKamM4b3R4ZXRSWXNvRzNiSi1fRFhUckFvamtWOHpveU4zTGtRQUJKNEN2Q1dwSmh6VVNkYjZEMTNFMjVzVzdCX2IwYTRqOEVvU05ELXFZeURlM3lRbEhCWGt1VTZFVGUwNzVfMzUzeWFTQ0h4ck9Vel8tZUJrUVg2RE9udFhPTFI2ajJXcDVpTjNFaWVXUENoNE1BMEVfb1lOVkZVay14Ry1n?oc=5"" target=""_blank"">Ping An Insurance posts 8.8pc fall in first-half profit</a>&nbsp;&nbsp;<font color=""#6f6f6f"">The Standard (HK)</font>",https://news.google.com/rss/articles/CBMirAFBVV95cUxQejNKamM4b3R4ZXRSWXNvRzNiSi1fRFhUckFvamtWOHpveU4zTGtRQUJKNEN2Q1dwSmh6VVNkYjZEMTNFMjVzVzdCX2IwYTRqOEVvU05ELXFZeURlM3lRbEhCWGt1VTZFVGUwNzVfMzUzeWFTQ0h4ck9Vel8tZUJrUVg2RE9udFhPTFI2ajJXcDVpTjNFaWVXUENoNE1BMEVfb1lOVkZVay14Ry1n?oc=5,Ping An Bank,"Ping An Insurance posts 8.8pc fall in first-half profit - The Standard (HK). <a href=""https://news.google.com/rss/articles/CBMirAFBVV95cUxQejNKamM4b3R4ZXRSWXNvRzNiSi1fRFhUckFvamtWOHpveU4zTGtRQUJKNEN2Q1dwSmh6VVNkYjZEMTNFMjVzVzdCX2IwYTRqOEVvU05ELXFZeURlM3lRbEhCWGt1VTZFVGUwNzVfMzUzeWFTQ0h4ck9Vel8tZUJrUVg2RE9udFhPTFI2ajJXcDVpTjNFaWVXUENoNE1BMEVfb1lOVkZVay14Ry1n?oc=5"" target=""_blank"">Ping An Insurance posts 8.8pc fall in first-half profit</a>&nbsp;&nbsp;<font color=""#6f6f6f"">The Standard (HK)</font>",negative,-0.96223724
2025-08-27,2025-08-27T07:00:00+00:00,000001.SZ,"""Ping An Bank"" - Google News",Ping An Bank past the worst point for net profit growth: analysts - Asian Banking & Finance,"<a href=""https://news.google.com/rss/articles/CBMirAFBVV95cUxQOTNVSkZtajIyVDNvdHl3OFFDQjhLZ25nZWI0RWJGNzZDeTZNRVZkSVZoamNTLUZLNnFxSlpuaHJZSnNSZnB4WGJqWDhzVkNCM0pOcFhOZmFGRmI4ZGhiQ3lxbGthTjl0NXVram5iemRzbzBKcmxqWTVRdHFod1pZYjVkcWpMNTZCRlp3TkI1VW15SDRRbER1dG9KS3g5Sm5VYW5HTTdFR2l4ZE51?oc=5"" target=""_blank"">Ping An Bank past the worst point for net profit growth: analysts</a>&nbsp;&nbsp;<font color=""#6f6f6f"">Asian Banking & Finance</font>",https://news.google.com/rss/articles/CBMirAFBVV95cUxQOTNVSkZtajIyVDNvdHl3OFFDQjhLZ25nZWI0RWJGNzZDeTZNRVZkSVZoamNTLUZLNnFxSlpuaHJZSnNSZnB4WGJqWDhzVkNCM0pOcFhOZmFGRmI4ZGhiQ3lxbGthTjl0NXVram5iemRzbzBKcmxqWTVRdHFod1pZYjVkcWpMNTZCRlp3TkI1VW15SDRRbER1dG9KS3g5Sm5VYW5HTTdFR2l4ZE51?oc=5,Ping An Bank,"Ping An Bank past the worst point for net profit growth: analysts - Asian Banking & Finance. <a href=""https://news.google.com/rss/articles/CBMirAFBVV95cUxQOTNVSkZtajIyVDNvdHl3OFFDQjhLZ25nZWI0RWJGNzZDeTZNRVZkSVZoamNTLUZLNnFxSlpuaHJZSnNSZnB4WGJqWDhzVkNCM0pOcFhOZmFGRmI4ZGhiQ3lxbGthTjl0NXVram5iemRzbzBKcmxqWTVRdHFod1pZYjVkcWpMNTZCRlp3TkI1VW15SDRRbER1dG9KS3g5Sm5VYW5HTTdFR2l4ZE51?oc=5"" target=""_blank"">Ping An Bank past the worst point for net profit growth: analysts</a>&nbsp;&nbsp;<font color=""#6f6f6f"">Asian Banking & Finance</font>",negative,-0.8710704
2025-08-27,2025-08-27T07:00:00+00:00,000001.SZ,"""Ping An Bank"" - Google News","China's Ping An Insurance eyes more investment in high-yield, high-tech stocks, CEO says - Reuters","<a href=""https://news.google.com/rss/articles/CBMixAFBVV95cUxOckROeTkwbHpaMElUeFRnTUVyVEVGSjNkcllaOGRDWXJrRlFpTGVfV2dMZVFoTmdST0VHYnQxNHp5dTdSWnVaZU11TmtRU0NHQ2ZVSXlYem9HenJMNXdrc0hONDhuWmktY0h0WFVpVkpUdXYxbjFHdmExckxiSnFtNUlxYXJFbTNkdFFDbnc5Z1pMUHU0SllJOGdzcVdoc05ncktNdlotMmFTLXZFck14QkV1bFFuWWZyQnNWWURneUVZbG8w?oc=5"" target=""_blank"">China's Ping An Insurance eyes more investment in high-yield, high-tech stocks, CEO says</a>&nbsp;&nbsp;<font color=""#6f6f6f"">Reuters</font>",https://news.google.com/rss/articles/CBMixAFBVV95cUxOckROeTkwbHpaMElUeFRnTUVyVEVGSjNkcllaOGRDWXJrRlFpTGVfV2dMZVFoTmdST0VHYnQxNHp5dTdSWnVaZU11TmtRU0NHQ2ZVSXlYem9HenJMNXdrc0hONDhuWmktY0h0WFVpVkpUdXYxbjFHdmExckxiSnFtNUlxYXJFbTNkdFFDbnc5Z1pMUHU0SllJOGdzcVdoc05ncktNdlotMmFTLXZFck14QkV1bFFuWWZyQnNWWURneUVZbG8w?oc=5,Ping An Bank,"China's Ping An Insurance eyes more investment in high-yield, high-tech stocks, CEO says - Reuters. <a href=""https://news.google.com/rss/articles/CBMixAFBVV95cUxOckROeTkwbHpaMElUeFRnTUVyVEVGSjNkcllaOGRDWXJrRlFpTGVfV2dMZVFoTmdST0VHYnQxNHp5dTdSWnVaZU11TmtRU0NHQ2ZVSXlYem9HenJMNXdrc0hONDhuWmktY0h0WFVpVkpUdXYxbjFHdmExckxiSnFtNUlxYXJFbTNkdFFDbnc5Z1pMUHU0SllJOGdzcVdoc05ncktNdlotMmFTLXZFck14QkV1bFFuWWZyQnNWWURneUVZbG8w?oc=5"" target=""_blank"">China's Ping An Insurance eyes more investment in high-yield, high-tech stocks, CEO says</a>&nbsp;&nbsp;<font color=""#6f6f6f"">Reuters</font>",neutral,0.33901778
2025-08-27,2025-08-27T07:00:00+00:00,000001.SZ,"""Ping An Bank"" - Google News","China’s Ping An Insurance eyes more investment in high-yield, high-tech stocks, CEO says - The Business Times","<a href=""https://news.google.com/rss/articles/CBMi3wFBVV95cUxNMjdLc3VXc3BpM1Q0OUMzRTZnRUdkaGVtRkU2bUZXY2x0cVpqQ21JQUQwMFAwa3dCYUF0VFVGNFBNYW1VeER0NHlONGlLS2cwdFYxZkpfNW9wOXJDN3JYa09PS2JFWFg5UjVHYkdWT1FEQ2FsRlVjcUltS1JXdWhlWXgtcWxOSTdFRFNKS1dUamdpbkNSRDloUmFSV3hyYU5DbDVqd1FlR2ttSmxwZGJOQm9wb1NTdEdDd09PVjlvU1NsdVVfbElGNGVERkNvTjBGVUVYWWZqSmRobldvTGVv?oc=5"" target=""_blank"">China’s Ping An Insurance eyes more investment in high-yield, high-tech stocks, CEO says</a>&nbsp;&nbsp;<font color=""#6f6f6f"">The Business Times</font>",https://news.google.com/rss/articles/CBMi3wFBVV95cUxNMjdLc3VXc3BpM1Q0OUMzRTZnRUdkaGVtRkU2bUZXY2x0cVpqQ21JQUQwMFAwa3dCYUF0VFVGNFBNYW1VeER0NHlONGlLS2cwdFYxZkpfNW9wOXJDN3JYa09PS2JFWFg5UjVHYkdWT1FEQ2FsRlVjcUltS1JXdWhlWXgtcWxOSTdFRFNKS1dUamdpbkNSRDloUmFSV3hyYU5DbDVqd1FlR2ttSmxwZGJOQm9wb1NTdEdDd09PVjlvU1NsdVVfbElGNGVERkNvTjBGVUVYWWZqSmRobldvTGVv?oc=5,Ping An Bank,"China’s Ping An Insurance eyes more investment in high-yield, high-tech stocks, CEO says - The Business Times. <a href=""https://news.google.com/rss/articles/CBMi3wFBVV95cUxNMjdLc3VXc3BpM1Q0OUMzRTZnRUdkaGVtRkU2bUZXY2x0cVpqQ21JQUQwMFAwa3dCYUF0VFVGNFBNYW1VeER0NHlONGlLS2cwdFYxZkpfNW9wOXJDN3JYa09PS2JFWFg5UjVHYkdWT1FEQ2FsRlVjcUltS1JXdWhlWXgtcWxOSTdFRFNKS1dUamdpbkNSRDloUmFSV3hyYU5DbDVqd1FlR2ttSmxwZGJOQm9wb1NTdEdDd09PVjlvU1NsdVVfbElGNGVERkNvTjBGVUVYWWZqSmRobldvTGVv?oc=5"" target=""_blank"">China’s Ping An Insurance eyes more investment in high-yield, high-tech stocks, CEO says</a>&nbsp;&nbsp;<font color=""#6f6f6f"">The Business Times</font>",positive,0.49601516
2025-09-05,2025-09-05T07:00:00+00:00,000001.SZ,"""Ping An Bank"" - Google News",Unveiling the Truth: Profits Behind Ping An Insurance (Group) Company of China's Aggressive Shareholding Increases - eu.36kr.com,"<a href=""https://news.google.com/rss/articles/CBMiU0FVX3lxTE1YTDZMRU5PdnF4REZZQzJlV3ZtNVQ2RWFTbFJ5eDVlaURpUTc4enR2Y0hSaUxBc0dCRE1wcTFPelFVdlpSdEkxUndwa2kwamlBN2ZB?oc=5"" target=""_blank"">Unveiling the Truth: Profits Behind Ping An Insurance (Group) Company of China's Aggressive Shareholding Increases</a>&nbsp;&nbsp;<font color=""#6f6f6f"">eu.36kr.com</font>",https://news.google.com/rss/articles/CBMiU0FVX3lxTE1YTDZMRU5PdnF4REZZQzJlV3ZtNVQ2RWFTbFJ5eDVlaURpUTc4enR2Y0hSaUxBc0dCRE1wcTFPelFVdlpSdEkxUndwa2kwamlBN2ZB?oc=5,Ping An Bank,"Unveiling the Truth: Profits Behind Ping An Insurance (Group) Company of China's Aggressive Shareholding Increases - eu.36kr.com. <a href=""https://news.google.com/rss/articles/CBMiU0FVX3lxTE1YTDZMRU5PdnF4REZZQzJlV3ZtNVQ2RWFTbFJ5eDVlaURpUTc4enR2Y0hSaUxBc0dCRE1wcTFPelFVdlpSdEkxUndwa2kwamlBN2ZB?oc=5"" target=""_blank"">Unveiling the Truth: Profits Behind Ping An Insurance (Group) Company of China's Aggressive Shareholding Increases</a>&nbsp;&nbsp;<font color=""#6f6f6f"">eu.36kr.com</font>",neutral,0.26892143
2025-09-10,2025-09-10T07:00:00+00:00,000001.SZ,"""Ping An Bank"" - Google News",Ping An’s equity spree faces investor doubts as profits fall - KrASIA,"<a href=""https://news.google.com/rss/articles/CBMihgFBVV95cUxOeDdrX2RIbW9ZQThvbGxpbV9BT0Y1NXl4SzlrRUswTWdwNmNoNTM2eUp5X09hRWp6Z2czNUF4eVRZb25OVW9rMWl5a0dBVUMtRnZad0NNLURZZV9lNWtYbXMweHNXLTRPbkFuMmRiMGtrUFo3enctTDl3WEw1T3FMS1VDU0hkQQ?oc=5"" target=""_blank"">Ping An’s equity spree faces investor doubts as profits fall</a>&nbsp;&nbsp;<font color=""#6f6f6f"">KrASIA</font>",https://news.google.com/rss/articles/CBMihgFBVV95cUxOeDdrX2RIbW9ZQThvbGxpbV9BT0Y1NXl4SzlrRUswTWdwNmNoNTM2eUp5X09hRWp6Z2czNUF4eVRZb25OVW9rMWl5a0dBVUMtRnZad0NNLURZZV9lNWtYbXMweHNXLTRPbkFuMmRiMGtrUFo3enctTDl3WEw1T3FMS1VDU0hkQQ?oc=5,Ping An Bank,"Ping An’s equity spree faces investor doubts as profits fall - KrASIA. <a href=""https://news.google.com/rss/articles/CBMihgFBVV95cUxOeDdrX2RIbW9ZQThvbGxpbV9BT0Y1NXl4SzlrRUswTWdwNmNoNTM2eUp5X09hRWp6Z2czNUF4eVRZb25OVW9rMWl5a0dBVUMtRnZad0NNLURZZV9lNWtYbXMweHNXLTRPbkFuMmRiMGtrUFo3enctTDl3WEw1T3FMS1VDU0hkQQ?oc=5"" target=""_blank"">Ping An’s equity spree faces investor doubts as profits fall</a>&nbsp;&nbsp;<font color=""#6f6f6f"">KrASIA</font>",negative,-0.93358153
2025-10-11,2025-10-11T07:00:00+00:00,000001.SZ,"""平安银行"" - Google 新闻",平安银行MSCI ESG评级升至AA 五年实现三级跃升 - 新华网,"<a href=""https://news.google.com/rss/articles/CBMifkFVX3lxTE1LaUVJMkhtNVRncHpnbkh4S1U2OUJDdnpWMEszWGpJeFJLZDN4RkdjUE8yak5sQ3hFdzFNSERlOF9kYUFORmM3SU5HQjBNN1ZYLXFEck9kTWFLVk9GUWVFVm00X0tyUF9PVllnSHJ0bXc4TFRVVVRiNVl4N1lVQQ?oc=5"" target=""_blank"">平安银行MSCI ESG评级升至AA 五年实现三级跃升</a>&nbsp;&nbsp;<font color=""#6f6f6f"">新华网</font>",https://news.google.com/rss/articles/CBMifkFVX3lxTE1LaUVJMkhtNVRncHpnbkh4S1U2OUJDdnpWMEszWGpJeFJLZDN4RkdjUE8yak5sQ3hFdzFNSERlOF9kYUFORmM3SU5HQjBNN1ZYLXFEck9kTWFLVk9GUWVFVm00X0tyUF9PVllnSHJ0bXc4TFRVVVRiNVl4N1lVQQ?oc=5,平安银行,"平安银行MSCI ESG评级升至AA 五年实现三级跃升 - 新华网. <a href=""https://news.google.com/rss/articles/CBMifkFVX3lxTE1LaUVJMkhtNVRncHpnbkh4S1U2OUJDdnpWMEszWGpJeFJLZDN4RkdjUE8yak5sQ3hFdzFNSERlOF9kYUFORmM3SU5HQjBNN1ZYLXFEck9kTWFLVk9GUWVFVm00X0tyUF9PVllnSHJ0bXc4TFRVVVRiNVl4N1lVQQ?oc=5"" target=""_blank"">平安银行MSCI ESG评级升至AA 五年实现三级跃升</a>&nbsp;&nbsp;<font color=""#6f6f6f"">新华网</font>",neutral,0.034303494
2025-10-24,2025-10-24T07:00:00+00:00,000001.SZ,"""Ping An Bank"" - Google News",Ping An Bank drives business innovation through AI - The Asian Banker,"<a href=""https://news.google.com/rss/articles/CBMipAFBVV95cUxNeVl6cm5URS16V1lRWGZRQ0QtWmVVWlZRbnM2NzhtUXVpOWFyaWJvZzhnR3VEUHZCcHBlV1R3N2RqVl92NGxOaEFhYmdXbTdXY0xjQ1E3c2lUZVVpLWZLb0VoU1ZPT2RXRElkNm5PT0l3SWVxZXpacWx5cmNLRmttTnpHU0JzeDI4ZU1xZ21zMW5TR3B5ZWJyTkNrN3diVTV1NG0yVw?oc=5"" target=""_blank"">Ping An Bank drives business innovation through AI</a>&nbsp;&nbsp;<font color=""#6f6f6f"">The Asian Banker</font>",https://news.google.com/rss/articles/CBMipAFBVV95cUxNeVl6cm5URS16V1lRWGZRQ0QtWmVVWlZRbnM2NzhtUXVpOWFyaWJvZzhnR3VEUHZCcHBlV1R3N2RqVl92NGxOaEFhYmdXbTdXY0xjQ1E3c2lUZVVpLWZLb0VoU1ZPT2RXRElkNm5PT0l3SWVxZXpacWx5cmNLRmttTnpHU0JzeDI4ZU1xZ21zMW5TR3B5ZWJyTkNrN3diVTV1NG0yVw?oc=5,Ping An Bank,"Ping An Bank drives business innovation through AI - The Asian Banker. <a href=""https://news.google.com/rss/articles/CBMipAFBVV95cUxNeVl6cm5URS16V1lRWGZRQ0QtWmVVWlZRbnM2NzhtUXVpOWFyaWJvZzhnR3VEUHZCcHBlV1R3N2RqVl92NGxOaEFhYmdXbTdXY0xjQ1E3c2lUZVVpLWZLb0VoU1ZPT2RXRElkNm5PT0l3SWVxZXpacWx5cmNLRmttTnpHU0JzeDI4ZU1xZ21zMW5TR3B5ZWJyTkNrN3diVTV1NG0yVw?oc=5"" target=""_blank"">Ping An Bank drives business innovation through AI</a>&nbsp;&nbsp;<font color=""#6f6f6f"">The Asian Banker</font>",neutral,0.06055985
2025-10-24,2025-10-24T07:00:00+00:00,000001.SZ,"""Ping An Bank"" - Google 新闻",平安银行：独立董事提名人声明与承诺潘敏 - Moomoo,"<a href=""https://news.google.com/rss/articles/CBMiswFBVV95cUxPTVFHOWZublBWWmVNZDk1MFhReHY5WTF0M2dGYnZlS2hLbzZRVHJMQlhQVFV5LXZndEI4WU1aRmRsM3hidV96Sl9kX1Jiei1SX1E4TVczNElLU2Q5eE1VcVdyc3BTVlVtVjA0ZjVpUHhfM3ZEa0pWZzQ3VHJyOUtnUkdxNlVWbTN5X2VhWTRtVk0xZWo1VUlZQ3plc1NYakIxU0xTV0FLS2dXa0w4dmhhSEtscw?oc=5"" target=""_blank"">平安银行：独立董事提名人声明与承诺潘敏</a>&nbsp;&nbsp;<font color=""#6f6f6f"">Moomoo</font>",https://news.google.com/rss/articles/CBMiswFBVV95cUxPTVFHOWZublBWWmVNZDk1MFhReHY5WTF0M2dGYnZlS2hLbzZRVHJMQlhQVFV5LXZndEI4WU1aRmRsM3hidV96Sl9kX1Jiei1SX1E4TVczNElLU2Q5eE1VcVdyc3BTVlVtVjA0ZjVpUHhfM3ZEa0pWZzQ3VHJyOUtnUkdxNlVWbTN5X2VhWTRtVk0xZWo1VUlZQ3plc1NYakIxU0xTV0FLS2dXa0w4dmhhSEtscw?oc=5,Ping An Bank,"平安银行：独立董事提名人声明与承诺潘敏 - Moomoo. <a href=""https://news.google.com/rss/articles/CBMiswFBVV95cUxPTVFHOWZublBWWmVNZDk1MFhReHY5WTF0M2dGYnZlS2hLbzZRVHJMQlhQVFV5LXZndEI4WU1aRmRsM3hidV96Sl9kX1Jiei1SX1E4TVczNElLU2Q5eE1VcVdyc3BTVlVtVjA0ZjVpUHhfM3ZEa0pWZzQ3VHJyOUtnUkdxNlVWbTN5X2VhWTRtVk0xZWo1VUlZQ3plc1NYakIxU0xTV0FLS2dXa0w4dmhhSEtscw?oc=5"" target=""_blank"">平安银行：独立董事提名人声明与承诺潘敏</a>&nbsp;&nbsp;<font color=""#6f6f6f"">Moomoo</font>",neutral,0.016273595
2025-10-24,2025-10-24T07:00:00+00:00,000001.SZ,"""平安银行"" - Google 新闻",平安银行北京分行被罚544.12万元；山西金融监管局发布《关于警惕助贷合作平台不法行为侵害的风险提示》；盛银消费金融将迎新董事长｜金融科技周报 - news.caijingmobile.com,"<a href=""https://news.google.com/rss/articles/CBMic0FVX3lxTE1HUFNON2hvSGwxVVVhOHdtOC1XeG5hYU1CdU9URmVac1ViZFc4NVhOSlJYRXRPVXlYdjVEdU81SUhiai1EbkR3dS1GbWxJY0c4VF9yRTdlQnBERDROd0h2Nk5wRURWdDlDUjJyeF9uNXpnWlk?oc=5"" target=""_blank"">平安银行北京分行被罚544.12万元；山西金融监管局发布《关于警惕助贷合作平台不法行为侵害的风险提示》；盛银消费金融将迎新董事长｜金融科技周报</a>&nbsp;&nbsp;<font color=""#6f6f6f"">news.caijingmobile.com</font>",https://news.google.com/rss/articles/CBMic0FVX3lxTE1HUFNON2hvSGwxVVVhOHdtOC1XeG5hYU1CdU9URmVac1ViZFc4NVhOSlJYRXRPVXlYdjVEdU81SUhiai1EbkR3dS1GbWxJY0c4VF9yRTdlQnBERDROd0h2Nk5wRURWdDlDUjJyeF9uNXpnWlk?oc=5,平安银行,"平安银行北京分行被罚544.12万元；山西金融监管局发布《关于警惕助贷合作平台不法行为侵害的风险提示》；盛银消费金融将迎新董事长｜金融科技周报 - news.caijingmobile.com. <a href=""https://news.google.com/rss/articles/CBMic0FVX3lxTE1HUFNON2hvSGwxVVVhOHdtOC1XeG5hYU1CdU9URmVac1ViZFc4NVhOSlJYRXRPVXlYdjVEdU81SUhiai1EbkR3dS1GbWxJY0c4VF9yRTdlQnBERDROd0h2Nk5wRURWdDlDUjJyeF9uNXpnWlk?oc=5"" target=""_blank"">平安银行北京分行被罚544.12万元；山西金融监管局发布《关于警惕助贷合作平台不法行为侵害的风险提示》；盛银消费金融将迎新董事长｜金融科技周报</a>&nbsp;&nbsp;<font color=""#6f6f6f"">news.caijingmobile.com</font>",neutral,0.01722613
2025-10-26,2025-10-26T07:00:00+00:00,000001.SZ,"""平安银行"" - Google 新闻",平安银行前三季度营收盈利降幅收窄 三季度净息差环比上升 - 财新,"<a href=""https://news.google.com/rss/articles/CBMiYkFVX3lxTE5KbXl1a0dwZWswS3Zvd1dUbEw2YW50MVJITFZROHgyZGZkTDVNYmFHSDd5MkhXblZBOGJFQ2FWSkNuYU1lMU9mcnRoSDEzd2pfWjlSZzI3dGVBcVpBWHFCeWtB?oc=5"" target=""_blank"">平安银行前三季度营收盈利降幅收窄 三季度净息差环比上升</a>&nbsp;&nbsp;<font color=""#6f6f6f"">财新</font>",https://news.google.com/rss/articles/CBMiYkFVX3lxTE5KbXl1a0dwZWswS3Zvd1dUbEw2YW50MVJITFZROHgyZGZkTDVNYmFHSDd5MkhXblZBOGJFQ2FWSkNuYU1lMU9mcnRoSDEzd2pfWjlSZzI3dGVBcVpBWHFCeWtB?oc=5,平安银行,"平安银行前三季度营收盈利降幅收窄 三季度净息差环比上升 - 财新. <a href=""https://news.google.com/rss/articles/CBMiYkFVX3lxTE5KbXl1a0dwZWswS3Zvd1dUbEw2YW50MVJITFZROHgyZGZkTDVNYmFHSDd5MkhXblZBOGJFQ2FWSkNuYU1lMU9mcnRoSDEzd2pfWjlSZzI3dGVBcVpBWHFCeWtB?oc=5"" target=""_blank"">平安银行前三季度营收盈利降幅收窄 三季度净息差环比上升</a>&nbsp;&nbsp;<font color=""#6f6f6f"">财新</font>",neutral,0.03088323
2025-10-28,2025-10-28T07:00:00+00:00,000001.SZ,"""Ping An Bank"" - Google News",China's Ping An Insurance posts 11.5% rise in nine-month profit - Reuters,"<a href=""https://news.google.com/rss/articles/CBMisgFBVV95cUxOVGstS3VycDg0SmFoTzZiNmhoeGxBZW1xSXhCRG9uZ2llc0pTZFM5MUlrM1M0dFN4MU00OHdRWHhmVDZWUWFpbG9CT0xEQi1NQTR3UjhZOHVWUWd2NzFIVHcyTUlqc0MxU3ZHTnUydmJ1Zkt0R2tEa2J1QTd5UnVmaDBiMS1MdEx2MjFaUzc5ZVQybVd0aXpfdW5rTF9FYkNGUW9jX2ZJczlFeXA3WlZPOFZB?oc=5"" target=""_blank"">China's Ping An Insurance posts 11.5% rise in nine-month profit</a>&nbsp;&nbsp;<font color=""#6f6f6f"">Reuters</font>",https://news.google.com/rss/articles/CBMisgFBVV95cUxOVGstS3VycDg0SmFoTzZiNmhoeGxBZW1xSXhCRG9uZ2llc0pTZFM5MUlrM1M0dFN4MU00OHdRWHhmVDZWUWFpbG9CT0xEQi1NQTR3UjhZOHVWUWd2NzFIVHcyTUlqc0MxU3ZHTnUydmJ1Zkt0R2tEa2J1QTd5UnVmaDBiMS1MdEx2MjFaUzc5ZVQybVd0aXpfdW5rTF9FYkNGUW9jX2ZJczlFeXA3WlZPOFZB?oc=5,Ping An Bank,"China's Ping An Insurance posts 11.5% rise in nine-month profit - Reuters. <a href=""https://news.google.com/rss/articles/CBMisgFBVV95cUxOVGstS3VycDg0SmFoTzZiNmhoeGxBZW1xSXhCRG9uZ2llc0pTZFM5MUlrM1M0dFN4MU00OHdRWHhmVDZWUWFpbG9CT0xEQi1NQTR3UjhZOHVWUWd2NzFIVHcyTUlqc0MxU3ZHTnUydmJ1Zkt0R2tEa2J1QTd5UnVmaDBiMS1MdEx2MjFaUzc5ZVQybVd0aXpfdW5rTF9FYkNGUW9jX2ZJczlFeXA3WlZPOFZB?oc=5"" target=""_blank"">China's Ping An Insurance posts 11.5% rise in nine-month profit</a>&nbsp;&nbsp;<font color=""#6f6f6f"">Reuters</font>",positive,0.86930496
2025-10-28,2025-10-28T07:00:00+00:00,000001.SZ,"""平安银行"" - Google News","Investment income of the first batch of listed banks in Q3 disclosed: significant decline for joint-stock banks, while some city commercial banks recorded a 30% growth against the trend. - Moomoo","<a href=""https://news.google.com/rss/articles/CBMingFBVV95cUxQUjRQbjk2bXoyeHE3UFZ5SkZoQlFfYkhYM0MxOXg5WnVVbTNWYzhMeUFPNk5aclljRzhtV0tfdS1PWXhlcEhSYlpzZUtJT2RackdUdHR3UnlRcGhTdlNtOWhjT3hlQVVZUURRY3pnUHdjX0szNVdZY3RRR2hFLXdUSDYtRGxOOVJLUlV4czVuLU85bTFabE1JVWxETTBVZw?oc=5"" target=""_blank"">Investment income of the first batch of listed banks in Q3 disclosed: significant decline for joint-stock banks, while some city commercial banks recorded a 30% growth against the trend.</a>&nbsp;&nbsp;<font color=""#6f6f6f"">Moomoo</font>",https://news.google.com/rss/articles/CBMingFBVV95cUxQUjRQbjk2bXoyeHE3UFZ5SkZoQlFfYkhYM0MxOXg5WnVVbTNWYzhMeUFPNk5aclljRzhtV0tfdS1PWXhlcEhSYlpzZUtJT2RackdUdHR3UnlRcGhTdlNtOWhjT3hlQVVZUURRY3pnUHdjX0szNVdZY3RRR2hFLXdUSDYtRGxOOVJLUlV4czVuLU85bTFabE1JVWxETTBVZw?oc=5,平安银行,"Investment income of the first batch of listed banks in Q3 disclosed: significant decline for joint-stock banks, while some city commercial banks recorded a 30% growth against the trend. - Moomoo. <a href=""https://news.google.com/rss/articles/CBMingFBVV95cUxQUjRQbjk2bXoyeHE3UFZ5SkZoQlFfYkhYM0MxOXg5WnVVbTNWYzhMeUFPNk5aclljRzhtV0tfdS1PWXhlcEhSYlpzZUtJT2RackdUdHR3UnlRcGhTdlNtOWhjT3hlQVVZUURRY3pnUHdjX0szNVdZY3RRR2hFLXdUSDYtRGxOOVJLUlV4czVuLU85bTFabE1JVWxETTBVZw?oc=5"" target=""_blank"">Investment income of the first batch of listed banks in Q3 disclosed: significant decline for joint-stock banks, while some city commercial banks recorded a 30% growth against the trend.</a>&nbsp;&nbsp;<font color=""#6f6f6f"">Moomoo</font>",negative,-0.9175018
2025-10-28,2025-10-28T07:00:00+00:00,000001.SZ,"""000001"" - Google News",Shanghai Stocks Hit 10-Year High on Trade and Policy Optimism - Yicai Global,"<a href=""https://news.google.com/rss/articles/CBMipwFBVV95cUxPVkZCa2NCQ2g0ZFJVR1hKbEROTHVQTWd6NDVuc05aOFVpMWMzYTRsVERVS2M4QXoxbXMtOHFqLTYzaHZFdmdnRl9FOWg0Mnk3c0hkdC1BTUU1X1hGWFQxY3l3UVBHaGtDTUJuR01IOXRzWkR2bHQ0bGlCZzdyVU9hODU2WFIwM2tCZHMtSllLZVcybTl0RlF0U25xZm1acl81VGNVM3NrMA?oc=5"" target=""_blank"">Shanghai Stocks Hit 10-Year High on Trade and Policy Optimism</a>&nbsp;&nbsp;<font color=""#6f6f6f"">Yicai Global</font>",https://news.google.com/rss/articles/CBMipwFBVV95cUxPVkZCa2NCQ2g0ZFJVR1hKbEROTHVQTWd6NDVuc05aOFVpMWMzYTRsVERVS2M4QXoxbXMtOHFqLTYzaHZFdmdnRl9FOWg0Mnk3c0hkdC1BTUU1X1hGWFQxY3l3UVBHaGtDTUJuR01IOXRzWkR2bHQ0bGlCZzdyVU9hODU2WFIwM2tCZHMtSllLZVcybTl0RlF0U25xZm1acl81VGNVM3NrMA?oc=5,000001,"Shanghai Stocks Hit 10-Year High on Trade and Policy Optimism - Yicai Global. <a href=""https://news.google.com/rss/articles/CBMipwFBVV95cUxPVkZCa2NCQ2g0ZFJVR1hKbEROTHVQTWd6NDVuc05aOFVpMWMzYTRsVERVS2M4QXoxbXMtOHFqLTYzaHZFdmdnRl9FOWg0Mnk3c0hkdC1BTUU1X1hGWFQxY3l3UVBHaGtDTUJuR01IOXRzWkR2bHQ0bGlCZzdyVU9hODU2WFIwM2tCZHMtSllLZVcybTl0RlF0U25xZm1acl81VGNVM3NrMA?oc=5"" target=""_blank"">Shanghai Stocks Hit 10-Year High on Trade and Policy Optimism</a>&nbsp;&nbsp;<font color=""#6f6f6f"">Yicai Global</font>",positive,0.882386
2025-11-02,2025-11-02T07:00:00+00:00,000001.SZ,"""000001"" - Google News","The First Digital Corvette, the One-Owner 1984 VIN 001, Is on the Market With 277 Miles - autoevolution","<a href=""https://news.google.com/rss/articles/CBMizAFBVV95cUxQQlRTUUFEUlQwanJzWmRpTmlWTVh5Y1NCMlQyY19qdjlod2FBNTU0d24zbzd3VWRCQ2ZadlhkX2FBNnZBLW00YjlLOXF6eUdGaXk3Rkk4Z0lYV0J4LURIUHZwejVqcUNrWFA5VDhHQndkMEhyRWFhcXJsM3JwVG5OVUxPNjZJVEF3ejFfOTdBUWxiN2xmR0Z5RW9TN0pEYWM2S2NWbVQ5QlRwWktYNks0MGZXcVBRc2JSQVQxWVZmczVNV0U1TkZCUnVxOUk?oc=5"" target=""_blank"">The First Digital Corvette, the One-Owner 1984 VIN 001, Is on the Market With 277 Miles</a>&nbsp;&nbsp;<font color=""#6f6f6f"">autoevolution</font>",https://news.google.com/rss/articles/CBMizAFBVV95cUxQQlRTUUFEUlQwanJzWmRpTmlWTVh5Y1NCMlQyY19qdjlod2FBNTU0d24zbzd3VWRCQ2ZadlhkX2FBNnZBLW00YjlLOXF6eUdGaXk3Rkk4Z0lYV0J4LURIUHZwejVqcUNrWFA5VDhHQndkMEhyRWFhcXJsM3JwVG5OVUxPNjZJVEF3ejFfOTdBUWxiN2xmR0Z5RW9TN0pEYWM2S2NWbVQ5QlRwWktYNks0MGZXcVBRc2JSQVQxWVZmczVNV0U1TkZCUnVxOUk?oc=5,000001,"The First Digital Corvette, the One-Owner 1984 VIN 001, Is on the Market With 277 Miles - autoevolution. <a href=""https://news.google.com/rss/articles/CBMizAFBVV95cUxQQlRTUUFEUlQwanJzWmRpTmlWTVh5Y1NCMlQyY19qdjlod2FBNTU0d24zbzd3VWRCQ2ZadlhkX2FBNnZBLW00YjlLOXF6eUdGaXk3Rkk4Z0lYV0J4LURIUHZwejVqcUNrWFA5VDhHQndkMEhyRWFhcXJsM3JwVG5OVUxPNjZJVEF3ejFfOTdBUWxiN2xmR0Z5RW9TN0pEYWM2S2NWbVQ5QlRwWktYNks0MGZXcVBRc2JSQVQxWVZmczVNV0U1TkZCUnVxOUk?oc=5"" target=""_blank"">The First Digital Corvette, the One-Owner 1984 VIN 001, Is on the Market With 277 Miles</a>&nbsp;&nbsp;<font color=""#6f6f6f"">autoevolution</font>",neutral,0.04848793
2025-11-03,2025-11-03T08:00:00+00:00,000001.SZ,"""平安银行"" - Google News","Several joint-stock banks and city commercial banks have significantly increased their personal mortgage loans in the first three quarters, with some seeing growth exceeding 20%! The overall industry, however, is still experiencing a slowdown. - Moomoo","<a href=""https://news.google.com/rss/articles/CBMisgFBVV95cUxNa1hYTHpKWWZxc0thX1pBNXk3WF9GR1Ita0psMDZZTGFUT2ZudHhjQUNvTEh2MXFHZHpCLVY3cU1pc2dVOFEzbEJ6ZG9FSTJyQ1JDaFU1TzVnUFZBYjc5SHpIU3JuMklWTG04VW1CWU9yWDUtWElNYUVuNEpSRTEzMkZ1SDlOQXZWbzBhNENxTmVUWUY2V0lMVzJ0dmtDN1VGSEpSaEt6Y21iY2F6NzMzUHN3?oc=5"" target=""_blank"">Several joint-stock banks and city commercial banks have significantly increased their personal mortgage loans in the first three quarters, with some seeing growth exceeding 20%! The overall industry, however, is still experiencing a slowdown.</a>&nbsp;&nbsp;<font color=""#6f6f6f"">Moomoo</font>",https://news.google.com/rss/articles/CBMisgFBVV95cUxNa1hYTHpKWWZxc0thX1pBNXk3WF9GR1Ita0psMDZZTGFUT2ZudHhjQUNvTEh2MXFHZHpCLVY3cU1pc2dVOFEzbEJ6ZG9FSTJyQ1JDaFU1TzVnUFZBYjc5SHpIU3JuMklWTG04VW1CWU9yWDUtWElNYUVuNEpSRTEzMkZ1SDlOQXZWbzBhNENxTmVUWUY2V0lMVzJ0dmtDN1VGSEpSaEt6Y21iY2F6NzMzUHN3?oc=5,平安银行,"Several joint-stock banks and city commercial banks have significantly increased their personal mortgage loans in the first three quarters, with some seeing growth exceeding 20%! The overall industry, however, is still experiencing a slowdown. - Moomoo. <a href=""https://news.google.com/rss/articles/CBMisgFBVV95cUxNa1hYTHpKWWZxc0thX1pBNXk3WF9GR1Ita0psMDZZTGFUT2ZudHhjQUNvTEh2MXFHZHpCLVY3cU1pc2dVOFEzbEJ6ZG9FSTJyQ1JDaFU1TzVnUFZBYjc5SHpIU3JuMklWTG04VW1CWU9yWDUtWElNYUVuNEpSRTEzMkZ1SDlOQXZWbzBhNENxTmVUWUY2V0lMVzJ0dmtDN1VGSEpSaEt6Y21iY2F6NzMzUHN3?oc=5"" target=""_blank"">Several joint-stock banks and city commercial banks have significantly increased their personal mortgage loans in the first three quarters, with some seeing growth exceeding 20%! The overall industry, however, is still experiencing a slowdown.</a>&nbsp;&nbsp;<font color=""#6f6f6f"">Moomoo</font>",negative,-0.82156444
2025-11-04,2025-11-04T08:00:00+00:00,000001.SZ,"""Ping An Bank"" - Google News",Ping An set for solid growth through 2026 on strong NBV: Morningstar - Insurance Asia,"<a href=""https://news.google.com/rss/articles/CBMinwFBVV95cUxOTWJmVlN0SVBnQjJ6bjhId0FyQ2tfYl9kRnVaYUU4RW5aUnBuSnFWUGdZLThueGVQdHhjZy1vbjdqdGNrOXh4UnpVVmUtU3NHdmtNb0MtUVJnYzZodmpVQ0hiTkFiTldHQ1F3UjhONElVODJyaldVQ3dpV2Rjb25LZkx1dV9wSUNKWXZuMVlVWlVHVGJicE5tOHJKVnRQWnc?oc=5"" target=""_blank"">Ping An set for solid growth through 2026 on strong NBV: Morningstar</a>&nbsp;&nbsp;<font color=""#6f6f6f"">Insurance Asia</font>",https://news.google.com/rss/articles/CBMinwFBVV95cUxOTWJmVlN0SVBnQjJ6bjhId0FyQ2tfYl9kRnVaYUU4RW5aUnBuSnFWUGdZLThueGVQdHhjZy1vbjdqdGNrOXh4UnpVVmUtU3NHdmtNb0MtUVJnYzZodmpVQ0hiTkFiTldHQ1F3UjhONElVODJyaldVQ3dpV2Rjb25LZkx1dV9wSUNKWXZuMVlVWlVHVGJicE5tOHJKVnRQWnc?oc=5,Ping An Bank,"Ping An set for solid growth through 2026 on strong NBV: Morningstar - Insurance Asia. <a href=""https://news.google.com/rss/articles/CBMinwFBVV95cUxOTWJmVlN0SVBnQjJ6bjhId0FyQ2tfYl9kRnVaYUU4RW5aUnBuSnFWUGdZLThueGVQdHhjZy1vbjdqdGNrOXh4UnpVVmUtU3NHdmtNb0MtUVJnYzZodmpVQ0hiTkFiTldHQ1F3UjhONElVODJyaldVQ3dpV2Rjb25LZkx1dV9wSUNKWXZuMVlVWlVHVGJicE5tOHJKVnRQWnc?oc=5"" target=""_blank"">Ping An set for solid growth through 2026 on strong NBV: Morningstar</a>&nbsp;&nbsp;<font color=""#6f6f6f"">Insurance Asia</font>",positive,0.9152744
2025-11-04,2025-11-04T08:00:00+00:00,000001.SZ,"""Ping An Bank"" - Google News",Ping An keeps MSCI AAA ESG crown for fourth year - Vietnam Investment Review - VIR,"<a href=""https://news.google.com/rss/articles/CBMihgFBVV95cUxOaU1KVkY0cHlYc2kxUUNVaDlfUkVWRUhsVnI4ZDA4R28xTHJhU1llMDNKdDZJa0tPUk1MM190enFybElNTV9tR01EM1RuQkpxdzVKMnhIcjN4cW1FS25jcUZwMUltZTBDTVEtbVVQRWJFNFRNRnBSNFdfMDJRbmZGcTZiR3pmUQ?oc=5"" target=""_blank"">Ping An keeps MSCI AAA ESG crown for fourth year</a>&nbsp;&nbsp;<font color=""#6f6f6f"">Vietnam Investment Review - VIR</font>",https://news.google.com/rss/articles/CBMihgFBVV95cUxOaU1KVkY0cHlYc2kxUUNVaDlfUkVWRUhsVnI4ZDA4R28xTHJhU1llMDNKdDZJa0tPUk1MM190enFybElNTV9tR01EM1RuQkpxdzVKMnhIcjN4cW1FS25jcUZwMUltZTBDTVEtbVVQRWJFNFRNRnBSNFdfMDJRbmZGcTZiR3pmUQ?oc=5,Ping An Bank,"Ping An keeps MSCI AAA ESG crown for fourth year - Vietnam Investment Review - VIR. <a href=""https://news.google.com/rss/articles/CBMihgFBVV95cUxOaU1KVkY0cHlYc2kxUUNVaDlfUkVWRUhsVnI4ZDA4R28xTHJhU1llMDNKdDZJa0tPUk1MM190enFybElNTV9tR01EM1RuQkpxdzVKMnhIcjN4cW1FS25jcUZwMUltZTBDTVEtbVVQRWJFNFRNRnBSNFdfMDJRbmZGcTZiR3pmUQ?oc=5"" target=""_blank"">Ping An keeps MSCI AAA ESG crown for fourth year</a>&nbsp;&nbsp;<font color=""#6f6f6f"">Vietnam Investment Review - VIR</font>",neutral,0.088716015
2025-11-04,2025-11-04T08:00:00+00:00,000001.SZ,"""Ping An Bank"" - Google 新闻",Countdown to 3 Days! The Mutual Fund Industry Gathers in Hefei for the First High-Quality Development Forum - Moomoo,"<a href=""https://news.google.com/rss/articles/CBMingFBVV95cUxOYkVnbVUway1yYzdOb2JzajA2em16bzJBXzB1ZkV3UjM5TTY4SHZFVkI3UWUxbjBQUVpjODh5NXNTUkdZXzAxWVRwUVNJcmVZMzdiaDlHem44Tm5fVVpXN09UdDRSb3Z4OHk4VU5kMG9TT0lIZ2k3empzbGJvLTRBRXB0dWVONmRlcTd4cFZFQ1IwbUdGREZCRXF3QVhuZw?oc=5"" target=""_blank"">Countdown to 3 Days! The Mutual Fund Industry Gathers in Hefei for the First High-Quality Development Forum</a>&nbsp;&nbsp;<font color=""#6f6f6f"">Moomoo</font>",https://news.google.com/rss/articles/CBMingFBVV95cUxOYkVnbVUway1yYzdOb2JzajA2em16bzJBXzB1ZkV3UjM5TTY4SHZFVkI3UWUxbjBQUVpjODh5NXNTUkdZXzAxWVRwUVNJcmVZMzdiaDlHem44Tm5fVVpXN09UdDRSb3Z4OHk4VU5kMG9TT0lIZ2k3empzbGJvLTRBRXB0dWVONmRlcTd4cFZFQ1IwbUdGREZCRXF3QVhuZw?oc=5,Ping An Bank,"Countdown to 3 Days! The Mutual Fund Industry Gathers in Hefei for the First High-Quality Development Forum - Moomoo. <a href=""https://news.google.com/rss/articles/CBMingFBVV95cUxOYkVnbVUway1yYzdOb2JzajA2em16bzJBXzB1ZkV3UjM5TTY4SHZFVkI3UWUxbjBQUVpjODh5NXNTUkdZXzAxWVRwUVNJcmVZMzdiaDlHem44Tm5fVVpXN09UdDRSb3Z4OHk4VU5kMG9TT0lIZ2k3empzbGJvLTRBRXB0dWVONmRlcTd4cFZFQ1IwbUdGREZCRXF3QVhuZw?oc=5"" target=""_blank"">Countdown to 3 Days! The Mutual Fund Industry Gathers in Hefei for the First High-Quality Development Forum</a>&nbsp;&nbsp;<font color=""#6f6f6f"">Moomoo</font>",neutral,0.059132166
2025-11-05,2025-11-05T08:00:00+00:00,000001.SZ,"""Ping An Bank"" - Google News",Ping An earns top ESG rating for fourth consecutive year - Insurance Business,"<a href=""https://news.google.com/rss/articles/CBMiyAFBVV95cUxPUnVIR194anhwcUZEdTJCbDM1bXlGbFVBVnpUbGx0SGltUTJNYU9DbWFKSmZQZDlrd1B2a3lDaDBZN2oxMElCOHBCYUpWTGpTWGZYQW14R0g3UWJaVm9LUTJUcFZ5ZmVrUjA4cHM5djZuRzc5RjJNbFAteE5KUEUxSV9tRUVWcnFnd082bVRyNHlNek5rN3pmRTRyNG15M3hwdExzTnQycW96cV9mTEpETXVZcjdONTB2VW9GNVN6TUdHTVNYMlkxOQ?oc=5"" target=""_blank"">Ping An earns top ESG rating for fourth consecutive year</a>&nbsp;&nbsp;<font color=""#6f6f6f"">Insurance Business</font>",https://news.google.com/rss/articles/CBMiyAFBVV95cUxPUnVIR194anhwcUZEdTJCbDM1bXlGbFVBVnpUbGx0SGltUTJNYU9DbWFKSmZQZDlrd1B2a3lDaDBZN2oxMElCOHBCYUpWTGpTWGZYQW14R0g3UWJaVm9LUTJUcFZ5ZmVrUjA4cHM5djZuRzc5RjJNbFAteE5KUEUxSV9tRUVWcnFnd082bVRyNHlNek5rN3pmRTRyNG15M3hwdExzTnQycW96cV9mTEpETXVZcjdONTB2VW9GNVN6TUdHTVNYMlkxOQ?oc=5,Ping An Bank,"Ping An earns top ESG rating for fourth consecutive year - Insurance Business. <a href=""https://news.google.com/rss/articles/CBMiyAFBVV95cUxPUnVIR194anhwcUZEdTJCbDM1bXlGbFVBVnpUbGx0SGltUTJNYU9DbWFKSmZQZDlrd1B2a3lDaDBZN2oxMElCOHBCYUpWTGpTWGZYQW14R0g3UWJaVm9LUTJUcFZ5ZmVrUjA4cHM5djZuRzc5RjJNbFAteE5KUEUxSV9tRUVWcnFnd082bVRyNHlNek5rN3pmRTRyNG15M3hwdExzTnQycW96cV9mTEpETXVZcjdONTB2VW9GNVN6TUdHTVNYMlkxOQ?oc=5"" target=""_blank"">Ping An earns top ESG rating for fourth consecutive year</a>&nbsp;&nbsp;<font color=""#6f6f6f"">Insurance Business</font>",positive,0.764513
2025-11-06,2025-11-06T08:00:00+00:00,000001.SZ,"""Ping An Bank"" - Google News",Chinese banks edge out global rivals in financing Boyu Capital's Starbucks China deal: sources - The Business Times,"<a href=""https://news.google.com/rss/articles/CBMi2wFBVV95cUxOU3ppNWI3UWc5TUNMbzluT3VuZkRFakJ6UFpEZDhTRENyN0ZYdzRQR0pLVnZqbE5LNkg4MEJFR1ZXclg5aTJZSWoySUFDWjBLVWR2bUFrVldkZkdtLTJQclpjOGdxOElNcGlucXRnZXZ0NzY5dTJmR0Y1aWhHVGZIVFE4S0FrREFHNlNaRWJiVzF2TklObjlUOUlNVGMwSzV1R0NKekdlb2NqRmJSMDUzcHRhVDk4eEV6RDJRc0dldzU1ZEhFQmxiaW9VRmhtVU1QWTlfTnhHZ0pfZmM?oc=5"" target=""_blank"">Chinese banks edge out global rivals in financing Boyu Capital's Starbucks China deal: sources</a>&nbsp;&nbsp;<font color=""#6f6f6f"">The Business Times</font>",https://news.google.com/rss/articles/CBMi2wFBVV95cUxOU3ppNWI3UWc5TUNMbzluT3VuZkRFakJ6UFpEZDhTRENyN0ZYdzRQR0pLVnZqbE5LNkg4MEJFR1ZXclg5aTJZSWoySUFDWjBLVWR2bUFrVldkZkdtLTJQclpjOGdxOElNcGlucXRnZXZ0NzY5dTJmR0Y1aWhHVGZIVFE4S0FrREFHNlNaRWJiVzF2TklObjlUOUlNVGMwSzV1R0NKekdlb2NqRmJSMDUzcHRhVDk4eEV6RDJRc0dldzU1ZEhFQmxiaW9VRmhtVU1QWTlfTnhHZ0pfZmM?oc=5,Ping An Bank,"Chinese banks edge out global rivals in financing Boyu Capital's Starbucks China deal: sources - The Business Times. <a href=""https://news.google.com/rss/articles/CBMi2wFBVV95cUxOU3ppNWI3UWc5TUNMbzluT3VuZkRFakJ6UFpEZDhTRENyN0ZYdzRQR0pLVnZqbE5LNkg4MEJFR1ZXclg5aTJZSWoySUFDWjBLVWR2bUFrVldkZkdtLTJQclpjOGdxOElNcGlucXRnZXZ0NzY5dTJmR0Y1aWhHVGZIVFE4S0FrREFHNlNaRWJiVzF2TklObjlUOUlNVGMwSzV1R0NKekdlb2NqRmJSMDUzcHRhVDk4eEV6RDJRc0dldzU1ZEhFQmxiaW9VRmhtVU1QWTlfTnhHZ0pfZmM?oc=5"" target=""_blank"">Chinese banks edge out global rivals in financing Boyu Capital's Starbucks China deal: sources</a>&nbsp;&nbsp;<font color=""#6f6f6f"">The Business Times</font>",neutral,0.115478665
2025-11-14,2025-11-14T08:00:00+00:00,000001.SZ,"""Ping An Bank"" - Google News",Chinese Banks Hasten Bad Asset Disposal as Year-End Nears - Yicai Global,"<a href=""https://news.google.com/rss/articles/CBMiowFBVV95cUxPSWQtT2k1ZkIxSC1qdTNJWWxVVXBxWk9TS2lQME5qVGhXNmtKczhRcDhWdUVYMzROdnZrYUlROWtmbkV1SkY0bzAxTnV1SFY0Uk41SUlDcG1WOVpGSjRZTW5UaklHbmpsa1JnUl9wSTJOQTFTRDhqVHRDb2VDejJncUVhXzVmcVZrcWp0aUFaNlQzdmJ4cWYtM0luN1YwOEZUUWs0?oc=5"" target=""_blank"">Chinese Banks Hasten Bad Asset Disposal as Year-End Nears</a>&nbsp;&nbsp;<font color=""#6f6f6f"">Yicai Global</font>",https://news.google.com/rss/articles/CBMiowFBVV95cUxPSWQtT2k1ZkIxSC1qdTNJWWxVVXBxWk9TS2lQME5qVGhXNmtKczhRcDhWdUVYMzROdnZrYUlROWtmbkV1SkY0bzAxTnV1SFY0Uk41SUlDcG1WOVpGSjRZTW5UaklHbmpsa1JnUl9wSTJOQTFTRDhqVHRDb2VDejJncUVhXzVmcVZrcWp0aUFaNlQzdmJ4cWYtM0luN1YwOEZUUWs0?oc=5,Ping An Bank,"Chinese Banks Hasten Bad Asset Disposal as Year-End Nears - Yicai Global. <a href=""https://news.google.com/rss/articles/CBMiowFBVV95cUxPSWQtT2k1ZkIxSC1qdTNJWWxVVXBxWk9TS2lQME5qVGhXNmtKczhRcDhWdUVYMzROdnZrYUlROWtmbkV1SkY0bzAxTnV1SFY0Uk41SUlDcG1WOVpGSjRZTW5UaklHbmpsa1JnUl9wSTJOQTFTRDhqVHRDb2VDejJncUVhXzVmcVZrcWp0aUFaNlQzdmJ4cWYtM0luN1YwOEZUUWs0?oc=5"" target=""_blank"">Chinese Banks Hasten Bad Asset Disposal as Year-End Nears</a>&nbsp;&nbsp;<font color=""#6f6f6f"">Yicai Global</font>",negative,-0.8631498
2025-11-20,2025-11-20T08:00:00+00:00,000001.SZ,"""000001"" - Google News",Huong Giang shines at Miss Universe 2025 swimsuit semifinals - Báo VietNamNet,"<a href=""https://news.google.com/rss/articles/CBMinwFBVV95cUxONEtfaFhNbFVVQnBQVHc0RmtNMTdpcHJiZjRFbmRBVTRGZ044WU05b3NFamNwZFlTUjRwNkwxMkZJSERLZ2xhN29wRlZlV21Iejlubm0zVmRJTGlUZUNNLTFoU3VteVZiR0tPOU5vWlVIMnptaE1GMGFJRDVaTkthSWFXdHI2LTJkUDIyVWlrTzlIRlFRR01TT3JLRlFQaXc?oc=5"" target=""_blank"">Huong Giang shines at Miss Universe 2025 swimsuit semifinals</a>&nbsp;&nbsp;<font color=""#6f6f6f"">Báo VietNamNet</font>",https://news.google.com/rss/articles/CBMinwFBVV95cUxONEtfaFhNbFVVQnBQVHc0RmtNMTdpcHJiZjRFbmRBVTRGZ044WU05b3NFamNwZFlTUjRwNkwxMkZJSERLZ2xhN29wRlZlV21Iejlubm0zVmRJTGlUZUNNLTFoU3VteVZiR0tPOU5vWlVIMnptaE1GMGFJRDVaTkthSWFXdHI2LTJkUDIyVWlrTzlIRlFRR01TT3JLRlFQaXc?oc=5,000001,"Huong Giang shines at Miss Universe 2025 swimsuit semifinals - Báo VietNamNet. <a href=""https://news.google.com/rss/articles/CBMinwFBVV95cUxONEtfaFhNbFVVQnBQVHc0RmtNMTdpcHJiZjRFbmRBVTRGZ044WU05b3NFamNwZFlTUjRwNkwxMkZJSERLZ2xhN29wRlZlV21Iejlubm0zVmRJTGlUZUNNLTFoU3VteVZiR0tPOU5vWlVIMnptaE1GMGFJRDVaTkthSWFXdHI2LTJkUDIyVWlrTzlIRlFRR01TT3JLRlFQaXc?oc=5"" target=""_blank"">Huong Giang shines at Miss Universe 2025 swimsuit semifinals</a>&nbsp;&nbsp;<font color=""#6f6f6f"">Báo VietNamNet</font>",neutral,0.06267302
2025-11-23,2025-11-23T08:00:00+00:00,000001.SZ,"""000001"" - Google News",Luxury on wheels: How Mailisa’s owners amassed a $21M supercar collection - Báo VietNamNet,"<a href=""https://news.google.com/rss/articles/CBMirgFBVV95cUxPN3RlenBYdFFUQ0ZVLXVwVTVsb2ZTT09qN25sVUNGNU9jZjdiZkpETFZvNUFjWHJUdGtQRzRldDQ3dlZBal9abHNDX0NLSWloNkpvQksybVdtWER0UE0tbWhEdzJzeXVvd1liMWNqU21mb2JtWDJhajVJNHVoZ0tpUXRvZzU4eVlkQVhpc29fYkNzNFN2b1NrSnYza1V0ZkdsdHlwb081Ykd2YnBZdXc?oc=5"" target=""_blank"">Luxury on wheels: How Mailisa’s owners amassed a $21M supercar collection</a>&nbsp;&nbsp;<font color=""#6f6f6f"">Báo VietNamNet</font>",https://news.google.com/rss/articles/CBMirgFBVV95cUxPN3RlenBYdFFUQ0ZVLXVwVTVsb2ZTT09qN25sVUNGNU9jZjdiZkpETFZvNUFjWHJUdGtQRzRldDQ3dlZBal9abHNDX0NLSWloNkpvQksybVdtWER0UE0tbWhEdzJzeXVvd1liMWNqU21mb2JtWDJhajVJNHVoZ0tpUXRvZzU4eVlkQVhpc29fYkNzNFN2b1NrSnYza1V0ZkdsdHlwb081Ykd2YnBZdXc?oc=5,000001,"Luxury on wheels: How Mailisa’s owners amassed a $21M supercar collection - Báo VietNamNet. <a href=""https://news.google.com/rss/articles/CBMirgFBVV95cUxPN3RlenBYdFFUQ0ZVLXVwVTVsb2ZTT09qN25sVUNGNU9jZjdiZkpETFZvNUFjWHJUdGtQRzRldDQ3dlZBal9abHNDX0NLSWloNkpvQksybVdtWER0UE0tbWhEdzJzeXVvd1liMWNqU21mb2JtWDJhajVJNHVoZ0tpUXRvZzU4eVlkQVhpc29fYkNzNFN2b1NrSnYza1V0ZkdsdHlwb081Ykd2YnBZdXc?oc=5"" target=""_blank"">Luxury on wheels: How Mailisa’s owners amassed a $21M supercar collection</a>&nbsp;&nbsp;<font color=""#6f6f6f"">Báo VietNamNet</font>",neutral,0.05589087
2025-11-25,2025-11-25T08:00:00+00:00,000001.SZ,"""000001"" - Google News",Parliament debates Bahrain Chamber voting rollback - News of Bahrain,"<a href=""https://news.google.com/rss/articles/CBMiXkFVX3lxTE1yV3NocVJvYk80NkR0S2RfQ1UyNy1yTmVaa0d5MHRVTWZ3S1Qxa2lnX09Ed3VleUwwMEFSRnV1bXRlSmhJakZrQ0YyRlVSRHhZV1VUMUdXd3hYVHZwWXc?oc=5"" target=""_blank"">Parliament debates Bahrain Chamber voting rollback</a>&nbsp;&nbsp;<font color=""#6f6f6f"">News of Bahrain</font>",https://news.google.com/rss/articles/CBMiXkFVX3lxTE1yV3NocVJvYk80NkR0S2RfQ1UyNy1yTmVaa0d5MHRVTWZ3S1Qxa2lnX09Ed3VleUwwMEFSRnV1bXRlSmhJakZrQ0YyRlVSRHhZV1VUMUdXd3hYVHZwWXc?oc=5,000001,"Parliament debates Bahrain Chamber voting rollback - News of Bahrain. <a href=""https://news.google.com/rss/articles/CBMiXkFVX3lxTE1yV3NocVJvYk80NkR0S2RfQ1UyNy1yTmVaa0d5MHRVTWZ3S1Qxa2lnX09Ed3VleUwwMEFSRnV1bXRlSmhJakZrQ0YyRlVSRHhZV1VUMUdXd3hYVHZwWXc?oc=5"" target=""_blank"">Parliament debates Bahrain Chamber voting rollback</a>&nbsp;&nbsp;<font color=""#6f6f6f"">News of Bahrain</font>",neutral,0.011783764
2025-12-17,2025-12-17T08:00:00+00:00,000001.SZ,"""Ping An Bank"" - Google News",Topic: Ping An Group - Statista,"<a href=""https://news.google.com/rss/articles/CBMiYEFVX3lxTFBkUDV6RjZCSU5FY29WVlFZaEZGMkV0WF9mT05tSUNzV1FWNGVkaHFsR3dmaXFMTFNwVmp2RlVVT0NXMnN4cjM3alE1azBNVWRFUzdaTllIZFM3LWtZT1JUaw?oc=5"" target=""_blank"">Topic: Ping An Group</a>&nbsp;&nbsp;<font color=""#6f6f6f"">Statista</font>",https://news.google.com/rss/articles/CBMiYEFVX3lxTFBkUDV6RjZCSU5FY29WVlFZaEZGMkV0WF9mT05tSUNzV1FWNGVkaHFsR3dmaXFMTFNwVmp2RlVVT0NXMnN4cjM3alE1azBNVWRFUzdaTllIZFM3LWtZT1JUaw?oc=5,Ping An Bank,"Topic: Ping An Group - Statista. <a href=""https://news.google.com/rss/articles/CBMiYEFVX3lxTFBkUDV6RjZCSU5FY29WVlFZaEZGMkV0WF9mT05tSUNzV1FWNGVkaHFsR3dmaXFMTFNwVmp2RlVVT0NXMnN4cjM3alE1azBNVWRFUzdaTllIZFM3LWtZT1JUaw?oc=5"" target=""_blank"">Topic: Ping An Group</a>&nbsp;&nbsp;<font color=""#6f6f6f"">Statista</font>",neutral,-0.00080092624
2025-12-18,2025-12-18T08:00:00+00:00,000001.SZ,"""平安银行"" - Google 新闻",与特区同频共振 平安银行珠海分行书写金融“五篇大文章”珠海答卷 - 珠海网,"<a href=""https://news.google.com/rss/articles/CBMid0FVX3lxTE03YUwwaDhOeDVpY0NBYXNERjRnX3U4UXR5Y1BTcWhGa01xLXZWUVVlLVg5YXYySHp1ZEpyUVNkYV81Z1k3VjBQU2NWNm1PMWk0clhUWlJZaV9Kek1iMEhLamZoczBaYUtMSmc1bktRNll3Wm1mdTFr?oc=5"" target=""_blank"">与特区同频共振 平安银行珠海分行书写金融“五篇大文章”珠海答卷</a>&nbsp;&nbsp;<font color=""#6f6f6f"">珠海网</font>",https://news.google.com/rss/articles/CBMid0FVX3lxTE03YUwwaDhOeDVpY0NBYXNERjRnX3U4UXR5Y1BTcWhGa01xLXZWUVVlLVg5YXYySHp1ZEpyUVNkYV81Z1k3VjBQU2NWNm1PMWk0clhUWlJZaV9Kek1iMEhLamZoczBaYUtMSmc1bktRNll3Wm1mdTFr?oc=5,平安银行,"与特区同频共振 平安银行珠海分行书写金融“五篇大文章”珠海答卷 - 珠海网. <a href=""https://news.google.com/rss/articles/CBMid0FVX3lxTE03YUwwaDhOeDVpY0NBYXNERjRnX3U4UXR5Y1BTcWhGa01xLXZWUVVlLVg5YXYySHp1ZEpyUVNkYV81Z1k3VjBQU2NWNm1PMWk0clhUWlJZaV9Kek1iMEhLamZoczBaYUtMSmc1bktRNll3Wm1mdTFr?oc=5"" target=""_blank"">与特区同频共振 平安银行珠海分行书写金融“五篇大文章”珠海答卷</a>&nbsp;&nbsp;<font color=""#6f6f6f"">珠海网</font>",neutral,0.041911084
2025-12-30,2025-12-30T08:00:00+00:00,000001.SZ,"""平安银行"" - Google 新闻",金融+咖啡：平安银行信用卡与瑞幸共拓年轻生态新场景 - 新浪新闻_手机新浪网,"<a href=""https://news.google.com/rss/articles/CBMidEFVX3lxTE5ISy1mT3Z2Vk1QUW9IeFNKSWYtbGc3ZlBaQVBwR2NtLU92M1A2YnNKOGdoY0hxdnhsY3lOZDhyMlc3aTllam9va1JkR3RHZ1hvaURFWk1sUHBibE1RSjZZUVdJZjV5OHhuMDE1d0piMlk5eEk4?oc=5"" target=""_blank"">金融+咖啡：平安银行信用卡与瑞幸共拓年轻生态新场景</a>&nbsp;&nbsp;<font color=""#6f6f6f"">新浪新闻_手机新浪网</font>",https://news.google.com/rss/articles/CBMidEFVX3lxTE5ISy1mT3Z2Vk1QUW9IeFNKSWYtbGc3ZlBaQVBwR2NtLU92M1A2YnNKOGdoY0hxdnhsY3lOZDhyMlc3aTllam9va1JkR3RHZ1hvaURFWk1sUHBibE1RSjZZUVdJZjV5OHhuMDE1d0piMlk5eEk4?oc=5,平安银行,"金融+咖啡：平安银行信用卡与瑞幸共拓年轻生态新场景 - 新浪新闻_手机新浪网. <a href=""https://news.google.com/rss/articles/CBMidEFVX3lxTE5ISy1mT3Z2Vk1QUW9IeFNKSWYtbGc3ZlBaQVBwR2NtLU92M1A2YnNKOGdoY0hxdnhsY3lOZDhyMlc3aTllam9va1JkR3RHZ1hvaURFWk1sUHBibE1RSjZZUVdJZjV5OHhuMDE1d0piMlk5eEk4?oc=5"" target=""_blank"">金融+咖啡：平安银行信用卡与瑞幸共拓年轻生态新场景</a>&nbsp;&nbsp;<font color=""#6f6f6f"">新浪新闻_手机新浪网</font>",neutral,0.02629913
2025-12-31,2025-12-31T08:00:00+00:00,000001.SZ,"""平安银行"" - Google News","The characteristic of 'independence' has become prominent, with 17 listed banks having established wealth management departments to help meet residents' investable demand exceeding 300 trillion yuan. - Moomoo","<a href=""https://news.google.com/rss/articles/CBMisgFBVV95cUxOZmdlcFpSTF9wcUxfNjl6SHBMOEpGRmFmOWItSHRBalhjd2p0cmlaLUhJc2k2ZW5zVWp1My15alJWa0hiNXpDWjZHV080eEowb2lXLTFBWFdPXy1LLWNkMGpRV3AySXNQZlVkaUZSNjRQdTg4Uy1xQUxqZldRNXJ6R3ZaLWFReGdudmgwRVByc0ttZkZYanFCOFFSMFhzVmVUZTBIeTg4Mi1GQmtvZDcxYzF3?oc=5"" target=""_blank"">The characteristic of 'independence' has become prominent, with 17 listed banks having established wealth management departments to help meet residents' investable demand exceeding 300 trillion yuan.</a>&nbsp;&nbsp;<font color=""#6f6f6f"">Moomoo</font>",https://news.google.com/rss/articles/CBMisgFBVV95cUxOZmdlcFpSTF9wcUxfNjl6SHBMOEpGRmFmOWItSHRBalhjd2p0cmlaLUhJc2k2ZW5zVWp1My15alJWa0hiNXpDWjZHV080eEowb2lXLTFBWFdPXy1LLWNkMGpRV3AySXNQZlVkaUZSNjRQdTg4Uy1xQUxqZldRNXJ6R3ZaLWFReGdudmgwRVByc0ttZkZYanFCOFFSMFhzVmVUZTBIeTg4Mi1GQmtvZDcxYzF3?oc=5,平安银行,"The characteristic of 'independence' has become prominent, with 17 listed banks having established wealth management departments to help meet residents' investable demand exceeding 300 trillion yuan. - Moomoo. <a href=""https://news.google.com/rss/articles/CBMisgFBVV95cUxOZmdlcFpSTF9wcUxfNjl6SHBMOEpGRmFmOWItSHRBalhjd2p0cmlaLUhJc2k2ZW5zVWp1My15alJWa0hiNXpDWjZHV080eEowb2lXLTFBWFdPXy1LLWNkMGpRV3AySXNQZlVkaUZSNjRQdTg4Uy1xQUxqZldRNXJ6R3ZaLWFReGdudmgwRVByc0ttZkZYanFCOFFSMFhzVmVUZTBIeTg4Mi1GQmtvZDcxYzF3?oc=5"" target=""_blank"">The characteristic of 'independence' has become prominent, with 17 listed banks having established wealth management departments to help meet residents' investable demand exceeding 300 trillion yuan.</a>&nbsp;&nbsp;<font color=""#6f6f6f"">Moomoo</font>",neutral,0.33868176
2025-12-31,2025-12-31T08:00:00+00:00,000001.SZ,"""平安银行"" - Google 新闻",平安口袋银行App8.0正式上线 打造“省心、省时，省钱”的金融新体验 - 新华网,"<a href=""https://news.google.com/rss/articles/CBMifkFVX3lxTE5HNkJBOEdQZGFka3dLVTlRUkpOY0Z0b0FzcUJxVzN0OXVyM1ZOZno0Ti0xTlhpeVFFaWo5ZEJ4VDVxNGJBWkxVaTZlX3RPeXV1a1ZXcGpQSzVQVEVwdGdyOUtaWHJneDl2aHdiem5PSjRiaXY3QVdOVm4xTHp0dw?oc=5"" target=""_blank"">平安口袋银行App8.0正式上线 打造“省心、省时，省钱”的金融新体验</a>&nbsp;&nbsp;<font color=""#6f6f6f"">新华网</font>",https://news.google.com/rss/articles/CBMifkFVX3lxTE5HNkJBOEdQZGFka3dLVTlRUkpOY0Z0b0FzcUJxVzN0OXVyM1ZOZno0Ti0xTlhpeVFFaWo5ZEJ4VDVxNGJBWkxVaTZlX3RPeXV1a1ZXcGpQSzVQVEVwdGdyOUtaWHJneDl2aHdiem5PSjRiaXY3QVdOVm4xTHp0dw?oc=5,平安银行,"平安口袋银行App8.0正式上线 打造“省心、省时，省钱”的金融新体验 - 新华网. <a href=""https://news.google.com/rss/articles/CBMifkFVX3lxTE5HNkJBOEdQZGFka3dLVTlRUkpOY0Z0b0FzcUJxVzN0OXVyM1ZOZno0Ti0xTlhpeVFFaWo5ZEJ4VDVxNGJBWkxVaTZlX3RPeXV1a1ZXcGpQSzVQVEVwdGdyOUtaWHJneDl2aHdiem5PSjRiaXY3QVdOVm4xTHp0dw?oc=5"" target=""_blank"">平安口袋银行App8.0正式上线 打造“省心、省时，省钱”的金融新体验</a>&nbsp;&nbsp;<font color=""#6f6f6f"">新华网</font>",neutral,0.03554792
2026-01-15,2026-01-15T08:00:00+00:00,000001.SZ,"""Ping An Bank"" - Google 新闻",(Bilingual)Apple Pay支持国内Visa卡跨境支付；菲律宾宣布对中国公民免签-腾讯新闻 - 腾讯新闻,"<a href=""https://news.google.com/rss/articles/CBMiVkFVX3lxTE9pRE5LSFhucnFKVjlYakFKWDAwNkxTWjJ1Z0s3ZDBmdF8tcnVsNllsNHRteFpidEVwbVhmQmJIci1xYWxIWlZYSWh3Q2ZRa0tiZ2ZTdWVR?oc=5"" target=""_blank"">(Bilingual)Apple Pay支持国内Visa卡跨境支付；菲律宾宣布对中国公民免签-腾讯新闻</a>&nbsp;&nbsp;<font color=""#6f6f6f"">腾讯新闻</font>",https://news.google.com/rss/articles/CBMiVkFVX3lxTE9pRE5LSFhucnFKVjlYakFKWDAwNkxTWjJ1Z0s3ZDBmdF8tcnVsNllsNHRteFpidEVwbVhmQmJIci1xYWxIWlZYSWh3Q2ZRa0tiZ2ZTdWVR?oc=5,Ping An Bank,"(Bilingual)Apple Pay支持国内Visa卡跨境支付；菲律宾宣布对中国公民免签-腾讯新闻 - 腾讯新闻. <a href=""https://news.google.com/rss/articles/CBMiVkFVX3lxTE9pRE5LSFhucnFKVjlYakFKWDAwNkxTWjJ1Z0s3ZDBmdF8tcnVsNllsNHRteFpidEVwbVhmQmJIci1xYWxIWlZYSWh3Q2ZRa0tiZ2ZTdWVR?oc=5"" target=""_blank"">(Bilingual)Apple Pay支持国内Visa卡跨境支付；菲律宾宣布对中国公民免签-腾讯新闻</a>&nbsp;&nbsp;<font color=""#6f6f6f"">腾讯新闻</font>",neutral,0.03608642
2026-01-15,2026-01-15T08:00:00+00:00,000001.SZ,"""Ping An Bank"" - Google 新闻",Visa Becomes First International Card Organization to Support Chinese Cardholders on Apple Pay - Yicai Global,"<a href=""https://news.google.com/rss/articles/CBMixgFBVV95cUxPQXlVZzFLbHlfbmM3TFY5N0hDNTFkMFpMVEI1SGdNQjdJbFF3bklhUWExSkhiNXJ1UmltaUd0eEdHTG9QcjB1SUF6WHZOZ0p1MVhyT2laNlpxZEk1M2lnTnJVUnJ5SjROOGd2QmNxeWdNcGcwX0dTbjBZNVBEUnJuSXU0czN4SXNxT3EzRHR6WXJsbzVVbDEwQlhoVFdRMjAtNTNIb3IzdzBLSm9MNzJfTGJpR2x5aElMMFd3V25jbU1GUTNxTEE?oc=5"" target=""_blank"">Visa Becomes First International Card Organization to Support Chinese Cardholders on Apple Pay</a>&nbsp;&nbsp;<font color=""#6f6f6f"">Yicai Global</font>",https://news.google.com/rss/articles/CBMixgFBVV95cUxPQXlVZzFLbHlfbmM3TFY5N0hDNTFkMFpMVEI1SGdNQjdJbFF3bklhUWExSkhiNXJ1UmltaUd0eEdHTG9QcjB1SUF6WHZOZ0p1MVhyT2laNlpxZEk1M2lnTnJVUnJ5SjROOGd2QmNxeWdNcGcwX0dTbjBZNVBEUnJuSXU0czN4SXNxT3EzRHR6WXJsbzVVbDEwQlhoVFdRMjAtNTNIb3IzdzBLSm9MNzJfTGJpR2x5aElMMFd3V25jbU1GUTNxTEE?oc=5,Ping An Bank,"Visa Becomes First International Card Organization to Support Chinese Cardholders on Apple Pay - Yicai Global. <a href=""https://news.google.com/rss/articles/CBMixgFBVV95cUxPQXlVZzFLbHlfbmM3TFY5N0hDNTFkMFpMVEI1SGdNQjdJbFF3bklhUWExSkhiNXJ1UmltaUd0eEdHTG9QcjB1SUF6WHZOZ0p1MVhyT2laNlpxZEk1M2lnTnJVUnJ5SjROOGd2QmNxeWdNcGcwX0dTbjBZNVBEUnJuSXU0czN4SXNxT3EzRHR6WXJsbzVVbDEwQlhoVFdRMjAtNTNIb3IzdzBLSm9MNzJfTGJpR2x5aElMMFd3V25jbU1GUTNxTEE?oc=5"" target=""_blank"">Visa Becomes First International Card Organization to Support Chinese Cardholders on Apple Pay</a>&nbsp;&nbsp;<font color=""#6f6f6f"">Yicai Global</font>",positive,0.8100037
2026-01-20,2026-01-20T08:00:00+00:00,000001.SZ,"""000001"" - Google News",China Stocks Rise as Sentiment Improves - TradingView,"<a href=""https://news.google.com/rss/articles/CBMilAFBVV95cUxORU1oTjZLbkFXeVRnTzVGZi1Nb0E0enZqXzZFOXNiWHRGdEtjQmxkUEI5OGNwelJ4Ykd1Z2JKdmFHbDh2MlVKTDVIUlZvLXpEUVFwX1pPblB3UXl6OW9YX2ttTUpxN2VaYXBmTWs0eFNHUW5jcWhqM2pOOE8zTXdPLU9lVXVJWmZzUldKemlGcjg2eGdN?oc=5"" target=""_blank"">China Stocks Rise as Sentiment Improves</a>&nbsp;&nbsp;<font color=""#6f6f6f"">TradingView</font>",https://news.google.com/rss/articles/CBMilAFBVV95cUxORU1oTjZLbkFXeVRnTzVGZi1Nb0E0enZqXzZFOXNiWHRGdEtjQmxkUEI5OGNwelJ4Ykd1Z2JKdmFHbDh2MlVKTDVIUlZvLXpEUVFwX1pPblB3UXl6OW9YX2ttTUpxN2VaYXBmTWs0eFNHUW5jcWhqM2pOOE8zTXdPLU9lVXVJWmZzUldKemlGcjg2eGdN?oc=5,000001,"China Stocks Rise as Sentiment Improves - TradingView. <a href=""https://news.google.com/rss/articles/CBMilAFBVV95cUxORU1oTjZLbkFXeVRnTzVGZi1Nb0E0enZqXzZFOXNiWHRGdEtjQmxkUEI5OGNwelJ4Ykd1Z2JKdmFHbDh2MlVKTDVIUlZvLXpEUVFwX1pPblB3UXl6OW9YX2ttTUpxN2VaYXBmTWs0eFNHUW5jcWhqM2pOOE8zTXdPLU9lVXVJWmZzUldKemlGcjg2eGdN?oc=5"" target=""_blank"">China Stocks Rise as Sentiment Improves</a>&nbsp;&nbsp;<font color=""#6f6f6f"">TradingView</font>",positive,0.8722034
2026-01-22,2026-01-22T08:00:00+00:00,000001.SZ,"""Ping An Bank"" - Google News",Chinese banks join the space race with satellite launches and rocket backing - South China Morning Post,"<a href=""https://news.google.com/rss/articles/CBMiyAFBVV95cUxPdEdyVGxBdG9yUHZydEgwU3liei1SUF8xZTdfRUtHU2g5RnRRUjlvQm5tVkdGSnpCTHBxMGlWZHNEU2ljZmJSby1sS01kd1A1alZpY0kwd2RDVnB2bzR3MU9Hb1ZxSkoyZDdaang1V2J1MTFyemF1MnZGSnU0RkMtd3BLZENVZHFsQjluZ0lNbmszNFc0QlRNWXlaVDdVcXIxbk52UE5ZdjJrWXZtV2RLbTdoT21KaWdKU0QyZVhGbkZMNDl6Sy1fNtIByAFBVV95cUxNRWdCUDdLWThzaktkdUpLRXdLMEE2Xy1DWTNJTzRPMTVGZGVJS1p0VUEzVlF2aVlXVkNLS01qZ1h3YUNudWlPaDNZd2FFTDJWN0dqOWdrN3JhVzRVVno5Rjlual94eWhROUJBcTVwRmtIWnNKbWdLZ2Q4bVR1ZGg5dURlTFNkVFh3N2Y1MHU1akphWVdMTlNmQURmalhYTjFWNWtHQnV6UGZpb1FZR21lalY4eFdxa2ZqT0lqSWVkcFJGNk02dGdMTQ?oc=5"" target=""_blank"">Chinese banks join the space race with satellite launches and rocket backing</a>&nbsp;&nbsp;<font color=""#6f6f6f"">South China Morning Post</font>",https://news.google.com/rss/articles/CBMiyAFBVV95cUxPdEdyVGxBdG9yUHZydEgwU3liei1SUF8xZTdfRUtHU2g5RnRRUjlvQm5tVkdGSnpCTHBxMGlWZHNEU2ljZmJSby1sS01kd1A1alZpY0kwd2RDVnB2bzR3MU9Hb1ZxSkoyZDdaang1V2J1MTFyemF1MnZGSnU0RkMtd3BLZENVZHFsQjluZ0lNbmszNFc0QlRNWXlaVDdVcXIxbk52UE5ZdjJrWXZtV2RLbTdoT21KaWdKU0QyZVhGbkZMNDl6Sy1fNtIByAFBVV95cUxNRWdCUDdLWThzaktkdUpLRXdLMEE2Xy1DWTNJTzRPMTVGZGVJS1p0VUEzVlF2aVlXVkNLS01qZ1h3YUNudWlPaDNZd2FFTDJWN0dqOWdrN3JhVzRVVno5Rjlual94eWhROUJBcTVwRmtIWnNKbWdLZ2Q4bVR1ZGg5dURlTFNkVFh3N2Y1MHU1akphWVdMTlNmQURmalhYTjFWNWtHQnV6UGZpb1FZR21lalY4eFdxa2ZqT0lqSWVkcFJGNk02dGdMTQ?oc=5,Ping An Bank,"Chinese banks join the space race with satellite launches and rocket backing - South China Morning Post. <a href=""https://news.google.com/rss/articles/CBMiyAFBVV95cUxPdEdyVGxBdG9yUHZydEgwU3liei1SUF8xZTdfRUtHU2g5RnRRUjlvQm5tVkdGSnpCTHBxMGlWZHNEU2ljZmJSby1sS01kd1A1alZpY0kwd2RDVnB2bzR3MU9Hb1ZxSkoyZDdaang1V2J1MTFyemF1MnZGSnU0RkMtd3BLZENVZHFsQjluZ0lNbmszNFc0QlRNWXlaVDdVcXIxbk52UE5ZdjJrWXZtV2RLbTdoT21KaWdKU0QyZVhGbkZMNDl6Sy1fNtIByAFBVV95cUxNRWdCUDdLWThzaktkdUpLRXdLMEE2Xy1DWTNJTzRPMTVGZGVJS1p0VUEzVlF2aVlXVkNLS01qZ1h3YUNudWlPaDNZd2FFTDJWN0dqOWdrN3JhVzRVVno5Rjlual94eWhROUJBcTVwRmtIWnNKbWdLZ2Q4bVR1ZGg5dURlTFNkVFh3N2Y1MHU1akphWVdMTlNmQURmalhYTjFWNWtHQnV6UGZpb1FZR21lalY4eFdxa2ZqT0lqSWVkcFJGNk02dGdMTQ?oc=5"" target=""_blank"">Chinese banks join the space race with satellite launches and rocket backing</a>&nbsp;&nbsp;<font color=""#6f6f6f"">South China Morning Post</font>",positive,0.5028883
2026-01-31,2026-01-31T08:00:00+00:00,000001.SZ,"""平安银行"" - Google News","Commercial banks collectively adopted a cautious stance before and after the significant volatility in gold prices. In January, three major banks required customers to undergo additional risk assessments, while multiple banks issued risk warnings. - Moomoo","<a href=""https://news.google.com/rss/articles/CBMitAFBVV95cUxNT21SaVR4NlE0cGlFNHpOemNocUVVZy1tbU55dUxFbnlBWW9oUzZEQmluTzBXNnRyS2hpTjNnYVRFZDRUWjdBc2RNbWhXQWZucnBMeTZJT2ZXaWlwaHVLWm1PSWxLV0lkMDY4NTd6TEpYQVNWWGlKWU54R3Y2TE5QLUJQNDMtbHFzeGFfdVF6bFZmNWJrcl9Dc0Yyd0pHeFowZ3VlbjN6N1B6LXo2Tk8yeUh4THQ?oc=5"" target=""_blank"">Commercial banks collectively adopted a cautious stance before and after the significant volatility in gold prices. In January, three major banks required customers to undergo additional risk assessments, while multiple banks issued risk warnings.</a>&nbsp;&nbsp;<font color=""#6f6f6f"">Moomoo</font>",https://news.google.com/rss/articles/CBMitAFBVV95cUxNT21SaVR4NlE0cGlFNHpOemNocUVVZy1tbU55dUxFbnlBWW9oUzZEQmluTzBXNnRyS2hpTjNnYVRFZDRUWjdBc2RNbWhXQWZucnBMeTZJT2ZXaWlwaHVLWm1PSWxLV0lkMDY4NTd6TEpYQVNWWGlKWU54R3Y2TE5QLUJQNDMtbHFzeGFfdVF6bFZmNWJrcl9Dc0Yyd0pHeFowZ3VlbjN6N1B6LXo2Tk8yeUh4THQ?oc=5,平安银行,"Commercial banks collectively adopted a cautious stance before and after the significant volatility in gold prices. In January, three major banks required customers to undergo additional risk assessments, while multiple banks issued risk warnings. - Moomoo. <a href=""https://news.google.com/rss/articles/CBMitAFBVV95cUxNT21SaVR4NlE0cGlFNHpOemNocUVVZy1tbU55dUxFbnlBWW9oUzZEQmluTzBXNnRyS2hpTjNnYVRFZDRUWjdBc2RNbWhXQWZucnBMeTZJT2ZXaWlwaHVLWm1PSWxLV0lkMDY4NTd6TEpYQVNWWGlKWU54R3Y2TE5QLUJQNDMtbHFzeGFfdVF6bFZmNWJrcl9Dc0Yyd0pHeFowZ3VlbjN6N1B6LXo2Tk8yeUh4THQ?oc=5"" target=""_blank"">Commercial banks collectively adopted a cautious stance before and after the significant volatility in gold prices. In January, three major banks required customers to undergo additional risk assessments, while multiple banks issued risk warnings.</a>&nbsp;&nbsp;<font color=""#6f6f6f"">Moomoo</font>",neutral,-0.18601477
2026-02-02,2026-02-02T08:00:00+00:00,000001.SZ,"""Ping An Bank"" - Google News","Satellites are swarming into space, and banks' risk control has reached a ""new height"". - eu.36kr.com","<a href=""https://news.google.com/rss/articles/CBMiU0FVX3lxTE1JRXRnNXo0bjJnWE80WjRYY0hoeXNWYVAwbERkT1pDemVIT2ZxbkthTkFmWGNXTzRncUI1RzFSNWpJRks0UkE5M3ZtaEVWWFczTDdF?oc=5"" target=""_blank"">Satellites are swarming into space, and banks' risk control has reached a ""new height"".</a>&nbsp;&nbsp;<font color=""#6f6f6f"">eu.36kr.com</font>",https://news.google.com/rss/articles/CBMiU0FVX3lxTE1JRXRnNXo0bjJnWE80WjRYY0hoeXNWYVAwbERkT1pDemVIT2ZxbkthTkFmWGNXTzRncUI1RzFSNWpJRks0UkE5M3ZtaEVWWFczTDdF?oc=5,Ping An Bank,"Satellites are swarming into space, and banks' risk control has reached a ""new height"". - eu.36kr.com. <a href=""https://news.google.com/rss/articles/CBMiU0FVX3lxTE1JRXRnNXo0bjJnWE80WjRYY0hoeXNWYVAwbERkT1pDemVIT2ZxbkthTkFmWGNXTzRncUI1RzFSNWpJRks0UkE5M3ZtaEVWWFczTDdF?oc=5"" target=""_blank"">Satellites are swarming into space, and banks' risk control has reached a ""new height"".</a>&nbsp;&nbsp;<font color=""#6f6f6f"">eu.36kr.com</font>",neutral,0.06843023
2026-02-07,2026-02-07T08:00:00+00:00,000001.SZ,"""Ping An Bank"" - Google 新闻","CNAPS Codes, 中国现代化支付系统号, payments in China - Juristique","<a href=""https://news.google.com/rss/articles/CBMiU0FVX3lxTE5VYm8xNjJzM0pjOUxWT2kzR3hyNkxUZHllUktWU1pGc3dObnI1WFZIQ2JmMG53c24tcWlPTTh2Z2JCc1pBS2lmc0s1cFU0MVN2VktF?oc=5"" target=""_blank"">CNAPS Codes, 中国现代化支付系统号, payments in China</a>&nbsp;&nbsp;<font color=""#6f6f6f"">Juristique</font>",https://news.google.com/rss/articles/CBMiU0FVX3lxTE5VYm8xNjJzM0pjOUxWT2kzR3hyNkxUZHllUktWU1pGc3dObnI1WFZIQ2JmMG53c24tcWlPTTh2Z2JCc1pBS2lmc0s1cFU0MVN2VktF?oc=5,Ping An Bank,"CNAPS Codes, 中国现代化支付系统号, payments in China - Juristique. <a href=""https://news.google.com/rss/articles/CBMiU0FVX3lxTE5VYm8xNjJzM0pjOUxWT2kzR3hyNkxUZHllUktWU1pGc3dObnI1WFZIQ2JmMG53c24tcWlPTTh2Z2JCc1pBS2lmc0s1cFU0MVN2VktF?oc=5"" target=""_blank"">CNAPS Codes, 中国现代化支付系统号, payments in China</a>&nbsp;&nbsp;<font color=""#6f6f6f"">Juristique</font>",neutral,0.04011173
2026-02-09,2026-02-09T08:00:00+00:00,000001.SZ,"""000001"" - Google News",New paths in silence: Dinh Cong Dat and Rodney Dickson in ‘Two Friends’ - Báo VietNamNet,"<a href=""https://news.google.com/rss/articles/CBMiqgFBVV95cUxNNE9OU3JIX0szMXhKZTZnR1QzWGRfeWw4SlAxYWs5amNiX0RuX2ZfNjRldzRlUy14UTA0d1lXM3pNTnoyMm5Db3o0Z19oRGJibFppaXNNTGVRdUhPUE95dTFRNkNnUHdHRTc3WF9SejBCTzRtODhNa25lejhpTGtnZ3JCbDNHb2V1Z21RMmFFLUMydFhodE5lZFFrUllvNFBBYUxNVDZvRlBLUQ?oc=5"" target=""_blank"">New paths in silence: Dinh Cong Dat and Rodney Dickson in ‘Two Friends’</a>&nbsp;&nbsp;<font color=""#6f6f6f"">Báo VietNamNet</font>",https://news.google.com/rss/articles/CBMiqgFBVV95cUxNNE9OU3JIX0szMXhKZTZnR1QzWGRfeWw4SlAxYWs5amNiX0RuX2ZfNjRldzRlUy14UTA0d1lXM3pNTnoyMm5Db3o0Z19oRGJibFppaXNNTGVRdUhPUE95dTFRNkNnUHdHRTc3WF9SejBCTzRtODhNa25lejhpTGtnZ3JCbDNHb2V1Z21RMmFFLUMydFhodE5lZFFrUllvNFBBYUxNVDZvRlBLUQ?oc=5,000001,"New paths in silence: Dinh Cong Dat and Rodney Dickson in ‘Two Friends’ - Báo VietNamNet. <a href=""https://news.google.com/rss/articles/CBMiqgFBVV95cUxNNE9OU3JIX0szMXhKZTZnR1QzWGRfeWw4SlAxYWs5amNiX0RuX2ZfNjRldzRlUy14UTA0d1lXM3pNTnoyMm5Db3o0Z19oRGJibFppaXNNTGVRdUhPUE95dTFRNkNnUHdHRTc3WF9SejBCTzRtODhNa25lejhpTGtnZ3JCbDNHb2V1Z21RMmFFLUMydFhodE5lZFFrUllvNFBBYUxNVDZvRlBLUQ?oc=5"" target=""_blank"">New paths in silence: Dinh Cong Dat and Rodney Dickson in ‘Two Friends’</a>&nbsp;&nbsp;<font color=""#6f6f6f"">Báo VietNamNet</font>",neutral,0.04819209
2026-02-10,2026-02-10T08:00:00+00:00,000001.SZ,"""000001"" - Google News",China Stocks Mixed After Inflation Data - TradingView,"<a href=""https://news.google.com/rss/articles/CBMilAFBVV95cUxPOGJEYjZhTW95Y3dmZUhRcXNUaXJsNUZJTnpSMlRhckRoMmNWY0Nrd3JxdWVEaGNEdFdEQy1scnBsVTgzY0dVa1FmU1k2c2R3eTMxWk4zNXkzcFdQS3J1ekVwdmt4V29BNG16TXUyQ3FlN1hvVENESmthbjVaaWNqUUp4aWdoUU13U3NNcURuODc3ckFD?oc=5"" target=""_blank"">China Stocks Mixed After Inflation Data</a>&nbsp;&nbsp;<font color=""#6f6f6f"">TradingView</font>",https://news.google.com/rss/articles/CBMilAFBVV95cUxPOGJEYjZhTW95Y3dmZUhRcXNUaXJsNUZJTnpSMlRhckRoMmNWY0Nrd3JxdWVEaGNEdFdEQy1scnBsVTgzY0dVa1FmU1k2c2R3eTMxWk4zNXkzcFdQS3J1ekVwdmt4V29BNG16TXUyQ3FlN1hvVENESmthbjVaaWNqUUp4aWdoUU13U3NNcURuODc3ckFD?oc=5,000001,"China Stocks Mixed After Inflation Data - TradingView. <a href=""https://news.google.com/rss/articles/CBMilAFBVV95cUxPOGJEYjZhTW95Y3dmZUhRcXNUaXJsNUZJTnpSMlRhckRoMmNWY0Nrd3JxdWVEaGNEdFdEQy1scnBsVTgzY0dVa1FmU1k2c2R3eTMxWk4zNXkzcFdQS3J1ekVwdmt4V29BNG16TXUyQ3FlN1hvVENESmthbjVaaWNqUUp4aWdoUU13U3NNcURuODc3ckFD?oc=5"" target=""_blank"">China Stocks Mixed After Inflation Data</a>&nbsp;&nbsp;<font color=""#6f6f6f"">TradingView</font>",negative,-0.6085786
2026-02-11,2026-02-11T08:00:00+00:00,000001.SZ,"""平安银行"" - Google 新闻",再关一网点，平安银行坦洲支行开业五年多后终止营业 - 中国经济网,"<a href=""https://news.google.com/rss/articles/CBMic0FVX3lxTE12WllIcFlBQlA3clBOaXpfd0FPd3JvZmpZLWNjYklQZC12cDJrSXFsR01YdDA0RDlSdTZyMlRmbk50dXgtYzZrMkVGZFFzLW1nTlhuOEU5d0xQNWk0cTdIZ20tQ2JZVlZQWFROczAtN19rU0k?oc=5"" target=""_blank"">再关一网点，平安银行坦洲支行开业五年多后终止营业</a>&nbsp;&nbsp;<font color=""#6f6f6f"">中国经济网</font>",https://news.google.com/rss/articles/CBMic0FVX3lxTE12WllIcFlBQlA3clBOaXpfd0FPd3JvZmpZLWNjYklQZC12cDJrSXFsR01YdDA0RDlSdTZyMlRmbk50dXgtYzZrMkVGZFFzLW1nTlhuOEU5d0xQNWk0cTdIZ20tQ2JZVlZQWFROczAtN19rU0k?oc=5,平安银行,"再关一网点，平安银行坦洲支行开业五年多后终止营业 - 中国经济网. <a href=""https://news.google.com/rss/articles/CBMic0FVX3lxTE12WllIcFlBQlA3clBOaXpfd0FPd3JvZmpZLWNjYklQZC12cDJrSXFsR01YdDA0RDlSdTZyMlRmbk50dXgtYzZrMkVGZFFzLW1nTlhuOEU5d0xQNWk0cTdIZ20tQ2JZVlZQWFROczAtN19rU0k?oc=5"" target=""_blank"">再关一网点，平安银行坦洲支行开业五年多后终止营业</a>&nbsp;&nbsp;<font color=""#6f6f6f"">中国经济网</font>",neutral,0.017368212
2026-02-11,2026-02-11T08:00:00+00:00,000001.SZ,"""000001"" - Google News",China Stocks Rise on AI Optimism - TradingView,"<a href=""https://news.google.com/rss/articles/CBMiiwFBVV95cUxOZlBrRndvalhfSWFrbjkwX09NR2c2RnI1TXpCTVJhNEFSc3M3aXFPTHB0aXM2c3BBUEZ6VkV6NUMzTUgwdnNWd3prSDBIY1lCQURnMmFqc2xGWjVIVFZLLWl1ZlBZak1kcmhBZHN5Z2swbDVMbU9KUjFqQTNRYUgtWGtET09QZVlVOFNV?oc=5"" target=""_blank"">China Stocks Rise on AI Optimism</a>&nbsp;&nbsp;<font color=""#6f6f6f"">TradingView</font>",https://news.google.com/rss/articles/CBMiiwFBVV95cUxOZlBrRndvalhfSWFrbjkwX09NR2c2RnI1TXpCTVJhNEFSc3M3aXFPTHB0aXM2c3BBUEZ6VkV6NUMzTUgwdnNWd3prSDBIY1lCQURnMmFqc2xGWjVIVFZLLWl1ZlBZak1kcmhBZHN5Z2swbDVMbU9KUjFqQTNRYUgtWGtET09QZVlVOFNV?oc=5,000001,"China Stocks Rise on AI Optimism - TradingView. <a href=""https://news.google.com/rss/articles/CBMiiwFBVV95cUxOZlBrRndvalhfSWFrbjkwX09NR2c2RnI1TXpCTVJhNEFSc3M3aXFPTHB0aXM2c3BBUEZ6VkV6NUMzTUgwdnNWd3prSDBIY1lCQURnMmFqc2xGWjVIVFZLLWl1ZlBZak1kcmhBZHN5Z2swbDVMbU9KUjFqQTNRYUgtWGtET09QZVlVOFNV?oc=5"" target=""_blank"">China Stocks Rise on AI Optimism</a>&nbsp;&nbsp;<font color=""#6f6f6f"">TradingView</font>",positive,0.82704365
2026-02-12,2026-02-12T08:00:00+00:00,000001.SZ,"""Ping An Bank"" - Google 新闻",全球银行品牌价值500强出炉！中国15家上榜百强，工行（01398）蝉联榜首 - 智通财经,"<a href=""https://news.google.com/rss/articles/CBMihgFBVV95cUxOVktLOEFzdjduNDBlTno4R1Z2bjFUeEszWTlOSDRpTGZFNnhZRU9nWW9fV3RxME1MUm5fQ0Z4TnZScXd5dGpwUktwYV8teFRnQWVpeVg0R0VKanFLQlAyRXFST3l1T05PMWdrUjdFbDFDcnM4OXJiVzdSTUNmVW9LT2dVYUh3UQ?oc=5"" target=""_blank"">全球银行品牌价值500强出炉！中国15家上榜百强，工行（01398）蝉联榜首</a>&nbsp;&nbsp;<font color=""#6f6f6f"">智通财经</font>",https://news.google.com/rss/articles/CBMihgFBVV95cUxOVktLOEFzdjduNDBlTno4R1Z2bjFUeEszWTlOSDRpTGZFNnhZRU9nWW9fV3RxME1MUm5fQ0Z4TnZScXd5dGpwUktwYV8teFRnQWVpeVg0R0VKanFLQlAyRXFST3l1T05PMWdrUjdFbDFDcnM4OXJiVzdSTUNmVW9LT2dVYUh3UQ?oc=5,Ping An Bank,"全球银行品牌价值500强出炉！中国15家上榜百强，工行（01398）蝉联榜首 - 智通财经. <a href=""https://news.google.com/rss/articles/CBMihgFBVV95cUxOVktLOEFzdjduNDBlTno4R1Z2bjFUeEszWTlOSDRpTGZFNnhZRU9nWW9fV3RxME1MUm5fQ0Z4TnZScXd5dGpwUktwYV8teFRnQWVpeVg0R0VKanFLQlAyRXFST3l1T05PMWdrUjdFbDFDcnM4OXJiVzdSTUNmVW9LT2dVYUh3UQ?oc=5"" target=""_blank"">全球银行品牌价值500强出炉！中国15家上榜百强，工行（01398）蝉联榜首</a>&nbsp;&nbsp;<font color=""#6f6f6f"">智通财经</font>",neutral,0.026626838
2026-02-14,2026-02-14T08:00:00+00:00,000001.SZ,"""平安银行"" - Google News",China Adds Zheshang Bank to Systemically Important Lenders List - Caixin Global,"<a href=""https://news.google.com/rss/articles/CBMiugFBVV95cUxNTkd3MmNMeDRfQlFwQlBEU0tna3hGRnhYaHJTTEhOX040NFZjWHZiaF8xdmZpOE5NV1d2VWF0UWFmbGVLVmtXZzU5V3I4NGZiRjA2TjZhUlZDYmhhOEVVSjJHZURWUEx2VkkxOTUzMUVqVUFfcXp4WW1maGhmU3A1OGk2alhnZ2FHdEpGc3JxbW5HR0xpbVJpVHhNV01mSjFQb21fQWUwcEZPS25aTkg3OEVzMW1PWkhCZUE?oc=5"" target=""_blank"">China Adds Zheshang Bank to Systemically Important Lenders List</a>&nbsp;&nbsp;<font color=""#6f6f6f"">Caixin Global</font>",https://news.google.com/rss/articles/CBMiugFBVV95cUxNTkd3MmNMeDRfQlFwQlBEU0tna3hGRnhYaHJTTEhOX040NFZjWHZiaF8xdmZpOE5NV1d2VWF0UWFmbGVLVmtXZzU5V3I4NGZiRjA2TjZhUlZDYmhhOEVVSjJHZURWUEx2VkkxOTUzMUVqVUFfcXp4WW1maGhmU3A1OGk2alhnZ2FHdEpGc3JxbW5HR0xpbVJpVHhNV01mSjFQb21fQWUwcEZPS25aTkg3OEVzMW1PWkhCZUE?oc=5,平安银行,"China Adds Zheshang Bank to Systemically Important Lenders List - Caixin Global. <a href=""https://news.google.com/rss/articles/CBMiugFBVV95cUxNTkd3MmNMeDRfQlFwQlBEU0tna3hGRnhYaHJTTEhOX040NFZjWHZiaF8xdmZpOE5NV1d2VWF0UWFmbGVLVmtXZzU5V3I4NGZiRjA2TjZhUlZDYmhhOEVVSjJHZURWUEx2VkkxOTUzMUVqVUFfcXp4WW1maGhmU3A1OGk2alhnZ2FHdEpGc3JxbW5HR0xpbVJpVHhNV01mSjFQb21fQWUwcEZPS25aTkg3OEVzMW1PWkhCZUE?oc=5"" target=""_blank"">China Adds Zheshang Bank to Systemically Important Lenders List</a>&nbsp;&nbsp;<font color=""#6f6f6f"">Caixin Global</font>",neutral,0.29703364
2026-02-15,2026-02-15T08:00:00+00:00,000001.SZ,"""Ping An Bank"" - Google News",The Truth About Ping An Bank Co Ltd: Is This Chinese Finance Giant a Hidden Power Play or Total Over - AD HOC NEWS,"<a href=""https://news.google.com/rss/articles/CBMixAFBVV95cUxOQlc5UV9UdV9Wc2t6WW1pR2pKQjJxTDlCR0FOUFBTMlRGZWNrSTFYZVM5YUhJZW9vd0ZXUUQ1X1IzcFE5bTB2cnhseExLM21UM2I3V2ZPS0tWTHVJbGFuUk9NS3lCRDExUUtxcWhsNnhEelByVjdvNkxBSXliWWdhSEN5Wk12TEF5NFBIczdJZGgtNXNuU2YxSDRZZ3UyejllNElPSXR0Mi1NTVEzclE3VjN1NFhURDRSN1UyR0J1MzhtYTNF?oc=5"" target=""_blank"">The Truth About Ping An Bank Co Ltd: Is This Chinese Finance Giant a Hidden Power Play or Total Over</a>&nbsp;&nbsp;<font color=""#6f6f6f"">AD HOC NEWS</font>",https://news.google.com/rss/articles/CBMixAFBVV95cUxOQlc5UV9UdV9Wc2t6WW1pR2pKQjJxTDlCR0FOUFBTMlRGZWNrSTFYZVM5YUhJZW9vd0ZXUUQ1X1IzcFE5bTB2cnhseExLM21UM2I3V2ZPS0tWTHVJbGFuUk9NS3lCRDExUUtxcWhsNnhEelByVjdvNkxBSXliWWdhSEN5Wk12TEF5NFBIczdJZGgtNXNuU2YxSDRZZ3UyejllNElPSXR0Mi1NTVEzclE3VjN1NFhURDRSN1UyR0J1MzhtYTNF?oc=5,Ping An Bank,"The Truth About Ping An Bank Co Ltd: Is This Chinese Finance Giant a Hidden Power Play or Total Over - AD HOC NEWS. <a href=""https://news.google.com/rss/articles/CBMixAFBVV95cUxOQlc5UV9UdV9Wc2t6WW1pR2pKQjJxTDlCR0FOUFBTMlRGZWNrSTFYZVM5YUhJZW9vd0ZXUUQ1X1IzcFE5bTB2cnhseExLM21UM2I3V2ZPS0tWTHVJbGFuUk9NS3lCRDExUUtxcWhsNnhEelByVjdvNkxBSXliWWdhSEN5Wk12TEF5NFBIczdJZGgtNXNuU2YxSDRZZ3UyejllNElPSXR0Mi1NTVEzclE3VjN1NFhURDRSN1UyR0J1MzhtYTNF?oc=5"" target=""_blank"">The Truth About Ping An Bank Co Ltd: Is This Chinese Finance Giant a Hidden Power Play or Total Over</a>&nbsp;&nbsp;<font color=""#6f6f6f"">AD HOC NEWS</font>",neutral,-0.016405748
2026-02-23,2026-02-23T08:00:00+00:00,000001.SZ,"""000001"" - Google News",China Stocks Rise After Long Break - TradingView,"<a href=""https://news.google.com/rss/articles/CBMijgFBVV95cUxPNlA2MHBkRWhZTmdyNlBiVjUwdUpNclgtdjlTZEVTemNzSW5PelhCNGFfbVloNzQwck9RMm9oOTNkWU1OeXBMXzVOOXVtSEtBOXVqcF9SR3VVRmhzYXNuc0VkNU9DQ2JJejFGbk91dFdRRWdfWlFqODZsRi0wSDVlUUNsT0gwdGFVMEl6Y2lB?oc=5"" target=""_blank"">China Stocks Rise After Long Break</a>&nbsp;&nbsp;<font color=""#6f6f6f"">TradingView</font>",https://news.google.com/rss/articles/CBMijgFBVV95cUxPNlA2MHBkRWhZTmdyNlBiVjUwdUpNclgtdjlTZEVTemNzSW5PelhCNGFfbVloNzQwck9RMm9oOTNkWU1OeXBMXzVOOXVtSEtBOXVqcF9SR3VVRmhzYXNuc0VkNU9DQ2JJejFGbk91dFdRRWdfWlFqODZsRi0wSDVlUUNsT0gwdGFVMEl6Y2lB?oc=5,000001,"China Stocks Rise After Long Break - TradingView. <a href=""https://news.google.com/rss/articles/CBMijgFBVV95cUxPNlA2MHBkRWhZTmdyNlBiVjUwdUpNclgtdjlTZEVTemNzSW5PelhCNGFfbVloNzQwck9RMm9oOTNkWU1OeXBMXzVOOXVtSEtBOXVqcF9SR3VVRmhzYXNuc0VkNU9DQ2JJejFGbk91dFdRRWdfWlFqODZsRi0wSDVlUUNsT0gwdGFVMEl6Y2lB?oc=5"" target=""_blank"">China Stocks Rise After Long Break</a>&nbsp;&nbsp;<font color=""#6f6f6f"">TradingView</font>",positive,0.8536713
2026-03-02,2026-03-02T08:00:00+00:00,000001.SZ,"""000001"" - Google News",Stocks in China Hit 10-year High - TradingView,"<a href=""https://news.google.com/rss/articles/CBMiiwFBVV95cUxPVTBJWEFZSEh5ZzdPanFjeVlQSWxVczc4VlBQUHpiUnJWbTBaZ1ZQQjJfZV9JTHR0ay1UV2hxUmNTTTlMbUoya181OG44UlpQNnhiMXBSODlmVjRULUo3aGRYSXZwcHVCQmZpUW1ZQjZ2Zy0wSE9jQzZMTDViX3A0RDZSM3JhRmg0c2VZ?oc=5"" target=""_blank"">Stocks in China Hit 10-year High</a>&nbsp;&nbsp;<font color=""#6f6f6f"">TradingView</font>",https://news.google.com/rss/articles/CBMiiwFBVV95cUxPVTBJWEFZSEh5ZzdPanFjeVlQSWxVczc4VlBQUHpiUnJWbTBaZ1ZQQjJfZV9JTHR0ay1UV2hxUmNTTTlMbUoya181OG44UlpQNnhiMXBSODlmVjRULUo3aGRYSXZwcHVCQmZpUW1ZQjZ2Zy0wSE9jQzZMTDViX3A0RDZSM3JhRmg0c2VZ?oc=5,000001,"Stocks in China Hit 10-year High - TradingView. <a href=""https://news.google.com/rss/articles/CBMiiwFBVV95cUxPVTBJWEFZSEh5ZzdPanFjeVlQSWxVczc4VlBQUHpiUnJWbTBaZ1ZQQjJfZV9JTHR0ay1UV2hxUmNTTTlMbUoya181OG44UlpQNnhiMXBSODlmVjRULUo3aGRYSXZwcHVCQmZpUW1ZQjZ2Zy0wSE9jQzZMTDViX3A0RDZSM3JhRmg0c2VZ?oc=5"" target=""_blank"">Stocks in China Hit 10-year High</a>&nbsp;&nbsp;<font color=""#6f6f6f"">TradingView</font>",positive,0.8356284
2026-03-11,2026-03-11T07:00:00+00:00,000001.SZ,"""Ping An Bank"" - Google News","Ping An Bank announces withdrawal from personal ""gold trading"" business - Bitget","<a href=""https://news.google.com/rss/articles/CBMiZEFVX3lxTE10NTVXeEI2LVl0RW5lVi1nNmg1OEhpSkZoTVNGSE5OQkZlcnZKa0dzYWpPMmlOQWFRc3hPeUkxYXRDa2c0empnSkE1NGVIU0wtOGY3b3pUcEUyRlNXUUNOUWVFUXPSAWpBVV95cUxNZTdBVXpuY1cyR2ZsbUZOakIzaUZ0dnFlUFNvQnhFSzJnQkxBUGhuX2hFZVg1bER4NE04RkR1TTNjM050aGsxSFVtR29WaU0yVGphV1VkMWFrcnBUTmk4MGhHNGZ4OWcwVlZR?oc=5"" target=""_blank"">Ping An Bank announces withdrawal from personal ""gold trading"" business</a>&nbsp;&nbsp;<font color=""#6f6f6f"">Bitget</font>",https://news.google.com/rss/articles/CBMiZEFVX3lxTE10NTVXeEI2LVl0RW5lVi1nNmg1OEhpSkZoTVNGSE5OQkZlcnZKa0dzYWpPMmlOQWFRc3hPeUkxYXRDa2c0empnSkE1NGVIU0wtOGY3b3pUcEUyRlNXUUNOUWVFUXPSAWpBVV95cUxNZTdBVXpuY1cyR2ZsbUZOakIzaUZ0dnFlUFNvQnhFSzJnQkxBUGhuX2hFZVg1bER4NE04RkR1TTNjM050aGsxSFVtR29WaU0yVGphV1VkMWFrcnBUTmk4MGhHNGZ4OWcwVlZR?oc=5,Ping An Bank,"Ping An Bank announces withdrawal from personal ""gold trading"" business - Bitget. <a href=""https://news.google.com/rss/articles/CBMiZEFVX3lxTE10NTVXeEI2LVl0RW5lVi1nNmg1OEhpSkZoTVNGSE5OQkZlcnZKa0dzYWpPMmlOQWFRc3hPeUkxYXRDa2c0empnSkE1NGVIU0wtOGY3b3pUcEUyRlNXUUNOUWVFUXPSAWpBVV95cUxNZTdBVXpuY1cyR2ZsbUZOakIzaUZ0dnFlUFNvQnhFSzJnQkxBUGhuX2hFZVg1bER4NE04RkR1TTNjM050aGsxSFVtR29WaU0yVGphV1VkMWFrcnBUTmk4MGhHNGZ4OWcwVlZR?oc=5"" target=""_blank"">Ping An Bank announces withdrawal from personal ""gold trading"" business</a>&nbsp;&nbsp;<font color=""#6f6f6f"">Bitget</font>",negative,-0.8898058
2026-03-11,2026-03-11T07:00:00+00:00,000001.SZ,"""平安银行"" - Google 新闻",平安银行：4月1日起逐步关闭现货实盘买入等相关业务权限并退出该业务 - 东方财富,"<a href=""https://news.google.com/rss/articles/CBMiYEFVX3lxTE9GXzd5bkpIYUpuRWJMMHNncWdKdVNicHBXQjRnSG9UaE41RDJSRHctNkNoaDljWmVXeGFTMi02ZVJfbE5RVkVQbUU5RnVKc1loazhLa191SDAySFJTcEthcQ?oc=5"" target=""_blank"">平安银行：4月1日起逐步关闭现货实盘买入等相关业务权限并退出该业务</a>&nbsp;&nbsp;<font color=""#6f6f6f"">东方财富</font>",https://news.google.com/rss/articles/CBMiYEFVX3lxTE9GXzd5bkpIYUpuRWJMMHNncWdKdVNicHBXQjRnSG9UaE41RDJSRHctNkNoaDljWmVXeGFTMi02ZVJfbE5RVkVQbUU5RnVKc1loazhLa191SDAySFJTcEthcQ?oc=5,平安银行,"平安银行：4月1日起逐步关闭现货实盘买入等相关业务权限并退出该业务 - 东方财富. <a href=""https://news.google.com/rss/articles/CBMiYEFVX3lxTE9GXzd5bkpIYUpuRWJMMHNncWdKdVNicHBXQjRnSG9UaE41RDJSRHctNkNoaDljWmVXeGFTMi02ZVJfbE5RVkVQbUU5RnVKc1loazhLa191SDAySFJTcEthcQ?oc=5"" target=""_blank"">平安银行：4月1日起逐步关闭现货实盘买入等相关业务权限并退出该业务</a>&nbsp;&nbsp;<font color=""#6f6f6f"">东方财富</font>",neutral,0.018868402
2026-03-13,2026-03-13T07:00:00+00:00,000001.SZ,"""平安银行"" - Google 新闻",金融315｜平安银行上海分行开展“平安相伴暖‘新’同行”金融教育宣传及公益关怀行动 - thepaper.cn,"<a href=""https://news.google.com/rss/articles/CBMiXkFVX3lxTE05aXcwaV9KQVpNeFctaTN3OU9lcm1UYWRFM1c5c0VQLVMwYy1rQjhYX1EzVERaU0hfLURmWkp6OVFMWEl4bzdlQ0EzcG1aVUxEc09sTXZVVlowT3lHLXc?oc=5"" target=""_blank"">金融315｜平安银行上海分行开展“平安相伴暖‘新’同行”金融教育宣传及公益关怀行动</a>&nbsp;&nbsp;<font color=""#6f6f6f"">thepaper.cn</font>",https://news.google.com/rss/articles/CBMiXkFVX3lxTE05aXcwaV9KQVpNeFctaTN3OU9lcm1UYWRFM1c5c0VQLVMwYy1rQjhYX1EzVERaU0hfLURmWkp6OVFMWEl4bzdlQ0EzcG1aVUxEc09sTXZVVlowT3lHLXc?oc=5,平安银行,"金融315｜平安银行上海分行开展“平安相伴暖‘新’同行”金融教育宣传及公益关怀行动 - thepaper.cn. <a href=""https://news.google.com/rss/articles/CBMiXkFVX3lxTE05aXcwaV9KQVpNeFctaTN3OU9lcm1UYWRFM1c5c0VQLVMwYy1rQjhYX1EzVERaU0hfLURmWkp6OVFMWEl4bzdlQ0EzcG1aVUxEc09sTXZVVlowT3lHLXc?oc=5"" target=""_blank"">金融315｜平安银行上海分行开展“平安相伴暖‘新’同行”金融教育宣传及公益关怀行动</a>&nbsp;&nbsp;<font color=""#6f6f6f"">thepaper.cn</font>",neutral,0.04645782
2026-03-16,2026-03-16T07:00:00+00:00,000001.SZ,"""平安银行"" - Google 新闻",平安银行北京分行走进中关村东升科技园“金融+科技”跨界融合 开启消保宣教新范式 - 中国网海丝频道,"<a href=""https://news.google.com/rss/articles/CBMiZkFVX3lxTE5kOXBkbWVtMWZXV2o2ZHZ4dzJWSDNmdS1LVUEzZDk4VGVBMXdOb09CcEx6QmFEYWUyZC11MnZGNlY0Y09HajNXTlUzZ0F2bHNFbWxFcVloQkw5VlZkTUFnQ2Vsb1Brdw?oc=5"" target=""_blank"">平安银行北京分行走进中关村东升科技园“金融+科技”跨界融合 开启消保宣教新范式</a>&nbsp;&nbsp;<font color=""#6f6f6f"">中国网海丝频道</font>",https://news.google.com/rss/articles/CBMiZkFVX3lxTE5kOXBkbWVtMWZXV2o2ZHZ4dzJWSDNmdS1LVUEzZDk4VGVBMXdOb09CcEx6QmFEYWUyZC11MnZGNlY0Y09HajNXTlUzZ0F2bHNFbWxFcVloQkw5VlZkTUFnQ2Vsb1Brdw?oc=5,平安银行,"平安银行北京分行走进中关村东升科技园“金融+科技”跨界融合 开启消保宣教新范式 - 中国网海丝频道. <a href=""https://news.google.com/rss/articles/CBMiZkFVX3lxTE5kOXBkbWVtMWZXV2o2ZHZ4dzJWSDNmdS1LVUEzZDk4VGVBMXdOb09CcEx6QmFEYWUyZC11MnZGNlY0Y09HajNXTlUzZ0F2bHNFbWxFcVloQkw5VlZkTUFnQ2Vsb1Brdw?oc=5"" target=""_blank"">平安银行北京分行走进中关村东升科技园“金融+科技”跨界融合 开启消保宣教新范式</a>&nbsp;&nbsp;<font color=""#6f6f6f"">中国网海丝频道</font>",neutral,0.037782654
2026-03-18,2026-03-18T07:00:00+00:00,000001.SZ,"""Ping An Bank"" - Google 新闻",浙江龙盛集团股份有限公司为全资子公司提供担保公告（2026年最新） - Minichart,"<a href=""https://news.google.com/rss/articles/CBMi2wJBVV95cUxOWnhoc2gweUM3VHdBT3g4VnlpRHBYVEQ1TTRxUHBmdWZQY1lFMHAwTU5BVHN4dDhLWVF3OTRYbnVjcks3QUFfMTBoOEdZeXJINXZmTlhUZlNuOGVMeWRQdnFwdUdaamZuTk1MaEc1T0ZISWNVUTFxaHhMdWtIVVRYb1JtaTdlelQ0M3l3a1QwNlhSNTM3YWJYdzcxQ2Z5blBvbXpTRXEtVmNQT3FUV244ZzBOc1V1emVWMHdIbll1VXZEYS11bzFWSS0wUGVIWmpzQmRpZFFydS1kbXRKdFlFMnVyT1R0QmFmWTJUNU43SDg5SHRrZHZGeWp6ZEtFYmp2QTBaVFdmLWF3ZnhPMU9TU1FaMmV4ZzEyeGE3OW41d0pGVjFaSlh4cW9tTTZmZHoyVWtJWmlWQ3ZqRGtIUFlIWmV2eXp3MHhMVjJvSW1ham85cnQzZEFLdHc1Zw?oc=5"" target=""_blank"">浙江龙盛集团股份有限公司为全资子公司提供担保公告（2026年最新）</a>&nbsp;&nbsp;<font color=""#6f6f6f"">Minichart</font>",https://news.google.com/rss/articles/CBMi2wJBVV95cUxOWnhoc2gweUM3VHdBT3g4VnlpRHBYVEQ1TTRxUHBmdWZQY1lFMHAwTU5BVHN4dDhLWVF3OTRYbnVjcks3QUFfMTBoOEdZeXJINXZmTlhUZlNuOGVMeWRQdnFwdUdaamZuTk1MaEc1T0ZISWNVUTFxaHhMdWtIVVRYb1JtaTdlelQ0M3l3a1QwNlhSNTM3YWJYdzcxQ2Z5blBvbXpTRXEtVmNQT3FUV244ZzBOc1V1emVWMHdIbll1VXZEYS11bzFWSS0wUGVIWmpzQmRpZFFydS1kbXRKdFlFMnVyT1R0QmFmWTJUNU43SDg5SHRrZHZGeWp6ZEtFYmp2QTBaVFdmLWF3ZnhPMU9TU1FaMmV4ZzEyeGE3OW41d0pGVjFaSlh4cW9tTTZmZHoyVWtJWmlWQ3ZqRGtIUFlIWmV2eXp3MHhMVjJvSW1ham85cnQzZEFLdHc1Zw?oc=5,Ping An Bank,"浙江龙盛集团股份有限公司为全资子公司提供担保公告（2026年最新） - Minichart. <a href=""https://news.google.com/rss/articles/CBMi2wJBVV95cUxOWnhoc2gweUM3VHdBT3g4VnlpRHBYVEQ1TTRxUHBmdWZQY1lFMHAwTU5BVHN4dDhLWVF3OTRYbnVjcks3QUFfMTBoOEdZeXJINXZmTlhUZlNuOGVMeWRQdnFwdUdaamZuTk1MaEc1T0ZISWNVUTFxaHhMdWtIVVRYb1JtaTdlelQ0M3l3a1QwNlhSNTM3YWJYdzcxQ2Z5blBvbXpTRXEtVmNQT3FUV244ZzBOc1V1emVWMHdIbll1VXZEYS11bzFWSS0wUGVIWmpzQmRpZFFydS1kbXRKdFlFMnVyT1R0QmFmWTJUNU43SDg5SHRrZHZGeWp6ZEtFYmp2QTBaVFdmLWF3ZnhPMU9TU1FaMmV4ZzEyeGE3OW41d0pGVjFaSlh4cW9tTTZmZHoyVWtJWmlWQ3ZqRGtIUFlIWmV2eXp3MHhMVjJvSW1ham85cnQzZEFLdHc1Zw?oc=5"" target=""_blank"">浙江龙盛集团股份有限公司为全资子公司提供担保公告（2026年最新）</a>&nbsp;&nbsp;<font color=""#6f6f6f"">Minichart</font>",neutral,0.027700668
2026-03-20,2026-03-20T07:00:00+00:00,000001.SZ,"""Ping An Bank"" - Google News","Ping An Bank Co., Ltd. Reports Earnings Results for the Full Year Ended December 31, 2025 - marketscreener.com","<a href=""https://news.google.com/rss/articles/CBMi1AFBVV95cUxPNHNMNElPR1dKaF84OTZubWV0OEc2T29NUmJfQjVueUc0bW1LUW1XemhEQzBlaVVRRDJvUVo0UHM2akUydVQ2NTRvT3Jvbmk2ZEdTR2ZaSXFzVHpaNmxJaGNZT3dxajJiQUdfZS1uOGdyemQ3YXRXVEhBWG5BbGNjNlFlN3pRN3V5eVg1dVBfdndUT3dPdEcxVmZJZUhiSUlDOU1ESHBHMkt2dDNqLW1HZWFJbEdBenVWTXh3aTNZeHdneTJyZ2RtRUdjTXA2aXZjU1ROXw?oc=5"" target=""_blank"">Ping An Bank Co., Ltd. Reports Earnings Results for the Full Year Ended December 31, 2025</a>&nbsp;&nbsp;<font color=""#6f6f6f"">marketscreener.com</font>",https://news.google.com/rss/articles/CBMi1AFBVV95cUxPNHNMNElPR1dKaF84OTZubWV0OEc2T29NUmJfQjVueUc0bW1LUW1XemhEQzBlaVVRRDJvUVo0UHM2akUydVQ2NTRvT3Jvbmk2ZEdTR2ZaSXFzVHpaNmxJaGNZT3dxajJiQUdfZS1uOGdyemQ3YXRXVEhBWG5BbGNjNlFlN3pRN3V5eVg1dVBfdndUT3dPdEcxVmZJZUhiSUlDOU1ESHBHMkt2dDNqLW1HZWFJbEdBenVWTXh3aTNZeHdneTJyZ2RtRUdjTXA2aXZjU1ROXw?oc=5,Ping An Bank,"Ping An Bank Co., Ltd. Reports Earnings Results for the Full Year Ended December 31, 2025 - marketscreener.com. <a href=""https://news.google.com/rss/articles/CBMi1AFBVV95cUxPNHNMNElPR1dKaF84OTZubWV0OEc2T29NUmJfQjVueUc0bW1LUW1XemhEQzBlaVVRRDJvUVo0UHM2akUydVQ2NTRvT3Jvbmk2ZEdTR2ZaSXFzVHpaNmxJaGNZT3dxajJiQUdfZS1uOGdyemQ3YXRXVEhBWG5BbGNjNlFlN3pRN3V5eVg1dVBfdndUT3dPdEcxVmZJZUhiSUlDOU1ESHBHMkt2dDNqLW1HZWFJbEdBenVWTXh3aTNZeHdneTJyZ2RtRUdjTXA2aXZjU1ROXw?oc=5"" target=""_blank"">Ping An Bank Co., Ltd. Reports Earnings Results for the Full Year Ended December 31, 2025</a>&nbsp;&nbsp;<font color=""#6f6f6f"">marketscreener.com</font>",neutral,-0.059259564
2026-03-20,2026-03-20T07:00:00+00:00,000001.SZ,"""平安银行"" - Google 新闻",平安银行年报“出炉”：2025年分红百亿，净息差下降9个基点 - 21财经,"<a href=""https://news.google.com/rss/articles/CBMijwFBVV95cUxNWTJMZDA0Tm54T05qc1RUemI2WmlMUWlpTlMzV3NxbVloNmZISEZiRU5SVW9HZ1lZeXZCNmZCMGNiWlhDTGNtbEtwQ1E5c3Y0NTlVWl9qeVF2T0tDcTZUVHJoOVVTNFdFRmNDNFlFOC1EdTZZR0JBRm44R1hPWERyekI0cVZTZ1JSM180d0Q5dw?oc=5"" target=""_blank"">平安银行年报“出炉”：2025年分红百亿，净息差下降9个基点</a>&nbsp;&nbsp;<font color=""#6f6f6f"">21财经</font>",https://news.google.com/rss/articles/CBMijwFBVV95cUxNWTJMZDA0Tm54T05qc1RUemI2WmlMUWlpTlMzV3NxbVloNmZISEZiRU5SVW9HZ1lZeXZCNmZCMGNiWlhDTGNtbEtwQ1E5c3Y0NTlVWl9qeVF2T0tDcTZUVHJoOVVTNFdFRmNDNFlFOC1EdTZZR0JBRm44R1hPWERyekI0cVZTZ1JSM180d0Q5dw?oc=5,平安银行,"平安银行年报“出炉”：2025年分红百亿，净息差下降9个基点 - 21财经. <a href=""https://news.google.com/rss/articles/CBMijwFBVV95cUxNWTJMZDA0Tm54T05qc1RUemI2WmlMUWlpTlMzV3NxbVloNmZISEZiRU5SVW9HZ1lZeXZCNmZCMGNiWlhDTGNtbEtwQ1E5c3Y0NTlVWl9qeVF2T0tDcTZUVHJoOVVTNFdFRmNDNFlFOC1EdTZZR0JBRm44R1hPWERyekI0cVZTZ1JSM180d0Q5dw?oc=5"" target=""_blank"">平安银行年报“出炉”：2025年分红百亿，净息差下降9个基点</a>&nbsp;&nbsp;<font color=""#6f6f6f"">21财经</font>",neutral,0.02647544
2026-03-21,2026-03-21T07:00:00+00:00,000001.SZ,"""Ping An Bank"" - Google 新闻",直播互动丨3月23日—平安银行2025年度业绩发布会 - 新浪财经,"<a href=""https://news.google.com/rss/articles/CBMihwFBVV95cUxOQ01QLUpMVUJfRWZuc0tOWlFBdmtNbUNSLVhmeUJHM3N3cWNuV3NoaG9IWTNySUFhRmItRVNMUnc3RnlfNnNGbmRaY1ZKWEt3VW5Sa0pFOXB3bDE1U3RibUlyRzRsXy02WDVrMDhuaXJ2clhqWWNVMkpjbVR1aVBQdDB0aTJnZGc?oc=5"" target=""_blank"">直播互动丨3月23日—平安银行2025年度业绩发布会</a>&nbsp;&nbsp;<font color=""#6f6f6f"">新浪财经</font>",https://news.google.com/rss/articles/CBMihwFBVV95cUxOQ01QLUpMVUJfRWZuc0tOWlFBdmtNbUNSLVhmeUJHM3N3cWNuV3NoaG9IWTNySUFhRmItRVNMUnc3RnlfNnNGbmRaY1ZKWEt3VW5Sa0pFOXB3bDE1U3RibUlyRzRsXy02WDVrMDhuaXJ2clhqWWNVMkpjbVR1aVBQdDB0aTJnZGc?oc=5,Ping An Bank,"直播互动丨3月23日—平安银行2025年度业绩发布会 - 新浪财经. <a href=""https://news.google.com/rss/articles/CBMihwFBVV95cUxOQ01QLUpMVUJfRWZuc0tOWlFBdmtNbUNSLVhmeUJHM3N3cWNuV3NoaG9IWTNySUFhRmItRVNMUnc3RnlfNnNGbmRaY1ZKWEt3VW5Sa0pFOXB3bDE1U3RibUlyRzRsXy02WDVrMDhuaXJ2clhqWWNVMkpjbVR1aVBQdDB0aTJnZGc?oc=5"" target=""_blank"">直播互动丨3月23日—平安银行2025年度业绩发布会</a>&nbsp;&nbsp;<font color=""#6f6f6f"">新浪财经</font>",neutral,0.027295703
2026-03-21,2026-03-21T07:00:00+00:00,000001.SZ,"""平安银行"" - Google 新闻",平安银行业绩出炉，拟派现超115亿元！ - 东方财富,"<a href=""https://news.google.com/rss/articles/CBMiYEFVX3lxTE5teE9fdENXeUNtNmdPd2lqcmc4TlZhZFROemY1bDlpVXRtWTlpeDZvUkV1MHRHY2JPcnVESzI4enptQnVZSEF3Z2tOUHVVTGFJcHptN21vVWVIWFJrajZrZw?oc=5"" target=""_blank"">平安银行业绩出炉，拟派现超115亿元！</a>&nbsp;&nbsp;<font color=""#6f6f6f"">东方财富</font>",https://news.google.com/rss/articles/CBMiYEFVX3lxTE5teE9fdENXeUNtNmdPd2lqcmc4TlZhZFROemY1bDlpVXRtWTlpeDZvUkV1MHRHY2JPcnVESzI4enptQnVZSEF3Z2tOUHVVTGFJcHptN21vVWVIWFJrajZrZw?oc=5,平安银行,"平安银行业绩出炉，拟派现超115亿元！ - 东方财富. <a href=""https://news.google.com/rss/articles/CBMiYEFVX3lxTE5teE9fdENXeUNtNmdPd2lqcmc4TlZhZFROemY1bDlpVXRtWTlpeDZvUkV1MHRHY2JPcnVESzI4enptQnVZSEF3Z2tOUHVVTGFJcHptN21vVWVIWFJrajZrZw?oc=5"" target=""_blank"">平安银行业绩出炉，拟派现超115亿元！</a>&nbsp;&nbsp;<font color=""#6f6f6f"">东方财富</font>",neutral,0.020813402
2026-03-22,2026-03-22T07:00:00+00:00,000001.SZ,"""Ping An Bank"" - Google News",Ping An investment arm questions US allocation - Reuters,"<a href=""https://news.google.com/rss/articles/CBMimgFBVV95cUxQMU9vYnc2WEYtb05oZGVrNWhhblFQM0xKSnZhWF9MZ1ZJTThVTlZhV08wTlhZbTBlRlhOOVkyblpRSzc1UHlWWkFjV2JUVUNpQUNsU3VtZDZTZDdMdm45V2pEWFVIWXlhTV9YZzN0SG9GZU5LLUZuVkMwUng4c01iOS1aNUhUTkhtZVladHRtQnhVejE2QnBPX0tR?oc=5"" target=""_blank"">Ping An investment arm questions US allocation</a>&nbsp;&nbsp;<font color=""#6f6f6f"">Reuters</font>",https://news.google.com/rss/articles/CBMimgFBVV95cUxQMU9vYnc2WEYtb05oZGVrNWhhblFQM0xKSnZhWF9MZ1ZJTThVTlZhV08wTlhZbTBlRlhOOVkyblpRSzc1UHlWWkFjV2JUVUNpQUNsU3VtZDZTZDdMdm45V2pEWFVIWXlhTV9YZzN0SG9GZU5LLUZuVkMwUng4c01iOS1aNUhUTkhtZVladHRtQnhVejE2QnBPX0tR?oc=5,Ping An Bank,"Ping An investment arm questions US allocation - Reuters. <a href=""https://news.google.com/rss/articles/CBMimgFBVV95cUxQMU9vYnc2WEYtb05oZGVrNWhhblFQM0xKSnZhWF9MZ1ZJTThVTlZhV08wTlhZbTBlRlhOOVkyblpRSzc1UHlWWkFjV2JUVUNpQUNsU3VtZDZTZDdMdm45V2pEWFVIWXlhTV9YZzN0SG9GZU5LLUZuVkMwUng4c01iOS1aNUhUTkhtZVladHRtQnhVejE2QnBPX0tR?oc=5"" target=""_blank"">Ping An investment arm questions US allocation</a>&nbsp;&nbsp;<font color=""#6f6f6f"">Reuters</font>",neutral,0.0002130866
2026-03-22,2026-03-22T07:00:00+00:00,000001.SZ,"""000001"" - Google News",Stocks in China Hit 13-week Low - TradingView,"<a href=""https://news.google.com/rss/articles/CBMiigFBVV95cUxNOXRpSGhZMFhfTGpGZ08tOS1FWHZBMmtlYzRlaWtRNkk4cE9VSnVkMllvejdNTWlhV3ZGdEpibnR6TnRvRnBUSmZHakFtMkRtcXFDcFdLQmxZczRNRV9sOFlJV3FRX2dfZkVvMnFUYVc0RHN6T3FON2RyeTlDb3kwWHBXWlZvYzZrVVE?oc=5"" target=""_blank"">Stocks in China Hit 13-week Low</a>&nbsp;&nbsp;<font color=""#6f6f6f"">TradingView</font>",https://news.google.com/rss/articles/CBMiigFBVV95cUxNOXRpSGhZMFhfTGpGZ08tOS1FWHZBMmtlYzRlaWtRNkk4cE9VSnVkMllvejdNTWlhV3ZGdEpibnR6TnRvRnBUSmZHakFtMkRtcXFDcFdLQmxZczRNRV9sOFlJV3FRX2dfZkVvMnFUYVc0RHN6T3FON2RyeTlDb3kwWHBXWlZvYzZrVVE?oc=5,000001,"Stocks in China Hit 13-week Low - TradingView. <a href=""https://news.google.com/rss/articles/CBMiigFBVV95cUxNOXRpSGhZMFhfTGpGZ08tOS1FWHZBMmtlYzRlaWtRNkk4cE9VSnVkMllvejdNTWlhV3ZGdEpibnR6TnRvRnBUSmZHakFtMkRtcXFDcFdLQmxZczRNRV9sOFlJV3FRX2dfZkVvMnFUYVc0RHN6T3FON2RyeTlDb3kwWHBXWlZvYzZrVVE?oc=5"" target=""_blank"">Stocks in China Hit 13-week Low</a>&nbsp;&nbsp;<font color=""#6f6f6f"">TradingView</font>",negative,-0.93025357
2026-03-23,2026-03-23T07:00:00+00:00,000001.SZ,"""Ping An Bank"" - Google News","Ping An Bank: Reforms stabilized asset quality and set the stage for growth in 2026, despite 2025 profit decline - TradingView","<a href=""https://news.google.com/rss/articles/CBMiowJBVV95cUxPSi14SnRYSUhFNFZXNnpVVjBvYnpJa3lxT2NGbnhzZVpoWWJsbm13UGVoUmI2dFV5VU5DM25hWExSUTBQYU8tLUg0SWh3a1dYRHVpZm1aLWhGVEswSk5VOTNya0U2ZGQ2YXV2Q2QxMHZENHZ2VmJoZGlaV1haOTJvYVJYNVpESG93UmVURGNLTXJJV3ltZnFzSXFhOHVJNDJZckpoR2I0a1p2cVhKVUJGZkNZVXY2bjhQRUVEZlRvZkFfZVRJdko2eGFvSGlUY3hsWG1ienpkQmpRTUlLSHBna3JmNjhJTFFLZUsxTGtibkt2QllGZkM4UjlPZ2RUR2RTaXVweUpUU2JuY3o2bVd4dnRSalltZDBMY3pSTkw5TmtIX1U?oc=5"" target=""_blank"">Ping An Bank: Reforms stabilized asset quality and set the stage for growth in 2026, despite 2025 profit decline</a>&nbsp;&nbsp;<font color=""#6f6f6f"">TradingView</font>",https://news.google.com/rss/articles/CBMiowJBVV95cUxPSi14SnRYSUhFNFZXNnpVVjBvYnpJa3lxT2NGbnhzZVpoWWJsbm13UGVoUmI2dFV5VU5DM25hWExSUTBQYU8tLUg0SWh3a1dYRHVpZm1aLWhGVEswSk5VOTNya0U2ZGQ2YXV2Q2QxMHZENHZ2VmJoZGlaV1haOTJvYVJYNVpESG93UmVURGNLTXJJV3ltZnFzSXFhOHVJNDJZckpoR2I0a1p2cVhKVUJGZkNZVXY2bjhQRUVEZlRvZkFfZVRJdko2eGFvSGlUY3hsWG1ienpkQmpRTUlLSHBna3JmNjhJTFFLZUsxTGtibkt2QllGZkM4UjlPZ2RUR2RTaXVweUpUU2JuY3o2bVd4dnRSalltZDBMY3pSTkw5TmtIX1U?oc=5,Ping An Bank,"Ping An Bank: Reforms stabilized asset quality and set the stage for growth in 2026, despite 2025 profit decline - TradingView. <a href=""https://news.google.com/rss/articles/CBMiowJBVV95cUxPSi14SnRYSUhFNFZXNnpVVjBvYnpJa3lxT2NGbnhzZVpoWWJsbm13UGVoUmI2dFV5VU5DM25hWExSUTBQYU8tLUg0SWh3a1dYRHVpZm1aLWhGVEswSk5VOTNya0U2ZGQ2YXV2Q2QxMHZENHZ2VmJoZGlaV1haOTJvYVJYNVpESG93UmVURGNLTXJJV3ltZnFzSXFhOHVJNDJZckpoR2I0a1p2cVhKVUJGZkNZVXY2bjhQRUVEZlRvZkFfZVRJdko2eGFvSGlUY3hsWG1ienpkQmpRTUlLSHBna3JmNjhJTFFLZUsxTGtibkt2QllGZkM4UjlPZ2RUR2RTaXVweUpUU2JuY3o2bVd4dnRSalltZDBMY3pSTkw5TmtIX1U?oc=5"" target=""_blank"">Ping An Bank: Reforms stabilized asset quality and set the stage for growth in 2026, despite 2025 profit decline</a>&nbsp;&nbsp;<font color=""#6f6f6f"">TradingView</font>",positive,0.53147733
2026-03-23,2026-03-23T07:00:00+00:00,000001.SZ,"""平安银行"" - Google 新闻",精读财报｜平安银行：数字化加速穿透 增效降本做减法 - 新华网,"<a href=""https://news.google.com/rss/articles/CBMifkFVX3lxTE9LUHBHR3lOakw2RXBHeVpjM21QRk54YnlVYjYxQjUwMEZtc1FxVXBkQVptdkpTQ3pHdGV0bXlPOFRGUm9LV1htTU91eUh2RUhkRkhMaFFvYXU5WnFFS1h5VFRHNEI1WWRzZ25mRWdwSGZpc1Bwc1J6TDJESzN6UQ?oc=5"" target=""_blank"">精读财报｜平安银行：数字化加速穿透 增效降本做减法</a>&nbsp;&nbsp;<font color=""#6f6f6f"">新华网</font>",https://news.google.com/rss/articles/CBMifkFVX3lxTE9LUHBHR3lOakw2RXBHeVpjM21QRk54YnlVYjYxQjUwMEZtc1FxVXBkQVptdkpTQ3pHdGV0bXlPOFRGUm9LV1htTU91eUh2RUhkRkhMaFFvYXU5WnFFS1h5VFRHNEI1WWRzZ25mRWdwSGZpc1Bwc1J6TDJESzN6UQ?oc=5,平安银行,"精读财报｜平安银行：数字化加速穿透 增效降本做减法 - 新华网. <a href=""https://news.google.com/rss/articles/CBMifkFVX3lxTE9LUHBHR3lOakw2RXBHeVpjM21QRk54YnlVYjYxQjUwMEZtc1FxVXBkQVptdkpTQ3pHdGV0bXlPOFRGUm9LV1htTU91eUh2RUhkRkhMaFFvYXU5WnFFS1h5VFRHNEI1WWRzZ25mRWdwSGZpc1Bwc1J6TDJESzN6UQ?oc=5"" target=""_blank"">精读财报｜平安银行：数字化加速穿透 增效降本做减法</a>&nbsp;&nbsp;<font color=""#6f6f6f"">新华网</font>",neutral,0.02542451
2026-03-23,2026-03-23T07:00:00+00:00,000001.SZ,"""平安银行"" - Google 新闻",精读财报｜平安银行：资产质量整体稳健 风险改善趋势有待确认 - 新华网,"<a href=""https://news.google.com/rss/articles/CBMifkFVX3lxTE50Qk9Ed241S1haWXA1SFR0cXZnYmVhS3dKeVFNMnFBQWhMOU45MVhrYllNNHZZWDg4N0ZjWnpGSFVkVmFMYXVuU2hHX2VLNE9GR0N3YnByQm1yZ2tKUDF1SUlLMFlnT1ZsWlotbTlZSlFfdjJmaUdEbElEall4UQ?oc=5"" target=""_blank"">精读财报｜平安银行：资产质量整体稳健 风险改善趋势有待确认</a>&nbsp;&nbsp;<font color=""#6f6f6f"">新华网</font>",https://news.google.com/rss/articles/CBMifkFVX3lxTE50Qk9Ed241S1haWXA1SFR0cXZnYmVhS3dKeVFNMnFBQWhMOU45MVhrYllNNHZZWDg4N0ZjWnpGSFVkVmFMYXVuU2hHX2VLNE9GR0N3YnByQm1yZ2tKUDF1SUlLMFlnT1ZsWlotbTlZSlFfdjJmaUdEbElEall4UQ?oc=5,平安银行,"精读财报｜平安银行：资产质量整体稳健 风险改善趋势有待确认 - 新华网. <a href=""https://news.google.com/rss/articles/CBMifkFVX3lxTE50Qk9Ed241S1haWXA1SFR0cXZnYmVhS3dKeVFNMnFBQWhMOU45MVhrYllNNHZZWDg4N0ZjWnpGSFVkVmFMYXVuU2hHX2VLNE9GR0N3YnByQm1yZ2tKUDF1SUlLMFlnT1ZsWlotbTlZSlFfdjJmaUdEbElEall4UQ?oc=5"" target=""_blank"">精读财报｜平安银行：资产质量整体稳健 风险改善趋势有待确认</a>&nbsp;&nbsp;<font color=""#6f6f6f"">新华网</font>",neutral,0.017638229
2026-03-23,2026-03-23T07:00:00+00:00,000001.SZ,"""平安银行"" - Google 新闻",精读财报｜平安银行：营收净利“双降” 边际改善信号初显 - 新华网,"<a href=""https://news.google.com/rss/articles/CBMifkFVX3lxTE1QeEo2OURJcDFCLWdKOVktZEVtbklEQjVPLWFta0pLcUJKT0ZUWk1UV1ZSQkRFSGp2TzhWS0FpUkJBWUl6bjlUMGl2NlRmQWNOcWVCZm5YTFBfOGlXNmFDNjNVcWdkVHRaRVU0ejJYM1J4NW9YUkw4ZkpOQ0doZw?oc=5"" target=""_blank"">精读财报｜平安银行：营收净利“双降” 边际改善信号初显</a>&nbsp;&nbsp;<font color=""#6f6f6f"">新华网</font>",https://news.google.com/rss/articles/CBMifkFVX3lxTE1QeEo2OURJcDFCLWdKOVktZEVtbklEQjVPLWFta0pLcUJKT0ZUWk1UV1ZSQkRFSGp2TzhWS0FpUkJBWUl6bjlUMGl2NlRmQWNOcWVCZm5YTFBfOGlXNmFDNjNVcWdkVHRaRVU0ejJYM1J4NW9YUkw4ZkpOQ0doZw?oc=5,平安银行,"精读财报｜平安银行：营收净利“双降” 边际改善信号初显 - 新华网. <a href=""https://news.google.com/rss/articles/CBMifkFVX3lxTE1QeEo2OURJcDFCLWdKOVktZEVtbklEQjVPLWFta0pLcUJKT0ZUWk1UV1ZSQkRFSGp2TzhWS0FpUkJBWUl6bjlUMGl2NlRmQWNOcWVCZm5YTFBfOGlXNmFDNjNVcWdkVHRaRVU0ejJYM1J4NW9YUkw4ZkpOQ0doZw?oc=5"" target=""_blank"">精读财报｜平安银行：营收净利“双降” 边际改善信号初显</a>&nbsp;&nbsp;<font color=""#6f6f6f"">新华网</font>",neutral,0.029935785
2026-03-23,2026-03-23T07:00:00+00:00,000001.SZ,"""平安银行"" - Google 新闻",2026年目标“重回增长”，平安银行底气何在？ - 21财经,"<a href=""https://news.google.com/rss/articles/CBMilAFBVV95cUxQRHpEekpTZ2tabHdRakMyYTNoWFd0THA3MF9pTFg3aTdtOVpwVjVoRUJYOFZ1SFI5ZFZ2dDRIa0FWVTRhYmRkV1ktMl9XUGFYSlJhVGdQaXAtQzJLOW0wRmd3aEtWdl9SQWlnSzVKSUZGUVdoZXhEYnQzRmd5RHo4R0tBVHJjM05yWXI1YUxmRTRQaFFJ?oc=5"" target=""_blank"">2026年目标“重回增长”，平安银行底气何在？</a>&nbsp;&nbsp;<font color=""#6f6f6f"">21财经</font>",https://news.google.com/rss/articles/CBMilAFBVV95cUxQRHpEekpTZ2tabHdRakMyYTNoWFd0THA3MF9pTFg3aTdtOVpwVjVoRUJYOFZ1SFI5ZFZ2dDRIa0FWVTRhYmRkV1ktMl9XUGFYSlJhVGdQaXAtQzJLOW0wRmd3aEtWdl9SQWlnSzVKSUZGUVdoZXhEYnQzRmd5RHo4R0tBVHJjM05yWXI1YUxmRTRQaFFJ?oc=5,平安银行,"2026年目标“重回增长”，平安银行底气何在？ - 21财经. <a href=""https://news.google.com/rss/articles/CBMilAFBVV95cUxQRHpEekpTZ2tabHdRakMyYTNoWFd0THA3MF9pTFg3aTdtOVpwVjVoRUJYOFZ1SFI5ZFZ2dDRIa0FWVTRhYmRkV1ktMl9XUGFYSlJhVGdQaXAtQzJLOW0wRmd3aEtWdl9SQWlnSzVKSUZGUVdoZXhEYnQzRmd5RHo4R0tBVHJjM05yWXI1YUxmRTRQaFFJ?oc=5"" target=""_blank"">2026年目标“重回增长”，平安银行底气何在？</a>&nbsp;&nbsp;<font color=""#6f6f6f"">21财经</font>",neutral,0.04022938
2026-03-23,2026-03-23T07:00:00+00:00,000001.SZ,"""平安银行"" - Google 新闻",2026年目标“重回增长”，平安银行底气何在？ - 21财经,"<a href=""https://news.google.com/rss/articles/CBMijwFBVV95cUxOYV8xcHZDeGJvSW9idEI5clRjZnZxcUU1eDViaXZHbHhyMTU0RWtQSTdKeUNXVWNuVzlmcGtVNkpQcVdxcWlaMVRXVUh4WW92UlhLUHFhVG9kOWRRNVUzS1dBd2FmXzE3NnNLbkI1UDF5VUhjWGpfR0R4Y3ZxRTVCQUJpdHA1TkM3aDNwaW9PNA?oc=5"" target=""_blank"">2026年目标“重回增长”，平安银行底气何在？</a>&nbsp;&nbsp;<font color=""#6f6f6f"">21财经</font>",https://news.google.com/rss/articles/CBMijwFBVV95cUxOYV8xcHZDeGJvSW9idEI5clRjZnZxcUU1eDViaXZHbHhyMTU0RWtQSTdKeUNXVWNuVzlmcGtVNkpQcVdxcWlaMVRXVUh4WW92UlhLUHFhVG9kOWRRNVUzS1dBd2FmXzE3NnNLbkI1UDF5VUhjWGpfR0R4Y3ZxRTVCQUJpdHA1TkM3aDNwaW9PNA?oc=5,平安银行,"2026年目标“重回增长”，平安银行底气何在？ - 21财经. <a href=""https://news.google.com/rss/articles/CBMijwFBVV95cUxOYV8xcHZDeGJvSW9idEI5clRjZnZxcUU1eDViaXZHbHhyMTU0RWtQSTdKeUNXVWNuVzlmcGtVNkpQcVdxcWlaMVRXVUh4WW92UlhLUHFhVG9kOWRRNVUzS1dBd2FmXzE3NnNLbkI1UDF5VUhjWGpfR0R4Y3ZxRTVCQUJpdHA1TkM3aDNwaW9PNA?oc=5"" target=""_blank"">2026年目标“重回增长”，平安银行底气何在？</a>&nbsp;&nbsp;<font color=""#6f6f6f"">21财经</font>",neutral,0.04022938
2026-03-23,2026-03-23T07:00:00+00:00,000001.SZ,"""平安银行"" - Google 新闻",平安银行2025年实现净利润426.33亿元，年末拟每10股派3.60元 - 21财经,"<a href=""https://news.google.com/rss/articles/CBMijwFBVV95cUxNbnl4Q1FSaDhwUGNrNnJLV0xQWjRvVUl0Y3NMUVBKeG80U3lTVjQyM1R2Ykd0VjdkMEVaVFBhbmYyc0ROdUZFTHFwRjFOWHl1OGpSTjY5VUZDSXNhVGRuZkpGdzltVlJubG1CNG15cEtxWEdDQUZKQUt3OFZ6QVlxOUdJY2o5YjZ6emVBX2pBcw?oc=5"" target=""_blank"">平安银行2025年实现净利润426.33亿元，年末拟每10股派3.60元</a>&nbsp;&nbsp;<font color=""#6f6f6f"">21财经</font>",https://news.google.com/rss/articles/CBMijwFBVV95cUxNbnl4Q1FSaDhwUGNrNnJLV0xQWjRvVUl0Y3NMUVBKeG80U3lTVjQyM1R2Ykd0VjdkMEVaVFBhbmYyc0ROdUZFTHFwRjFOWHl1OGpSTjY5VUZDSXNhVGRuZkpGdzltVlJubG1CNG15cEtxWEdDQUZKQUt3OFZ6QVlxOUdJY2o5YjZ6emVBX2pBcw?oc=5,平安银行,"平安银行2025年实现净利润426.33亿元，年末拟每10股派3.60元 - 21财经. <a href=""https://news.google.com/rss/articles/CBMijwFBVV95cUxNbnl4Q1FSaDhwUGNrNnJLV0xQWjRvVUl0Y3NMUVBKeG80U3lTVjQyM1R2Ykd0VjdkMEVaVFBhbmYyc0ROdUZFTHFwRjFOWHl1OGpSTjY5VUZDSXNhVGRuZkpGdzltVlJubG1CNG15cEtxWEdDQUZKQUt3OFZ6QVlxOUdJY2o5YjZ6emVBX2pBcw?oc=5"" target=""_blank"">平安银行2025年实现净利润426.33亿元，年末拟每10股派3.60元</a>&nbsp;&nbsp;<font color=""#6f6f6f"">21财经</font>",neutral,0.020387188
2026-03-23,2026-03-23T07:00:00+00:00,000001.SZ,"""平安银行"" - Google 新闻",业绩连降后，平安银行放话“重回增长” - 新京报,"<a href=""https://news.google.com/rss/articles/CBMiYkFVX3lxTFBSdEQxYWM2UU45bV9JSWc3blA2S1FkTnl1LTQtVzdpSWdLeGVPejVCNU5nYzN2WHFyY2JxQWJpZmFLRmtaVmFDcXZ3RlBkangtOHpqZU1Xa0UtVkpGb2QxblF3?oc=5"" target=""_blank"">业绩连降后，平安银行放话“重回增长”</a>&nbsp;&nbsp;<font color=""#6f6f6f"">新京报</font>",https://news.google.com/rss/articles/CBMiYkFVX3lxTFBSdEQxYWM2UU45bV9JSWc3blA2S1FkTnl1LTQtVzdpSWdLeGVPejVCNU5nYzN2WHFyY2JxQWJpZmFLRmtaVmFDcXZ3RlBkangtOHpqZU1Xa0UtVkpGb2QxblF3?oc=5,平安银行,"业绩连降后，平安银行放话“重回增长” - 新京报. <a href=""https://news.google.com/rss/articles/CBMiYkFVX3lxTFBSdEQxYWM2UU45bV9JSWc3blA2S1FkTnl1LTQtVzdpSWdLeGVPejVCNU5nYzN2WHFyY2JxQWJpZmFLRmtaVmFDcXZ3RlBkangtOHpqZU1Xa0UtVkpGb2QxblF3?oc=5"" target=""_blank"">业绩连降后，平安银行放话“重回增长”</a>&nbsp;&nbsp;<font color=""#6f6f6f"">新京报</font>",neutral,0.031155277
2026-03-23,2026-03-23T07:00:00+00:00,000001.SZ,"""平安银行"" - Google 新闻",零售拐点初现 平安银行定调今年重回增长 - 北京商报,"<a href=""https://news.google.com/rss/articles/CBMiUEFVX3lxTE9vUXhfckVhQUZzcnBiY1BHeXE3Q0RBUTNnclpZMWJreGxrMXVndGh5cjQ1RkE2TTc2SXlOTmlSdXAtTGlGZU9KS0xza080amFt?oc=5"" target=""_blank"">零售拐点初现 平安银行定调今年重回增长</a>&nbsp;&nbsp;<font color=""#6f6f6f"">北京商报</font>",https://news.google.com/rss/articles/CBMiUEFVX3lxTE9vUXhfckVhQUZzcnBiY1BHeXE3Q0RBUTNnclpZMWJreGxrMXVndGh5cjQ1RkE2TTc2SXlOTmlSdXAtTGlGZU9KS0xza080amFt?oc=5,平安银行,"零售拐点初现 平安银行定调今年重回增长 - 北京商报. <a href=""https://news.google.com/rss/articles/CBMiUEFVX3lxTE9vUXhfckVhQUZzcnBiY1BHeXE3Q0RBUTNnclpZMWJreGxrMXVndGh5cjQ1RkE2TTc2SXlOTmlSdXAtTGlGZU9KS0xza080amFt?oc=5"" target=""_blank"">零售拐点初现 平安银行定调今年重回增长</a>&nbsp;&nbsp;<font color=""#6f6f6f"">北京商报</font>",neutral,0.03188287
2026-03-23,2026-03-23T07:00:00+00:00,000001.SZ,"""平安银行"" - Google 新闻",2025年平安银行净利息收入降幅收窄 但债市震荡致非息收入大跌 - 财新,"<a href=""https://news.google.com/rss/articles/CBMiYkFVX3lxTE9RaHRTOWlBRVZ2MVBwaXItNmZxUElJRTRjd0QxbnJwblhjRlpYWDRsaG9qZm1KN3J2UjhLSmlyeVVNc3lmU2Y2WV9fUUdrclFsVTEtWVNXNHhXTDZRcmM1NFFB?oc=5"" target=""_blank"">2025年平安银行净利息收入降幅收窄 但债市震荡致非息收入大跌</a>&nbsp;&nbsp;<font color=""#6f6f6f"">财新</font>",https://news.google.com/rss/articles/CBMiYkFVX3lxTE9RaHRTOWlBRVZ2MVBwaXItNmZxUElJRTRjd0QxbnJwblhjRlpYWDRsaG9qZm1KN3J2UjhLSmlyeVVNc3lmU2Y2WV9fUUdrclFsVTEtWVNXNHhXTDZRcmM1NFFB?oc=5,平安银行,"2025年平安银行净利息收入降幅收窄 但债市震荡致非息收入大跌 - 财新. <a href=""https://news.google.com/rss/articles/CBMiYkFVX3lxTE9RaHRTOWlBRVZ2MVBwaXItNmZxUElJRTRjd0QxbnJwblhjRlpYWDRsaG9qZm1KN3J2UjhLSmlyeVVNc3lmU2Y2WV9fUUdrclFsVTEtWVNXNHhXTDZRcmM1NFFB?oc=5"" target=""_blank"">2025年平安银行净利息收入降幅收窄 但债市震荡致非息收入大跌</a>&nbsp;&nbsp;<font color=""#6f6f6f"">财新</font>",neutral,0.028530106
2026-03-23,2026-03-23T07:00:00+00:00,000001.SZ,"""平安银行"" - Google 新闻",直击业绩会 | 发展目标、战略改革、分红……平安银行“2025年度业绩发布会”重点关注这些问题 - 东方财富,"<a href=""https://news.google.com/rss/articles/CBMiYEFVX3lxTE5sa2dYRkJIa25FR2dCbHIxdG1vZnB0THA1bWlQdnJFOXljN0gxR1AwdldjbExzRnpCbWY5eFotdTl3aUVtU3RJLTR4eTRfaURjUDZScTlRUWMzM09TVXI4LQ?oc=5"" target=""_blank"">直击业绩会 | 发展目标、战略改革、分红……平安银行“2025年度业绩发布会”重点关注这些问题</a>&nbsp;&nbsp;<font color=""#6f6f6f"">东方财富</font>",https://news.google.com/rss/articles/CBMiYEFVX3lxTE5sa2dYRkJIa25FR2dCbHIxdG1vZnB0THA1bWlQdnJFOXljN0gxR1AwdldjbExzRnpCbWY5eFotdTl3aUVtU3RJLTR4eTRfaURjUDZScTlRUWMzM09TVXI4LQ?oc=5,平安银行,"直击业绩会 | 发展目标、战略改革、分红……平安银行“2025年度业绩发布会”重点关注这些问题 - 东方财富. <a href=""https://news.google.com/rss/articles/CBMiYEFVX3lxTE5sa2dYRkJIa25FR2dCbHIxdG1vZnB0THA1bWlQdnJFOXljN0gxR1AwdldjbExzRnpCbWY5eFotdTl3aUVtU3RJLTR4eTRfaURjUDZScTlRUWMzM09TVXI4LQ?oc=5"" target=""_blank"">直击业绩会 | 发展目标、战略改革、分红……平安银行“2025年度业绩发布会”重点关注这些问题</a>&nbsp;&nbsp;<font color=""#6f6f6f"">东方财富</font>",neutral,0.030445207
2026-03-24,2026-03-24T07:00:00+00:00,000001.SZ,"""平安银行"" - Google 新闻",战略转型进度条剩余30%！平安银行2026“重回增长”方法论渐成型 - 证券时报,"<a href=""https://news.google.com/rss/articles/CBMiXEFVX3lxTE1pZDZKU1BFaHRUcFpLa3o0Q3Zab2dCMmFsenRtWGluQ1ZnTUdKQ2w1ejVyTi1keVZZQ3RsSHpETHN1dFg5Ri1aV0N3aDM1Ri1aY2UyZEVrVUdJZVZR?oc=5"" target=""_blank"">战略转型进度条剩余30%！平安银行2026“重回增长”方法论渐成型</a>&nbsp;&nbsp;<font color=""#6f6f6f"">证券时报</font>",https://news.google.com/rss/articles/CBMiXEFVX3lxTE1pZDZKU1BFaHRUcFpLa3o0Q3Zab2dCMmFsenRtWGluQ1ZnTUdKQ2w1ejVyTi1keVZZQ3RsSHpETHN1dFg5Ri1aV0N3aDM1Ri1aY2UyZEVrVUdJZVZR?oc=5,平安银行,"战略转型进度条剩余30%！平安银行2026“重回增长”方法论渐成型 - 证券时报. <a href=""https://news.google.com/rss/articles/CBMiXEFVX3lxTE1pZDZKU1BFaHRUcFpLa3o0Q3Zab2dCMmFsenRtWGluQ1ZnTUdKQ2w1ejVyTi1keVZZQ3RsSHpETHN1dFg5Ri1aV0N3aDM1Ri1aY2UyZEVrVUdJZVZR?oc=5"" target=""_blank"">战略转型进度条剩余30%！平安银行2026“重回增长”方法论渐成型</a>&nbsp;&nbsp;<font color=""#6f6f6f"">证券时报</font>",neutral,0.025354296
2026-03-24,2026-03-24T07:00:00+00:00,000001.SZ,"""平安银行"" - Google 新闻",平安银行2025年度业绩发布会召开，管理层与分析师、媒体交流 - 中国基金报,"<a href=""https://news.google.com/rss/articles/CBMiekFVX3lxTFBZTzZBd0RiblNSU1c0OVRkbFNWOEZoZDBScGZOeFp5TmdzOU9raEZtREloeW9HOFZYWmFxUWFUd3pkcERwOGRyWWE5OUhfWHFBNGljTnpwOTdHU1hUb3poTXBKdnh1WGk1NlF5QWloT085bW1ZYlJNNDhn?oc=5"" target=""_blank"">平安银行2025年度业绩发布会召开，管理层与分析师、媒体交流</a>&nbsp;&nbsp;<font color=""#6f6f6f"">中国基金报</font>",https://news.google.com/rss/articles/CBMiekFVX3lxTFBZTzZBd0RiblNSU1c0OVRkbFNWOEZoZDBScGZOeFp5TmdzOU9raEZtREloeW9HOFZYWmFxUWFUd3pkcERwOGRyWWE5OUhfWHFBNGljTnpwOTdHU1hUb3poTXBKdnh1WGk1NlF5QWloT085bW1ZYlJNNDhn?oc=5,平安银行,"平安银行2025年度业绩发布会召开，管理层与分析师、媒体交流 - 中国基金报. <a href=""https://news.google.com/rss/articles/CBMiekFVX3lxTFBZTzZBd0RiblNSU1c0OVRkbFNWOEZoZDBScGZOeFp5TmdzOU9raEZtREloeW9HOFZYWmFxUWFUd3pkcERwOGRyWWE5OUhfWHFBNGljTnpwOTdHU1hUb3poTXBKdnh1WGk1NlF5QWloT085bW1ZYlJNNDhn?oc=5"" target=""_blank"">平安银行2025年度业绩发布会召开，管理层与分析师、媒体交流</a>&nbsp;&nbsp;<font color=""#6f6f6f"">中国基金报</font>",neutral,0.036912285
2026-03-24,2026-03-24T07:00:00+00:00,000001.SZ,"""平安银行"" - Google 新闻",“刮骨”两年，平安银行誓要重回增长 - 华尔街见闻,"<a href=""https://news.google.com/rss/articles/CBMiU0FVX3lxTFA1bVROS2NsT1hRR2pSSUVrLV9IQ0RGNkJVYUo5NEhJRlRhaU4wekxhRVgtTmtUQ3RCdmtYemhrZTV6OHFVV0ctODJsUU5pdFVDT1dr?oc=5"" target=""_blank"">“刮骨”两年，平安银行誓要重回增长</a>&nbsp;&nbsp;<font color=""#6f6f6f"">华尔街见闻</font>",https://news.google.com/rss/articles/CBMiU0FVX3lxTFA1bVROS2NsT1hRR2pSSUVrLV9IQ0RGNkJVYUo5NEhJRlRhaU4wekxhRVgtTmtUQ3RCdmtYemhrZTV6OHFVV0ctODJsUU5pdFVDT1dr?oc=5,平安银行,"“刮骨”两年，平安银行誓要重回增长 - 华尔街见闻. <a href=""https://news.google.com/rss/articles/CBMiU0FVX3lxTFA1bVROS2NsT1hRR2pSSUVrLV9IQ0RGNkJVYUo5NEhJRlRhaU4wekxhRVgtTmtUQ3RCdmtYemhrZTV6OHFVV0ctODJsUU5pdFVDT1dr?oc=5"" target=""_blank"">“刮骨”两年，平安银行誓要重回增长</a>&nbsp;&nbsp;<font color=""#6f6f6f"">华尔街见闻</font>",neutral,0.018246084
2026-03-24,2026-03-24T07:00:00+00:00,000001.SZ,"""平安银行"" - Google 新闻",直接平安银行业绩会：最难的时候已经过去，如何实现2026年重回增长？ - 东方财富,"<a href=""https://news.google.com/rss/articles/CBMiZkFVX3lxTE9sQzQtVDd5LWNqbmx3TVVBRlVIOTNmbWlseEFsckpBUXRtYWh2OFFzenQxbkgzaHd5d3ZKbWkxUWxqZDFlUGhSTG9ZVXJtQlhXV0tkem9ndkJ5WkRKaENiRXdPZTQxZw?oc=5"" target=""_blank"">直接平安银行业绩会：最难的时候已经过去，如何实现2026年重回增长？</a>&nbsp;&nbsp;<font color=""#6f6f6f"">东方财富</font>",https://news.google.com/rss/articles/CBMiZkFVX3lxTE9sQzQtVDd5LWNqbmx3TVVBRlVIOTNmbWlseEFsckpBUXRtYWh2OFFzenQxbkgzaHd5d3ZKbWkxUWxqZDFlUGhSTG9ZVXJtQlhXV0tkem9ndkJ5WkRKaENiRXdPZTQxZw?oc=5,平安银行,"直接平安银行业绩会：最难的时候已经过去，如何实现2026年重回增长？ - 东方财富. <a href=""https://news.google.com/rss/articles/CBMiZkFVX3lxTE9sQzQtVDd5LWNqbmx3TVVBRlVIOTNmbWlseEFsckpBUXRtYWh2OFFzenQxbkgzaHd5d3ZKbWkxUWxqZDFlUGhSTG9ZVXJtQlhXV0tkem9ndkJ5WkRKaENiRXdPZTQxZw?oc=5"" target=""_blank"">直接平安银行业绩会：最难的时候已经过去，如何实现2026年重回增长？</a>&nbsp;&nbsp;<font color=""#6f6f6f"">东方财富</font>",neutral,0.02036613
2026-03-24,2026-03-24T14:04:47+00:00,000001.SZ,"""000001"" - Google News",Impact of COVID-19 on health and social care reflected in latest Inquiry publication - Scottish COVID-19 Inquiry,"<a href=""https://news.google.com/rss/articles/CBMisgFBVV95cUxPdldCQXlXVlZFdFNRMmFlcGhPWjZYTXpOS1BVYUxPbXd5SHpLOVFtM0otaW1mVE43eGY0N0w4YjM4TF96QmZLaGpkdjJ4elc0dXkzSjJ1b2VIWTRoNzllSnJxMHhTOGxVR1drSUxvWHhqNXJXT1EtajN0STNLb3l5eW8yMzFJUWEyNTg3ckN1TlpXRU1vNEp5aDVDY0p6OThLSW9laDRyUVBKMWc4M29DOGtB?oc=5"" target=""_blank"">Impact of COVID-19 on health and social care reflected in latest Inquiry publication</a>&nbsp;&nbsp;<font color=""#6f6f6f"">Scottish COVID-19 Inquiry</font>",https://news.google.com/rss/articles/CBMisgFBVV95cUxPdldCQXlXVlZFdFNRMmFlcGhPWjZYTXpOS1BVYUxPbXd5SHpLOVFtM0otaW1mVE43eGY0N0w4YjM4TF96QmZLaGpkdjJ4elc0dXkzSjJ1b2VIWTRoNzllSnJxMHhTOGxVR1drSUxvWHhqNXJXT1EtajN0STNLb3l5eW8yMzFJUWEyNTg3ckN1TlpXRU1vNEp5aDVDY0p6OThLSW9laDRyUVBKMWc4M29DOGtB?oc=5,000001,"Impact of COVID-19 on health and social care reflected in latest Inquiry publication - Scottish COVID-19 Inquiry. <a href=""https://news.google.com/rss/articles/CBMisgFBVV95cUxPdldCQXlXVlZFdFNRMmFlcGhPWjZYTXpOS1BVYUxPbXd5SHpLOVFtM0otaW1mVE43eGY0N0w4YjM4TF96QmZLaGpkdjJ4elc0dXkzSjJ1b2VIWTRoNzllSnJxMHhTOGxVR1drSUxvWHhqNXJXT1EtajN0STNLb3l5eW8yMzFJUWEyNTg3ckN1TlpXRU1vNEp5aDVDY0p6OThLSW9laDRyUVBKMWc4M29DOGtB?oc=5"" target=""_blank"">Impact of COVID-19 on health and social care reflected in latest Inquiry publication</a>&nbsp;&nbsp;<font color=""#6f6f6f"">Scottish COVID-19 Inquiry</font>",neutral,-0.020606834
2026-03-25,2026-03-25T03:58:00+00:00,000001.SZ,平安银行 - Bing新聞,首批股份行年报亮相：中信总资产破10万亿元 平安业绩仍承压,全国性股份银行首批2025年业绩报告近日出炉。3月20日晚间，中信银行股份有限公司（简称“中信银行”，601998.SH）与平安银行股份有限公司（简称“平安银行”，000001.SZ）率先发布了2025年 ...,http://www.bing.com/news/apiclick.aspx?ref=FexRss&aid=&tid=69fb1697ba8743c0889fc07426afbc5c&url=https%3a%2f%2fwww.xinhuanet.com%2ffinance%2f20260325%2fed67380cd6614d61a8273ee4eb6eb840%2fc.html&c=14046058294098623052&mkt=zh-tw,平安银行,首批股份行年报亮相：中信总资产破10万亿元 平安业绩仍承压. 全国性股份银行首批2025年业绩报告近日出炉。3月20日晚间，中信银行股份有限公司（简称“中信银行”，601998.SH）与平安银行股份有限公司（简称“平安银行”，000001.SZ）率先发布了2025年 ...,neutral,0.07185424
2026-03-25,2026-03-25T07:00:00+00:00,000001.SZ,"""平安银行"" - Google 新闻",平安银行：拟每10股派发现金股利5.96元 - 东方财富,"<a href=""https://news.google.com/rss/articles/CBMiYEFVX3lxTFBRNmF1Q21fYmJPRU5zYXBSUEMzN3RXRjVOTFJQVEhTanhRLTA3emluZGdoZFBYZ1RESVRYSUlRamxCeVdOT2hjUEctWUNfZzZ1U2lQT1F0VXFkSFdZbUFFMQ?oc=5"" target=""_blank"">平安银行：拟每10股派发现金股利5.96元</a>&nbsp;&nbsp;<font color=""#6f6f6f"">东方财富</font>",https://news.google.com/rss/articles/CBMiYEFVX3lxTFBRNmF1Q21fYmJPRU5zYXBSUEMzN3RXRjVOTFJQVEhTanhRLTA3emluZGdoZFBYZ1RESVRYSUlRamxCeVdOT2hjUEctWUNfZzZ1U2lQT1F0VXFkSFdZbUFFMQ?oc=5,平安银行,"平安银行：拟每10股派发现金股利5.96元 - 东方财富. <a href=""https://news.google.com/rss/articles/CBMiYEFVX3lxTFBRNmF1Q21fYmJPRU5zYXBSUEMzN3RXRjVOTFJQVEhTanhRLTA3emluZGdoZFBYZ1RESVRYSUlRamxCeVdOT2hjUEctWUNfZzZ1U2lQT1F0VXFkSFdZbUFFMQ?oc=5"" target=""_blank"">平安银行：拟每10股派发现金股利5.96元</a>&nbsp;&nbsp;<font color=""#6f6f6f"">东方财富</font>",neutral,0.018384986
2026-03-26,2026-03-26T07:00:00+00:00,000001.SZ,"""Ping An Bank"" - Google News",Chinese bank stocks rise on news of possible change in shareholding rule - Reuters,"<a href=""https://news.google.com/rss/articles/CBMi5AFBVV95cUxPNzZLVlNqbVVvMDBsOG1pUFpXOVV6X1FzVjYxWHFaSy1Sek9xaDF2RFZIelNaYmxOazFNaDVPVHhLUlczUGRPcmE5TERmemFsNDZHdnoyZ3ZNeURHX29aVTQ1VXB1cHQ0Ym1mQy1WdmdGZGJOajZxWlNNWXE4dVY2MG9XNWtEbDA4NjZ4OXI3dGRTNmRxTWRGSnNWSnJzTG9JWUtvWFBGMlFXa3F3THZobkJEUDJ6Qzlwb3JucG9oUm02VGlEczlCVmhNazREV1NSenpkU0RNMVlMR3o2eUY3dWo3YkM?oc=5"" target=""_blank"">Chinese bank stocks rise on news of possible change in shareholding rule</a>&nbsp;&nbsp;<font color=""#6f6f6f"">Reuters</font>",https://news.google.com/rss/articles/CBMi5AFBVV95cUxPNzZLVlNqbVVvMDBsOG1pUFpXOVV6X1FzVjYxWHFaSy1Sek9xaDF2RFZIelNaYmxOazFNaDVPVHhLUlczUGRPcmE5TERmemFsNDZHdnoyZ3ZNeURHX29aVTQ1VXB1cHQ0Ym1mQy1WdmdGZGJOajZxWlNNWXE4dVY2MG9XNWtEbDA4NjZ4OXI3dGRTNmRxTWRGSnNWSnJzTG9JWUtvWFBGMlFXa3F3THZobkJEUDJ6Qzlwb3JucG9oUm02VGlEczlCVmhNazREV1NSenpkU0RNMVlMR3o2eUY3dWo3YkM?oc=5,Ping An Bank,"Chinese bank stocks rise on news of possible change in shareholding rule - Reuters. <a href=""https://news.google.com/rss/articles/CBMi5AFBVV95cUxPNzZLVlNqbVVvMDBsOG1pUFpXOVV6X1FzVjYxWHFaSy1Sek9xaDF2RFZIelNaYmxOazFNaDVPVHhLUlczUGRPcmE5TERmemFsNDZHdnoyZ3ZNeURHX29aVTQ1VXB1cHQ0Ym1mQy1WdmdGZGJOajZxWlNNWXE4dVY2MG9XNWtEbDA4NjZ4OXI3dGRTNmRxTWRGSnNWSnJzTG9JWUtvWFBGMlFXa3F3THZobkJEUDJ6Qzlwb3JucG9oUm02VGlEczlCVmhNazREV1NSenpkU0RNMVlMR3o2eUY3dWo3YkM?oc=5"" target=""_blank"">Chinese bank stocks rise on news of possible change in shareholding rule</a>&nbsp;&nbsp;<font color=""#6f6f6f"">Reuters</font>",positive,0.7639793
2026-03-26,2026-03-26T07:00:00+00:00,000001.SZ,"""Ping An Bank"" - Google News",China's Ping An Insurance posts 6.45pc profit rise on life insurance growth - The Standard (HK),"<a href=""https://news.google.com/rss/articles/CBMixgFBVV95cUxQeDBMZDZQNkRkeUJqSTZVaWlrWGZTdnZPRVAxUktpMk9QTnNOS2VmcEpaTlZibE1CLV9Cb0trNGRJNm9nckhZOEQ3czI3ZW1XVlZmd1NZeWphRmNNc3R6WV9XTC1LeXhWUndHT1VjbkZ1NnVCeHdfOXpKdUFlMnotZFNKd09ZbFR5RkNHRDRFeUp2YW9kTDlORzR5Q2FIODlDYmJZQzVVUnNPVTM2THUwQzBJMExOaGpOR2R2aW9IdG5XZ0VaSVE?oc=5"" target=""_blank"">China's Ping An Insurance posts 6.45pc profit rise on life insurance growth</a>&nbsp;&nbsp;<font color=""#6f6f6f"">The Standard (HK)</font>",https://news.google.com/rss/articles/CBMixgFBVV95cUxQeDBMZDZQNkRkeUJqSTZVaWlrWGZTdnZPRVAxUktpMk9QTnNOS2VmcEpaTlZibE1CLV9Cb0trNGRJNm9nckhZOEQ3czI3ZW1XVlZmd1NZeWphRmNNc3R6WV9XTC1LeXhWUndHT1VjbkZ1NnVCeHdfOXpKdUFlMnotZFNKd09ZbFR5RkNHRDRFeUp2YW9kTDlORzR5Q2FIODlDYmJZQzVVUnNPVTM2THUwQzBJMExOaGpOR2R2aW9IdG5XZ0VaSVE?oc=5,Ping An Bank,"China's Ping An Insurance posts 6.45pc profit rise on life insurance growth - The Standard (HK). <a href=""https://news.google.com/rss/articles/CBMixgFBVV95cUxQeDBMZDZQNkRkeUJqSTZVaWlrWGZTdnZPRVAxUktpMk9QTnNOS2VmcEpaTlZibE1CLV9Cb0trNGRJNm9nckhZOEQ3czI3ZW1XVlZmd1NZeWphRmNNc3R6WV9XTC1LeXhWUndHT1VjbkZ1NnVCeHdfOXpKdUFlMnotZFNKd09ZbFR5RkNHRDRFeUp2YW9kTDlORzR5Q2FIODlDYmJZQzVVUnNPVTM2THUwQzBJMExOaGpOR2R2aW9IdG5XZ0VaSVE?oc=5"" target=""_blank"">China's Ping An Insurance posts 6.45pc profit rise on life insurance growth</a>&nbsp;&nbsp;<font color=""#6f6f6f"">The Standard (HK)</font>",positive,0.84841275
2026-03-26,2026-03-26T07:00:00+00:00,000001.SZ,"""Ping An Bank"" - Google News",China’s Ping An Insurance posts 6.45% profit rise on life insurance growth - The Business Times,"<a href=""https://news.google.com/rss/articles/CBMiswFBVV95cUxQdzkxa2Y0UmRra25tT1piVG42dXZkekllY2dpZ0gzd0dTd3c5REJnaDJpblc4YUdSOWFXNDhTRjFERG1zcUFRN2pUamxvNElZQVdnS0FRcExrLWFzTkV4SDNpRGpyR1diQVY3dlhQMGhQLUlSTVBpQnloZ3BKckgyUzV3NnEzT3pVUTcybDN1cEhnN1VnMWwxZ1diVTBPRk5QZzNmOC11Ulc1YVFjbTBiemNIOA?oc=5"" target=""_blank"">China’s Ping An Insurance posts 6.45% profit rise on life insurance growth</a>&nbsp;&nbsp;<font color=""#6f6f6f"">The Business Times</font>",https://news.google.com/rss/articles/CBMiswFBVV95cUxQdzkxa2Y0UmRra25tT1piVG42dXZkekllY2dpZ0gzd0dTd3c5REJnaDJpblc4YUdSOWFXNDhTRjFERG1zcUFRN2pUamxvNElZQVdnS0FRcExrLWFzTkV4SDNpRGpyR1diQVY3dlhQMGhQLUlSTVBpQnloZ3BKckgyUzV3NnEzT3pVUTcybDN1cEhnN1VnMWwxZ1diVTBPRk5QZzNmOC11Ulc1YVFjbTBiemNIOA?oc=5,Ping An Bank,"China’s Ping An Insurance posts 6.45% profit rise on life insurance growth - The Business Times. <a href=""https://news.google.com/rss/articles/CBMiswFBVV95cUxQdzkxa2Y0UmRra25tT1piVG42dXZkekllY2dpZ0gzd0dTd3c5REJnaDJpblc4YUdSOWFXNDhTRjFERG1zcUFRN2pUamxvNElZQVdnS0FRcExrLWFzTkV4SDNpRGpyR1diQVY3dlhQMGhQLUlSTVBpQnloZ3BKckgyUzV3NnEzT3pVUTcybDN1cEhnN1VnMWwxZ1diVTBPRk5QZzNmOC11Ulc1YVFjbTBiemNIOA?oc=5"" target=""_blank"">China’s Ping An Insurance posts 6.45% profit rise on life insurance growth</a>&nbsp;&nbsp;<font color=""#6f6f6f"">The Business Times</font>",positive,0.86039644
2026-03-26,2026-03-26T07:00:00+00:00,000001.SZ,"""平安银行"" - Google 新闻",平安银行2025年业绩透视：业绩下滑背后的隐忧与挑战 - 新华网,"<a href=""https://news.google.com/rss/articles/CBMifkFVX3lxTE0wM1hZdWEzYlo0MW5PWi02T2RQbVY0MWU5SkUxVmd6bUM4ZkVKNFQzVk9CVy11Ry03ME11UzBSZlV5VVcyYXp6Ul9RYWNrMXNjajFIZzBDTE1DZ1BHMW43NktZQXNRdnJFQUhzOWRzMWQ0ajBZMmppdzhpMG5YUQ?oc=5"" target=""_blank"">平安银行2025年业绩透视：业绩下滑背后的隐忧与挑战</a>&nbsp;&nbsp;<font color=""#6f6f6f"">新华网</font>",https://news.google.com/rss/articles/CBMifkFVX3lxTE0wM1hZdWEzYlo0MW5PWi02T2RQbVY0MWU5SkUxVmd6bUM4ZkVKNFQzVk9CVy11Ry03ME11UzBSZlV5VVcyYXp6Ul9RYWNrMXNjajFIZzBDTE1DZ1BHMW43NktZQXNRdnJFQUhzOWRzMWQ0ajBZMmppdzhpMG5YUQ?oc=5,平安银行,"平安银行2025年业绩透视：业绩下滑背后的隐忧与挑战 - 新华网. <a href=""https://news.google.com/rss/articles/CBMifkFVX3lxTE0wM1hZdWEzYlo0MW5PWi02T2RQbVY0MWU5SkUxVmd6bUM4ZkVKNFQzVk9CVy11Ry03ME11UzBSZlV5VVcyYXp6Ul9RYWNrMXNjajFIZzBDTE1DZ1BHMW43NktZQXNRdnJFQUhzOWRzMWQ0ajBZMmppdzhpMG5YUQ?oc=5"" target=""_blank"">平安银行2025年业绩透视：业绩下滑背后的隐忧与挑战</a>&nbsp;&nbsp;<font color=""#6f6f6f"">新华网</font>",neutral,0.024644393
2026-03-26,2026-03-26T07:00:00+00:00,000001.SZ,"""平安银行"" - Google 新闻",平安银行2025年业绩透视：业绩下滑背后的隐忧与挑战 - 新华网,"<a href=""https://news.google.com/rss/articles/CBMimgFBVV95cUxPZ1ZZVFZuQUUySW82QzlKUjF1Nm9pWDlOU2Q3eWtEWXNlSGI0RWtTQlVqVC1yNTZuN2lVOEZfLTBlS2RLLWpQU2Q0Q2tNRmQ2eFpsLWdUZ1NJUldhZjVMNl9GSzN5SV9rSlFfQ1Bya3FKOWZiemVWRlFDUW5JZ3hYc2cxa09fUjg5QlkwYTdtd3NYV0gxUGg4VDdR?oc=5"" target=""_blank"">平安银行2025年业绩透视：业绩下滑背后的隐忧与挑战</a>&nbsp;&nbsp;<font color=""#6f6f6f"">新华网</font>",https://news.google.com/rss/articles/CBMimgFBVV95cUxPZ1ZZVFZuQUUySW82QzlKUjF1Nm9pWDlOU2Q3eWtEWXNlSGI0RWtTQlVqVC1yNTZuN2lVOEZfLTBlS2RLLWpQU2Q0Q2tNRmQ2eFpsLWdUZ1NJUldhZjVMNl9GSzN5SV9rSlFfQ1Bya3FKOWZiemVWRlFDUW5JZ3hYc2cxa09fUjg5QlkwYTdtd3NYV0gxUGg4VDdR?oc=5,平安银行,"平安银行2025年业绩透视：业绩下滑背后的隐忧与挑战 - 新华网. <a href=""https://news.google.com/rss/articles/CBMimgFBVV95cUxPZ1ZZVFZuQUUySW82QzlKUjF1Nm9pWDlOU2Q3eWtEWXNlSGI0RWtTQlVqVC1yNTZuN2lVOEZfLTBlS2RLLWpQU2Q0Q2tNRmQ2eFpsLWdUZ1NJUldhZjVMNl9GSzN5SV9rSlFfQ1Bya3FKOWZiemVWRlFDUW5JZ3hYc2cxa09fUjg5QlkwYTdtd3NYV0gxUGg4VDdR?oc=5"" target=""_blank"">平安银行2025年业绩透视：业绩下滑背后的隐忧与挑战</a>&nbsp;&nbsp;<font color=""#6f6f6f"">新华网</font>",neutral,0.024644393
2026-03-26,2026-03-26T12:17:00+00:00,000001.SZ,Ping An Bank - Bing新聞,Ping An Digital Bank Embarks on a New Journey,"HONG KONG SAR - Media OutReach Newswire - 26 March 2026 - Ping An Digital Bank (International) Limited (""Ping An Digital Bank"" or ""PingAnDB"") unveils its new branding today. As one of the integrated ...",http://www.bing.com/news/apiclick.aspx?ref=FexRss&aid=&tid=69fb168ec8e541c580ef517b48ae6d2d&url=https%3a%2f%2fwww.etnet.com.hk%2fwww%2ftc%2fnews%2fmediaoutreach_news_detail.php%3fnewsid%3d456611&c=6746146757831481190&mkt=zh-tw,Ping An Bank,"Ping An Digital Bank Embarks on a New Journey. HONG KONG SAR - Media OutReach Newswire - 26 March 2026 - Ping An Digital Bank (International) Limited (""Ping An Digital Bank"" or ""PingAnDB"") unveils its new branding today. As one of the integrated ...",positive,0.5714539
2026-03-27,2026-03-27T07:00:00+00:00,000001.SZ,"""Ping An Bank"" - Google News",Ping An Digital Bank unveils new branding reflecting deeper ties to insurer parent - Asian Banking & Finance,"<a href=""https://news.google.com/rss/articles/CBMiywFBVV95cUxQOUxiWlVYSFdUUHpDcEtQTVE5c3I5Mm8wbHFHZ1RKOHhZSXZ5TDFwOThpamtqa09JNnczZkllTzRWSE1scWtob2k1SWZhMVE4Mm4ta3NnLTk5N2NMZ1hqbnpJTHpkZnhMWURWMFpZLXZjWWVfbHFrbUtBSW5fVTh5X3F4eEZralZ1cHFjZEFwcV9pU09zVWg2MUUwSERKZzF1SHhSSUJEN1dnTjk2aHRlOUY2V2F0UkJnbG5YNi1mbDM4X0pKSU9GVXJZaw?oc=5"" target=""_blank"">Ping An Digital Bank unveils new branding reflecting deeper ties to insurer parent</a>&nbsp;&nbsp;<font color=""#6f6f6f"">Asian Banking & Finance</font>",https://news.google.com/rss/articles/CBMiywFBVV95cUxQOUxiWlVYSFdUUHpDcEtQTVE5c3I5Mm8wbHFHZ1RKOHhZSXZ5TDFwOThpamtqa09JNnczZkllTzRWSE1scWtob2k1SWZhMVE4Mm4ta3NnLTk5N2NMZ1hqbnpJTHpkZnhMWURWMFpZLXZjWWVfbHFrbUtBSW5fVTh5X3F4eEZralZ1cHFjZEFwcV9pU09zVWg2MUUwSERKZzF1SHhSSUJEN1dnTjk2aHRlOUY2V2F0UkJnbG5YNi1mbDM4X0pKSU9GVXJZaw?oc=5,Ping An Bank,"Ping An Digital Bank unveils new branding reflecting deeper ties to insurer parent - Asian Banking & Finance. <a href=""https://news.google.com/rss/articles/CBMiywFBVV95cUxQOUxiWlVYSFdUUHpDcEtQTVE5c3I5Mm8wbHFHZ1RKOHhZSXZ5TDFwOThpamtqa09JNnczZkllTzRWSE1scWtob2k1SWZhMVE4Mm4ta3NnLTk5N2NMZ1hqbnpJTHpkZnhMWURWMFpZLXZjWWVfbHFrbUtBSW5fVTh5X3F4eEZralZ1cHFjZEFwcV9pU09zVWg2MUUwSERKZzF1SHhSSUJEN1dnTjk2aHRlOUY2V2F0UkJnbG5YNi1mbDM4X0pKSU9GVXJZaw?oc=5"" target=""_blank"">Ping An Digital Bank unveils new branding reflecting deeper ties to insurer parent</a>&nbsp;&nbsp;<font color=""#6f6f6f"">Asian Banking & Finance</font>",positive,0.82966346
2026-03-27,2026-03-27T07:00:00+00:00,000001.SZ,"""Ping An Bank"" - Google News",Chinese Bank Stocks Climb on Potential Rule Change - Sharecafe,"<a href=""https://news.google.com/rss/articles/CBMilgFBVV95cUxNSjZVTFFsa2M1SUdmNlliVUVJUXNDZDd1dktibFE5N0xTNFAwWEdiZGxLTmIwN3V2S2F5LWlPYnRqZl9ZT01Va0pUanM2TWZCREFRa2xTQkN3Sm9zQ3U0ck1jRHZvS082bVhHVnkzN0tVU1NtWl9lVTU0WktQWUpHLUY4d3UwQUFRdDJ0S2FkN2xDdGdYNGc?oc=5"" target=""_blank"">Chinese Bank Stocks Climb on Potential Rule Change</a>&nbsp;&nbsp;<font color=""#6f6f6f"">Sharecafe</font>",https://news.google.com/rss/articles/CBMilgFBVV95cUxNSjZVTFFsa2M1SUdmNlliVUVJUXNDZDd1dktibFE5N0xTNFAwWEdiZGxLTmIwN3V2S2F5LWlPYnRqZl9ZT01Va0pUanM2TWZCREFRa2xTQkN3Sm9zQ3U0ck1jRHZvS082bVhHVnkzN0tVU1NtWl9lVTU0WktQWUpHLUY4d3UwQUFRdDJ0S2FkN2xDdGdYNGc?oc=5,Ping An Bank,"Chinese Bank Stocks Climb on Potential Rule Change - Sharecafe. <a href=""https://news.google.com/rss/articles/CBMilgFBVV95cUxNSjZVTFFsa2M1SUdmNlliVUVJUXNDZDd1dktibFE5N0xTNFAwWEdiZGxLTmIwN3V2S2F5LWlPYnRqZl9ZT01Va0pUanM2TWZCREFRa2xTQkN3Sm9zQ3U0ck1jRHZvS082bVhHVnkzN0tVU1NtWl9lVTU0WktQWUpHLUY4d3UwQUFRdDJ0S2FkN2xDdGdYNGc?oc=5"" target=""_blank"">Chinese Bank Stocks Climb on Potential Rule Change</a>&nbsp;&nbsp;<font color=""#6f6f6f"">Sharecafe</font>",positive,0.8054356
2026-03-27,2026-03-27T07:00:00+00:00,000001.SZ,"""平安银行"" - Google 新闻",平安银行：机构客户方面，公司聚焦财政社保、住建民生、司法生态三大核心业务 - 东方财富,"<a href=""https://news.google.com/rss/articles/CBMiYEFVX3lxTFBlc2xZY295d005SGQ0OHg0dlZlQ0lqSm9MMGxhNGJfQzJxLW5wVFd3RzJFU1B3UnlNQjBPQ0VHLThuM3Vrd1NzVV9Sd0hDX2wxcnFuVTZjX00ya3JqNkRqbA?oc=5"" target=""_blank"">平安银行：机构客户方面，公司聚焦财政社保、住建民生、司法生态三大核心业务</a>&nbsp;&nbsp;<font color=""#6f6f6f"">东方财富</font>",https://news.google.com/rss/articles/CBMiYEFVX3lxTFBlc2xZY295d005SGQ0OHg0dlZlQ0lqSm9MMGxhNGJfQzJxLW5wVFd3RzJFU1B3UnlNQjBPQ0VHLThuM3Vrd1NzVV9Sd0hDX2wxcnFuVTZjX00ya3JqNkRqbA?oc=5,平安银行,"平安银行：机构客户方面，公司聚焦财政社保、住建民生、司法生态三大核心业务 - 东方财富. <a href=""https://news.google.com/rss/articles/CBMiYEFVX3lxTFBlc2xZY295d005SGQ0OHg0dlZlQ0lqSm9MMGxhNGJfQzJxLW5wVFd3RzJFU1B3UnlNQjBPQ0VHLThuM3Vrd1NzVV9Sd0hDX2wxcnFuVTZjX00ya3JqNkRqbA?oc=5"" target=""_blank"">平安银行：机构客户方面，公司聚焦财政社保、住建民生、司法生态三大核心业务</a>&nbsp;&nbsp;<font color=""#6f6f6f"">东方财富</font>",neutral,0.02565436
2026-03-27,2026-03-27T22:45:00+00:00,000001.SZ,平安银行 - Bing新聞,平安银行行长：“看见隧道尽头的曙光”,在全年净利润连续两年负增长的背景下，零售业务核心指标好转成为年报一大亮点。 改革进度已完成70%，但目前已进入“深水区”。 “人工智能、脑机接口、具身智能、量子计算等当下‘小荷 ...,http://www.bing.com/news/apiclick.aspx?ref=FexRss&aid=&tid=69fb1697ba8743c0889fc07426afbc5c&url=https%3a%2f%2fwww.infzm.com%2fcontents%2f317996&c=9304612342608328781&mkt=zh-tw,平安银行,平安银行行长：“看见隧道尽头的曙光”. 在全年净利润连续两年负增长的背景下，零售业务核心指标好转成为年报一大亮点。 改革进度已完成70%，但目前已进入“深水区”。 “人工智能、脑机接口、具身智能、量子计算等当下‘小荷 ...,neutral,0.06354088
2026-04-01,2026-04-01T07:00:00+00:00,000001.SZ,"""平安银行"" - Google 新闻",中国电建与平安银行举行会谈 - powerchina.cn,"<a href=""https://news.google.com/rss/articles/CBMikgFBVV95cUxPNmNYZ180LTNLUEdQa253NGRHc3ZKSGktVi1PbXFqWDBham9oR09LLWRqbXBLVFVEdTIwSF9iUVM2NVBRcEVWbWdpcUxUSmFtcFJBYktqaDhTbHBPdE1NbzV0Um9FWEhVZ0IzQ19qVFhVa21SMVJRZklUYVFCYXdiUVdNSURlZTc1ZVVXSUtfaXFYZw?oc=5"" target=""_blank"">中国电建与平安银行举行会谈</a>&nbsp;&nbsp;<font color=""#6f6f6f"">powerchina.cn</font>",https://news.google.com/rss/articles/CBMikgFBVV95cUxPNmNYZ180LTNLUEdQa253NGRHc3ZKSGktVi1PbXFqWDBham9oR09LLWRqbXBLVFVEdTIwSF9iUVM2NVBRcEVWbWdpcUxUSmFtcFJBYktqaDhTbHBPdE1NbzV0Um9FWEhVZ0IzQ19qVFhVa21SMVJRZklUYVFCYXdiUVdNSURlZTc1ZVVXSUtfaXFYZw?oc=5,平安银行,"中国电建与平安银行举行会谈 - powerchina.cn. <a href=""https://news.google.com/rss/articles/CBMikgFBVV95cUxPNmNYZ180LTNLUEdQa253NGRHc3ZKSGktVi1PbXFqWDBham9oR09LLWRqbXBLVFVEdTIwSF9iUVM2NVBRcEVWbWdpcUxUSmFtcFJBYktqaDhTbHBPdE1NbzV0Um9FWEhVZ0IzQ19qVFhVa21SMVJRZklUYVFCYXdiUVdNSURlZTc1ZVVXSUtfaXFYZw?oc=5"" target=""_blank"">中国电建与平安银行举行会谈</a>&nbsp;&nbsp;<font color=""#6f6f6f"">powerchina.cn</font>",neutral,-0.004512906
2026-04-07,2026-04-07T07:00:00+00:00,000001.SZ,"""Ping An Bank"" - Google 新闻",Wages Plateau or Fall as Headcount Barely Rises at China’s Joint-Stock Banks in 2025 - Yicai Global,"<a href=""https://news.google.com/rss/articles/CBMipwFBVV95cUxQZDNLalZ3WlNMY3VnSkJPbVc2MnRUWEpYLUJzZnJqeENkbDBxekpEMUlkUl9PbExjZmk5NlJSeTFRTC1KOUR5cjRLeVpJbUpGXzNLUDlhN1lFa1hYWFNwbDVUQ0xDRjZrUWw2S01LQ1k0UFZoXzFGZDRObzBSOTZqbTF1dGJtMlNfXzVBeUo0dnAyM3AyQ0hpMzJNamFSaDlQVWFzM2dYRQ?oc=5"" target=""_blank"">Wages Plateau or Fall as Headcount Barely Rises at China’s Joint-Stock Banks in 2025</a>&nbsp;&nbsp;<font color=""#6f6f6f"">Yicai Global</font>",https://news.google.com/rss/articles/CBMipwFBVV95cUxQZDNLalZ3WlNMY3VnSkJPbVc2MnRUWEpYLUJzZnJqeENkbDBxekpEMUlkUl9PbExjZmk5NlJSeTFRTC1KOUR5cjRLeVpJbUpGXzNLUDlhN1lFa1hYWFNwbDVUQ0xDRjZrUWw2S01LQ1k0UFZoXzFGZDRObzBSOTZqbTF1dGJtMlNfXzVBeUo0dnAyM3AyQ0hpMzJNamFSaDlQVWFzM2dYRQ?oc=5,Ping An Bank,"Wages Plateau or Fall as Headcount Barely Rises at China’s Joint-Stock Banks in 2025 - Yicai Global. <a href=""https://news.google.com/rss/articles/CBMipwFBVV95cUxQZDNLalZ3WlNMY3VnSkJPbVc2MnRUWEpYLUJzZnJqeENkbDBxekpEMUlkUl9PbExjZmk5NlJSeTFRTC1KOUR5cjRLeVpJbUpGXzNLUDlhN1lFa1hYWFNwbDVUQ0xDRjZrUWw2S01LQ1k0UFZoXzFGZDRObzBSOTZqbTF1dGJtMlNfXzVBeUo0dnAyM3AyQ0hpMzJNamFSaDlQVWFzM2dYRQ?oc=5"" target=""_blank"">Wages Plateau or Fall as Headcount Barely Rises at China’s Joint-Stock Banks in 2025</a>&nbsp;&nbsp;<font color=""#6f6f6f"">Yicai Global</font>",negative,-0.9069538
2026-04-07,2026-04-07T17:00:00+00:00,000001.SZ,Ping An Bank - Bing新聞,Ping An Bank Co Ltd技術分析,取得投資Ping An Bank Co Ltd簡要回顧： 強力買入、買入、強力賣出、賣出或中立。利用移動平均線買入/賣出信號 (5、10、20、50 ...,http://www.bing.com/news/apiclick.aspx?ref=FexRss&aid=&tid=69fb168ec8e541c580ef517b48ae6d2d&url=https%3a%2f%2fhk.investing.com%2fequities%2fping-an-bank-a-technical&c=4304227851198742199&mkt=zh-tw,Ping An Bank,Ping An Bank Co Ltd技術分析. 取得投資Ping An Bank Co Ltd簡要回顧： 強力買入、買入、強力賣出、賣出或中立。利用移動平均線買入/賣出信號 (5、10、20、50 ...,neutral,0.028397424
2026-04-09,2026-04-09T07:00:00+00:00,000001.SZ,"""000001"" - Google News","‘Snarge,’ Seashells and Much More This April at the National Museum of Natural History - Smithsonian Magazine","<a href=""https://news.google.com/rss/articles/CBMi-wFBVV95cUxOSk5WUldoNW0xWFhDZ2g3cDRjQnNrTWVFM3d4NEQ3eDhkRnNaSnMtdU8yRUdyVDdsdnZnWVktYUF3bFpHOXV0bklqMFFUQm9ISUg0ODdPRzFfckhZaVhWb3A4OE5oc01qbThRYW9SQnNaaHpIN3g2Q2drTlltTGR2Qk9oZkdGaGNWeWVSam41bUtDVThLaXlnMG9IWTZQbWo1RGZNd2tKMVZaOG95LWhYbGdGX1BxRy1OanBXdVB3OTFnMTNld2pVU1FYQ2VGU0d4Z21wZmFrMlZDVVY1Y1hMazRYcHdmNXRyQ0Q5c3JHdEgxRnFkZXBKazBmaw?oc=5"" target=""_blank"">‘Snarge,’ Seashells and Much More This April at the National Museum of Natural History</a>&nbsp;&nbsp;<font color=""#6f6f6f"">Smithsonian Magazine</font>",https://news.google.com/rss/articles/CBMi-wFBVV95cUxOSk5WUldoNW0xWFhDZ2g3cDRjQnNrTWVFM3d4NEQ3eDhkRnNaSnMtdU8yRUdyVDdsdnZnWVktYUF3bFpHOXV0bklqMFFUQm9ISUg0ODdPRzFfckhZaVhWb3A4OE5oc01qbThRYW9SQnNaaHpIN3g2Q2drTlltTGR2Qk9oZkdGaGNWeWVSam41bUtDVThLaXlnMG9IWTZQbWo1RGZNd2tKMVZaOG95LWhYbGdGX1BxRy1OanBXdVB3OTFnMTNld2pVU1FYQ2VGU0d4Z21wZmFrMlZDVVY1Y1hMazRYcHdmNXRyQ0Q5c3JHdEgxRnFkZXBKazBmaw?oc=5,000001,"‘Snarge,’ Seashells and Much More This April at the National Museum of Natural History - Smithsonian Magazine. <a href=""https://news.google.com/rss/articles/CBMi-wFBVV95cUxOSk5WUldoNW0xWFhDZ2g3cDRjQnNrTWVFM3d4NEQ3eDhkRnNaSnMtdU8yRUdyVDdsdnZnWVktYUF3bFpHOXV0bklqMFFUQm9ISUg0ODdPRzFfckhZaVhWb3A4OE5oc01qbThRYW9SQnNaaHpIN3g2Q2drTlltTGR2Qk9oZkdGaGNWeWVSam41bUtDVThLaXlnMG9IWTZQbWo1RGZNd2tKMVZaOG95LWhYbGdGX1BxRy1OanBXdVB3OTFnMTNld2pVU1FYQ2VGU0d4Z21wZmFrMlZDVVY1Y1hMazRYcHdmNXRyQ0Q5c3JHdEgxRnFkZXBKazBmaw?oc=5"" target=""_blank"">‘Snarge,’ Seashells and Much More This April at the National Museum of Natural History</a>&nbsp;&nbsp;<font color=""#6f6f6f"">Smithsonian Magazine</font>",neutral,0.025553748
2026-04-11,2026-04-11T07:00:00+00:00,000001.SZ,"""平安银行"" - Google 新闻",吕浦社区联合平安银行鹿城支行举办邻里节便民活动 - 潮新闻,"<a href=""https://news.google.com/rss/articles/CBMic0FVX3lxTE4xYXhIVDlGMldyNm5GdmxMYmdiOEJnZVBScVpPNURiQ2dzMW81N1JRNExUVEtQZHdkSTlhWHZoZ0JORFNGVUN1dWlXUFpQX2dKU3MtUUJweGYxMnFETHdZenI4eFFZNUFwZjhCazZhLUx6VEU?oc=5"" target=""_blank"">吕浦社区联合平安银行鹿城支行举办邻里节便民活动</a>&nbsp;&nbsp;<font color=""#6f6f6f"">潮新闻</font>",https://news.google.com/rss/articles/CBMic0FVX3lxTE4xYXhIVDlGMldyNm5GdmxMYmdiOEJnZVBScVpPNURiQ2dzMW81N1JRNExUVEtQZHdkSTlhWHZoZ0JORFNGVUN1dWlXUFpQX2dKU3MtUUJweGYxMnFETHdZenI4eFFZNUFwZjhCazZhLUx6VEU?oc=5,平安银行,"吕浦社区联合平安银行鹿城支行举办邻里节便民活动 - 潮新闻. <a href=""https://news.google.com/rss/articles/CBMic0FVX3lxTE4xYXhIVDlGMldyNm5GdmxMYmdiOEJnZVBScVpPNURiQ2dzMW81N1JRNExUVEtQZHdkSTlhWHZoZ0JORFNGVUN1dWlXUFpQX2dKU3MtUUJweGYxMnFETHdZenI4eFFZNUFwZjhCazZhLUx6VEU?oc=5"" target=""_blank"">吕浦社区联合平安银行鹿城支行举办邻里节便民活动</a>&nbsp;&nbsp;<font color=""#6f6f6f"">潮新闻</font>",neutral,0.02139008
2026-04-14,2026-04-14T07:00:00+00:00,000001.SZ,"""Ping An Bank"" - Google News","Ping An Bank Upgraded to AAA in MSCI ESG Ratings, Ranking Among the Leading Global Banks - Yahoo Finance","<a href=""https://news.google.com/rss/articles/CBMilwFBVV95cUxPR3hIU3AzdEFYOFdIc3hjSkMxTG9yRkVvOTV3bnliTjgwWkJrcDQxdTQySDJPM1prZkk5M19FVnNZcWpNVUlWaVpSVTdWbFlqNklucnVwdm9rTHNkVS1HcG5iMFBFbjNkdktzUU5IaGNnX1N0MHRJWDRnbGtmQUFUcEFCZC1aNy1yY2otV1BLSWNMQzFfZmxZ?oc=5"" target=""_blank"">Ping An Bank Upgraded to AAA in MSCI ESG Ratings, Ranking Among the Leading Global Banks</a>&nbsp;&nbsp;<font color=""#6f6f6f"">Yahoo Finance</font>",https://news.google.com/rss/articles/CBMilwFBVV95cUxPR3hIU3AzdEFYOFdIc3hjSkMxTG9yRkVvOTV3bnliTjgwWkJrcDQxdTQySDJPM1prZkk5M19FVnNZcWpNVUlWaVpSVTdWbFlqNklucnVwdm9rTHNkVS1HcG5iMFBFbjNkdktzUU5IaGNnX1N0MHRJWDRnbGtmQUFUcEFCZC1aNy1yY2otV1BLSWNMQzFfZmxZ?oc=5,Ping An Bank,"Ping An Bank Upgraded to AAA in MSCI ESG Ratings, Ranking Among the Leading Global Banks - Yahoo Finance. <a href=""https://news.google.com/rss/articles/CBMilwFBVV95cUxPR3hIU3AzdEFYOFdIc3hjSkMxTG9yRkVvOTV3bnliTjgwWkJrcDQxdTQySDJPM1prZkk5M19FVnNZcWpNVUlWaVpSVTdWbFlqNklucnVwdm9rTHNkVS1HcG5iMFBFbjNkdktzUU5IaGNnX1N0MHRJWDRnbGtmQUFUcEFCZC1aNy1yY2otV1BLSWNMQzFfZmxZ?oc=5"" target=""_blank"">Ping An Bank Upgraded to AAA in MSCI ESG Ratings, Ranking Among the Leading Global Banks</a>&nbsp;&nbsp;<font color=""#6f6f6f"">Yahoo Finance</font>",positive,0.9261259
2026-04-14,2026-04-14T07:00:00+00:00,000001.SZ,"""Ping An Bank"" - Google News",UBS Expects PING AN (02318.HK) 1Q New Biz Value to Grow 20% YoY w/ Attractive Valuation - AASTOCKS.com,"<a href=""https://news.google.com/rss/articles/CBMikwFBVV95cUxNVGRoSmZIM250bDlKNEpQZ25hSnphNk5Gd24wdnVsWGVKV1g2YjhEeVFyV241RlpjU1lFaVkxQWl1SEQ4bjl2ajBKeFdhNjdyUy1HcDJHdUYtY1M2S041Mkhidlo0bTFPS2lCVE5vaUV5T3FKZ0NWNldQV0I2LUdpUVlneHY3N2xTZ0pSY3RKVnI5SWc?oc=5"" target=""_blank"">UBS Expects PING AN (02318.HK) 1Q New Biz Value to Grow 20% YoY w/ Attractive Valuation</a>&nbsp;&nbsp;<font color=""#6f6f6f"">AASTOCKS.com</font>",https://news.google.com/rss/articles/CBMikwFBVV95cUxNVGRoSmZIM250bDlKNEpQZ25hSnphNk5Gd24wdnVsWGVKV1g2YjhEeVFyV241RlpjU1lFaVkxQWl1SEQ4bjl2ajBKeFdhNjdyUy1HcDJHdUYtY1M2S041Mkhidlo0bTFPS2lCVE5vaUV5T3FKZ0NWNldQV0I2LUdpUVlneHY3N2xTZ0pSY3RKVnI5SWc?oc=5,Ping An Bank,"UBS Expects PING AN (02318.HK) 1Q New Biz Value to Grow 20% YoY w/ Attractive Valuation - AASTOCKS.com. <a href=""https://news.google.com/rss/articles/CBMikwFBVV95cUxNVGRoSmZIM250bDlKNEpQZ25hSnphNk5Gd24wdnVsWGVKV1g2YjhEeVFyV241RlpjU1lFaVkxQWl1SEQ4bjl2ajBKeFdhNjdyUy1HcDJHdUYtY1M2S041Mkhidlo0bTFPS2lCVE5vaUV5T3FKZ0NWNldQV0I2LUdpUVlneHY3N2xTZ0pSY3RKVnI5SWc?oc=5"" target=""_blank"">UBS Expects PING AN (02318.HK) 1Q New Biz Value to Grow 20% YoY w/ Attractive Valuation</a>&nbsp;&nbsp;<font color=""#6f6f6f"">AASTOCKS.com</font>",positive,0.899911
2026-04-15,2026-04-15T07:00:00+00:00,000001.SZ,"""平安银行"" - Google 新闻",国际双认证 ESG新起点平安银行连续两年入选标普全球《可持续发展年鉴（中国版）》 - eeo.com.cn,"<a href=""https://news.google.com/rss/articles/CBMiV0FVX3lxTE9vOVloTGE0Y0U0d2lZTV9LLUxLQlFlWWtHVWZRaHZYNzRzSEpVeXIxdmhFejdnZ1oxdHhjbDNZTGJKOVRIclI1V1N3ZFZoNE9mMkt5c2oxVQ?oc=5"" target=""_blank"">国际双认证 ESG新起点平安银行连续两年入选标普全球《可持续发展年鉴（中国版）》</a>&nbsp;&nbsp;<font color=""#6f6f6f"">eeo.com.cn</font>",https://news.google.com/rss/articles/CBMiV0FVX3lxTE9vOVloTGE0Y0U0d2lZTV9LLUxLQlFlWWtHVWZRaHZYNzRzSEpVeXIxdmhFejdnZ1oxdHhjbDNZTGJKOVRIclI1V1N3ZFZoNE9mMkt5c2oxVQ?oc=5,平安银行,"国际双认证 ESG新起点平安银行连续两年入选标普全球《可持续发展年鉴（中国版）》 - eeo.com.cn. <a href=""https://news.google.com/rss/articles/CBMiV0FVX3lxTE9vOVloTGE0Y0U0d2lZTV9LLUxLQlFlWWtHVWZRaHZYNzRzSEpVeXIxdmhFejdnZ1oxdHhjbDNZTGJKOVRIclI1V1N3ZFZoNE9mMkt5c2oxVQ?oc=5"" target=""_blank"">国际双认证 ESG新起点平安银行连续两年入选标普全球《可持续发展年鉴（中国版）》</a>&nbsp;&nbsp;<font color=""#6f6f6f"">eeo.com.cn</font>",neutral,0.016304828
2026-04-17,2026-04-17T03:42:54+00:00,000001.SZ,"""平安银行"" - Google 新闻",平安银行杭州分行以应急守护保障模式践行“金融为民” - 世界浙商网,"<a href=""https://news.google.com/rss/articles/CBMiUkFVX3lxTE9fazZJNWdPYkN6Y0F1MThmQW5xUzRyZ1dQdWpyODV1cWlmMGNuVUdqUUNpRnNnc3c4OUp4X0htYW5qSnZtZU9Sbjk1SVQ5WEJ1YXc?oc=5"" target=""_blank"">平安银行杭州分行以应急守护保障模式践行“金融为民”</a>&nbsp;&nbsp;<font color=""#6f6f6f"">世界浙商网</font>",https://news.google.com/rss/articles/CBMiUkFVX3lxTE9fazZJNWdPYkN6Y0F1MThmQW5xUzRyZ1dQdWpyODV1cWlmMGNuVUdqUUNpRnNnc3c4OUp4X0htYW5qSnZtZU9Sbjk1SVQ5WEJ1YXc?oc=5,平安银行,"平安银行杭州分行以应急守护保障模式践行“金融为民” - 世界浙商网. <a href=""https://news.google.com/rss/articles/CBMiUkFVX3lxTE9fazZJNWdPYkN6Y0F1MThmQW5xUzRyZ1dQdWpyODV1cWlmMGNuVUdqUUNpRnNnc3c4OUp4X0htYW5qSnZtZU9Sbjk1SVQ5WEJ1YXc?oc=5"" target=""_blank"">平安银行杭州分行以应急守护保障模式践行“金融为民”</a>&nbsp;&nbsp;<font color=""#6f6f6f"">世界浙商网</font>",neutral,0.06057658
2026-04-17,2026-04-17T07:00:00+00:00,000001.SZ,"""平安银行"" - Google 新闻",平安银行：融资净买入6143.92万元，融资余额53.62亿元 - 东方财富,"<a href=""https://news.google.com/rss/articles/CBMiYEFVX3lxTE5vTXVNM0h5Y3hlUHAtc240c0szMkNTaFpHSGUtNEpQNnMtdVJTbUpaUkRaOXRaNEFlOXhhb0RLUjRSN3ZEV0dfcHA0cjdXRjR2VFhTdlAzMUV5N3lCbGZiNA?oc=5"" target=""_blank"">平安银行：融资净买入6143.92万元，融资余额53.62亿元</a>&nbsp;&nbsp;<font color=""#6f6f6f"">东方财富</font>",https://news.google.com/rss/articles/CBMiYEFVX3lxTE5vTXVNM0h5Y3hlUHAtc240c0szMkNTaFpHSGUtNEpQNnMtdVJTbUpaUkRaOXRaNEFlOXhhb0RLUjRSN3ZEV0dfcHA0cjdXRjR2VFhTdlAzMUV5N3lCbGZiNA?oc=5,平安银行,"平安银行：融资净买入6143.92万元，融资余额53.62亿元 - 东方财富. <a href=""https://news.google.com/rss/articles/CBMiYEFVX3lxTE5vTXVNM0h5Y3hlUHAtc240c0szMkNTaFpHSGUtNEpQNnMtdVJTbUpaUkRaOXRaNEFlOXhhb0RLUjRSN3ZEV0dfcHA0cjdXRjR2VFhTdlAzMUV5N3lCbGZiNA?oc=5"" target=""_blank"">平安银行：融资净买入6143.92万元，融资余额53.62亿元</a>&nbsp;&nbsp;<font color=""#6f6f6f"">东方财富</font>",neutral,0.02546539
2026-04-17,2026-04-17T12:50:00+00:00,000001.SZ,"""平安银行"" - Google 新闻",第139届广交会开幕 平安银行一站式跨境金融综合服务助力外贸高质量发展 - cb.com.cn,"<a href=""https://news.google.com/rss/articles/CBMiZEFVX3lxTE1EVUZ0UTNxb0JkWWNqR2NyOWNEUjgyZHAwcDZXTzg4TW5ub0czMEdYd0ZvbWpGQkRoaHZBZ294Yk04X0xkTFJEVmtaek5EbHNwQjBfZzg5S1M1ODNZc3Zyc1p5Njk?oc=5"" target=""_blank"">第139届广交会开幕 平安银行一站式跨境金融综合服务助力外贸高质量发展</a>&nbsp;&nbsp;<font color=""#6f6f6f"">cb.com.cn</font>",https://news.google.com/rss/articles/CBMiZEFVX3lxTE1EVUZ0UTNxb0JkWWNqR2NyOWNEUjgyZHAwcDZXTzg4TW5ub0czMEdYd0ZvbWpGQkRoaHZBZ294Yk04X0xkTFJEVmtaek5EbHNwQjBfZzg5S1M1ODNZc3Zyc1p5Njk?oc=5,平安银行,"第139届广交会开幕 平安银行一站式跨境金融综合服务助力外贸高质量发展 - cb.com.cn. <a href=""https://news.google.com/rss/articles/CBMiZEFVX3lxTE1EVUZ0UTNxb0JkWWNqR2NyOWNEUjgyZHAwcDZXTzg4TW5ub0czMEdYd0ZvbWpGQkRoaHZBZ294Yk04X0xkTFJEVmtaek5EbHNwQjBfZzg5S1M1ODNZc3Zyc1p5Njk?oc=5"" target=""_blank"">第139届广交会开幕 平安银行一站式跨境金融综合服务助力外贸高质量发展</a>&nbsp;&nbsp;<font color=""#6f6f6f"">cb.com.cn</font>",neutral,0.016217252
2026-04-20,2026-04-20T07:00:00+00:00,000001.SZ,"""平安银行"" - Google 新闻",平安银行：涉管理层变动相关传闻不实，已报案 - 东方财富,"<a href=""https://news.google.com/rss/articles/CBMiYEFVX3lxTE1xQ0lPaWRQWi02Mi1OYzRkNG1oOEUtUFJrZnBQTkRwcEFHYTJMMW5ZRmJaR0l0bk5Ua19EdmdEdkFxRDBxOGFNRVVycnVaR0Fza29HZjU3VlAyTFVJcm01ZA?oc=5"" target=""_blank"">平安银行：涉管理层变动相关传闻不实，已报案</a>&nbsp;&nbsp;<font color=""#6f6f6f"">东方财富</font>",https://news.google.com/rss/articles/CBMiYEFVX3lxTE1xQ0lPaWRQWi02Mi1OYzRkNG1oOEUtUFJrZnBQTkRwcEFHYTJMMW5ZRmJaR0l0bk5Ua19EdmdEdkFxRDBxOGFNRVVycnVaR0Fza29HZjU3VlAyTFVJcm01ZA?oc=5,平安银行,"平安银行：涉管理层变动相关传闻不实，已报案 - 东方财富. <a href=""https://news.google.com/rss/articles/CBMiYEFVX3lxTE1xQ0lPaWRQWi02Mi1OYzRkNG1oOEUtUFJrZnBQTkRwcEFHYTJMMW5ZRmJaR0l0bk5Ua19EdmdEdkFxRDBxOGFNRVVycnVaR0Fza29HZjU3VlAyTFVJcm01ZA?oc=5"" target=""_blank"">平安银行：涉管理层变动相关传闻不实，已报案</a>&nbsp;&nbsp;<font color=""#6f6f6f"">东方财富</font>",neutral,0.022947788
2026-04-20,2026-04-20T07:00:00+00:00,000001.SZ,"""平安银行"" - Google 新闻",平安银行辟谣：管理层变动系谣言 已报案 - 新浪财经,"<a href=""https://news.google.com/rss/articles/CBMihAFBVV95cUxNVFUxSkVuNEVqX2pjOGJrSVhudzN5bTJnd25JUDRiNmlzZzcxOGt0c0ljQ3FWMDdpX2liUDNrRzRJaW5KQzBpcXN2cUQ0NU0xV080cEcxeHBFTXJhb1RHdHhMOURHMy1PczB3a2pidFl4a1NfaE5LU2s3eUZkc1M3X1FQOFc?oc=5"" target=""_blank"">平安银行辟谣：管理层变动系谣言 已报案</a>&nbsp;&nbsp;<font color=""#6f6f6f"">新浪财经</font>",https://news.google.com/rss/articles/CBMihAFBVV95cUxNVFUxSkVuNEVqX2pjOGJrSVhudzN5bTJnd25JUDRiNmlzZzcxOGt0c0ljQ3FWMDdpX2liUDNrRzRJaW5KQzBpcXN2cUQ0NU0xV080cEcxeHBFTXJhb1RHdHhMOURHMy1PczB3a2pidFl4a1NfaE5LU2s3eUZkc1M3X1FQOFc?oc=5,平安银行,"平安银行辟谣：管理层变动系谣言 已报案 - 新浪财经. <a href=""https://news.google.com/rss/articles/CBMihAFBVV95cUxNVFUxSkVuNEVqX2pjOGJrSVhudzN5bTJnd25JUDRiNmlzZzcxOGt0c0ljQ3FWMDdpX2liUDNrRzRJaW5KQzBpcXN2cUQ0NU0xV080cEcxeHBFTXJhb1RHdHhMOURHMy1PczB3a2pidFl4a1NfaE5LU2s3eUZkc1M3X1FQOFc?oc=5"" target=""_blank"">平安银行辟谣：管理层变动系谣言 已报案</a>&nbsp;&nbsp;<font color=""#6f6f6f"">新浪财经</font>",neutral,0.017260838
2026-04-20,2026-04-20T07:00:00+00:00,000001.SZ,"""平安银行"" - Google 新闻",平安银行：注意到有关管理层变动相关的不实报道及谣言，目前经营团队稳定 - 新浪财经,"<a href=""https://news.google.com/rss/articles/CBMib0FVX3lxTFBYZnhjU29oSG1acXg1cTkxeTlrRXp5ZjJlazBFeVkzYkNfMUoyMG5SdjNkREJFQU05TEZQUEFKb2p0TG1wR3loZnRqaTVFZndKN3NPNmtlWE81XzZTZFZJcnBQWEZDei11c3kyQ0ZVQQ?oc=5"" target=""_blank"">平安银行：注意到有关管理层变动相关的不实报道及谣言，目前经营团队稳定</a>&nbsp;&nbsp;<font color=""#6f6f6f"">新浪财经</font>",https://news.google.com/rss/articles/CBMib0FVX3lxTFBYZnhjU29oSG1acXg1cTkxeTlrRXp5ZjJlazBFeVkzYkNfMUoyMG5SdjNkREJFQU05TEZQUEFKb2p0TG1wR3loZnRqaTVFZndKN3NPNmtlWE81XzZTZFZJcnBQWEZDei11c3kyQ0ZVQQ?oc=5,平安银行,"平安银行：注意到有关管理层变动相关的不实报道及谣言，目前经营团队稳定 - 新浪财经. <a href=""https://news.google.com/rss/articles/CBMib0FVX3lxTFBYZnhjU29oSG1acXg1cTkxeTlrRXp5ZjJlazBFeVkzYkNfMUoyMG5SdjNkREJFQU05TEZQUEFKb2p0TG1wR3loZnRqaTVFZndKN3NPNmtlWE81XzZTZFZJcnBQWEZDei11c3kyQ0ZVQQ?oc=5"" target=""_blank"">平安银行：注意到有关管理层变动相关的不实报道及谣言，目前经营团队稳定</a>&nbsp;&nbsp;<font color=""#6f6f6f"">新浪财经</font>",neutral,0.04012247
2026-04-20,2026-04-20T07:00:00+00:00,000001.SZ,"""平安银行"" - Google 新闻",平安银行澄清管理层变动不实传闻：已报案，经营团队稳定 - 新浪财经,"<a href=""https://news.google.com/rss/articles/CBMihAFBVV95cUxOUVNyRVljckFvcmtyU0hhb2hKeEduWFV0VmhXZWJqMU41X2drbndlb1BPckVldGJ4R1RCZ0ZqR2ZldVhoTTE5Q2hjVzVkRU5adlJJMUtFblA5NFVfMmZiUHFpYlpFay03VlhVVGFId0hMMXY4bDNBd3ZRREF1ZjZxeEQtNXo?oc=5"" target=""_blank"">平安银行澄清管理层变动不实传闻：已报案，经营团队稳定</a>&nbsp;&nbsp;<font color=""#6f6f6f"">新浪财经</font>",https://news.google.com/rss/articles/CBMihAFBVV95cUxOUVNyRVljckFvcmtyU0hhb2hKeEduWFV0VmhXZWJqMU41X2drbndlb1BPckVldGJ4R1RCZ0ZqR2ZldVhoTTE5Q2hjVzVkRU5adlJJMUtFblA5NFVfMmZiUHFpYlpFay03VlhVVGFId0hMMXY4bDNBd3ZRREF1ZjZxeEQtNXo?oc=5,平安银行,"平安银行澄清管理层变动不实传闻：已报案，经营团队稳定 - 新浪财经. <a href=""https://news.google.com/rss/articles/CBMihAFBVV95cUxOUVNyRVljckFvcmtyU0hhb2hKeEduWFV0VmhXZWJqMU41X2drbndlb1BPckVldGJ4R1RCZ0ZqR2ZldVhoTTE5Q2hjVzVkRU5adlJJMUtFblA5NFVfMmZiUHFpYlpFay03VlhVVGFId0hMMXY4bDNBd3ZRREF1ZjZxeEQtNXo?oc=5"" target=""_blank"">平安银行澄清管理层变动不实传闻：已报案，经营团队稳定</a>&nbsp;&nbsp;<font color=""#6f6f6f"">新浪财经</font>",neutral,0.037296902
2026-04-20,2026-04-20T07:00:00+00:00,000001.SZ,"""平安银行"" - Google 新闻",平安银行辟谣：管理层变动系谣言 已报案 - 新浪财经,"<a href=""https://news.google.com/rss/articles/CBMihAFBVV95cUxNNUdrcm5ZekozR3VDLUZvSlRUVk5hSkVlWE55cl9XcFFXR1JiTjlNQmFCdGpwcWFfejBkeDcwTEZOZ3p2WmlJZGY1dS1UbTFVYzVBWWgzQy1QSUNYLXoyeUFUcG01U2hhNDdyR2RZY0VlWG5IbjhXSXFHUFFnTjhPMVQ1c1g?oc=5"" target=""_blank"">平安银行辟谣：管理层变动系谣言 已报案</a>&nbsp;&nbsp;<font color=""#6f6f6f"">新浪财经</font>",https://news.google.com/rss/articles/CBMihAFBVV95cUxNNUdrcm5ZekozR3VDLUZvSlRUVk5hSkVlWE55cl9XcFFXR1JiTjlNQmFCdGpwcWFfejBkeDcwTEZOZ3p2WmlJZGY1dS1UbTFVYzVBWWgzQy1QSUNYLXoyeUFUcG01U2hhNDdyR2RZY0VlWG5IbjhXSXFHUFFnTjhPMVQ1c1g?oc=5,平安银行,"平安银行辟谣：管理层变动系谣言 已报案 - 新浪财经. <a href=""https://news.google.com/rss/articles/CBMihAFBVV95cUxNNUdrcm5ZekozR3VDLUZvSlRUVk5hSkVlWE55cl9XcFFXR1JiTjlNQmFCdGpwcWFfejBkeDcwTEZOZ3p2WmlJZGY1dS1UbTFVYzVBWWgzQy1QSUNYLXoyeUFUcG01U2hhNDdyR2RZY0VlWG5IbjhXSXFHUFFnTjhPMVQ1c1g?oc=5"" target=""_blank"">平安银行辟谣：管理层变动系谣言 已报案</a>&nbsp;&nbsp;<font color=""#6f6f6f"">新浪财经</font>",neutral,0.017260838
2026-04-20,2026-04-20T12:36:00+00:00,000001.SZ,"""平安银行"" - Google 新闻",平安银行严正声明：网传管理层变动系不实信息 - 中国基金报,"<a href=""https://news.google.com/rss/articles/CBMiekFVX3lxTE8xWjA1Y3pmTmVUb2UwdGN2QnZiRE5pQU4tcjZHSzVPQzYzM3JNZnRuazI2T0ZPSHc4SmM5N01hVDUwQUdqZ294amVUcmJvWHp5eFAtRGNmMW1RUzBjcjhXOXdtN0VsTkhONVZoNmMxWTdtRlZDS2VIY0dR?oc=5"" target=""_blank"">平安银行严正声明：网传管理层变动系不实信息</a>&nbsp;&nbsp;<font color=""#6f6f6f"">中国基金报</font>",https://news.google.com/rss/articles/CBMiekFVX3lxTE8xWjA1Y3pmTmVUb2UwdGN2QnZiRE5pQU4tcjZHSzVPQzYzM3JNZnRuazI2T0ZPSHc4SmM5N01hVDUwQUdqZ294amVUcmJvWHp5eFAtRGNmMW1RUzBjcjhXOXdtN0VsTkhONVZoNmMxWTdtRlZDS2VIY0dR?oc=5,平安银行,"平安银行严正声明：网传管理层变动系不实信息 - 中国基金报. <a href=""https://news.google.com/rss/articles/CBMiekFVX3lxTE8xWjA1Y3pmTmVUb2UwdGN2QnZiRE5pQU4tcjZHSzVPQzYzM3JNZnRuazI2T0ZPSHc4SmM5N01hVDUwQUdqZ294amVUcmJvWHp5eFAtRGNmMW1RUzBjcjhXOXdtN0VsTkhONVZoNmMxWTdtRlZDS2VIY0dR?oc=5"" target=""_blank"">平安银行严正声明：网传管理层变动系不实信息</a>&nbsp;&nbsp;<font color=""#6f6f6f"">中国基金报</font>",neutral,0.038624223
2026-04-20,2026-04-20T14:00:00+00:00,000001.SZ,"""平安银行"" - Google 新闻",平安银行：管理层变动系谣言，目前经营团队稳定 - 奥一网,"<a href=""https://news.google.com/rss/articles/CBMiZkFVX3lxTFAyclVhdzYxdnFaMnltOXU3ZDNMLWd3UUNJeHV6dzF0Rlg3akJ2VG9BYVdickx1QmhhUHQ0WWMxQ2l5NmxXazBvT0dQZVFkd0Z0ZmpvN1JCSzBOUUY5R0Y3Y0cxMzVHdw?oc=5"" target=""_blank"">平安银行：管理层变动系谣言，目前经营团队稳定</a>&nbsp;&nbsp;<font color=""#6f6f6f"">奥一网</font>",https://news.google.com/rss/articles/CBMiZkFVX3lxTFAyclVhdzYxdnFaMnltOXU3ZDNMLWd3UUNJeHV6dzF0Rlg3akJ2VG9BYVdickx1QmhhUHQ0WWMxQ2l5NmxXazBvT0dQZVFkd0Z0ZmpvN1JCSzBOUUY5R0Y3Y0cxMzVHdw?oc=5,平安银行,"平安银行：管理层变动系谣言，目前经营团队稳定 - 奥一网. <a href=""https://news.google.com/rss/articles/CBMiZkFVX3lxTFAyclVhdzYxdnFaMnltOXU3ZDNMLWd3UUNJeHV6dzF0Rlg3akJ2VG9BYVdickx1QmhhUHQ0WWMxQ2l5NmxXazBvT0dQZVFkd0Z0ZmpvN1JCSzBOUUY5R0Y3Y0cxMzVHdw?oc=5"" target=""_blank"">平安银行：管理层变动系谣言，目前经营团队稳定</a>&nbsp;&nbsp;<font color=""#6f6f6f"">奥一网</font>",neutral,0.029475395
2026-04-20,2026-04-20T22:23:57+00:00,000001.SZ,"""平安银行"" - Google 新闻",平安银行严正声明：网传管理层变动系不实信息 - 东方财富,"<a href=""https://news.google.com/rss/articles/CBMiYEFVX3lxTFBqN25ZUXBQSW12cUNRVXVTX3RjbEZWUHg0S29OcEs2M2pSU3dONTFFWTFNX21JOTExUEpON0I4LUMyYjVsMEtiQlFSS2hCYzhQX29zZGVsTVRGam5hYVd5aA?oc=5"" target=""_blank"">平安银行严正声明：网传管理层变动系不实信息</a>&nbsp;&nbsp;<font color=""#6f6f6f"">东方财富</font>",https://news.google.com/rss/articles/CBMiYEFVX3lxTFBqN25ZUXBQSW12cUNRVXVTX3RjbEZWUHg0S29OcEs2M2pSU3dONTFFWTFNX21JOTExUEpON0I4LUMyYjVsMEtiQlFSS2hCYzhQX29zZGVsTVRGam5hYVd5aA?oc=5,平安银行,"平安银行严正声明：网传管理层变动系不实信息 - 东方财富. <a href=""https://news.google.com/rss/articles/CBMiYEFVX3lxTFBqN25ZUXBQSW12cUNRVXVTX3RjbEZWUHg0S29OcEs2M2pSU3dONTFFWTFNX21JOTExUEpON0I4LUMyYjVsMEtiQlFSS2hCYzhQX29zZGVsTVRGam5hYVd5aA?oc=5"" target=""_blank"">平安银行严正声明：网传管理层变动系不实信息</a>&nbsp;&nbsp;<font color=""#6f6f6f"">东方财富</font>",neutral,0.02418733
2026-04-21,2026-04-21T03:13:00+00:00,000001.SZ,"""平安银行"" - Google 新闻",平安银行紧急辟谣“管理层变动”传闻：已报案，经营团队稳定 - 财富号,"<a href=""https://news.google.com/rss/articles/CBMia0FVX3lxTE0xODItRzhOZzNfSmlXY2JvSGVWSXVERE04bmJpa3VXUHZkanh5cmItSnBVXzNVOURUMkVzS285VGYxWlpNeG1OdDUtT01WdDJobXhicVhXUmVkV1VaUE9GTG9rSUJ5X1huUERn?oc=5"" target=""_blank"">平安银行紧急辟谣“管理层变动”传闻：已报案，经营团队稳定</a>&nbsp;&nbsp;<font color=""#6f6f6f"">财富号</font>",https://news.google.com/rss/articles/CBMia0FVX3lxTE0xODItRzhOZzNfSmlXY2JvSGVWSXVERE04bmJpa3VXUHZkanh5cmItSnBVXzNVOURUMkVzS285VGYxWlpNeG1OdDUtT01WdDJobXhicVhXUmVkV1VaUE9GTG9rSUJ5X1huUERn?oc=5,平安银行,"平安银行紧急辟谣“管理层变动”传闻：已报案，经营团队稳定 - 财富号. <a href=""https://news.google.com/rss/articles/CBMia0FVX3lxTE0xODItRzhOZzNfSmlXY2JvSGVWSXVERE04bmJpa3VXUHZkanh5cmItSnBVXzNVOURUMkVzS285VGYxWlpNeG1OdDUtT01WdDJobXhicVhXUmVkV1VaUE9GTG9rSUJ5X1huUERn?oc=5"" target=""_blank"">平安银行紧急辟谣“管理层变动”传闻：已报案，经营团队稳定</a>&nbsp;&nbsp;<font color=""#6f6f6f"">财富号</font>",neutral,0.034850635
2026-04-21,2026-04-21T07:00:00+00:00,000001.SZ,"""平安银行"" - Google 新闻",平安银行北京分行2026“艺术焕新”系列活动圆满收官——罗维x平安银行重构春日艺术想象 - 新浪财经,"<a href=""https://news.google.com/rss/articles/CBMieEFVX3lxTE1vWENKX3A2dUhncHQtSUp6NnZqV0J1Mkk0RDhqREkxXzFDRWJYN3dZNl9NVHpES1g1MXctelN5cUhQWTd1M2JGUS1kcVBzcVdUXzBFZlY2c0xWbkptTXBYM3prbTRJRVF2UjJGM1lwa3d5eUJWU3hkLQ?oc=5"" target=""_blank"">平安银行北京分行2026“艺术焕新”系列活动圆满收官——罗维x平安银行重构春日艺术想象</a>&nbsp;&nbsp;<font color=""#6f6f6f"">新浪财经</font>",https://news.google.com/rss/articles/CBMieEFVX3lxTE1vWENKX3A2dUhncHQtSUp6NnZqV0J1Mkk0RDhqREkxXzFDRWJYN3dZNl9NVHpES1g1MXctelN5cUhQWTd1M2JGUS1kcVBzcVdUXzBFZlY2c0xWbkptTXBYM3prbTRJRVF2UjJGM1lwa3d5eUJWU3hkLQ?oc=5,平安银行,"平安银行北京分行2026“艺术焕新”系列活动圆满收官——罗维x平安银行重构春日艺术想象 - 新浪财经. <a href=""https://news.google.com/rss/articles/CBMieEFVX3lxTE1vWENKX3A2dUhncHQtSUp6NnZqV0J1Mkk0RDhqREkxXzFDRWJYN3dZNl9NVHpES1g1MXctelN5cUhQWTd1M2JGUS1kcVBzcVdUXzBFZlY2c0xWbkptTXBYM3prbTRJRVF2UjJGM1lwa3d5eUJWU3hkLQ?oc=5"" target=""_blank"">平安银行北京分行2026“艺术焕新”系列活动圆满收官——罗维x平安银行重构春日艺术想象</a>&nbsp;&nbsp;<font color=""#6f6f6f"">新浪财经</font>",neutral,0.03348373
2026-04-21,2026-04-21T07:00:00+00:00,000001.SZ,"""平安银行"" - Google 新闻",平安银行发言人表示已向公安报案，将造谣者绳之以法！ - 新浪财经,"<a href=""https://news.google.com/rss/articles/CBMihAFBVV95cUxNaWlBdFF5aFhId3RrUWZfZk42a2V5dXFhNHExb2lfV3pVTlQ1ZEtPaDE4M25SbF9URVdnTG5aNFVMTVlBeThHVkRzT1NxcDRjQ0txWklOQmNiSTdzQmVvMzhmZXY5X3hXT2xIR0VIaGJYbENxUDlzb3pFYVViRzZNdTEyOEM?oc=5"" target=""_blank"">平安银行发言人表示已向公安报案，将造谣者绳之以法！</a>&nbsp;&nbsp;<font color=""#6f6f6f"">新浪财经</font>",https://news.google.com/rss/articles/CBMihAFBVV95cUxNaWlBdFF5aFhId3RrUWZfZk42a2V5dXFhNHExb2lfV3pVTlQ1ZEtPaDE4M25SbF9URVdnTG5aNFVMTVlBeThHVkRzT1NxcDRjQ0txWklOQmNiSTdzQmVvMzhmZXY5X3hXT2xIR0VIaGJYbENxUDlzb3pFYVViRzZNdTEyOEM?oc=5,平安银行,"平安银行发言人表示已向公安报案，将造谣者绳之以法！ - 新浪财经. <a href=""https://news.google.com/rss/articles/CBMihAFBVV95cUxNaWlBdFF5aFhId3RrUWZfZk42a2V5dXFhNHExb2lfV3pVTlQ1ZEtPaDE4M25SbF9URVdnTG5aNFVMTVlBeThHVkRzT1NxcDRjQ0txWklOQmNiSTdzQmVvMzhmZXY5X3hXT2xIR0VIaGJYbENxUDlzb3pFYVViRzZNdTEyOEM?oc=5"" target=""_blank"">平安银行发言人表示已向公安报案，将造谣者绳之以法！</a>&nbsp;&nbsp;<font color=""#6f6f6f"">新浪财经</font>",neutral,0.035270542
2026-04-21,2026-04-21T23:25:00+00:00,000001.SZ,平安银行 - Bing新聞,调研｜平安银行对公和零售信贷投放首近1:1！科技金融再进阶，成对公强势引擎,截至今年3月末，创业板上市公司占A股上市公司总数1/4，总市值近18万亿元，是全球最具活力的市场之一。助推这一数据的，是多家银行科技金融战略不断深化，服务科技企业方法论持续升级——银行通常在科技企业初创期或成长早期就介入信贷支持，并且提升审批效率、在准入和价格上给予优惠政策。,http://www.bing.com/news/apiclick.aspx?ref=FexRss&aid=&tid=69fb1697ba8743c0889fc07426afbc5c&url=https%3a%2f%2ffinance.ifeng.com%2fc%2f8sWyIXTFtOY&c=110639493118481144&mkt=zh-tw,平安银行,调研｜平安银行对公和零售信贷投放首近1:1！科技金融再进阶，成对公强势引擎. 截至今年3月末，创业板上市公司占A股上市公司总数1/4，总市值近18万亿元，是全球最具活力的市场之一。助推这一数据的，是多家银行科技金融战略不断深化，服务科技企业方法论持续升级——银行通常在科技企业初创期或成长早期就介入信贷支持，并且提升审批效率、在准入和价格上给予优惠政策。,neutral,0.074024625
2026-04-22,2026-04-22T04:31:56+00:00,000001.SZ,"""平安银行"" - Google 新闻",平安银行，顶压前行_公司新闻_财经 - 证券之星,"<a href=""https://news.google.com/rss/articles/CBMiYEFVX3lxTE8wOEM1YU1hcGUtRE5EckVFZnRYbVdNMW9tejJtbm5memtWenNqZVBKZjlUaHpVYk9nYWNvOHVBejN5d1JpVEVyZDBPdkxUbnA0ZVA3MFc3TlZ3dENTWE5XTg?oc=5"" target=""_blank"">平安银行，顶压前行_公司新闻_财经</a>&nbsp;&nbsp;<font color=""#6f6f6f"">证券之星</font>",https://news.google.com/rss/articles/CBMiYEFVX3lxTE8wOEM1YU1hcGUtRE5EckVFZnRYbVdNMW9tejJtbm5memtWenNqZVBKZjlUaHpVYk9nYWNvOHVBejN5d1JpVEVyZDBPdkxUbnA0ZVA3MFc3TlZ3dENTWE5XTg?oc=5,平安银行,"平安银行，顶压前行_公司新闻_财经 - 证券之星. <a href=""https://news.google.com/rss/articles/CBMiYEFVX3lxTE8wOEM1YU1hcGUtRE5EckVFZnRYbVdNMW9tejJtbm5memtWenNqZVBKZjlUaHpVYk9nYWNvOHVBejN5d1JpVEVyZDBPdkxUbnA0ZVA3MFc3TlZ3dENTWE5XTg?oc=5"" target=""_blank"">平安银行，顶压前行_公司新闻_财经</a>&nbsp;&nbsp;<font color=""#6f6f6f"">证券之星</font>",neutral,0.037064232
2026-04-22,2026-04-22T14:14:45+00:00,000001.SZ,"""平安银行"" - Google 新闻",平安银行：融资净偿还25.75万元，融资余额53.96亿元 - 东方财富,"<a href=""https://news.google.com/rss/articles/CBMiYEFVX3lxTE5hZGVUZWpPUEgxbjU2WWZYWHBXZ29VRnlFVXBrVC1wdWVkdGV2YmxpSWtQYXNqSnhXU3JmeXpwRFE5aXkzcnducld6bEstelBocVRKdU9aYlZtaXRWTTM1Zw?oc=5"" target=""_blank"">平安银行：融资净偿还25.75万元，融资余额53.96亿元</a>&nbsp;&nbsp;<font color=""#6f6f6f"">东方财富</font>",https://news.google.com/rss/articles/CBMiYEFVX3lxTE5hZGVUZWpPUEgxbjU2WWZYWHBXZ29VRnlFVXBrVC1wdWVkdGV2YmxpSWtQYXNqSnhXU3JmeXpwRFE5aXkzcnducld6bEstelBocVRKdU9aYlZtaXRWTTM1Zw?oc=5,平安银行,"平安银行：融资净偿还25.75万元，融资余额53.96亿元 - 东方财富. <a href=""https://news.google.com/rss/articles/CBMiYEFVX3lxTE5hZGVUZWpPUEgxbjU2WWZYWHBXZ29VRnlFVXBrVC1wdWVkdGV2YmxpSWtQYXNqSnhXU3JmeXpwRFE5aXkzcnducld6bEstelBocVRKdU9aYlZtaXRWTTM1Zw?oc=5"" target=""_blank"">平安银行：融资净偿还25.75万元，融资余额53.96亿元</a>&nbsp;&nbsp;<font color=""#6f6f6f"">东方财富</font>",neutral,0.023918798
2026-04-23,2026-04-23T07:00:00+00:00,000001.SZ,"""Ping An Bank"" - Google News","Ping An Bank Co., Ltd. Reports Earnings Results for the First Quarter Ended March 31, 2026 - marketscreener.com","<a href=""https://news.google.com/rss/articles/CBMi1gFBVV95cUxPNHk3cFVmYVV2S21JZXRtWHB0b2U2TjFsTEF1UTZGR0RBbkdNYXkyVUpoSGtUNWZtMk04RWFieS1VZlMxS0pzUnFLUko2NUtNVjlxVUQ1VGFMaXRycGx2TGFaVE1Gajg2TGJWOE51QnZILUhBUERkSTFqVWRkVHIxUDRIaHZuYlhCNXRQbXJpbXlqamNmYkRoVWRtZWRsNGh2bU9TRUFYc2UtOE9OcGVnQm50ajU1TFgzbER3M2w2bnIxLV92bEFRS1dmOU1LeU12Q3Juc3N3?oc=5"" target=""_blank"">Ping An Bank Co., Ltd. Reports Earnings Results for the First Quarter Ended March 31, 2026</a>&nbsp;&nbsp;<font color=""#6f6f6f"">marketscreener.com</font>",https://news.google.com/rss/articles/CBMi1gFBVV95cUxPNHk3cFVmYVV2S21JZXRtWHB0b2U2TjFsTEF1UTZGR0RBbkdNYXkyVUpoSGtUNWZtMk04RWFieS1VZlMxS0pzUnFLUko2NUtNVjlxVUQ1VGFMaXRycGx2TGFaVE1Gajg2TGJWOE51QnZILUhBUERkSTFqVWRkVHIxUDRIaHZuYlhCNXRQbXJpbXlqamNmYkRoVWRtZWRsNGh2bU9TRUFYc2UtOE9OcGVnQm50ajU1TFgzbER3M2w2bnIxLV92bEFRS1dmOU1LeU12Q3Juc3N3?oc=5,Ping An Bank,"Ping An Bank Co., Ltd. Reports Earnings Results for the First Quarter Ended March 31, 2026 - marketscreener.com. <a href=""https://news.google.com/rss/articles/CBMi1gFBVV95cUxPNHk3cFVmYVV2S21JZXRtWHB0b2U2TjFsTEF1UTZGR0RBbkdNYXkyVUpoSGtUNWZtMk04RWFieS1VZlMxS0pzUnFLUko2NUtNVjlxVUQ1VGFMaXRycGx2TGFaVE1Gajg2TGJWOE51QnZILUhBUERkSTFqVWRkVHIxUDRIaHZuYlhCNXRQbXJpbXlqamNmYkRoVWRtZWRsNGh2bU9TRUFYc2UtOE9OcGVnQm50ajU1TFgzbER3M2w2bnIxLV92bEFRS1dmOU1LeU12Q3Juc3N3?oc=5"" target=""_blank"">Ping An Bank Co., Ltd. Reports Earnings Results for the First Quarter Ended March 31, 2026</a>&nbsp;&nbsp;<font color=""#6f6f6f"">marketscreener.com</font>",neutral,-0.07350522
2026-04-24,2026-04-24T02:57:00+00:00,000001.SZ,"""平安银行"" - Google 新闻",八大银行鏖战银保2025：走出“降费”阴影，平安银行代销保险收入大涨53.3% - 21财经,"<a href=""https://news.google.com/rss/articles/CBMijwFBVV95cUxQeHRFdHZGbmE3M1g0U1BmRDN1OVFMYTBTQ2szbzM2UjNudUxLR3J2SjNoM29raDRqdGg5VG1HRmpQUVBoUW54Tm9RNkYweXRhRFRzTGdPVmJhVEh5UGg3RGkzREE5M0REUzlta0hFWVpUejJ0QnZCVU9jdnM2NFE0TkUxUUxrZExBdDBNM2Q1dw?oc=5"" target=""_blank"">八大银行鏖战银保2025：走出“降费”阴影，平安银行代销保险收入大涨53.3%</a>&nbsp;&nbsp;<font color=""#6f6f6f"">21财经</font>",https://news.google.com/rss/articles/CBMijwFBVV95cUxQeHRFdHZGbmE3M1g0U1BmRDN1OVFMYTBTQ2szbzM2UjNudUxLR3J2SjNoM29raDRqdGg5VG1HRmpQUVBoUW54Tm9RNkYweXRhRFRzTGdPVmJhVEh5UGg3RGkzREE5M0REUzlta0hFWVpUejJ0QnZCVU9jdnM2NFE0TkUxUUxrZExBdDBNM2Q1dw?oc=5,平安银行,"八大银行鏖战银保2025：走出“降费”阴影，平安银行代销保险收入大涨53.3% - 21财经. <a href=""https://news.google.com/rss/articles/CBMijwFBVV95cUxQeHRFdHZGbmE3M1g0U1BmRDN1OVFMYTBTQ2szbzM2UjNudUxLR3J2SjNoM29raDRqdGg5VG1HRmpQUVBoUW54Tm9RNkYweXRhRFRzTGdPVmJhVEh5UGg3RGkzREE5M0REUzlta0hFWVpUejJ0QnZCVU9jdnM2NFE0TkUxUUxrZExBdDBNM2Q1dw?oc=5"" target=""_blank"">八大银行鏖战银保2025：走出“降费”阴影，平安银行代销保险收入大涨53.3%</a>&nbsp;&nbsp;<font color=""#6f6f6f"">21财经</font>",neutral,0.023015391
2026-04-24,2026-04-24T07:00:00+00:00,000001.SZ,"""Ping An Bank"" - Google News","Ping An Bank's Q1 2026 Earnings Report: Revenue and Net Profit Achieve 'Dual Growth,' Performance 'Turning Point' Arrives as Expected - Moomoo","<a href=""https://news.google.com/rss/articles/CBMilwFBVV95cUxNakxZbG1FLVFfLXZqZE9fZjNsT3VXMGdYczhqUHladk81alM5TFNodm5CX21BYnlyWjNWaTUzbU9FZjJRZURTRndUNFowc0Ffb190OFN0Wld2SnNKdUIycDlYQzBHbkFBUUxfeUlpUHBsVzhvOXNzSXR6Vm9wTHBQSUszbUxVZ3RPM0oyOENnRDNUcl83aWlZ?oc=5"" target=""_blank"">Ping An Bank's Q1 2026 Earnings Report: Revenue and Net Profit Achieve 'Dual Growth,' Performance 'Turning Point' Arrives as Expected</a>&nbsp;&nbsp;<font color=""#6f6f6f"">Moomoo</font>",https://news.google.com/rss/articles/CBMilwFBVV95cUxNakxZbG1FLVFfLXZqZE9fZjNsT3VXMGdYczhqUHladk81alM5TFNodm5CX21BYnlyWjNWaTUzbU9FZjJRZURTRndUNFowc0Ffb190OFN0Wld2SnNKdUIycDlYQzBHbkFBUUxfeUlpUHBsVzhvOXNzSXR6Vm9wTHBQSUszbUxVZ3RPM0oyOENnRDNUcl83aWlZ?oc=5,Ping An Bank,"Ping An Bank's Q1 2026 Earnings Report: Revenue and Net Profit Achieve 'Dual Growth,' Performance 'Turning Point' Arrives as Expected - Moomoo. <a href=""https://news.google.com/rss/articles/CBMilwFBVV95cUxNakxZbG1FLVFfLXZqZE9fZjNsT3VXMGdYczhqUHladk81alM5TFNodm5CX21BYnlyWjNWaTUzbU9FZjJRZURTRndUNFowc0Ffb190OFN0Wld2SnNKdUIycDlYQzBHbkFBUUxfeUlpUHBsVzhvOXNzSXR6Vm9wTHBQSUszbUxVZ3RPM0oyOENnRDNUcl83aWlZ?oc=5"" target=""_blank"">Ping An Bank's Q1 2026 Earnings Report: Revenue and Net Profit Achieve 'Dual Growth,' Performance 'Turning Point' Arrives as Expected</a>&nbsp;&nbsp;<font color=""#6f6f6f"">Moomoo</font>",neutral,0.08484903
2026-04-24,2026-04-24T07:00:00+00:00,000001.SZ,"""Ping An Bank"" - Google News",Ping An Bank (000001) Q1 2026 earnings summary - Quartr,"<a href=""https://news.google.com/rss/articles/CBMieEFVX3lxTE9iNjRuZXlDLVh4eDk2U3p1YVJna3dIZVFMU1F3RkJDdVM4MEEyd3hjMFVzd1RvVlZlSUVSTXNtV3h2WDBVMzBuVzRLTUFxNmZ6ejFTZXhCTWtmZlZwVGppVVpWeU5UemM0ck1xVVV3TXdaejRHbzZZQw?oc=5"" target=""_blank"">Ping An Bank (000001) Q1 2026 earnings summary</a>&nbsp;&nbsp;<font color=""#6f6f6f"">Quartr</font>",https://news.google.com/rss/articles/CBMieEFVX3lxTE9iNjRuZXlDLVh4eDk2U3p1YVJna3dIZVFMU1F3RkJDdVM4MEEyd3hjMFVzd1RvVlZlSUVSTXNtV3h2WDBVMzBuVzRLTUFxNmZ6ejFTZXhCTWtmZlZwVGppVVpWeU5UemM0ck1xVVV3TXdaejRHbzZZQw?oc=5,Ping An Bank,"Ping An Bank (000001) Q1 2026 earnings summary - Quartr. <a href=""https://news.google.com/rss/articles/CBMieEFVX3lxTE9iNjRuZXlDLVh4eDk2U3p1YVJna3dIZVFMU1F3RkJDdVM4MEEyd3hjMFVzd1RvVlZlSUVSTXNtV3h2WDBVMzBuVzRLTUFxNmZ6ejFTZXhCTWtmZlZwVGppVVpWeU5UemM0ck1xVVV3TXdaejRHbzZZQw?oc=5"" target=""_blank"">Ping An Bank (000001) Q1 2026 earnings summary</a>&nbsp;&nbsp;<font color=""#6f6f6f"">Quartr</font>",neutral,-0.08656722
2026-04-24,2026-04-24T07:00:00+00:00,000001.SZ,"""Ping An Bank"" - Google News",Ping An Bank Q1 Net Profit Up 3.0% Y/Y - TradingView,"<a href=""https://news.google.com/rss/articles/CBMiqwFBVV95cUxPQmpwVlIyeEcwelY5cDVrM0FURjQ1Zzl1VFBqU3FXUEN3dlgzdXVlTWJ4MFlxZURnYXE5dklHdVZvZnRtQmpLV0hZdkRSX2pKZnU4NXZlQWtwekZyUURENmRoUHkwZlhaLVRXQlhOaVByVlBNMDlZQUtuNHU1c05fNDFwNExhQ2l1ZTFNcjUxRTR3ZUZOR2F6TEgzdTNUREpxX0F3VGc3TW81YnM?oc=5"" target=""_blank"">Ping An Bank Q1 Net Profit Up 3.0% Y/Y</a>&nbsp;&nbsp;<font color=""#6f6f6f"">TradingView</font>",https://news.google.com/rss/articles/CBMiqwFBVV95cUxPQmpwVlIyeEcwelY5cDVrM0FURjQ1Zzl1VFBqU3FXUEN3dlgzdXVlTWJ4MFlxZURnYXE5dklHdVZvZnRtQmpLV0hZdkRSX2pKZnU4NXZlQWtwekZyUURENmRoUHkwZlhaLVRXQlhOaVByVlBNMDlZQUtuNHU1c05fNDFwNExhQ2l1ZTFNcjUxRTR3ZUZOR2F6TEgzdTNUREpxX0F3VGc3TW81YnM?oc=5,Ping An Bank,"Ping An Bank Q1 Net Profit Up 3.0% Y/Y - TradingView. <a href=""https://news.google.com/rss/articles/CBMiqwFBVV95cUxPQmpwVlIyeEcwelY5cDVrM0FURjQ1Zzl1VFBqU3FXUEN3dlgzdXVlTWJ4MFlxZURnYXE5dklHdVZvZnRtQmpLV0hZdkRSX2pKZnU4NXZlQWtwekZyUURENmRoUHkwZlhaLVRXQlhOaVByVlBNMDlZQUtuNHU1c05fNDFwNExhQ2l1ZTFNcjUxRTR3ZUZOR2F6TEgzdTNUREpxX0F3VGc3TW81YnM?oc=5"" target=""_blank"">Ping An Bank Q1 Net Profit Up 3.0% Y/Y</a>&nbsp;&nbsp;<font color=""#6f6f6f"">TradingView</font>",positive,0.91666126
2026-04-24,2026-04-24T07:00:00+00:00,000001.SZ,"""Ping An Bank"" - Google News","Ping An (02318.HK) subsidiary Ping An Bank reported a net profit of RMB 14.523 billion in the first quarter, representing a 3% increase. - 富途牛牛","<a href=""https://news.google.com/rss/articles/CBMilwFBVV95cUxOZ2ROcmtJYXJHNElCZUthTGpTemlmZ0xnVm5mbHR2d05tVmpPbzhOOVVaa0pxajgwUVBLLWVpcENQZlpFd1ExUmJKZkZac1JGenRtZG9ndk1WajVPQUczcldTRk9xSUloblNmUnB1ZGtBLUVNUEVWN1h0Y2Zrbld4OU5TR21fR0x1NGluYVctWGZZZUlnVEdR?oc=5"" target=""_blank"">Ping An (02318.HK) subsidiary Ping An Bank reported a net profit of RMB 14.523 billion in the first quarter, representing a 3% increase.</a>&nbsp;&nbsp;<font color=""#6f6f6f"">富途牛牛</font>",https://news.google.com/rss/articles/CBMilwFBVV95cUxOZ2ROcmtJYXJHNElCZUthTGpTemlmZ0xnVm5mbHR2d05tVmpPbzhOOVVaa0pxajgwUVBLLWVpcENQZlpFd1ExUmJKZkZac1JGenRtZG9ndk1WajVPQUczcldTRk9xSUloblNmUnB1ZGtBLUVNUEVWN1h0Y2Zrbld4OU5TR21fR0x1NGluYVctWGZZZUlnVEdR?oc=5,Ping An Bank,"Ping An (02318.HK) subsidiary Ping An Bank reported a net profit of RMB 14.523 billion in the first quarter, representing a 3% increase. - 富途牛牛. <a href=""https://news.google.com/rss/articles/CBMilwFBVV95cUxOZ2ROcmtJYXJHNElCZUthTGpTemlmZ0xnVm5mbHR2d05tVmpPbzhOOVVaa0pxajgwUVBLLWVpcENQZlpFd1ExUmJKZkZac1JGenRtZG9ndk1WajVPQUczcldTRk9xSUloblNmUnB1ZGtBLUVNUEVWN1h0Y2Zrbld4OU5TR21fR0x1NGluYVctWGZZZUlnVEdR?oc=5"" target=""_blank"">Ping An (02318.HK) subsidiary Ping An Bank reported a net profit of RMB 14.523 billion in the first quarter, representing a 3% increase.</a>&nbsp;&nbsp;<font color=""#6f6f6f"">富途牛牛</font>",positive,0.91768694
2026-04-24,2026-04-24T07:00:00+00:00,000001.SZ,"""平安银行"" - Google News",中國平安(02318.HK)附屬平安銀行首季淨利潤145.23億人民幣 增長3% - AASTOCKS.com,"<a href=""https://news.google.com/rss/articles/CBMiowFBVV95cUxNMEtWUVRUeFJ0VHpwSTRDck11ck1HWl9pR2hPeFBoYTRkUXlsTzNFQ1RZWTkxaFFyU3RMb19TSUo5TG5vd0VSWWVOS2VTWmIxdGd0REJtVXljXzdiWXlkZ2lCYlVhbm9fcS1aNDJ4U2pwb2dReFBaZFZzMnVyVm9LREdDSUo3d0oxZV9ZdHRlMU8xN1JaY1V4c2VPbTBVNV9ZSlhF?oc=5"" target=""_blank"">中國平安(02318.HK)附屬平安銀行首季淨利潤145.23億人民幣 增長3%</a>&nbsp;&nbsp;<font color=""#6f6f6f"">AASTOCKS.com</font>",https://news.google.com/rss/articles/CBMiowFBVV95cUxNMEtWUVRUeFJ0VHpwSTRDck11ck1HWl9pR2hPeFBoYTRkUXlsTzNFQ1RZWTkxaFFyU3RMb19TSUo5TG5vd0VSWWVOS2VTWmIxdGd0REJtVXljXzdiWXlkZ2lCYlVhbm9fcS1aNDJ4U2pwb2dReFBaZFZzMnVyVm9LREdDSUo3d0oxZV9ZdHRlMU8xN1JaY1V4c2VPbTBVNV9ZSlhF?oc=5,平安银行,"中國平安(02318.HK)附屬平安銀行首季淨利潤145.23億人民幣 增長3% - AASTOCKS.com. <a href=""https://news.google.com/rss/articles/CBMiowFBVV95cUxNMEtWUVRUeFJ0VHpwSTRDck11ck1HWl9pR2hPeFBoYTRkUXlsTzNFQ1RZWTkxaFFyU3RMb19TSUo5TG5vd0VSWWVOS2VTWmIxdGd0REJtVXljXzdiWXlkZ2lCYlVhbm9fcS1aNDJ4U2pwb2dReFBaZFZzMnVyVm9LREdDSUo3d0oxZV9ZdHRlMU8xN1JaY1V4c2VPbTBVNV9ZSlhF?oc=5"" target=""_blank"">中國平安(02318.HK)附屬平安銀行首季淨利潤145.23億人民幣 增長3%</a>&nbsp;&nbsp;<font color=""#6f6f6f"">AASTOCKS.com</font>",neutral,0.009904113
2026-04-24,2026-04-24T07:00:00+00:00,000001.SZ,"""平安银行"" - Google 新闻",平安银行2026年一季报：资产规模保持稳定，营收利润同比双增 - thepaper.cn,"<a href=""https://news.google.com/rss/articles/CBMiXkFVX3lxTE9HWGZKZEhLYXFlV0daYkw3ZjNSQ0VvYnN6NjhqbnljcXBhcXEza2VBM3RpRm1nclVZb0NyeGdseUlVZHo2Y0ZtX2hFUmUyY0N1cDk5TWpKNFhNSnlzdXc?oc=5"" target=""_blank"">平安银行2026年一季报：资产规模保持稳定，营收利润同比双增</a>&nbsp;&nbsp;<font color=""#6f6f6f"">thepaper.cn</font>",https://news.google.com/rss/articles/CBMiXkFVX3lxTE9HWGZKZEhLYXFlV0daYkw3ZjNSQ0VvYnN6NjhqbnljcXBhcXEza2VBM3RpRm1nclVZb0NyeGdseUlVZHo2Y0ZtX2hFUmUyY0N1cDk5TWpKNFhNSnlzdXc?oc=5,平安银行,"平安银行2026年一季报：资产规模保持稳定，营收利润同比双增 - thepaper.cn. <a href=""https://news.google.com/rss/articles/CBMiXkFVX3lxTE9HWGZKZEhLYXFlV0daYkw3ZjNSQ0VvYnN6NjhqbnljcXBhcXEza2VBM3RpRm1nclVZb0NyeGdseUlVZHo2Y0ZtX2hFUmUyY0N1cDk5TWpKNFhNSnlzdXc?oc=5"" target=""_blank"">平安银行2026年一季报：资产规模保持稳定，营收利润同比双增</a>&nbsp;&nbsp;<font color=""#6f6f6f"">thepaper.cn</font>",neutral,0.009965587
2026-04-24,2026-04-24T07:00:00+00:00,000001.SZ,"""平安银行"" - Google 新闻",实体筑基 财富赋能 平安银行一季度营收净利同比双增 - 东方财富,"<a href=""https://news.google.com/rss/articles/CBMiYEFVX3lxTE5KNzUxUUJXZTRiTFlkOHo3bGNwNC1BTVpPanlJYXJuWEdUeGdCUHFYczVsbzRsSDdjNUpLeXVaVEF1VWozQkJfMDQzaGYwMnNETk4wTUM5UEhBQlNsOGFsMA?oc=5"" target=""_blank"">实体筑基 财富赋能 平安银行一季度营收净利同比双增</a>&nbsp;&nbsp;<font color=""#6f6f6f"">东方财富</font>",https://news.google.com/rss/articles/CBMiYEFVX3lxTE5KNzUxUUJXZTRiTFlkOHo3bGNwNC1BTVpPanlJYXJuWEdUeGdCUHFYczVsbzRsSDdjNUpLeXVaVEF1VWozQkJfMDQzaGYwMnNETk4wTUM5UEhBQlNsOGFsMA?oc=5,平安银行,"实体筑基 财富赋能 平安银行一季度营收净利同比双增 - 东方财富. <a href=""https://news.google.com/rss/articles/CBMiYEFVX3lxTE5KNzUxUUJXZTRiTFlkOHo3bGNwNC1BTVpPanlJYXJuWEdUeGdCUHFYczVsbzRsSDdjNUpLeXVaVEF1VWozQkJfMDQzaGYwMnNETk4wTUM5UEhBQlNsOGFsMA?oc=5"" target=""_blank"">实体筑基 财富赋能 平安银行一季度营收净利同比双增</a>&nbsp;&nbsp;<font color=""#6f6f6f"">东方财富</font>",neutral,0.018136919
2026-04-24,2026-04-24T07:00:00+00:00,000001.SZ,"""平安银行"" - Google 新闻",平安银行信用卡中心副总经理包建君任职资格获批 - 东方财富,"<a href=""https://news.google.com/rss/articles/CBMiYEFVX3lxTFBfT0JIRnBVTWQ2MHd4WjdXQmhtdkl0c1g5T2lDRmcxejh3WEUzbktVcGlhLW9MRXlYM1lrWC1aTUlZTkFTY1pyTDVici1HNFotRVU2N3FSbVVHLWVIcXh6dg?oc=5"" target=""_blank"">平安银行信用卡中心副总经理包建君任职资格获批</a>&nbsp;&nbsp;<font color=""#6f6f6f"">东方财富</font>",https://news.google.com/rss/articles/CBMiYEFVX3lxTFBfT0JIRnBVTWQ2MHd4WjdXQmhtdkl0c1g5T2lDRmcxejh3WEUzbktVcGlhLW9MRXlYM1lrWC1aTUlZTkFTY1pyTDVici1HNFotRVU2N3FSbVVHLWVIcXh6dg?oc=5,平安银行,"平安银行信用卡中心副总经理包建君任职资格获批 - 东方财富. <a href=""https://news.google.com/rss/articles/CBMiYEFVX3lxTFBfT0JIRnBVTWQ2MHd4WjdXQmhtdkl0c1g5T2lDRmcxejh3WEUzbktVcGlhLW9MRXlYM1lrWC1aTUlZTkFTY1pyTDVici1HNFotRVU2N3FSbVVHLWVIcXh6dg?oc=5"" target=""_blank"">平安银行信用卡中心副总经理包建君任职资格获批</a>&nbsp;&nbsp;<font color=""#6f6f6f"">东方财富</font>",neutral,0.014083676
2026-04-24,2026-04-24T07:00:00+00:00,000001.SZ,"""平安银行"" - Google 新闻",平安银行：一季度净利润同比增长3.0% - 东方财富,"<a href=""https://news.google.com/rss/articles/CBMiZkFVX3lxTFA1ZUhxLTE3TEdrRUVVU3pGNVV1ZWM4dVFidkl0ZzJGbTNjeWotczg0dWtUX0h0SndoU3RHUnkzRU43Q3M1c1Q5MWRJNlU3ZWNFTnYtWVNzYTRtcE9VeEhaVzQ5MXNCUQ?oc=5"" target=""_blank"">平安银行：一季度净利润同比增长3.0%</a>&nbsp;&nbsp;<font color=""#6f6f6f"">东方财富</font>",https://news.google.com/rss/articles/CBMiZkFVX3lxTFA1ZUhxLTE3TEdrRUVVU3pGNVV1ZWM4dVFidkl0ZzJGbTNjeWotczg0dWtUX0h0SndoU3RHUnkzRU43Q3M1c1Q5MWRJNlU3ZWNFTnYtWVNzYTRtcE9VeEhaVzQ5MXNCUQ?oc=5,平安银行,"平安银行：一季度净利润同比增长3.0% - 东方财富. <a href=""https://news.google.com/rss/articles/CBMiZkFVX3lxTFA1ZUhxLTE3TEdrRUVVU3pGNVV1ZWM4dVFidkl0ZzJGbTNjeWotczg0dWtUX0h0SndoU3RHUnkzRU43Q3M1c1Q5MWRJNlU3ZWNFTnYtWVNzYTRtcE9VeEhaVzQ5MXNCUQ?oc=5"" target=""_blank"">平安银行：一季度净利润同比增长3.0%</a>&nbsp;&nbsp;<font color=""#6f6f6f"">东方财富</font>",neutral,0.023738895
2026-04-24,2026-04-24T07:00:00+00:00,000001.SZ,"""平安银行"" - Google 新闻",平安银行2026年一季报：资产规模保持稳定，营收利润同比双增 - 新浪财经,"<a href=""https://news.google.com/rss/articles/CBMifEFVX3lxTE9lUkFwSG5QTDJCWmk5UWNWeW9POXFGcUdRMWE2RUIyX0NGRWVsODE0U1B0b2JEQ1ZiUG0yNy1Zc2ExaWtBWjUtWTI4aXdUaHRfZy1Xa3d4Q2F5VHNpTk9kYXFia3V5MWdVSUxSbElwbUJjSTRNVUhkbDV4blA?oc=5"" target=""_blank"">平安银行2026年一季报：资产规模保持稳定，营收利润同比双增</a>&nbsp;&nbsp;<font color=""#6f6f6f"">新浪财经</font>",https://news.google.com/rss/articles/CBMifEFVX3lxTE9lUkFwSG5QTDJCWmk5UWNWeW9POXFGcUdRMWE2RUIyX0NGRWVsODE0U1B0b2JEQ1ZiUG0yNy1Zc2ExaWtBWjUtWTI4aXdUaHRfZy1Xa3d4Q2F5VHNpTk9kYXFia3V5MWdVSUxSbElwbUJjSTRNVUhkbDV4blA?oc=5,平安银行,"平安银行2026年一季报：资产规模保持稳定，营收利润同比双增 - 新浪财经. <a href=""https://news.google.com/rss/articles/CBMifEFVX3lxTE9lUkFwSG5QTDJCWmk5UWNWeW9POXFGcUdRMWE2RUIyX0NGRWVsODE0U1B0b2JEQ1ZiUG0yNy1Zc2ExaWtBWjUtWTI4aXdUaHRfZy1Xa3d4Q2F5VHNpTk9kYXFia3V5MWdVSUxSbElwbUJjSTRNVUhkbDV4blA?oc=5"" target=""_blank"">平安银行2026年一季报：资产规模保持稳定，营收利润同比双增</a>&nbsp;&nbsp;<font color=""#6f6f6f"">新浪财经</font>",neutral,0.027931286
2026-04-24,2026-04-24T07:00:00+00:00,000001.SZ,"""平安银行"" - Google 新闻",平安银行哈尔滨分行被罚54.96万，涉违反金融统计等规定 - 新浪财经,"<a href=""https://news.google.com/rss/articles/CBMihAFBVV95cUxQLTJydU5MeHU2eDhoUXZRZE5pUjdzLVhRNVhqaHN1YlprY3J2TVpFa1lLZ3llOFU2X0p5LXlPMkpkcjVEaUVGNU9TMU9hOVc3YTNBdDB5TzJGQ1piMUw0OHVuVUZQdk9VeVNjb0ttc3llSDV6aDhmdjJZYnFBN3NfbVdRWTM?oc=5"" target=""_blank"">平安银行哈尔滨分行被罚54.96万，涉违反金融统计等规定</a>&nbsp;&nbsp;<font color=""#6f6f6f"">新浪财经</font>",https://news.google.com/rss/articles/CBMihAFBVV95cUxQLTJydU5MeHU2eDhoUXZRZE5pUjdzLVhRNVhqaHN1YlprY3J2TVpFa1lLZ3llOFU2X0p5LXlPMkpkcjVEaUVGNU9TMU9hOVc3YTNBdDB5TzJGQ1piMUw0OHVuVUZQdk9VeVNjb0ttc3llSDV6aDhmdjJZYnFBN3NfbVdRWTM?oc=5,平安银行,"平安银行哈尔滨分行被罚54.96万，涉违反金融统计等规定 - 新浪财经. <a href=""https://news.google.com/rss/articles/CBMihAFBVV95cUxQLTJydU5MeHU2eDhoUXZRZE5pUjdzLVhRNVhqaHN1YlprY3J2TVpFa1lLZ3llOFU2X0p5LXlPMkpkcjVEaUVGNU9TMU9hOVc3YTNBdDB5TzJGQ1piMUw0OHVuVUZQdk9VeVNjb0ttc3llSDV6aDhmdjJZYnFBN3NfbVdRWTM?oc=5"" target=""_blank"">平安银行哈尔滨分行被罚54.96万，涉违反金融统计等规定</a>&nbsp;&nbsp;<font color=""#6f6f6f"">新浪财经</font>",neutral,0.039513722
2026-04-24,2026-04-24T07:00:00+00:00,000001.SZ,"""平安银行"" - Google 新闻",平安银行汽车消费金融中心济南分中心被罚40万元，因车辆抵押贷款贷前调查不尽职 - 新浪财经,"<a href=""https://news.google.com/rss/articles/CBMieEFVX3lxTE1jU0xuRzVlemJPTlU1YkFWTHMtVElhZ1pZRzVHeGdPWU52RWFoSGxkbFlUV1VKV1I3S21EdVpmSzgxbUk2TThkcElpY1VtcEZfUXFGcng4dHBZQ0NFa0ZMZzN0OVBiUzdiODE2WFUyX2ZjbC04Mnk1bw?oc=5"" target=""_blank"">平安银行汽车消费金融中心济南分中心被罚40万元，因车辆抵押贷款贷前调查不尽职</a>&nbsp;&nbsp;<font color=""#6f6f6f"">新浪财经</font>",https://news.google.com/rss/articles/CBMieEFVX3lxTE1jU0xuRzVlemJPTlU1YkFWTHMtVElhZ1pZRzVHeGdPWU52RWFoSGxkbFlUV1VKV1I3S21EdVpmSzgxbUk2TThkcElpY1VtcEZfUXFGcng4dHBZQ0NFa0ZMZzN0OVBiUzdiODE2WFUyX2ZjbC04Mnk1bw?oc=5,平安银行,"平安银行汽车消费金融中心济南分中心被罚40万元，因车辆抵押贷款贷前调查不尽职 - 新浪财经. <a href=""https://news.google.com/rss/articles/CBMieEFVX3lxTE1jU0xuRzVlemJPTlU1YkFWTHMtVElhZ1pZRzVHeGdPWU52RWFoSGxkbFlUV1VKV1I3S21EdVpmSzgxbUk2TThkcElpY1VtcEZfUXFGcng4dHBZQ0NFa0ZMZzN0OVBiUzdiODE2WFUyX2ZjbC04Mnk1bw?oc=5"" target=""_blank"">平安银行汽车消费金融中心济南分中心被罚40万元，因车辆抵押贷款贷前调查不尽职</a>&nbsp;&nbsp;<font color=""#6f6f6f"">新浪财经</font>",neutral,0.028717918
2026-04-24,2026-04-24T07:00:00+00:00,000001.SZ,"""平安银行"" - Google 新闻",平安银行汽车消金被罚140万，涉贷款业务违规等 - 新浪财经,"<a href=""https://news.google.com/rss/articles/CBMigAFBVV95cUxOcnk3NDBsNmRRUEVEOVJfZVpQYjNtSmJvamo5Zzg1M3NBWDRKVUM3Z1lNMTFlM2V5bjU0MlpOZmhpY2V4SDdqS1RGV0gxcEZtNHFqanFKSGFhdHlQOFRRSWhDSkt1dTlPX0h5WXJYcmJQczhkdS0weUc4TU5MNV9EZw?oc=5"" target=""_blank"">平安银行汽车消金被罚140万，涉贷款业务违规等</a>&nbsp;&nbsp;<font color=""#6f6f6f"">新浪财经</font>",https://news.google.com/rss/articles/CBMigAFBVV95cUxOcnk3NDBsNmRRUEVEOVJfZVpQYjNtSmJvamo5Zzg1M3NBWDRKVUM3Z1lNMTFlM2V5bjU0MlpOZmhpY2V4SDdqS1RGV0gxcEZtNHFqanFKSGFhdHlQOFRRSWhDSkt1dTlPX0h5WXJYcmJQczhkdS0weUc4TU5MNV9EZw?oc=5,平安银行,"平安银行汽车消金被罚140万，涉贷款业务违规等 - 新浪财经. <a href=""https://news.google.com/rss/articles/CBMigAFBVV95cUxOcnk3NDBsNmRRUEVEOVJfZVpQYjNtSmJvamo5Zzg1M3NBWDRKVUM3Z1lNMTFlM2V5bjU0MlpOZmhpY2V4SDdqS1RGV0gxcEZtNHFqanFKSGFhdHlQOFRRSWhDSkt1dTlPX0h5WXJYcmJQczhkdS0weUc4TU5MNV9EZw?oc=5"" target=""_blank"">平安银行汽车消金被罚140万，涉贷款业务违规等</a>&nbsp;&nbsp;<font color=""#6f6f6f"">新浪财经</font>",neutral,0.0331925
2026-04-24,2026-04-24T10:20:07+00:00,000001.SZ,"""平安银行"" - Google 新闻",平安银行汽车消金被罚140万，涉贷款业务违规等 - 东方财富,"<a href=""https://news.google.com/rss/articles/CBMiZkFVX3lxTE9LZy1TWUhHeEdybjRXT09jV2ExM2ZuWHlMVXdyMVhjSjN5OFZqNGFBWmZzTkJEVWhNeVJ5VUhTc2Jka0V0SGZsNnBsY2hwSzVuaTF4ZUdZRXRNMGNqWXVlOXdDNklxdw?oc=5"" target=""_blank"">平安银行汽车消金被罚140万，涉贷款业务违规等</a>&nbsp;&nbsp;<font color=""#6f6f6f"">东方财富</font>",https://news.google.com/rss/articles/CBMiZkFVX3lxTE9LZy1TWUhHeEdybjRXT09jV2ExM2ZuWHlMVXdyMVhjSjN5OFZqNGFBWmZzTkJEVWhNeVJ5VUhTc2Jka0V0SGZsNnBsY2hwSzVuaTF4ZUdZRXRNMGNqWXVlOXdDNklxdw?oc=5,平安银行,"平安银行汽车消金被罚140万，涉贷款业务违规等 - 东方财富. <a href=""https://news.google.com/rss/articles/CBMiZkFVX3lxTE9LZy1TWUhHeEdybjRXT09jV2ExM2ZuWHlMVXdyMVhjSjN5OFZqNGFBWmZzTkJEVWhNeVJ5VUhTc2Jka0V0SGZsNnBsY2hwSzVuaTF4ZUdZRXRNMGNqWXVlOXdDNklxdw?oc=5"" target=""_blank"">平安银行汽车消金被罚140万，涉贷款业务违规等</a>&nbsp;&nbsp;<font color=""#6f6f6f"">东方财富</font>",neutral,0.028939389
2026-04-24,2026-04-24T11:56:32+00:00,000001.SZ,"""平安银行"" - Google 新闻",19:50:32【平安银行：第一季度净利润同比增长3.0%】 - 财联社,"<a href=""https://news.google.com/rss/articles/CBMiSEFVX3lxTFBVR0lZQjRoY3ZfQTNENUJWR2VEMXRvcHEtUWktM21UcFV1UUhZRFVFcjBmRVhnV0JlRktJbXJHaVZKS2NrY29tTQ?oc=5"" target=""_blank"">19:50:32【平安银行：第一季度净利润同比增长3.0%】</a>&nbsp;&nbsp;<font color=""#6f6f6f"">财联社</font>",https://news.google.com/rss/articles/CBMiSEFVX3lxTFBVR0lZQjRoY3ZfQTNENUJWR2VEMXRvcHEtUWktM21UcFV1UUhZRFVFcjBmRVhnV0JlRktJbXJHaVZKS2NrY29tTQ?oc=5,平安银行,"19:50:32【平安银行：第一季度净利润同比增长3.0%】 - 财联社. <a href=""https://news.google.com/rss/articles/CBMiSEFVX3lxTFBVR0lZQjRoY3ZfQTNENUJWR2VEMXRvcHEtUWktM21UcFV1UUhZRFVFcjBmRVhnV0JlRktJbXJHaVZKS2NrY29tTQ?oc=5"" target=""_blank"">19:50:32【平安银行：第一季度净利润同比增长3.0%】</a>&nbsp;&nbsp;<font color=""#6f6f6f"">财联社</font>",neutral,0.025143635
2026-04-24,2026-04-24T12:04:18+00:00,000001.SZ,"""平安银行"" - Google 新闻",平安银行：一季度归母净利润145.23亿元 同比增加3% - 东方财富,"<a href=""https://news.google.com/rss/articles/CBMiYEFVX3lxTFBtSWhQVWdUTU93ZHY4N19YT0JKQlNESXVqX1ZGMzRjTTRsUFVpM1o2a3BIYVRMRUxzQk55UlJvMFQ1V254UEhpU1VsRDFucDlsUHI1Z1FqZWQxV1ZpZ2hfNQ?oc=5"" target=""_blank"">平安银行：一季度归母净利润145.23亿元 同比增加3%</a>&nbsp;&nbsp;<font color=""#6f6f6f"">东方财富</font>",https://news.google.com/rss/articles/CBMiYEFVX3lxTFBtSWhQVWdUTU93ZHY4N19YT0JKQlNESXVqX1ZGMzRjTTRsUFVpM1o2a3BIYVRMRUxzQk55UlJvMFQ1V254UEhpU1VsRDFucDlsUHI1Z1FqZWQxV1ZpZ2hfNQ?oc=5,平安银行,"平安银行：一季度归母净利润145.23亿元 同比增加3% - 东方财富. <a href=""https://news.google.com/rss/articles/CBMiYEFVX3lxTFBtSWhQVWdUTU93ZHY4N19YT0JKQlNESXVqX1ZGMzRjTTRsUFVpM1o2a3BIYVRMRUxzQk55UlJvMFQ1V254UEhpU1VsRDFucDlsUHI1Z1FqZWQxV1ZpZ2hfNQ?oc=5"" target=""_blank"">平安银行：一季度归母净利润145.23亿元 同比增加3%</a>&nbsp;&nbsp;<font color=""#6f6f6f"">东方财富</font>",neutral,0.035570458
2026-04-24,2026-04-24T12:14:09+00:00,000001.SZ,"""Ping An Bank"" - Google 新闻",平安银行：拟与控股股东中国平安开展400亿元一年期协定存款关联交易 - 富途牛牛,"<a href=""https://news.google.com/rss/articles/CBMiUkFVX3lxTFAtQVVnVl83UWUwa2xjWEp5S0RnYjBjeEdJYWdMeURpN1JLSzJxd3BOeUNMZHoyVWlhZGpIdUFFamhLWWtsQkM4YTZLbWlwYllGMXc?oc=5"" target=""_blank"">平安银行：拟与控股股东中国平安开展400亿元一年期协定存款关联交易</a>&nbsp;&nbsp;<font color=""#6f6f6f"">富途牛牛</font>",https://news.google.com/rss/articles/CBMiUkFVX3lxTFAtQVVnVl83UWUwa2xjWEp5S0RnYjBjeEdJYWdMeURpN1JLSzJxd3BOeUNMZHoyVWlhZGpIdUFFamhLWWtsQkM4YTZLbWlwYllGMXc?oc=5,Ping An Bank,"平安银行：拟与控股股东中国平安开展400亿元一年期协定存款关联交易 - 富途牛牛. <a href=""https://news.google.com/rss/articles/CBMiUkFVX3lxTFAtQVVnVl83UWUwa2xjWEp5S0RnYjBjeEdJYWdMeURpN1JLSzJxd3BOeUNMZHoyVWlhZGpIdUFFamhLWWtsQkM4YTZLbWlwYllGMXc?oc=5"" target=""_blank"">平安银行：拟与控股股东中国平安开展400亿元一年期协定存款关联交易</a>&nbsp;&nbsp;<font color=""#6f6f6f"">富途牛牛</font>",neutral,0.016126037
2026-04-24,2026-04-24T12:51:00+00:00,000001.SZ,"""平安银行"" - Google 新闻",平安银行一季度实现净利润145.23亿元，同比增长3.0% - 新浪财经,"<a href=""https://news.google.com/rss/articles/CBMiiAFBVV95cUxNVHVpWmEzek43cHNaOERzUm5ZRlZZbFJ4bXBOdE9SMXFsNjMwYWhrTGVfYzZtNXhXVFpXLXc2aV80d3BVckVrb21ndWlzNkY5b0xEcGNBRE5kSTg4OHRxUXE2Z3lXbWxialZaWEpDLU1iLURvMThYQXdoUEtwcUFQRTRpSmlUWVFS?oc=5"" target=""_blank"">平安银行一季度实现净利润145.23亿元，同比增长3.0%</a>&nbsp;&nbsp;<font color=""#6f6f6f"">新浪财经</font>",https://news.google.com/rss/articles/CBMiiAFBVV95cUxNVHVpWmEzek43cHNaOERzUm5ZRlZZbFJ4bXBOdE9SMXFsNjMwYWhrTGVfYzZtNXhXVFpXLXc2aV80d3BVckVrb21ndWlzNkY5b0xEcGNBRE5kSTg4OHRxUXE2Z3lXbWxialZaWEpDLU1iLURvMThYQXdoUEtwcUFQRTRpSmlUWVFS?oc=5,平安银行,"平安银行一季度实现净利润145.23亿元，同比增长3.0% - 新浪财经. <a href=""https://news.google.com/rss/articles/CBMiiAFBVV95cUxNVHVpWmEzek43cHNaOERzUm5ZRlZZbFJ4bXBOdE9SMXFsNjMwYWhrTGVfYzZtNXhXVFpXLXc2aV80d3BVckVrb21ndWlzNkY5b0xEcGNBRE5kSTg4OHRxUXE2Z3lXbWxialZaWEpDLU1iLURvMThYQXdoUEtwcUFQRTRpSmlUWVFS?oc=5"" target=""_blank"">平安银行一季度实现净利润145.23亿元，同比增长3.0%</a>&nbsp;&nbsp;<font color=""#6f6f6f"">新浪财经</font>",neutral,0.03831266
2026-04-24,2026-04-24T13:21:39+00:00,000001.SZ,"""平安银行"" - Google 新闻",平安银行一季度实现净利润145.23亿元，同比增长3.0% - 东方财富,"<a href=""https://news.google.com/rss/articles/CBMiYEFVX3lxTE1OUDVHTElfd1ptcXA2ZERjbXpGUHlFNTk3dm5iQ2dVQ091cjBLSEdfUHdYNUFfMkNnTmJCZFdQNXBmdVBfSVdyemQySGF5UXAybFdubUs2SGtRQW9tbVRJSw?oc=5"" target=""_blank"">平安银行一季度实现净利润145.23亿元，同比增长3.0%</a>&nbsp;&nbsp;<font color=""#6f6f6f"">东方财富</font>",https://news.google.com/rss/articles/CBMiYEFVX3lxTE1OUDVHTElfd1ptcXA2ZERjbXpGUHlFNTk3dm5iQ2dVQ091cjBLSEdfUHdYNUFfMkNnTmJCZFdQNXBmdVBfSVdyemQySGF5UXAybFdubUs2SGtRQW9tbVRJSw?oc=5,平安银行,"平安银行一季度实现净利润145.23亿元，同比增长3.0% - 东方财富. <a href=""https://news.google.com/rss/articles/CBMiYEFVX3lxTE1OUDVHTElfd1ptcXA2ZERjbXpGUHlFNTk3dm5iQ2dVQ091cjBLSEdfUHdYNUFfMkNnTmJCZFdQNXBmdVBfSVdyemQySGF5UXAybFdubUs2SGtRQW9tbVRJSw?oc=5"" target=""_blank"">平安银行一季度实现净利润145.23亿元，同比增长3.0%</a>&nbsp;&nbsp;<font color=""#6f6f6f"">东方财富</font>",neutral,0.035176065
2026-04-24,2026-04-24T13:41:14+00:00,000001.SZ,"""平安银行"" - Google 新闻",平安银行：今年一季度实现净利润同比增长3% - 东方财富,"<a href=""https://news.google.com/rss/articles/CBMiZkFVX3lxTFBwRjNfRFo1aUYzT0dsN3NfTV9yazZPVlpsdkwySFBfYTRmdkVjbTNyTWxvOV9DMlNwOGIwNTUxM0hhUXhLX2hoSjBDTHFtejV2UExLT2tlbTVTTWdZTUpRSk1LOWpqdw?oc=5"" target=""_blank"">平安银行：今年一季度实现净利润同比增长3%</a>&nbsp;&nbsp;<font color=""#6f6f6f"">东方财富</font>",https://news.google.com/rss/articles/CBMiZkFVX3lxTFBwRjNfRFo1aUYzT0dsN3NfTV9yazZPVlpsdkwySFBfYTRmdkVjbTNyTWxvOV9DMlNwOGIwNTUxM0hhUXhLX2hoSjBDTHFtejV2UExLT2tlbTVTTWdZTUpRSk1LOWpqdw?oc=5,平安银行,"平安银行：今年一季度实现净利润同比增长3% - 东方财富. <a href=""https://news.google.com/rss/articles/CBMiZkFVX3lxTFBwRjNfRFo1aUYzT0dsN3NfTV9yazZPVlpsdkwySFBfYTRmdkVjbTNyTWxvOV9DMlNwOGIwNTUxM0hhUXhLX2hoSjBDTHFtejV2UExLT2tlbTVTTWdZTUpRSk1LOWpqdw?oc=5"" target=""_blank"">平安银行：今年一季度实现净利润同比增长3%</a>&nbsp;&nbsp;<font color=""#6f6f6f"">东方财富</font>",neutral,0.037630543
2026-04-24,2026-04-24T13:45:20+00:00,000001.SZ,"""平安银行"" - Google 新闻",因商用车贷款等业务违规，平安银行汽车消费金融中心被罚款140万元 - 东方财富,"<a href=""https://news.google.com/rss/articles/CBMiZkFVX3lxTE9ELWVkR0F4RHdNRjljYkMweVNVUDZiX0JDLVhnOXZ2aVh2d3RFYm05clotejRncEp1WEpZWF9raEtNVTFLSWYyYmNPb01CQzFnaVBuRXJyWllXWGh3RkxWazFTaUZCQQ?oc=5"" target=""_blank"">因商用车贷款等业务违规，平安银行汽车消费金融中心被罚款140万元</a>&nbsp;&nbsp;<font color=""#6f6f6f"">东方财富</font>",https://news.google.com/rss/articles/CBMiZkFVX3lxTE9ELWVkR0F4RHdNRjljYkMweVNVUDZiX0JDLVhnOXZ2aVh2d3RFYm05clotejRncEp1WEpZWF9raEtNVTFLSWYyYmNPb01CQzFnaVBuRXJyWllXWGh3RkxWazFTaUZCQQ?oc=5,平安银行,"因商用车贷款等业务违规，平安银行汽车消费金融中心被罚款140万元 - 东方财富. <a href=""https://news.google.com/rss/articles/CBMiZkFVX3lxTE9ELWVkR0F4RHdNRjljYkMweVNVUDZiX0JDLVhnOXZ2aVh2d3RFYm05clotejRncEp1WEpZWF9raEtNVTFLSWYyYmNPb01CQzFnaVBuRXJyWllXWGh3RkxWazFTaUZCQQ?oc=5"" target=""_blank"">因商用车贷款等业务违规，平安银行汽车消费金融中心被罚款140万元</a>&nbsp;&nbsp;<font color=""#6f6f6f"">东方财富</font>",neutral,0.01440274
2026-04-24,2026-04-24T15:47:00+00:00,000001.SZ,"""平安银行"" - Google 新闻",中国平安(02318.HK)附属平安银行首季净利润145.23亿人民币 增长3% - AASTOCKS.com,"<a href=""https://news.google.com/rss/articles/CBMimgFBVV95cUxPMVZYZkVUVHlLSVpNbVVKU0pvTVhCYy1UcmhaUndhOHpUemM3NGktZ0xUZGNQODhaRG5UTkt1bnkycEFqam1palpGc01WeWFRVlZVNy1SZFB1dGQ3RzJjVnRJQmtRT2hHRUdILTdJQXAyY1lac04xWmhqVWk4d09XTFZSa25wNGYwU3llV1lIZEd0dHdLR0NIVXNB?oc=5"" target=""_blank"">中国平安(02318.HK)附属平安银行首季净利润145.23亿人民币 增长3%</a>&nbsp;&nbsp;<font color=""#6f6f6f"">AASTOCKS.com</font>",https://news.google.com/rss/articles/CBMimgFBVV95cUxPMVZYZkVUVHlLSVpNbVVKU0pvTVhCYy1UcmhaUndhOHpUemM3NGktZ0xUZGNQODhaRG5UTkt1bnkycEFqam1palpGc01WeWFRVlZVNy1SZFB1dGQ3RzJjVnRJQmtRT2hHRUdILTdJQXAyY1lac04xWmhqVWk4d09XTFZSa25wNGYwU3llV1lIZEd0dHdLR0NIVXNB?oc=5,平安银行,"中国平安(02318.HK)附属平安银行首季净利润145.23亿人民币 增长3% - AASTOCKS.com. <a href=""https://news.google.com/rss/articles/CBMimgFBVV95cUxPMVZYZkVUVHlLSVpNbVVKU0pvTVhCYy1UcmhaUndhOHpUemM3NGktZ0xUZGNQODhaRG5UTkt1bnkycEFqam1palpGc01WeWFRVlZVNy1SZFB1dGQ3RzJjVnRJQmtRT2hHRUdILTdJQXAyY1lac04xWmhqVWk4d09XTFZSa25wNGYwU3llV1lIZEd0dHdLR0NIVXNB?oc=5"" target=""_blank"">中国平安(02318.HK)附属平安银行首季净利润145.23亿人民币 增长3%</a>&nbsp;&nbsp;<font color=""#6f6f6f"">AASTOCKS.com</font>",neutral,0.012210976
2026-04-24,2026-04-24T15:58:26+00:00,000001.SZ,"""000001"" - Google News","Ping An Insurance (02318.HK) Subsidiary Ping An Bank (000001.SZ) 1Q Net Profit RMB14.523 billion, Up 3% - AASTOCKS.com","<a href=""https://news.google.com/rss/articles/CBMilgFBVV95cUxOaXptT1RBX1FGdEJtWVM0REh1R01Zd2ZiTDBFMlJGY2NsUlMxUGxnTV93NGtGelBGX09NMXJya3N3RlFXVDAxR0V3NHB6ODZNMlNrRjh4Y2t6ZW5HNmNGYk4zVXhDb2xUVHFnVXExOXY2Y1dXemJzOFR5YWxULWpxYVkxeUpxazN6RFJqS1ZteUk0RzBkSEE?oc=5"" target=""_blank"">Ping An Insurance (02318.HK) Subsidiary Ping An Bank (000001.SZ) 1Q Net Profit RMB14.523 billion, Up 3%</a>&nbsp;&nbsp;<font color=""#6f6f6f"">AASTOCKS.com</font>",https://news.google.com/rss/articles/CBMilgFBVV95cUxOaXptT1RBX1FGdEJtWVM0REh1R01Zd2ZiTDBFMlJGY2NsUlMxUGxnTV93NGtGelBGX09NMXJya3N3RlFXVDAxR0V3NHB6ODZNMlNrRjh4Y2t6ZW5HNmNGYk4zVXhDb2xUVHFnVXExOXY2Y1dXemJzOFR5YWxULWpxYVkxeUpxazN6RFJqS1ZteUk0RzBkSEE?oc=5,000001,"Ping An Insurance (02318.HK) Subsidiary Ping An Bank (000001.SZ) 1Q Net Profit RMB14.523 billion, Up 3% - AASTOCKS.com. <a href=""https://news.google.com/rss/articles/CBMilgFBVV95cUxOaXptT1RBX1FGdEJtWVM0REh1R01Zd2ZiTDBFMlJGY2NsUlMxUGxnTV93NGtGelBGX09NMXJya3N3RlFXVDAxR0V3NHB6ODZNMlNrRjh4Y2t6ZW5HNmNGYk4zVXhDb2xUVHFnVXExOXY2Y1dXemJzOFR5YWxULWpxYVkxeUpxazN6RFJqS1ZteUk0RzBkSEE?oc=5"" target=""_blank"">Ping An Insurance (02318.HK) Subsidiary Ping An Bank (000001.SZ) 1Q Net Profit RMB14.523 billion, Up 3%</a>&nbsp;&nbsp;<font color=""#6f6f6f"">AASTOCKS.com</font>",positive,0.92519516
2026-04-24,2026-04-24T16:56:39+00:00,000001.SZ,"""Ping An Bank"" - Google News","Ping An Bank (000001.SZ) released its Q1 financial results, with net profits increasing by 3% year-on-year to RMB 14.523 billion. - 富途牛牛","<a href=""https://news.google.com/rss/articles/CBMingFBVV95cUxQczFYZ01DaDFOUHhMdC1tMmJZVnZSREY1eHg4bXJCcG9BckJ5UzkyQkRUazZMRVUzdmtLeERvVjdrOGN1ZnJJaWkzSFdJWTMwcy1BVXYzUmw3eXVRNVRjS1JDTkhUM1UwNzRqeS0zb0VHNjBoT3FaalVZQkJBQWdYWjFtSHNHY25HSDR1dk9tWDBxNlVoYjlBNzh2RzNCUQ?oc=5"" target=""_blank"">Ping An Bank (000001.SZ) released its Q1 financial results, with net profits increasing by 3% year-on-year to RMB 14.523 billion.</a>&nbsp;&nbsp;<font color=""#6f6f6f"">富途牛牛</font>",https://news.google.com/rss/articles/CBMingFBVV95cUxQczFYZ01DaDFOUHhMdC1tMmJZVnZSREY1eHg4bXJCcG9BckJ5UzkyQkRUazZMRVUzdmtLeERvVjdrOGN1ZnJJaWkzSFdJWTMwcy1BVXYzUmw3eXVRNVRjS1JDTkhUM1UwNzRqeS0zb0VHNjBoT3FaalVZQkJBQWdYWjFtSHNHY25HSDR1dk9tWDBxNlVoYjlBNzh2RzNCUQ?oc=5,Ping An Bank,"Ping An Bank (000001.SZ) released its Q1 financial results, with net profits increasing by 3% year-on-year to RMB 14.523 billion. - 富途牛牛. <a href=""https://news.google.com/rss/articles/CBMingFBVV95cUxQczFYZ01DaDFOUHhMdC1tMmJZVnZSREY1eHg4bXJCcG9BckJ5UzkyQkRUazZMRVUzdmtLeERvVjdrOGN1ZnJJaWkzSFdJWTMwcy1BVXYzUmw3eXVRNVRjS1JDTkhUM1UwNzRqeS0zb0VHNjBoT3FaalVZQkJBQWdYWjFtSHNHY25HSDR1dk9tWDBxNlVoYjlBNzh2RzNCUQ?oc=5"" target=""_blank"">Ping An Bank (000001.SZ) released its Q1 financial results, with net profits increasing by 3% year-on-year to RMB 14.523 billion.</a>&nbsp;&nbsp;<font color=""#6f6f6f"">富途牛牛</font>",positive,0.9091359
2026-04-24,2026-04-24T21:31:00+00:00,000001.SZ,"""平安银行"" - Google 新闻",营收利润接连走低，平安银行转型阵痛何时休 - 财富号,"<a href=""https://news.google.com/rss/articles/CBMia0FVX3lxTFBCLUM3TUo4MGp3OGZBZ3JSZGNveVdBNU9qT1M4Z3NXR3N4c3JsOGljZVNNaXl1RUJ2X0ZKV1V6YXctNjY4d3oxdFV6RUFDdUFTNDJPMkNCdGlIeFV1ZW13Qm5qZlBGU096bzVJ?oc=5"" target=""_blank"">营收利润接连走低，平安银行转型阵痛何时休</a>&nbsp;&nbsp;<font color=""#6f6f6f"">财富号</font>",https://news.google.com/rss/articles/CBMia0FVX3lxTFBCLUM3TUo4MGp3OGZBZ3JSZGNveVdBNU9qT1M4Z3NXR3N4c3JsOGljZVNNaXl1RUJ2X0ZKV1V6YXctNjY4d3oxdFV6RUFDdUFTNDJPMkNCdGlIeFV1ZW13Qm5qZlBGU096bzVJ?oc=5,平安银行,"营收利润接连走低，平安银行转型阵痛何时休 - 财富号. <a href=""https://news.google.com/rss/articles/CBMia0FVX3lxTFBCLUM3TUo4MGp3OGZBZ3JSZGNveVdBNU9qT1M4Z3NXR3N4c3JsOGljZVNNaXl1RUJ2X0ZKV1V6YXctNjY4d3oxdFV6RUFDdUFTNDJPMkNCdGlIeFV1ZW13Qm5qZlBGU096bzVJ?oc=5"" target=""_blank"">营收利润接连走低，平安银行转型阵痛何时休</a>&nbsp;&nbsp;<font color=""#6f6f6f"">财富号</font>",neutral,0.013560291
2026-04-25,2026-04-25T02:35:59+00:00,000001.SZ,"""平安银行"" - Google 新闻",平安银行(000001.SZ)：2026年一季报净利润为145.23亿元 - 东方财富,"<a href=""https://news.google.com/rss/articles/CBMiZkFVX3lxTE9heWF1UE9ZMVBhU2Nxbmc2eVJRX2RXeDcyYjZfemdtRmxMZjNqY1dyOG9VSWJQRF9KTE4zbV9ITXJLRHpVZTl0azV6WTRBbnN6OUsyTjhzNHo0UW1LWDcwd2stWmNtZw?oc=5"" target=""_blank"">平安银行(000001.SZ)：2026年一季报净利润为145.23亿元</a>&nbsp;&nbsp;<font color=""#6f6f6f"">东方财富</font>",https://news.google.com/rss/articles/CBMiZkFVX3lxTE9heWF1UE9ZMVBhU2Nxbmc2eVJRX2RXeDcyYjZfemdtRmxMZjNqY1dyOG9VSWJQRF9KTE4zbV9ITXJLRHpVZTl0azV6WTRBbnN6OUsyTjhzNHo0UW1LWDcwd2stWmNtZw?oc=5,平安银行,"平安银行(000001.SZ)：2026年一季报净利润为145.23亿元 - 东方财富. <a href=""https://news.google.com/rss/articles/CBMiZkFVX3lxTE9heWF1UE9ZMVBhU2Nxbmc2eVJRX2RXeDcyYjZfemdtRmxMZjNqY1dyOG9VSWJQRF9KTE4zbV9ITXJLRHpVZTl0azV6WTRBbnN6OUsyTjhzNHo0UW1LWDcwd2stWmNtZw?oc=5"" target=""_blank"">平安银行(000001.SZ)：2026年一季报净利润为145.23亿元</a>&nbsp;&nbsp;<font color=""#6f6f6f"">东方财富</font>",neutral,0.008818749
2026-04-25,2026-04-25T04:41:18+00:00,000001.SZ,"""平安银行"" - Google 新闻",积极响应“双碳”目标 平安银行携手平安理财赋能绿色转型 - 东方财富,"<a href=""https://news.google.com/rss/articles/CBMiZkFVX3lxTE5rWjVqM09LZjZ5NU5adm9NUXpMTWh3ZHZlYmpPSndUbmlnd3dBcG5wdl9sUldCWGpBTXVSRUU0OW16eUR3MDZpQ1pUcWxPS2c3dHNGa0VCckk3d25JbXAwSUVxTzc5dw?oc=5"" target=""_blank"">积极响应“双碳”目标 平安银行携手平安理财赋能绿色转型</a>&nbsp;&nbsp;<font color=""#6f6f6f"">东方财富</font>",https://news.google.com/rss/articles/CBMiZkFVX3lxTE5rWjVqM09LZjZ5NU5adm9NUXpMTWh3ZHZlYmpPSndUbmlnd3dBcG5wdl9sUldCWGpBTXVSRUU0OW16eUR3MDZpQ1pUcWxPS2c3dHNGa0VCckk3d25JbXAwSUVxTzc5dw?oc=5,平安银行,"积极响应“双碳”目标 平安银行携手平安理财赋能绿色转型 - 东方财富. <a href=""https://news.google.com/rss/articles/CBMiZkFVX3lxTE5rWjVqM09LZjZ5NU5adm9NUXpMTWh3ZHZlYmpPSndUbmlnd3dBcG5wdl9sUldCWGpBTXVSRUU0OW16eUR3MDZpQ1pUcWxPS2c3dHNGa0VCckk3d25JbXAwSUVxTzc5dw?oc=5"" target=""_blank"">积极响应“双碳”目标 平安银行携手平安理财赋能绿色转型</a>&nbsp;&nbsp;<font color=""#6f6f6f"">东方财富</font>",neutral,0.035870876
2026-04-25,2026-04-25T07:00:00+00:00,000001.SZ,"""Ping An Bank"" - Google News","Default in our stars: China banks use satellites to track assets, cut loan risks - South China Morning Post","<a href=""https://news.google.com/rss/articles/CBMi0AFBVV95cUxORmQ5Ri1aNnpmcEI3Ni1WRmpxTnhMZk1RQmpaV240d2lINWotMnBHZDdtSkQzakszT3BxdWlJMUVEV21tZnNTYkl6RWcyMEtBZnhYZDdocWpGT0lKZmpkSkM1RVk0a1h0VXRvZTJPRkZfcVRRajh2UVk5a0pjVllxUm5ldkFwenNuUHpuNDAyV1lsNXBlSzlOX0ktQkxRQUN5aXB5ZnlWdnV3bHZxYWdYNWxSbC1hOFBadWg3RHpYT1l0NlR6dnRzYTZuVVVxNGVU0gHQAUFVX3lxTE4ySEh3WVhaNXE3SUY3M3l4ZFhkOVM0MEJzOTl2bVl5RXViNkFEU1NJMjdjU05zQkd2M3Izeno4Q2padzlSQTdhSmhIN1ZZN05EUGxJLXZibzllaDVjaGFOc3NRZHkxenJjamgxc21pYldrOWVKWE9FM21mOFROMngwUmhFSmI0cWJNNElRX3BzYV9uNkJHZGFsN3JVNC1mODRTc1RRcDg3ZnJ0aHo4ZVNZSWVQeFhMdTk1YksycWZmZ2lQQUF3dmZLNElLa1RSUzk?oc=5"" target=""_blank"">Default in our stars: China banks use satellites to track assets, cut loan risks</a>&nbsp;&nbsp;<font color=""#6f6f6f"">South China Morning Post</font>",https://news.google.com/rss/articles/CBMi0AFBVV95cUxORmQ5Ri1aNnpmcEI3Ni1WRmpxTnhMZk1RQmpaV240d2lINWotMnBHZDdtSkQzakszT3BxdWlJMUVEV21tZnNTYkl6RWcyMEtBZnhYZDdocWpGT0lKZmpkSkM1RVk0a1h0VXRvZTJPRkZfcVRRajh2UVk5a0pjVllxUm5ldkFwenNuUHpuNDAyV1lsNXBlSzlOX0ktQkxRQUN5aXB5ZnlWdnV3bHZxYWdYNWxSbC1hOFBadWg3RHpYT1l0NlR6dnRzYTZuVVVxNGVU0gHQAUFVX3lxTE4ySEh3WVhaNXE3SUY3M3l4ZFhkOVM0MEJzOTl2bVl5RXViNkFEU1NJMjdjU05zQkd2M3Izeno4Q2padzlSQTdhSmhIN1ZZN05EUGxJLXZibzllaDVjaGFOc3NRZHkxenJjamgxc21pYldrOWVKWE9FM21mOFROMngwUmhFSmI0cWJNNElRX3BzYV9uNkJHZGFsN3JVNC1mODRTc1RRcDg3ZnJ0aHo4ZVNZSWVQeFhMdTk1YksycWZmZ2lQQUF3dmZLNElLa1RSUzk?oc=5,Ping An Bank,"Default in our stars: China banks use satellites to track assets, cut loan risks - South China Morning Post. <a href=""https://news.google.com/rss/articles/CBMi0AFBVV95cUxORmQ5Ri1aNnpmcEI3Ni1WRmpxTnhMZk1RQmpaV240d2lINWotMnBHZDdtSkQzakszT3BxdWlJMUVEV21tZnNTYkl6RWcyMEtBZnhYZDdocWpGT0lKZmpkSkM1RVk0a1h0VXRvZTJPRkZfcVRRajh2UVk5a0pjVllxUm5ldkFwenNuUHpuNDAyV1lsNXBlSzlOX0ktQkxRQUN5aXB5ZnlWdnV3bHZxYWdYNWxSbC1hOFBadWg3RHpYT1l0NlR6dnRzYTZuVVVxNGVU0gHQAUFVX3lxTE4ySEh3WVhaNXE3SUY3M3l4ZFhkOVM0MEJzOTl2bVl5RXViNkFEU1NJMjdjU05zQkd2M3Izeno4Q2padzlSQTdhSmhIN1ZZN05EUGxJLXZibzllaDVjaGFOc3NRZHkxenJjamgxc21pYldrOWVKWE9FM21mOFROMngwUmhFSmI0cWJNNElRX3BzYV9uNkJHZGFsN3JVNC1mODRTc1RRcDg3ZnJ0aHo4ZVNZSWVQeFhMdTk1YksycWZmZ2lQQUF3dmZLNElLa1RSUzk?oc=5"" target=""_blank"">Default in our stars: China banks use satellites to track assets, cut loan risks</a>&nbsp;&nbsp;<font color=""#6f6f6f"">South China Morning Post</font>",neutral,0.12887093
2026-04-25,2026-04-25T07:00:00+00:00,000001.SZ,"""平安银行"" - Google 新闻",平安银行汽车消费金融中心因违规被罚140万元 - 新浪财经,"<a href=""https://news.google.com/rss/articles/CBMibkFVX3lxTE42UDFIbGxTT3c4ZzNBUWJxcFZITVloZldZOEVuRWlrQ185NkduSko0VjlONk90TXJnTWZ3WFRFb0FfTTJsSklvTUxMLWJoUDV6RVpESlFVLTgyN2E2RjlyYVVFME1oZjFuZkNKRTlB?oc=5"" target=""_blank"">平安银行汽车消费金融中心因违规被罚140万元</a>&nbsp;&nbsp;<font color=""#6f6f6f"">新浪财经</font>",https://news.google.com/rss/articles/CBMibkFVX3lxTE42UDFIbGxTT3c4ZzNBUWJxcFZITVloZldZOEVuRWlrQ185NkduSko0VjlONk90TXJnTWZ3WFRFb0FfTTJsSklvTUxMLWJoUDV6RVpESlFVLTgyN2E2RjlyYVVFME1oZjFuZkNKRTlB?oc=5,平安银行,"平安银行汽车消费金融中心因违规被罚140万元 - 新浪财经. <a href=""https://news.google.com/rss/articles/CBMibkFVX3lxTE42UDFIbGxTT3c4ZzNBUWJxcFZITVloZldZOEVuRWlrQ185NkduSko0VjlONk90TXJnTWZ3WFRFb0FfTTJsSklvTUxMLWJoUDV6RVpESlFVLTgyN2E2RjlyYVVFME1oZjFuZkNKRTlB?oc=5"" target=""_blank"">平安银行汽车消费金融中心因违规被罚140万元</a>&nbsp;&nbsp;<font color=""#6f6f6f"">新浪财经</font>",neutral,0.03424918
2026-04-25,2026-04-25T08:19:54+00:00,000001.SZ,"""平安银行"" - Google 新闻",构建“场景化+社区化”的投教新生态 平安理财筑牢金融消保防线 - 证券时报,"<a href=""https://news.google.com/rss/articles/CBMiXEFVX3lxTE9JVGdEZHhIdmhYRXMtTVVPVkJMcHV4VEZJeWpEVXFiMkF1cEE4STNrOWNnNlZLTW84VnE5WVJwSTFZLVRiUGx5VjZYcmxHMzZfTW9OZHF2ellfa3RK?oc=5"" target=""_blank"">构建“场景化+社区化”的投教新生态 平安理财筑牢金融消保防线</a>&nbsp;&nbsp;<font color=""#6f6f6f"">证券时报</font>",https://news.google.com/rss/articles/CBMiXEFVX3lxTE9JVGdEZHhIdmhYRXMtTVVPVkJMcHV4VEZJeWpEVXFiMkF1cEE4STNrOWNnNlZLTW84VnE5WVJwSTFZLVRiUGx5VjZYcmxHMzZfTW9OZHF2ellfa3RK?oc=5,平安银行,"构建“场景化+社区化”的投教新生态 平安理财筑牢金融消保防线 - 证券时报. <a href=""https://news.google.com/rss/articles/CBMiXEFVX3lxTE9JVGdEZHhIdmhYRXMtTVVPVkJMcHV4VEZJeWpEVXFiMkF1cEE4STNrOWNnNlZLTW84VnE5WVJwSTFZLVRiUGx5VjZYcmxHMzZfTW9OZHF2ellfa3RK?oc=5"" target=""_blank"">构建“场景化+社区化”的投教新生态 平安理财筑牢金融消保防线</a>&nbsp;&nbsp;<font color=""#6f6f6f"">证券时报</font>",neutral,0.034933202
2026-04-25,2026-04-25T20:04:00+00:00,000001.SZ,平安银行 - Bing新聞,中国平安，还在加仓银行股,卖保险的中国平安，成了投资高手。 2025年全年，中国平安实现投资收益1528.63亿元，较2024年的836.13亿元增幅超八成。这还不是全部——中国平安另有高达900亿元的股票浮盈，并未计入利润表。 通过拆解投资布局可以发现，2025年，中国平安不仅加大了整体投资规模，更重点增配了权益资产，其中股票投资规模在年末达到9581亿元，较上一年大幅增长119%。就在近日，中国平安再度出手增持招商银行 ...,http://www.bing.com/news/apiclick.aspx?ref=FexRss&aid=&tid=69fb1697ba8743c0889fc07426afbc5c&url=https%3a%2f%2fwww.sohu.com%2fa%2f1014720729_121321723&c=12312783043267758301&mkt=zh-tw,平安银行,中国平安，还在加仓银行股. 卖保险的中国平安，成了投资高手。 2025年全年，中国平安实现投资收益1528.63亿元，较2024年的836.13亿元增幅超八成。这还不是全部——中国平安另有高达900亿元的股票浮盈，并未计入利润表。 通过拆解投资布局可以发现，2025年，中国平安不仅加大了整体投资规模，更重点增配了权益资产，其中股票投资规模在年末达到9581亿元，较上一年大幅增长119%。就在近日，中国平安再度出手增持招商银行 ...,neutral,0.06223187
2026-04-26,2026-04-26T07:00:00+00:00,000001.SZ,"""Ping An Bank"" - Google News","H-share Announcement Insights | Ping An Bank Reports Q1 Net Profit of 14.523 Billion Yuan, Up 3% Year-on-Year - Moomoo","<a href=""https://news.google.com/rss/articles/CBMioAFBVV95cUxQbDJncHRwZWlUc3cxaFBSV0lNZGNSSU53M25MMjZ2SW12TzBHSkg1RFVDSHNTcjNBT0RTWW5PckZtM2M5dzR0QndOZnBhYmVTSWZtVkVQOFQtNFpKZnpuZmlyUVBvVmh0TFBROW51NjI5VjNZdVBCUjZ3S2VkNUtFeTQxZVFhdElSMzBjX0NObkstV2sxc2xMaFFXRTdmWF83?oc=5"" target=""_blank"">H-share Announcement Insights | Ping An Bank Reports Q1 Net Profit of 14.523 Billion Yuan, Up 3% Year-on-Year</a>&nbsp;&nbsp;<font color=""#6f6f6f"">Moomoo</font>",https://news.google.com/rss/articles/CBMioAFBVV95cUxQbDJncHRwZWlUc3cxaFBSV0lNZGNSSU53M25MMjZ2SW12TzBHSkg1RFVDSHNTcjNBT0RTWW5PckZtM2M5dzR0QndOZnBhYmVTSWZtVkVQOFQtNFpKZnpuZmlyUVBvVmh0TFBROW51NjI5VjNZdVBCUjZ3S2VkNUtFeTQxZVFhdElSMzBjX0NObkstV2sxc2xMaFFXRTdmWF83?oc=5,Ping An Bank,"H-share Announcement Insights | Ping An Bank Reports Q1 Net Profit of 14.523 Billion Yuan, Up 3% Year-on-Year - Moomoo. <a href=""https://news.google.com/rss/articles/CBMioAFBVV95cUxQbDJncHRwZWlUc3cxaFBSV0lNZGNSSU53M25MMjZ2SW12TzBHSkg1RFVDSHNTcjNBT0RTWW5PckZtM2M5dzR0QndOZnBhYmVTSWZtVkVQOFQtNFpKZnpuZmlyUVBvVmh0TFBROW51NjI5VjNZdVBCUjZ3S2VkNUtFeTQxZVFhdElSMzBjX0NObkstV2sxc2xMaFFXRTdmWF83?oc=5"" target=""_blank"">H-share Announcement Insights | Ping An Bank Reports Q1 Net Profit of 14.523 Billion Yuan, Up 3% Year-on-Year</a>&nbsp;&nbsp;<font color=""#6f6f6f"">Moomoo</font>",positive,0.9200798
2026-04-26,2026-04-26T07:00:00+00:00,000001.SZ,"""Ping An Bank"" - Google News","H-share Announcement Highlights | Ping An Bank Reports Q1 Net Profit of 14.523 Billion Yuan, Up 3% Year-on-Year - 富途牛牛","<a href=""https://news.google.com/rss/articles/CBMiogFBVV95cUxQeG5aWmVWNTVrdkFKSG1rRkNDSFEtdnUzUTV3UnBObVpXcVVGanZwajYtM1BXYXV3RFpndmxpT1lQeFh4RFd4al9wZ1pjZWxSTnZzY2pZRlBxS1JuY3Q4ZFdpbFpDXzl3NnI1WVJUeGVtNVFrSGZRcDU3d25tUXh3M1NwTjZhZWtHVW16YUVMMGNCU1lQUXpYS0d2ZExEc01lQ0E?oc=5"" target=""_blank"">H-share Announcement Highlights | Ping An Bank Reports Q1 Net Profit of 14.523 Billion Yuan, Up 3% Year-on-Year</a>&nbsp;&nbsp;<font color=""#6f6f6f"">富途牛牛</font>",https://news.google.com/rss/articles/CBMiogFBVV95cUxQeG5aWmVWNTVrdkFKSG1rRkNDSFEtdnUzUTV3UnBObVpXcVVGanZwajYtM1BXYXV3RFpndmxpT1lQeFh4RFd4al9wZ1pjZWxSTnZzY2pZRlBxS1JuY3Q4ZFdpbFpDXzl3NnI1WVJUeGVtNVFrSGZRcDU3d25tUXh3M1NwTjZhZWtHVW16YUVMMGNCU1lQUXpYS0d2ZExEc01lQ0E?oc=5,Ping An Bank,"H-share Announcement Highlights | Ping An Bank Reports Q1 Net Profit of 14.523 Billion Yuan, Up 3% Year-on-Year - 富途牛牛. <a href=""https://news.google.com/rss/articles/CBMiogFBVV95cUxQeG5aWmVWNTVrdkFKSG1rRkNDSFEtdnUzUTV3UnBObVpXcVVGanZwajYtM1BXYXV3RFpndmxpT1lQeFh4RFd4al9wZ1pjZWxSTnZzY2pZRlBxS1JuY3Q4ZFdpbFpDXzl3NnI1WVJUeGVtNVFrSGZRcDU3d25tUXh3M1NwTjZhZWtHVW16YUVMMGNCU1lQUXpYS0d2ZExEc01lQ0E?oc=5"" target=""_blank"">H-share Announcement Highlights | Ping An Bank Reports Q1 Net Profit of 14.523 Billion Yuan, Up 3% Year-on-Year</a>&nbsp;&nbsp;<font color=""#6f6f6f"">富途牛牛</font>",positive,0.91696495
2026-04-26,2026-04-26T07:00:00+00:00,000001.SZ,"""Ping An Bank"" - Google News",Three Major A-Share Indices Open Mixed; Ping An Bank (000001.SZ) Jumps 3% Post Results; SMIC (688981.SH) Opens Higher - AASTOCKS.com,"<a href=""https://news.google.com/rss/articles/CBMib0FVX3lxTE9RdG5iUW5XMEZwTGVXbW1Bdkx0X0pmc1hxVWx1QlFIZW1lcGxWWHdRb2daeDJEZ0JsWE14WG4xUThUaUcyZ3M4VWNwc0ZmQ0VFX0RyNXp0a2hWdHN4cFhqZU9BVXNKNUFwVzJtdWVUWQ?oc=5"" target=""_blank"">Three Major A-Share Indices Open Mixed; Ping An Bank (000001.SZ) Jumps 3% Post Results; SMIC (688981.SH) Opens Higher</a>&nbsp;&nbsp;<font color=""#6f6f6f"">AASTOCKS.com</font>",https://news.google.com/rss/articles/CBMib0FVX3lxTE9RdG5iUW5XMEZwTGVXbW1Bdkx0X0pmc1hxVWx1QlFIZW1lcGxWWHdRb2daeDJEZ0JsWE14WG4xUThUaUcyZ3M4VWNwc0ZmQ0VFX0RyNXp0a2hWdHN4cFhqZU9BVXNKNUFwVzJtdWVUWQ?oc=5,Ping An Bank,"Three Major A-Share Indices Open Mixed; Ping An Bank (000001.SZ) Jumps 3% Post Results; SMIC (688981.SH) Opens Higher - AASTOCKS.com. <a href=""https://news.google.com/rss/articles/CBMib0FVX3lxTE9RdG5iUW5XMEZwTGVXbW1Bdkx0X0pmc1hxVWx1QlFIZW1lcGxWWHdRb2daeDJEZ0JsWE14WG4xUThUaUcyZ3M4VWNwc0ZmQ0VFX0RyNXp0a2hWdHN4cFhqZU9BVXNKNUFwVzJtdWVUWQ?oc=5"" target=""_blank"">Three Major A-Share Indices Open Mixed; Ping An Bank (000001.SZ) Jumps 3% Post Results; SMIC (688981.SH) Opens Higher</a>&nbsp;&nbsp;<font color=""#6f6f6f"">AASTOCKS.com</font>",positive,0.87123555
2026-04-27,2026-04-27T01:33:00+00:00,000001.SZ,"""Ping An Bank"" - Google News",Three Major A-Share Indices Open Mixed; Ping An Bank (000001.SZ) Jumps 3% Post Results; SMIC (688981.SH) Opens Higher - AASTOCKS.com,"<a href=""https://news.google.com/rss/articles/CBMilgFBVV95cUxQSDF2RXFWQjM4cTJvVWY2dU11VUg1VnZSdm05UlFuS1hiRFFiUEd6VVZIcThFTU9YNkszUTJDNE81ci1HSWplOWtoWlJ4UWVoSHJjbnp4LWw2ZHp5Mks1MnBGSXlvTHg5WjlVQ0I4aklVYUl6WUEtQkxhVlFydk8ySTNTeFhZd3NkMmNzZUgtajFKYUlsM2c?oc=5"" target=""_blank"">Three Major A-Share Indices Open Mixed; Ping An Bank (000001.SZ) Jumps 3% Post Results; SMIC (688981.SH) Opens Higher</a>&nbsp;&nbsp;<font color=""#6f6f6f"">AASTOCKS.com</font>",https://news.google.com/rss/articles/CBMilgFBVV95cUxQSDF2RXFWQjM4cTJvVWY2dU11VUg1VnZSdm05UlFuS1hiRFFiUEd6VVZIcThFTU9YNkszUTJDNE81ci1HSWplOWtoWlJ4UWVoSHJjbnp4LWw2ZHp5Mks1MnBGSXlvTHg5WjlVQ0I4aklVYUl6WUEtQkxhVlFydk8ySTNTeFhZd3NkMmNzZUgtajFKYUlsM2c?oc=5,Ping An Bank,"Three Major A-Share Indices Open Mixed; Ping An Bank (000001.SZ) Jumps 3% Post Results; SMIC (688981.SH) Opens Higher - AASTOCKS.com. <a href=""https://news.google.com/rss/articles/CBMilgFBVV95cUxQSDF2RXFWQjM4cTJvVWY2dU11VUg1VnZSdm05UlFuS1hiRFFiUEd6VVZIcThFTU9YNkszUTJDNE81ci1HSWplOWtoWlJ4UWVoSHJjbnp4LWw2ZHp5Mks1MnBGSXlvTHg5WjlVQ0I4aklVYUl6WUEtQkxhVlFydk8ySTNTeFhZd3NkMmNzZUgtajFKYUlsM2c?oc=5"" target=""_blank"">Three Major A-Share Indices Open Mixed; Ping An Bank (000001.SZ) Jumps 3% Post Results; SMIC (688981.SH) Opens Higher</a>&nbsp;&nbsp;<font color=""#6f6f6f"">AASTOCKS.com</font>",positive,0.87123555
2026-04-27,2026-04-27T01:41:15+00:00,000001.SZ,"""平安银行"" - Google 新闻",壹评级：平安银行2026年一季报业绩增速三年来首次回正，基本面反转可期 - 第一财经,"<a href=""https://news.google.com/rss/articles/CBMiU0FVX3lxTE0tRzl6Vmw0UnNKbDhCUkFwTlQxelplaGRmVjRFekJwTVdMOExLUGRaRW9qUFlqa0Y3MDdoazg0aXd4WWFTM2k1cEVFbU9LTGFXZ1NN?oc=5"" target=""_blank"">壹评级：平安银行2026年一季报业绩增速三年来首次回正，基本面反转可期</a>&nbsp;&nbsp;<font color=""#6f6f6f"">第一财经</font>",https://news.google.com/rss/articles/CBMiU0FVX3lxTE0tRzl6Vmw0UnNKbDhCUkFwTlQxelplaGRmVjRFekJwTVdMOExLUGRaRW9qUFlqa0Y3MDdoazg0aXd4WWFTM2k1cEVFbU9LTGFXZ1NN?oc=5,平安银行,"壹评级：平安银行2026年一季报业绩增速三年来首次回正，基本面反转可期 - 第一财经. <a href=""https://news.google.com/rss/articles/CBMiU0FVX3lxTE0tRzl6Vmw0UnNKbDhCUkFwTlQxelplaGRmVjRFekJwTVdMOExLUGRaRW9qUFlqa0Y3MDdoazg0aXd4WWFTM2k1cEVFbU9LTGFXZ1NN?oc=5"" target=""_blank"">壹评级：平安银行2026年一季报业绩增速三年来首次回正，基本面反转可期</a>&nbsp;&nbsp;<font color=""#6f6f6f"">第一财经</font>",neutral,0.0252997
2026-04-27,2026-04-27T07:00:00+00:00,000001.SZ,"""平安银行"" - Google 新闻",一季度平安银行营收利润止跌，非息收入贡献较大 - 21财经,"<a href=""https://news.google.com/rss/articles/CBMijwFBVV95cUxQT0lrYTRiVkN5Q3N0d1FTZ2NSSFBWTnlyLTZSaUtOMkpDbnAxZFBwdlBoYVBmb1doNFBhNWRKb2ViYWZYVXg4M3loLXJHUHFieWh3Szl2VHc3WV9lYWFITE05WWtmSDVoamRmNDVtNjBBcmdjM05PX2lwUGNSY3JzUGt2LWxnUjZ3cHRYNHItZw?oc=5"" target=""_blank"">一季度平安银行营收利润止跌，非息收入贡献较大</a>&nbsp;&nbsp;<font color=""#6f6f6f"">21财经</font>",https://news.google.com/rss/articles/CBMijwFBVV95cUxQT0lrYTRiVkN5Q3N0d1FTZ2NSSFBWTnlyLTZSaUtOMkpDbnAxZFBwdlBoYVBmb1doNFBhNWRKb2ViYWZYVXg4M3loLXJHUHFieWh3Szl2VHc3WV9lYWFITE05WWtmSDVoamRmNDVtNjBBcmdjM05PX2lwUGNSY3JzUGt2LWxnUjZ3cHRYNHItZw?oc=5,平安银行,"一季度平安银行营收利润止跌，非息收入贡献较大 - 21财经. <a href=""https://news.google.com/rss/articles/CBMijwFBVV95cUxQT0lrYTRiVkN5Q3N0d1FTZ2NSSFBWTnlyLTZSaUtOMkpDbnAxZFBwdlBoYVBmb1doNFBhNWRKb2ViYWZYVXg4M3loLXJHUHFieWh3Szl2VHc3WV9lYWFITE05WWtmSDVoamRmNDVtNjBBcmdjM05PX2lwUGNSY3JzUGt2LWxnUjZ3cHRYNHItZw?oc=5"" target=""_blank"">一季度平安银行营收利润止跌，非息收入贡献较大</a>&nbsp;&nbsp;<font color=""#6f6f6f"">21财经</font>",neutral,0.019333597
2026-04-27,2026-04-27T07:00:00+00:00,000001.SZ,"""平安银行"" - Google 新闻",平安银行成交额创2025年10月15日以来新高 - 东方财富,"<a href=""https://news.google.com/rss/articles/CBMiYEFVX3lxTE1xODdWMTNQYzZHYkJWMXRqdGJ1cmdVaDhodXFpalRneENWWExpRTJVOVlkT0EwalU4SmIwVDMtMGhwVl95V2dhcG5CazV6YVpoc3Uyd3BraFJ4X0o5Z05sVQ?oc=5"" target=""_blank"">平安银行成交额创2025年10月15日以来新高</a>&nbsp;&nbsp;<font color=""#6f6f6f"">东方财富</font>",https://news.google.com/rss/articles/CBMiYEFVX3lxTE1xODdWMTNQYzZHYkJWMXRqdGJ1cmdVaDhodXFpalRneENWWExpRTJVOVlkT0EwalU4SmIwVDMtMGhwVl95V2dhcG5CazV6YVpoc3Uyd3BraFJ4X0o5Z05sVQ?oc=5,平安银行,"平安银行成交额创2025年10月15日以来新高 - 东方财富. <a href=""https://news.google.com/rss/articles/CBMiYEFVX3lxTE1xODdWMTNQYzZHYkJWMXRqdGJ1cmdVaDhodXFpalRneENWWExpRTJVOVlkT0EwalU4SmIwVDMtMGhwVl95V2dhcG5CazV6YVpoc3Uyd3BraFJ4X0o5Z05sVQ?oc=5"" target=""_blank"">平安银行成交额创2025年10月15日以来新高</a>&nbsp;&nbsp;<font color=""#6f6f6f"">东方财富</font>",neutral,0.013039622
2026-04-27,2026-04-27T07:00:00+00:00,000001.SZ,"""平安银行"" - Google 新闻",【华创金融 徐康团队】平安银行26Q1点评：息差企稳，非息亮眼，营收业绩增速回正 - 新浪财经,"<a href=""https://news.google.com/rss/articles/CBMihAFBVV95cUxNWkE0V2lZeUJqcnM5THEwbER5dUx2VXFRQWpYSGNjVUpxcUJSTDRYSVRuZEZHRzhHdXpGLVlUUTJWcVRFS2pRVHZDanpDTWMxTXV0cEhVLUR6OW1DRWt1TUNLRUo4Y0JLQ2dvWWl3NkJ0bV85Q3JyYTZtZU41ZXlIR1ZDSkc?oc=5"" target=""_blank"">【华创金融 徐康团队】平安银行26Q1点评：息差企稳，非息亮眼，营收业绩增速回正</a>&nbsp;&nbsp;<font color=""#6f6f6f"">新浪财经</font>",https://news.google.com/rss/articles/CBMihAFBVV95cUxNWkE0V2lZeUJqcnM5THEwbER5dUx2VXFRQWpYSGNjVUpxcUJSTDRYSVRuZEZHRzhHdXpGLVlUUTJWcVRFS2pRVHZDanpDTWMxTXV0cEhVLUR6OW1DRWt1TUNLRUo4Y0JLQ2dvWWl3NkJ0bV85Q3JyYTZtZU41ZXlIR1ZDSkc?oc=5,平安银行,"【华创金融 徐康团队】平安银行26Q1点评：息差企稳，非息亮眼，营收业绩增速回正 - 新浪财经. <a href=""https://news.google.com/rss/articles/CBMihAFBVV95cUxNWkE0V2lZeUJqcnM5THEwbER5dUx2VXFRQWpYSGNjVUpxcUJSTDRYSVRuZEZHRzhHdXpGLVlUUTJWcVRFS2pRVHZDanpDTWMxTXV0cEhVLUR6OW1DRWt1TUNLRUo4Y0JLQ2dvWWl3NkJ0bV85Q3JyYTZtZU41ZXlIR1ZDSkc?oc=5"" target=""_blank"">【华创金融 徐康团队】平安银行26Q1点评：息差企稳，非息亮眼，营收业绩增速回正</a>&nbsp;&nbsp;<font color=""#6f6f6f"">新浪财经</font>",neutral,0.027871653
2026-04-27,2026-04-27T07:00:00+00:00,000001.SZ,"""平安银行"" - Google 新闻",平安银行今日股价现三连阳，这些ETF重仓持有该股 - 同花顺财经,"<a href=""https://news.google.com/rss/articles/CBMiXkFVX3lxTE9UUmQtT05NLTRKN05XU0RqeDFQVTJDSnpFSFlqbkdTRm54eHlkQWI2QWdZTmJVUjlXUloySk1aVnNVV1J6M1RBb285TnJvUWdBVndXYTRUbGx1SmN5a1E?oc=5"" target=""_blank"">平安银行今日股价现三连阳，这些ETF重仓持有该股</a>&nbsp;&nbsp;<font color=""#6f6f6f"">同花顺财经</font>",https://news.google.com/rss/articles/CBMiXkFVX3lxTE9UUmQtT05NLTRKN05XU0RqeDFQVTJDSnpFSFlqbkdTRm54eHlkQWI2QWdZTmJVUjlXUloySk1aVnNVV1J6M1RBb285TnJvUWdBVndXYTRUbGx1SmN5a1E?oc=5,平安银行,"平安银行今日股价现三连阳，这些ETF重仓持有该股 - 同花顺财经. <a href=""https://news.google.com/rss/articles/CBMiXkFVX3lxTE9UUmQtT05NLTRKN05XU0RqeDFQVTJDSnpFSFlqbkdTRm54eHlkQWI2QWdZTmJVUjlXUloySk1aVnNVV1J6M1RBb285TnJvUWdBVndXYTRUbGx1SmN5a1E?oc=5"" target=""_blank"">平安银行今日股价现三连阳，这些ETF重仓持有该股</a>&nbsp;&nbsp;<font color=""#6f6f6f"">同花顺财经</font>",neutral,0.040756073
2026-04-27,2026-04-27T09:50:22+00:00,000001.SZ,"""平安银行"" - Google 新闻",银行板块走强 平安银行、宁波银行涨超4% - 东方财富,"<a href=""https://news.google.com/rss/articles/CBMiYEFVX3lxTE5kaHJGbE9tWFdKT2p6VXl6b3RIQ0VQWVFaem9UWmpqU3lvbU5TcGt5ZC03bzlHa3dQeTBTLWp5WTlRb1poelBHbGhkdDlhanhFZ3c0MmpSckF3N3RhQW13QQ?oc=5"" target=""_blank"">银行板块走强 平安银行、宁波银行涨超4%</a>&nbsp;&nbsp;<font color=""#6f6f6f"">东方财富</font>",https://news.google.com/rss/articles/CBMiYEFVX3lxTE5kaHJGbE9tWFdKT2p6VXl6b3RIQ0VQWVFaem9UWmpqU3lvbU5TcGt5ZC03bzlHa3dQeTBTLWp5WTlRb1poelBHbGhkdDlhanhFZ3c0MmpSckF3N3RhQW13QQ?oc=5,平安银行,"银行板块走强 平安银行、宁波银行涨超4% - 东方财富. <a href=""https://news.google.com/rss/articles/CBMiYEFVX3lxTE5kaHJGbE9tWFdKT2p6VXl6b3RIQ0VQWVFaem9UWmpqU3lvbU5TcGt5ZC03bzlHa3dQeTBTLWp5WTlRb1poelBHbGhkdDlhanhFZ3c0MmpSckF3N3RhQW13QQ?oc=5"" target=""_blank"">银行板块走强 平安银行、宁波银行涨超4%</a>&nbsp;&nbsp;<font color=""#6f6f6f"">东方财富</font>",neutral,0.011894029
2026-04-27,2026-04-27T11:28:00+00:00,000001.SZ,"""平安银行"" - Google 新闻",平安银行举办数智融通·票据生态大会 - 新浪财经,"<a href=""https://news.google.com/rss/articles/CBMidkFVX3lxTE1tYmhMZ0F0VkloUVBZOEY4Y2xpTF96M2lULWQ2RzJZMEk0UEJfOHF0WGtaVmNrd1NrdnBNSkdhVnlicFpHNkZKMEVVRENhVXRlMWpqTjVwckcySmJkS3dyWjl5TXVSN0s4MlBVYzFuX0R6RS1oRGc?oc=5"" target=""_blank"">平安银行举办数智融通·票据生态大会</a>&nbsp;&nbsp;<font color=""#6f6f6f"">新浪财经</font>",https://news.google.com/rss/articles/CBMidkFVX3lxTE1tYmhMZ0F0VkloUVBZOEY4Y2xpTF96M2lULWQ2RzJZMEk0UEJfOHF0WGtaVmNrd1NrdnBNSkdhVnlicFpHNkZKMEVVRENhVXRlMWpqTjVwckcySmJkS3dyWjl5TXVSN0s4MlBVYzFuX0R6RS1oRGc?oc=5,平安银行,"平安银行举办数智融通·票据生态大会 - 新浪财经. <a href=""https://news.google.com/rss/articles/CBMidkFVX3lxTE1tYmhMZ0F0VkloUVBZOEY4Y2xpTF96M2lULWQ2RzJZMEk0UEJfOHF0WGtaVmNrd1NrdnBNSkdhVnlicFpHNkZKMEVVRENhVXRlMWpqTjVwckcySmJkS3dyWjl5TXVSN0s4MlBVYzFuX0R6RS1oRGc?oc=5"" target=""_blank"">平安银行举办数智融通·票据生态大会</a>&nbsp;&nbsp;<font color=""#6f6f6f"">新浪财经</font>",neutral,0.032268077
2026-04-27,2026-04-27T21:37:00+00:00,000001.SZ,平安银行 - Bing新聞,一生守护 十分平安 平安银行全球守护信用卡正式上市,4月27日，平安银行信用卡以“一生守护，十分平安”为主题正式推出平安银行全球守护信用卡。该卡深度整合“平安全球急难救援服务”，为客户综合提供覆盖“全球急难救援、健康管理、健康就医、健康保障、健康消费、健康用卡”六大场景的一站式解决方案，以全球守护、健康守护、用卡守护三重保障，重新定义守护卡产品标准。 2026年4月初，中国平安宣布启动“服务年”，升级AI“快捷服务”和“全球急难救援”两大创新服务， ...,http://www.bing.com/news/apiclick.aspx?ref=FexRss&aid=&tid=69fb1697ba8743c0889fc07426afbc5c&url=https%3a%2f%2fcn.chinadaily.com.cn%2fa%2f202604%2f28%2fWS69f05622a310942cc49a9d10.html&c=10663173077485665483&mkt=zh-tw,平安银行,一生守护 十分平安 平安银行全球守护信用卡正式上市. 4月27日，平安银行信用卡以“一生守护，十分平安”为主题正式推出平安银行全球守护信用卡。该卡深度整合“平安全球急难救援服务”，为客户综合提供覆盖“全球急难救援、健康管理、健康就医、健康保障、健康消费、健康用卡”六大场景的一站式解决方案，以全球守护、健康守护、用卡守护三重保障，重新定义守护卡产品标准。 2026年4月初，中国平安宣布启动“服务年”，升级AI“快捷服务”和“全球急难救援”两大创新服务， ...,neutral,0.09260035
2026-04-28,2026-04-28T02:04:54+00:00,000001.SZ,"""平安银行"" - Google 新闻",平安银行：融资净偿还4061.71万元，融资余额54.54亿元 - 东方财富,"<a href=""https://news.google.com/rss/articles/CBMiZkFVX3lxTE9HekpNVkpJeGM4WFp6Zm1RaTFKSV9YUkJzMWZZcjZWQlVpUE5TZlprWXF3TnJGMG5vWXpENzFwMno5blN0R1FGZktCaHVyaWY5cEFoRV9wMDNnSzRSVkxORWJsclFYQQ?oc=5"" target=""_blank"">平安银行：融资净偿还4061.71万元，融资余额54.54亿元</a>&nbsp;&nbsp;<font color=""#6f6f6f"">东方财富</font>",https://news.google.com/rss/articles/CBMiZkFVX3lxTE9HekpNVkpJeGM4WFp6Zm1RaTFKSV9YUkJzMWZZcjZWQlVpUE5TZlprWXF3TnJGMG5vWXpENzFwMno5blN0R1FGZktCaHVyaWY5cEFoRV9wMDNnSzRSVkxORWJsclFYQQ?oc=5,平安银行,"平安银行：融资净偿还4061.71万元，融资余额54.54亿元 - 东方财富. <a href=""https://news.google.com/rss/articles/CBMiZkFVX3lxTE9HekpNVkpJeGM4WFp6Zm1RaTFKSV9YUkJzMWZZcjZWQlVpUE5TZlprWXF3TnJGMG5vWXpENzFwMno5blN0R1FGZktCaHVyaWY5cEFoRV9wMDNnSzRSVkxORWJsclFYQQ?oc=5"" target=""_blank"">平安银行：融资净偿还4061.71万元，融资余额54.54亿元</a>&nbsp;&nbsp;<font color=""#6f6f6f"">东方财富</font>",neutral,0.023467183
2026-04-28,2026-04-28T07:00:00+00:00,000001.SZ,"""Ping An Bank"" - Google News",Ping An Bank profit rises 3% to $2.12b in Q1 - MSN,"<a href=""https://news.google.com/rss/articles/CBMilgFBVV95cUxORWZfWVlQUjVGXzdYZV83VVFQcjNOUnpqLUY4WFd1SjF2b29MeUNleGxRNGdxeEpicTNkc2l3dFFSZzlBVlRMbkFTQ2tGZE03eEVzUkNlLThUSS1INGZub25rYW9TYVUyazdpNU0ybXJ4ZC1aOGhWX3UwdmdKWVk3WTB2dDZjTXREY2ZBX2RMMmVMcnFxWnc?oc=5"" target=""_blank"">Ping An Bank profit rises 3% to $2.12b in Q1</a>&nbsp;&nbsp;<font color=""#6f6f6f"">MSN</font>",https://news.google.com/rss/articles/CBMilgFBVV95cUxORWZfWVlQUjVGXzdYZV83VVFQcjNOUnpqLUY4WFd1SjF2b29MeUNleGxRNGdxeEpicTNkc2l3dFFSZzlBVlRMbkFTQ2tGZE03eEVzUkNlLThUSS1INGZub25rYW9TYVUyazdpNU0ybXJ4ZC1aOGhWX3UwdmdKWVk3WTB2dDZjTXREY2ZBX2RMMmVMcnFxWnc?oc=5,Ping An Bank,"Ping An Bank profit rises 3% to $2.12b in Q1 - MSN. <a href=""https://news.google.com/rss/articles/CBMilgFBVV95cUxORWZfWVlQUjVGXzdYZV83VVFQcjNOUnpqLUY4WFd1SjF2b29MeUNleGxRNGdxeEpicTNkc2l3dFFSZzlBVlRMbkFTQ2tGZE03eEVzUkNlLThUSS1INGZub25rYW9TYVUyazdpNU0ybXJ4ZC1aOGhWX3UwdmdKWVk3WTB2dDZjTXREY2ZBX2RMMmVMcnFxWnc?oc=5"" target=""_blank"">Ping An Bank profit rises 3% to $2.12b in Q1</a>&nbsp;&nbsp;<font color=""#6f6f6f"">MSN</font>",positive,0.9091374
2026-04-28,2026-04-28T08:12:45+00:00,000001.SZ,"""Ping An Bank"" - Google News","Ping An Insurance (02318.HK) Subsidiary Ping An Bank (000001.SZ) 1Q Net Profit RMB14.523 billion, Up 3% - AASTOCKS.com","<a href=""https://news.google.com/rss/articles/CBMihgFBVV95cUxPd0k0U3BMa1lCbHJseE05OU1KVFBMczVvc290T2x1aVdtNDF6dlQwWU1KZWhzOG1TWlZ4ejUwSHBfQ2dzUzZEX1JKbUswWE1mWVI2WE5JZWVlbTFYWWFrRnkwdGxzN3JDTEhQc0MtQVBWWXpaTmRGZDFGblBkWHJZWU5ueXNBUQ?oc=5"" target=""_blank"">Ping An Insurance (02318.HK) Subsidiary Ping An Bank (000001.SZ) 1Q Net Profit RMB14.523 billion, Up 3%</a>&nbsp;&nbsp;<font color=""#6f6f6f"">AASTOCKS.com</font>",https://news.google.com/rss/articles/CBMihgFBVV95cUxPd0k0U3BMa1lCbHJseE05OU1KVFBMczVvc290T2x1aVdtNDF6dlQwWU1KZWhzOG1TWlZ4ejUwSHBfQ2dzUzZEX1JKbUswWE1mWVI2WE5JZWVlbTFYWWFrRnkwdGxzN3JDTEhQc0MtQVBWWXpaTmRGZDFGblBkWHJZWU5ueXNBUQ?oc=5,Ping An Bank,"Ping An Insurance (02318.HK) Subsidiary Ping An Bank (000001.SZ) 1Q Net Profit RMB14.523 billion, Up 3% - AASTOCKS.com. <a href=""https://news.google.com/rss/articles/CBMihgFBVV95cUxPd0k0U3BMa1lCbHJseE05OU1KVFBMczVvc290T2x1aVdtNDF6dlQwWU1KZWhzOG1TWlZ4ejUwSHBfQ2dzUzZEX1JKbUswWE1mWVI2WE5JZWVlbTFYWWFrRnkwdGxzN3JDTEhQc0MtQVBWWXpaTmRGZDFGblBkWHJZWU5ueXNBUQ?oc=5"" target=""_blank"">Ping An Insurance (02318.HK) Subsidiary Ping An Bank (000001.SZ) 1Q Net Profit RMB14.523 billion, Up 3%</a>&nbsp;&nbsp;<font color=""#6f6f6f"">AASTOCKS.com</font>",positive,0.92519516
2026-04-28,2026-04-28T10:44:00+00:00,000001.SZ,平安银行 - Bing新聞,接连两日收罚单，平安银行汽车金融业务合规警报拉响,接连两张监管罚单，撕开了平安银行汽车金融业务隐藏已久的合规暗伤。 4月23日，平安银行汽车消费金融中心济南分中心因“车辆抵押贷款贷前调查不尽职”，收到一张40万元罚单。时任平安银行汽车消费金融中心济南分中心市场营销室区域经理关雪琦被警告。 次日，平安银行汽车消费金融中心又因为“商用车贷款、车抵贷、附加费贷款业务违规”“客户收入认定不审慎”两项违规行为，被国家金融监督管理总局深圳监管局重罚140万元 ...,http://www.bing.com/news/apiclick.aspx?ref=FexRss&aid=&tid=69fb1697ba8743c0889fc07426afbc5c&url=https%3a%2f%2ffinance.sina.com.cn%2fwm%2f2026-04-29%2fdoc-inhwattq8310040.shtml&c=2134418531509671147&mkt=zh-tw,平安银行,接连两日收罚单，平安银行汽车金融业务合规警报拉响. 接连两张监管罚单，撕开了平安银行汽车金融业务隐藏已久的合规暗伤。 4月23日，平安银行汽车消费金融中心济南分中心因“车辆抵押贷款贷前调查不尽职”，收到一张40万元罚单。时任平安银行汽车消费金融中心济南分中心市场营销室区域经理关雪琦被警告。 次日，平安银行汽车消费金融中心又因为“商用车贷款、车抵贷、附加费贷款业务违规”“客户收入认定不审慎”两项违规行为，被国家金融监督管理总局深圳监管局重罚140万元 ...,neutral,0.09549534
2026-04-28,2026-04-28T11:29:00+00:00,000001.SZ,"""Ping An Bank"" - Google 新闻",中国平安2026年第一季度归母营运利润实现稳健的7.6%增长，寿险及健康险新业务价值同比增长20.8%。 - 富途牛牛,"<a href=""https://news.google.com/rss/articles/CBMilgFBVV95cUxQN3V4MFgtaEQ3VGJzNTE5NmhtemZXU1Q2ZzViU29WOW5kWG1KSkQzeUNRSjBjQTVSTEFFRWFrNXFSUWRxY3gyeVFVRVUwMDJZNFY3S3BFTjZTeXpfR0szaTNBOVROLVl5TWhmOTVENEVqOEx0ZW1CTENPSFhjeEFUV1dSdkJidWJiLV9TZll3TVBBTGgzVkE?oc=5"" target=""_blank"">中国平安2026年第一季度归母营运利润实现稳健的7.6%增长，寿险及健康险新业务价值同比增长20.8%。</a>&nbsp;&nbsp;<font color=""#6f6f6f"">富途牛牛</font>",https://news.google.com/rss/articles/CBMilgFBVV95cUxQN3V4MFgtaEQ3VGJzNTE5NmhtemZXU1Q2ZzViU29WOW5kWG1KSkQzeUNRSjBjQTVSTEFFRWFrNXFSUWRxY3gyeVFVRVUwMDJZNFY3S3BFTjZTeXpfR0szaTNBOVROLVl5TWhmOTVENEVqOEx0ZW1CTENPSFhjeEFUV1dSdkJidWJiLV9TZll3TVBBTGgzVkE?oc=5,Ping An Bank,"中国平安2026年第一季度归母营运利润实现稳健的7.6%增长，寿险及健康险新业务价值同比增长20.8%。 - 富途牛牛. <a href=""https://news.google.com/rss/articles/CBMilgFBVV95cUxQN3V4MFgtaEQ3VGJzNTE5NmhtemZXU1Q2ZzViU29WOW5kWG1KSkQzeUNRSjBjQTVSTEFFRWFrNXFSUWRxY3gyeVFVRVUwMDJZNFY3S3BFTjZTeXpfR0szaTNBOVROLVl5TWhmOTVENEVqOEx0ZW1CTENPSFhjeEFUV1dSdkJidWJiLV9TZll3TVBBTGgzVkE?oc=5"" target=""_blank"">中国平安2026年第一季度归母营运利润实现稳健的7.6%增长，寿险及健康险新业务价值同比增长20.8%。</a>&nbsp;&nbsp;<font color=""#6f6f6f"">富途牛牛</font>",neutral,0.021503117
2026-04-28,2026-04-28T14:11:45+00:00,000001.SZ,"""平安银行"" - Google 新闻",平安银行2026年第一季度净利润145亿元同比增长3%：实现营业收入增长4.7% - 新浪财经,"<a href=""https://news.google.com/rss/articles/CBMifkFVX3lxTE5KZ3lDRTJrS0FtOFZTVWkyZS1QYUdmRlhlUVYzX04xTGdvbkw0M3VtVGdOemhfN2k2QUJqczZJVGJGTEYtOEdjOXJTZW55d1poRldWdHdXbnk5M3BjTkNGZXpjbWVZSmxQYjlOQ18xZWxGd0wzVGtFdldGdTZjUQ?oc=5"" target=""_blank"">平安银行2026年第一季度净利润145亿元同比增长3%：实现营业收入增长4.7%</a>&nbsp;&nbsp;<font color=""#6f6f6f"">新浪财经</font>",https://news.google.com/rss/articles/CBMifkFVX3lxTE5KZ3lDRTJrS0FtOFZTVWkyZS1QYUdmRlhlUVYzX04xTGdvbkw0M3VtVGdOemhfN2k2QUJqczZJVGJGTEYtOEdjOXJTZW55d1poRldWdHdXbnk5M3BjTkNGZXpjbWVZSmxQYjlOQ18xZWxGd0wzVGtFdldGdTZjUQ?oc=5,平安银行,"平安银行2026年第一季度净利润145亿元同比增长3%：实现营业收入增长4.7% - 新浪财经. <a href=""https://news.google.com/rss/articles/CBMifkFVX3lxTE5KZ3lDRTJrS0FtOFZTVWkyZS1QYUdmRlhlUVYzX04xTGdvbkw0M3VtVGdOemhfN2k2QUJqczZJVGJGTEYtOEdjOXJTZW55d1poRldWdHdXbnk5M3BjTkNGZXpjbWVZSmxQYjlOQ18xZWxGd0wzVGtFdldGdTZjUQ?oc=5"" target=""_blank"">平安银行2026年第一季度净利润145亿元同比增长3%：实现营业收入增长4.7%</a>&nbsp;&nbsp;<font color=""#6f6f6f"">新浪财经</font>",neutral,0.030680068
2026-04-28,2026-04-28T14:32:08+00:00,000001.SZ,"""Ping An Bank"" - Google News",Ping An Bank (000001) H2 2025 earnings summary - Quartr,"<a href=""https://news.google.com/rss/articles/CBMib0FVX3lxTE5vUlJtZHhVVG1nbUJpbTR2ay1TNHhhWVE4TkhoTmVpQ3piamlVQ09fVm52eXhWZU9UZzlubzRMMENVRXpjNTJVdk1ZcWJIZ1JidXJWcFRIaXFTOTd0RE5ySjNyeTgyU1ZfUVNrek5NMA?oc=5"" target=""_blank"">Ping An Bank (000001) H2 2025 earnings summary</a>&nbsp;&nbsp;<font color=""#6f6f6f"">Quartr</font>",https://news.google.com/rss/articles/CBMib0FVX3lxTE5vUlJtZHhVVG1nbUJpbTR2ay1TNHhhWVE4TkhoTmVpQ3piamlVQ09fVm52eXhWZU9UZzlubzRMMENVRXpjNTJVdk1ZcWJIZ1JidXJWcFRIaXFTOTd0RE5ySjNyeTgyU1ZfUVNrek5NMA?oc=5,Ping An Bank,"Ping An Bank (000001) H2 2025 earnings summary - Quartr. <a href=""https://news.google.com/rss/articles/CBMib0FVX3lxTE5vUlJtZHhVVG1nbUJpbTR2ay1TNHhhWVE4TkhoTmVpQ3piamlVQ09fVm52eXhWZU9UZzlubzRMMENVRXpjNTJVdk1ZcWJIZ1JidXJWcFRIaXFTOTd0RE5ySjNyeTgyU1ZfUVNrek5NMA?oc=5"" target=""_blank"">Ping An Bank (000001) H2 2025 earnings summary</a>&nbsp;&nbsp;<font color=""#6f6f6f"">Quartr</font>",neutral,-0.07452345
2026-04-28,2026-04-28T16:49:00+00:00,000001.SZ,"""平安银行"" - Google 新闻",接连两日收罚单，平安银行汽车金融业务合规警报拉响 - 新浪财经,"<a href=""https://news.google.com/rss/articles/CBMidkFVX3lxTE1qd0Zod1dUSENJUi0xa0RQalJQTGxoaG0xd0hBS2JSZ0RQWXY3SEkyV0xWTUdBd0EyNklva3hsdzl4QklSb0Zvb2hGMDM3TWw3LTdwNnd4cGJZZHQ4cXB6S0Y2VUQteWlrM2FMd3ZPNXZCU0tDaWc?oc=5"" target=""_blank"">接连两日收罚单，平安银行汽车金融业务合规警报拉响</a>&nbsp;&nbsp;<font color=""#6f6f6f"">新浪财经</font>",https://news.google.com/rss/articles/CBMidkFVX3lxTE1qd0Zod1dUSENJUi0xa0RQalJQTGxoaG0xd0hBS2JSZ0RQWXY3SEkyV0xWTUdBd0EyNklva3hsdzl4QklSb0Zvb2hGMDM3TWw3LTdwNnd4cGJZZHQ4cXB6S0Y2VUQteWlrM2FMd3ZPNXZCU0tDaWc?oc=5,平安银行,"接连两日收罚单，平安银行汽车金融业务合规警报拉响 - 新浪财经. <a href=""https://news.google.com/rss/articles/CBMidkFVX3lxTE1qd0Zod1dUSENJUi0xa0RQalJQTGxoaG0xd0hBS2JSZ0RQWXY3SEkyV0xWTUdBd0EyNklva3hsdzl4QklSb0Zvb2hGMDM3TWw3LTdwNnd4cGJZZHQ4cXB6S0Y2VUQteWlrM2FMd3ZPNXZCU0tDaWc?oc=5"" target=""_blank"">接连两日收罚单，平安银行汽车金融业务合规警报拉响</a>&nbsp;&nbsp;<font color=""#6f6f6f"">新浪财经</font>",neutral,0.025962219
2026-04-28,2026-04-28T21:30:00+00:00,000001.SZ,"""Ping An Bank"" - Google 新闻",Press Release: SunCar Technology Reports Financial Results for Full Year 2025 - 富途牛牛,"<a href=""https://news.google.com/rss/articles/CBMirgFBVV95cUxNLW1CUi1hWms0eUZrM0ZmZW5tWmhFOTlLRk0zN3pMUFdNZ2t0SmhnQk5qd3pndWptOEJJVWZyRE9Md3RVY1lrc1ZkRUdSU0QtdE5PMk5qR1NSYVdNWmkwcngxVnE4Z0lCd2JMM014dFJZMXIzV3ZfWmlkYlY1UDdiRUptS1ZlcXFKWXZRUGhDSlhEdG5OVFp4OFdqWXg1bVBNOVdFaHQzbGhPYXZjX3c?oc=5"" target=""_blank"">Press Release: SunCar Technology Reports Financial Results for Full Year 2025</a>&nbsp;&nbsp;<font color=""#6f6f6f"">富途牛牛</font>",https://news.google.com/rss/articles/CBMirgFBVV95cUxNLW1CUi1hWms0eUZrM0ZmZW5tWmhFOTlLRk0zN3pMUFdNZ2t0SmhnQk5qd3pndWptOEJJVWZyRE9Md3RVY1lrc1ZkRUdSU0QtdE5PMk5qR1NSYVdNWmkwcngxVnE4Z0lCd2JMM014dFJZMXIzV3ZfWmlkYlY1UDdiRUptS1ZlcXFKWXZRUGhDSlhEdG5OVFp4OFdqWXg1bVBNOVdFaHQzbGhPYXZjX3c?oc=5,Ping An Bank,"Press Release: SunCar Technology Reports Financial Results for Full Year 2025 - 富途牛牛. <a href=""https://news.google.com/rss/articles/CBMirgFBVV95cUxNLW1CUi1hWms0eUZrM0ZmZW5tWmhFOTlLRk0zN3pMUFdNZ2t0SmhnQk5qd3pndWptOEJJVWZyRE9Md3RVY1lrc1ZkRUdSU0QtdE5PMk5qR1NSYVdNWmkwcngxVnE4Z0lCd2JMM014dFJZMXIzV3ZfWmlkYlY1UDdiRUptS1ZlcXFKWXZRUGhDSlhEdG5OVFp4OFdqWXg1bVBNOVdFaHQzbGhPYXZjX3c?oc=5"" target=""_blank"">Press Release: SunCar Technology Reports Financial Results for Full Year 2025</a>&nbsp;&nbsp;<font color=""#6f6f6f"">富途牛牛</font>",neutral,0.0013543181
2026-04-28,2026-04-28T22:54:00+00:00,000001.SZ,平安银行 - Bing新聞,平安银行信用卡新卡来袭！全球急难救援 + 健康守护一步到位,"上周木木一家带娃出门度假,本来开开心心的,没想到吃顿普通早餐就食物中毒了,特意发了避雷文,没想到卡友们还挺关心木木的哈哈哈。 还有不少卡友留言说,自己也遇到过类似情况,全家上吐下泻,在人生地不熟的地方跑急诊,想想都糟心。万一在境外碰到更严重的病情,后果真的不敢想。 眼看五一假期就要到了,木木也计划了境外游。经过这次教训,吃喝方面肯定会格外小心。也有朋友提醒木木:出门在外,备上一份旅行保险更安心,真 ...",http://www.bing.com/news/apiclick.aspx?ref=FexRss&aid=&tid=69fb1697ba8743c0889fc07426afbc5c&url=https%3a%2f%2ffinance.ifeng.com%2fc%2f8siTBx4kfYf&c=14780593342632502453&mkt=zh-tw,平安银行,"平安银行信用卡新卡来袭！全球急难救援 + 健康守护一步到位. 上周木木一家带娃出门度假,本来开开心心的,没想到吃顿普通早餐就食物中毒了,特意发了避雷文,没想到卡友们还挺关心木木的哈哈哈。 还有不少卡友留言说,自己也遇到过类似情况,全家上吐下泻,在人生地不熟的地方跑急诊,想想都糟心。万一在境外碰到更严重的病情,后果真的不敢想。 眼看五一假期就要到了,木木也计划了境外游。经过这次教训,吃喝方面肯定会格外小心。也有朋友提醒木木:出门在外,备上一份旅行保险更安心,真 ...",neutral,0.1018304
2026-04-28,2026-04-28T23:25:27+00:00,000001.SZ,"""平安银行"" - Google 新闻",平安银行获得发明专利授权：“一种多源数据规范化处理方法、装置、系统及存储介质” - 新浪财经,"<a href=""https://news.google.com/rss/articles/CBMibkFVX3lxTE1nb1drc0FhTzdnY2JTcVFNeHVKMmM1aldEWGVDNFZtaU5yRzM3Z1hQdjg4bDdtbDgzSmU3ZWhTbzBPUTFOWlFMZ201Vjg0U2U4MkNRVVotdmlxMEVrRlptRG5pNXlBRXZlTlhSZWJ3?oc=5"" target=""_blank"">平安银行获得发明专利授权：“一种多源数据规范化处理方法、装置、系统及存储介质”</a>&nbsp;&nbsp;<font color=""#6f6f6f"">新浪财经</font>",https://news.google.com/rss/articles/CBMibkFVX3lxTE1nb1drc0FhTzdnY2JTcVFNeHVKMmM1aldEWGVDNFZtaU5yRzM3Z1hQdjg4bDdtbDgzSmU3ZWhTbzBPUTFOWlFMZ201Vjg0U2U4MkNRVVotdmlxMEVrRlptRG5pNXlBRXZlTlhSZWJ3?oc=5,平安银行,"平安银行获得发明专利授权：“一种多源数据规范化处理方法、装置、系统及存储介质” - 新浪财经. <a href=""https://news.google.com/rss/articles/CBMibkFVX3lxTE1nb1drc0FhTzdnY2JTcVFNeHVKMmM1aldEWGVDNFZtaU5yRzM3Z1hQdjg4bDdtbDgzSmU3ZWhTbzBPUTFOWlFMZ201Vjg0U2U4MkNRVVotdmlxMEVrRlptRG5pNXlBRXZlTlhSZWJ3?oc=5"" target=""_blank"">平安银行获得发明专利授权：“一种多源数据规范化处理方法、装置、系统及存储介质”</a>&nbsp;&nbsp;<font color=""#6f6f6f"">新浪财经</font>",neutral,0.025208892
2026-04-29,2026-04-29T03:41:48+00:00,000001.SZ,"""Ping An Bank"" - Google 新闻",银行一季报亮相，多重因素驱动业绩增长 - 富途牛牛,"<a href=""https://news.google.com/rss/articles/CBMiUkFVX3lxTE5wT2dkUGNWbmtydWxwRGgzZzlJRFBtd1UzLXI3bURmWnFFVjdjbXQtdFZ6RF83cFJyV2x4LWRxalpsZE9uaU1QSDY4V0lvdzJfbEE?oc=5"" target=""_blank"">银行一季报亮相，多重因素驱动业绩增长</a>&nbsp;&nbsp;<font color=""#6f6f6f"">富途牛牛</font>",https://news.google.com/rss/articles/CBMiUkFVX3lxTE5wT2dkUGNWbmtydWxwRGgzZzlJRFBtd1UzLXI3bURmWnFFVjdjbXQtdFZ6RF83cFJyV2x4LWRxalpsZE9uaU1QSDY4V0lvdzJfbEE?oc=5,Ping An Bank,"银行一季报亮相，多重因素驱动业绩增长 - 富途牛牛. <a href=""https://news.google.com/rss/articles/CBMiUkFVX3lxTE5wT2dkUGNWbmtydWxwRGgzZzlJRFBtd1UzLXI3bURmWnFFVjdjbXQtdFZ6RF83cFJyV2x4LWRxalpsZE9uaU1QSDY4V0lvdzJfbEE?oc=5"" target=""_blank"">银行一季报亮相，多重因素驱动业绩增长</a>&nbsp;&nbsp;<font color=""#6f6f6f"">富途牛牛</font>",neutral,0.018184014
2026-04-29,2026-04-29T04:50:36+00:00,000001.SZ,"""平安银行"" - Google 新闻",平安银行信用卡新卡来袭！全球急难救援 + 健康守护一步到位 - 凤凰网财经,"<a href=""https://news.google.com/rss/articles/CBMiUEFVX3lxTE4tYUt4bzV0OVhnV2lKUjk1WUhJSTI3cFotSWtBdEE5WUVuR1hoMDlJcDZEaHhqZWdERTZMVTlQT2hWUjF0RjhFckh5Mk5jZFVf?oc=5"" target=""_blank"">平安银行信用卡新卡来袭！全球急难救援 + 健康守护一步到位</a>&nbsp;&nbsp;<font color=""#6f6f6f"">凤凰网财经</font>",https://news.google.com/rss/articles/CBMiUEFVX3lxTE4tYUt4bzV0OVhnV2lKUjk1WUhJSTI3cFotSWtBdEE5WUVuR1hoMDlJcDZEaHhqZWdERTZMVTlQT2hWUjF0RjhFckh5Mk5jZFVf?oc=5,平安银行,"平安银行信用卡新卡来袭！全球急难救援 + 健康守护一步到位 - 凤凰网财经. <a href=""https://news.google.com/rss/articles/CBMiUEFVX3lxTE4tYUt4bzV0OVhnV2lKUjk1WUhJSTI3cFotSWtBdEE5WUVuR1hoMDlJcDZEaHhqZWdERTZMVTlQT2hWUjF0RjhFckh5Mk5jZFVf?oc=5"" target=""_blank"">平安银行信用卡新卡来袭！全球急难救援 + 健康守护一步到位</a>&nbsp;&nbsp;<font color=""#6f6f6f"">凤凰网财经</font>",neutral,0.016094627
2026-04-29,2026-04-29T04:52:50+00:00,000001.SZ,"""Ping An Bank"" - Google News",Ping An Bank profit rises 3% to $2.12b in Q1 - Asian Banking & Finance,"<a href=""https://news.google.com/rss/articles/CBMilAFBVV95cUxPZzJPNkg2ZTZvSFoyNnZlVllsNE1qdmhEc3Fva21uTUVhcTMyRkdydUl0NzN3dTB6RmdtcnUxSkprdWV6bFE1U0FOVGU4RkNmUVJ2N1k2WmdlUG5SS1E4WHV2cFpUck9rVHJ6ME8xY3RWTDZ5UElrN3VndHViYVlfSFJ4OTV1S3RkdHBNaFZvU2tDZlFr?oc=5"" target=""_blank"">Ping An Bank profit rises 3% to $2.12b in Q1</a>&nbsp;&nbsp;<font color=""#6f6f6f"">Asian Banking & Finance</font>",https://news.google.com/rss/articles/CBMilAFBVV95cUxPZzJPNkg2ZTZvSFoyNnZlVllsNE1qdmhEc3Fva21uTUVhcTMyRkdydUl0NzN3dTB6RmdtcnUxSkprdWV6bFE1U0FOVGU4RkNmUVJ2N1k2WmdlUG5SS1E4WHV2cFpUck9rVHJ6ME8xY3RWTDZ5UElrN3VndHViYVlfSFJ4OTV1S3RkdHBNaFZvU2tDZlFr?oc=5,Ping An Bank,"Ping An Bank profit rises 3% to $2.12b in Q1 - Asian Banking & Finance. <a href=""https://news.google.com/rss/articles/CBMilAFBVV95cUxPZzJPNkg2ZTZvSFoyNnZlVllsNE1qdmhEc3Fva21uTUVhcTMyRkdydUl0NzN3dTB6RmdtcnUxSkprdWV6bFE1U0FOVGU4RkNmUVJ2N1k2WmdlUG5SS1E4WHV2cFpUck9rVHJ6ME8xY3RWTDZ5UElrN3VndHViYVlfSFJ4OTV1S3RkdHBNaFZvU2tDZlFr?oc=5"" target=""_blank"">Ping An Bank profit rises 3% to $2.12b in Q1</a>&nbsp;&nbsp;<font color=""#6f6f6f"">Asian Banking & Finance</font>",positive,0.90843314
2026-04-29,2026-04-29T06:49:03+00:00,000001.SZ,"""Ping An Bank"" - Google News","Ping An reports $3.66b net profit, down 7.4% in Q1 as revenue falls despite operating gains - Insurance Asia","<a href=""https://news.google.com/rss/articles/CBMivgFBVV95cUxQZmQwaWstcUFndDM5VTVQaklxdnZwbWszT3NCQmFWLTFjS1NYSXZFLXpkdURrNUZEQzdwdmRVWUh3UFNMa0M5OHpJWnA5STN2QVc0LW41YTg4eUxvVXU1NENmVnljR2NianNVRXlCT1VrLTdxYTBNb1V1RWhkN0ZvMThRNXpwTU1ZOXJvSjQtWEtwMVdNLTdlelZPXzN0QjlfQkJseDhKVkV0TjNseDl0VjhyN0dMQzR1U3VFZEdR?oc=5"" target=""_blank"">Ping An reports $3.66b net profit, down 7.4% in Q1 as revenue falls despite operating gains</a>&nbsp;&nbsp;<font color=""#6f6f6f"">Insurance Asia</font>",https://news.google.com/rss/articles/CBMivgFBVV95cUxQZmQwaWstcUFndDM5VTVQaklxdnZwbWszT3NCQmFWLTFjS1NYSXZFLXpkdURrNUZEQzdwdmRVWUh3UFNMa0M5OHpJWnA5STN2QVc0LW41YTg4eUxvVXU1NENmVnljR2NianNVRXlCT1VrLTdxYTBNb1V1RWhkN0ZvMThRNXpwTU1ZOXJvSjQtWEtwMVdNLTdlelZPXzN0QjlfQkJseDhKVkV0TjNseDl0VjhyN0dMQzR1U3VFZEdR?oc=5,Ping An Bank,"Ping An reports $3.66b net profit, down 7.4% in Q1 as revenue falls despite operating gains - Insurance Asia. <a href=""https://news.google.com/rss/articles/CBMivgFBVV95cUxQZmQwaWstcUFndDM5VTVQaklxdnZwbWszT3NCQmFWLTFjS1NYSXZFLXpkdURrNUZEQzdwdmRVWUh3UFNMa0M5OHpJWnA5STN2QVc0LW41YTg4eUxvVXU1NENmVnljR2NianNVRXlCT1VrLTdxYTBNb1V1RWhkN0ZvMThRNXpwTU1ZOXJvSjQtWEtwMVdNLTdlelZPXzN0QjlfQkJseDhKVkV0TjNseDl0VjhyN0dMQzR1U3VFZEdR?oc=5"" target=""_blank"">Ping An reports $3.66b net profit, down 7.4% in Q1 as revenue falls despite operating gains</a>&nbsp;&nbsp;<font color=""#6f6f6f"">Insurance Asia</font>",negative,-0.9666422
2026-04-29,2026-04-29T07:59:42+00:00,000001.SZ,"""Ping An Bank"" - Google News",Ping An Bank Co Ltd stock (CNE100001TP8): Why does its retail banking focus matter more now for glob - AD HOC NEWS,"<a href=""https://news.google.com/rss/articles/CBMiwwFBVV95cUxQZjVUcmdtcWJkQk9rSkR6eXFxLXpfMDhkdGxuclAwZXJROW9mSHZWSTU5WWpZWVp3cGpxaTJULUxxQWM0ZnZRUXVpRnVHZS1oTlJ5WUxoNUgtbDVaT2FBNVluMF9wRHVBS2IzeXNpR3VjTnJ6c0p1bk5HdnZodGs0bFlHQXM2Rl9udHpyVE5hdk96RU8tdm1nZ2ZoQlpXVkxHcTNVdDh1bGlrb2h1OUNCdGpySlhpb2FQOHFUdm1OX1BvQTQ?oc=5"" target=""_blank"">Ping An Bank Co Ltd stock (CNE100001TP8): Why does its retail banking focus matter more now for glob</a>&nbsp;&nbsp;<font color=""#6f6f6f"">AD HOC NEWS</font>",https://news.google.com/rss/articles/CBMiwwFBVV95cUxQZjVUcmdtcWJkQk9rSkR6eXFxLXpfMDhkdGxuclAwZXJROW9mSHZWSTU5WWpZWVp3cGpxaTJULUxxQWM0ZnZRUXVpRnVHZS1oTlJ5WUxoNUgtbDVaT2FBNVluMF9wRHVBS2IzeXNpR3VjTnJ6c0p1bk5HdnZodGs0bFlHQXM2Rl9udHpyVE5hdk96RU8tdm1nZ2ZoQlpXVkxHcTNVdDh1bGlrb2h1OUNCdGpySlhpb2FQOHFUdm1OX1BvQTQ?oc=5,Ping An Bank,"Ping An Bank Co Ltd stock (CNE100001TP8): Why does its retail banking focus matter more now for glob - AD HOC NEWS. <a href=""https://news.google.com/rss/articles/CBMiwwFBVV95cUxQZjVUcmdtcWJkQk9rSkR6eXFxLXpfMDhkdGxuclAwZXJROW9mSHZWSTU5WWpZWVp3cGpxaTJULUxxQWM0ZnZRUXVpRnVHZS1oTlJ5WUxoNUgtbDVaT2FBNVluMF9wRHVBS2IzeXNpR3VjTnJ6c0p1bk5HdnZodGs0bFlHQXM2Rl9udHpyVE5hdk96RU8tdm1nZ2ZoQlpXVkxHcTNVdDh1bGlrb2h1OUNCdGpySlhpb2FQOHFUdm1OX1BvQTQ?oc=5"" target=""_blank"">Ping An Bank Co Ltd stock (CNE100001TP8): Why does its retail banking focus matter more now for glob</a>&nbsp;&nbsp;<font color=""#6f6f6f"">AD HOC NEWS</font>",neutral,0.016888004
2026-04-29,2026-04-29T10:00:00+00:00,000001.SZ,"""Ping An Bank"" - Google News",Ping An Posts Robust Q1 2026 Results as Integrated Finance and Health Strategy Gains Traction - The Globe and Mail,"<a href=""https://news.google.com/rss/articles/CBMihAJBVV95cUxOYThoYmFkU055VktFbFlzajhibVdlcWdYMzR3VFExLTNTUERIZTRwWUpOMmplQUlGWkc5bkdVaURyX2dBaTV4NGtnaEVWaW5KYzRfUXdWcGN2ZVB1eGd6VzhLUS02VGxxQ0Q4REo2dkNoR1hYbWJBcmdQUVR5b1FXTmNOTkJKemJiVmVjeGE2c2hPQUJxSFhTd3JvRTNKS0tFek1kMW5Md1BjXzZnWUtWRkoxa015QTB4UzlKYW9OeHhveEN0X0RLYzJHSkhNQzRzaVE5OWJ0NHRQejQ0Ni1JZFJYZFhVYzM5d0JZb0ZOVEZYVFF5dWdpRmZjcU8tbjRQYy1Meg?oc=5"" target=""_blank"">Ping An Posts Robust Q1 2026 Results as Integrated Finance and Health Strategy Gains Traction</a>&nbsp;&nbsp;<font color=""#6f6f6f"">The Globe and Mail</font>",https://news.google.com/rss/articles/CBMihAJBVV95cUxOYThoYmFkU055VktFbFlzajhibVdlcWdYMzR3VFExLTNTUERIZTRwWUpOMmplQUlGWkc5bkdVaURyX2dBaTV4NGtnaEVWaW5KYzRfUXdWcGN2ZVB1eGd6VzhLUS02VGxxQ0Q4REo2dkNoR1hYbWJBcmdQUVR5b1FXTmNOTkJKemJiVmVjeGE2c2hPQUJxSFhTd3JvRTNKS0tFek1kMW5Md1BjXzZnWUtWRkoxa015QTB4UzlKYW9OeHhveEN0X0RLYzJHSkhNQzRzaVE5OWJ0NHRQejQ0Ni1JZFJYZFhVYzM5d0JZb0ZOVEZYVFF5dWdpRmZjcU8tbjRQYy1Meg?oc=5,Ping An Bank,"Ping An Posts Robust Q1 2026 Results as Integrated Finance and Health Strategy Gains Traction - The Globe and Mail. <a href=""https://news.google.com/rss/articles/CBMihAJBVV95cUxOYThoYmFkU055VktFbFlzajhibVdlcWdYMzR3VFExLTNTUERIZTRwWUpOMmplQUlGWkc5bkdVaURyX2dBaTV4NGtnaEVWaW5KYzRfUXdWcGN2ZVB1eGd6VzhLUS02VGxxQ0Q4REo2dkNoR1hYbWJBcmdQUVR5b1FXTmNOTkJKemJiVmVjeGE2c2hPQUJxSFhTd3JvRTNKS0tFek1kMW5Md1BjXzZnWUtWRkoxa015QTB4UzlKYW9OeHhveEN0X0RLYzJHSkhNQzRzaVE5OWJ0NHRQejQ0Ni1JZFJYZFhVYzM5d0JZb0ZOVEZYVFF5dWdpRmZjcU8tbjRQYy1Meg?oc=5"" target=""_blank"">Ping An Posts Robust Q1 2026 Results as Integrated Finance and Health Strategy Gains Traction</a>&nbsp;&nbsp;<font color=""#6f6f6f"">The Globe and Mail</font>",positive,0.8985258
2026-04-29,2026-04-29T13:44:15+00:00,000001.SZ,"""Ping An Bank"" - Google 新闻",PING AN INSURANCE GROUP(2318.HK):EARNINGS REVIEW:ROBUST OPERATING RESULTS DESPITE NET PROFIT DECLINE; BUY - 富途牛牛 - 富途牛牛,"<a href=""https://news.google.com/rss/articles/CBMipAFBVV95cUxPXzJ0MlM3YzFFNW5KU3V2NkRFUkNrR2syektlclZLdmpGLU5RbnVFSk1RQ3owc29sOXFRWUZqTHFZcmNKTHcydXRYS1BDRjVJWG5ia0RGdmZMRUxCQ3N1MVhUM01wVTFBbXdMdlJOUWtQU1lPY1ZUSThvUW1BWTQ0aERWOTVSQUxuWnRlbi1vQTJsWkE5R2NudHJyQ2hjRE5kdXdBeg?oc=5"" target=""_blank"">PING AN INSURANCE GROUP(2318.HK):EARNINGS REVIEW:ROBUST OPERATING RESULTS DESPITE NET PROFIT DECLINE; BUY - 富途牛牛</a>&nbsp;&nbsp;<font color=""#6f6f6f"">富途牛牛</font>",https://news.google.com/rss/articles/CBMipAFBVV95cUxPXzJ0MlM3YzFFNW5KU3V2NkRFUkNrR2syektlclZLdmpGLU5RbnVFSk1RQ3owc29sOXFRWUZqTHFZcmNKTHcydXRYS1BDRjVJWG5ia0RGdmZMRUxCQ3N1MVhUM01wVTFBbXdMdlJOUWtQU1lPY1ZUSThvUW1BWTQ0aERWOTVSQUxuWnRlbi1vQTJsWkE5R2NudHJyQ2hjRE5kdXdBeg?oc=5,Ping An Bank,"PING AN INSURANCE GROUP(2318.HK):EARNINGS REVIEW:ROBUST OPERATING RESULTS DESPITE NET PROFIT DECLINE; BUY - 富途牛牛 - 富途牛牛. <a href=""https://news.google.com/rss/articles/CBMipAFBVV95cUxPXzJ0MlM3YzFFNW5KU3V2NkRFUkNrR2syektlclZLdmpGLU5RbnVFSk1RQ3owc29sOXFRWUZqTHFZcmNKTHcydXRYS1BDRjVJWG5ia0RGdmZMRUxCQ3N1MVhUM01wVTFBbXdMdlJOUWtQU1lPY1ZUSThvUW1BWTQ0aERWOTVSQUxuWnRlbi1vQTJsWkE5R2NudHJyQ2hjRE5kdXdBeg?oc=5"" target=""_blank"">PING AN INSURANCE GROUP(2318.HK):EARNINGS REVIEW:ROBUST OPERATING RESULTS DESPITE NET PROFIT DECLINE; BUY - 富途牛牛</a>&nbsp;&nbsp;<font color=""#6f6f6f"">富途牛牛</font>",negative,-0.36566353
2026-04-29,2026-04-29T23:40:25+00:00,000001.SZ,"""平安银行"" - Google 新闻",平安银行：融资净偿还1.43亿元，融资余额53.11亿元 - 东方财富,"<a href=""https://news.google.com/rss/articles/CBMiZkFVX3lxTE9Kb3duZWwzRzRHNlIwRENPbzdXQnUyOW5VemVkYW5ENWwwZXpFYURpdlpxamgtVzVJMFU0QzRaSUYwa3Bma1BkTmRMbDN6SU1YUTJyYndwWV94eGh5XzhyamdDNVk3dw?oc=5"" target=""_blank"">平安银行：融资净偿还1.43亿元，融资余额53.11亿元</a>&nbsp;&nbsp;<font color=""#6f6f6f"">东方财富</font>",https://news.google.com/rss/articles/CBMiZkFVX3lxTE9Kb3duZWwzRzRHNlIwRENPbzdXQnUyOW5VemVkYW5ENWwwZXpFYURpdlpxamgtVzVJMFU0QzRaSUYwa3Bma1BkTmRMbDN6SU1YUTJyYndwWV94eGh5XzhyamdDNVk3dw?oc=5,平安银行,"平安银行：融资净偿还1.43亿元，融资余额53.11亿元 - 东方财富. <a href=""https://news.google.com/rss/articles/CBMiZkFVX3lxTE9Kb3duZWwzRzRHNlIwRENPbzdXQnUyOW5VemVkYW5ENWwwZXpFYURpdlpxamgtVzVJMFU0QzRaSUYwa3Bma1BkTmRMbDN6SU1YUTJyYndwWV94eGh5XzhyamdDNVk3dw?oc=5"" target=""_blank"">平安银行：融资净偿还1.43亿元，融资余额53.11亿元</a>&nbsp;&nbsp;<font color=""#6f6f6f"">东方财富</font>",neutral,0.019986264
2026-04-30,2026-04-30T01:44:00+00:00,000001.SZ,"""000001"" - Google News",Stocks in China Hit 6-week High - TradingView,"<a href=""https://news.google.com/rss/articles/CBMiigFBVV95cUxNYjkzNXhjdjFkbUJqM0QxUVZ3c1NkVC1IS1ZLYndXSkNSRzNHZ0pBd3JIaUZqcnNTNThzbEtyM01MajZpVjRObkYzYkxWVVVHc3pldEpKZS1hdlNreW05RldRem13emVBVjBGSVRybTFERHVhMF9Kdnc2YjQzM0hkOE03cnkzdjFXMlE?oc=5"" target=""_blank"">Stocks in China Hit 6-week High</a>&nbsp;&nbsp;<font color=""#6f6f6f"">TradingView</font>",https://news.google.com/rss/articles/CBMiigFBVV95cUxNYjkzNXhjdjFkbUJqM0QxUVZ3c1NkVC1IS1ZLYndXSkNSRzNHZ0pBd3JIaUZqcnNTNThzbEtyM01MajZpVjRObkYzYkxWVVVHc3pldEpKZS1hdlNreW05RldRem13emVBVjBGSVRybTFERHVhMF9Kdnc2YjQzM0hkOE03cnkzdjFXMlE?oc=5,000001,"Stocks in China Hit 6-week High - TradingView. <a href=""https://news.google.com/rss/articles/CBMiigFBVV95cUxNYjkzNXhjdjFkbUJqM0QxUVZ3c1NkVC1IS1ZLYndXSkNSRzNHZ0pBd3JIaUZqcnNTNThzbEtyM01MajZpVjRObkYzYkxWVVVHc3pldEpKZS1hdlNreW05RldRem13emVBVjBGSVRybTFERHVhMF9Kdnc2YjQzM0hkOE03cnkzdjFXMlE?oc=5"" target=""_blank"">Stocks in China Hit 6-week High</a>&nbsp;&nbsp;<font color=""#6f6f6f"">TradingView</font>",positive,0.83775806
2026-04-30,2026-04-30T02:21:00+00:00,000001.SZ,"""000001"" - Google News",Shanghai Stocks Hold at Over 1-Month High - TradingView,"<a href=""https://news.google.com/rss/articles/CBMilwFBVV95cUxOLXZOMWc0c1IzUjlZR0N3U0UwZjVjelcwMEg5RmpkMVR3V2lQdDdlYzBXWjZDSWdSXzJJaE8zOXNIdkJGWXNTSGtLaHB0eHpjSzNvZTJJSWUtQTh6WDQyTUtJQkR0T05FVGJ1UVBzbjhsaWdHWDdQYXZkZkRWbzlRZGlGOHFDLWdxMll2OU4xMmdJckpNdVhn?oc=5"" target=""_blank"">Shanghai Stocks Hold at Over 1-Month High</a>&nbsp;&nbsp;<font color=""#6f6f6f"">TradingView</font>",https://news.google.com/rss/articles/CBMilwFBVV95cUxOLXZOMWc0c1IzUjlZR0N3U0UwZjVjelcwMEg5RmpkMVR3V2lQdDdlYzBXWjZDSWdSXzJJaE8zOXNIdkJGWXNTSGtLaHB0eHpjSzNvZTJJSWUtQTh6WDQyTUtJQkR0T05FVGJ1UVBzbjhsaWdHWDdQYXZkZkRWbzlRZGlGOHFDLWdxMll2OU4xMmdJckpNdVhn?oc=5,000001,"Shanghai Stocks Hold at Over 1-Month High - TradingView. <a href=""https://news.google.com/rss/articles/CBMilwFBVV95cUxOLXZOMWc0c1IzUjlZR0N3U0UwZjVjelcwMEg5RmpkMVR3V2lQdDdlYzBXWjZDSWdSXzJJaE8zOXNIdkJGWXNTSGtLaHB0eHpjSzNvZTJJSWUtQTh6WDQyTUtJQkR0T05FVGJ1UVBzbjhsaWdHWDdQYXZkZkRWbzlRZGlGOHFDLWdxMll2OU4xMmdJckpNdVhn?oc=5"" target=""_blank"">Shanghai Stocks Hold at Over 1-Month High</a>&nbsp;&nbsp;<font color=""#6f6f6f"">TradingView</font>",neutral,0.07678832
2026-04-30,2026-04-30T03:04:11+00:00,000001.SZ,"""平安银行"" - Google 新闻",平安银行：融资净偿还3425.81万元，融资余额52.77亿元 - 东方财富,"<a href=""https://news.google.com/rss/articles/CBMiYEFVX3lxTE1Fb0dUckdheUw3Wlp1OE0wM1lfMEtzYUF3SzNJamxldkFzNHk2cTg2dWdkS2FzVUZPX25LSlVWN1RKVnJzbl81b3VmQWFIVGxOa1VTd2lGd2RfRUVxUGltcA?oc=5"" target=""_blank"">平安银行：融资净偿还3425.81万元，融资余额52.77亿元</a>&nbsp;&nbsp;<font color=""#6f6f6f"">东方财富</font>",https://news.google.com/rss/articles/CBMiYEFVX3lxTE1Fb0dUckdheUw3Wlp1OE0wM1lfMEtzYUF3SzNJamxldkFzNHk2cTg2dWdkS2FzVUZPX25LSlVWN1RKVnJzbl81b3VmQWFIVGxOa1VTd2lGd2RfRUVxUGltcA?oc=5,平安银行,"平安银行：融资净偿还3425.81万元，融资余额52.77亿元 - 东方财富. <a href=""https://news.google.com/rss/articles/CBMiYEFVX3lxTE1Fb0dUckdheUw3Wlp1OE0wM1lfMEtzYUF3SzNJamxldkFzNHk2cTg2dWdkS2FzVUZPX25LSlVWN1RKVnJzbl81b3VmQWFIVGxOa1VTd2lGd2RfRUVxUGltcA?oc=5"" target=""_blank"">平安银行：融资净偿还3425.81万元，融资余额52.77亿元</a>&nbsp;&nbsp;<font color=""#6f6f6f"">东方财富</font>",neutral,0.02346707
2026-04-30,2026-04-30T03:34:00+00:00,000001.SZ,Ping An Bank - Bing新聞,"Ping An Digital Bank Announces FY2025 Annual Results, Net Interest Income Rose by over 60% YoY, Total Assets Achieved 135% Growth",etnet財經生活網(etnet.com.hk)提供即時港股、期指及夜市報價、即市財經新聞、專家評論、MPF強積金、ETF、基金、窩輪、外匯、地產等頻道。生活內容包括理財、管理、藝術文化、數碼科技、健康親子、飲食旅遊、愛情、消閒購物等資訊。社企廊內容包括專題故事、社企動向、產品服務搜尋及折扣優惠等資訊。,http://www.bing.com/news/apiclick.aspx?ref=FexRss&aid=&tid=69fb168ec8e541c580ef517b48ae6d2d&url=https%3a%2f%2fwww.etnet.com.hk%2fwww%2ftc%2fnews%2fmediaoutreach_news_detail.php%3fnewsid%3d462688&c=2536227547633991544&mkt=zh-tw,Ping An Bank,"Ping An Digital Bank Announces FY2025 Annual Results, Net Interest Income Rose by over 60% YoY, Total Assets Achieved 135% Growth. etnet財經生活網(etnet.com.hk)提供即時港股、期指及夜市報價、即市財經新聞、專家評論、MPF強積金、ETF、基金、窩輪、外匯、地產等頻道。生活內容包括理財、管理、藝術文化、數碼科技、健康親子、飲食旅遊、愛情、消閒購物等資訊。社企廊內容包括專題故事、社企動向、產品服務搜尋及折扣優惠等資訊。",positive,0.8407443
2026-04-30,2026-04-30T03:45:25+00:00,000001.SZ,"""Ping An Bank"" - Google 新闻",银行“押宝”AI：千亿投入背后的金融变局 - 富途牛牛,"<a href=""https://news.google.com/rss/articles/CBMiUkFVX3lxTFBMdmVFR0RPbTJCMUNEVlI2YjBZVEpYckVFSzZ1SFQ2Uk5tVWZ0dTF1R3RMNHZ4YjEyYk1UZmUyR3R2enpNZXFIOURfTW1YYjN4bGc?oc=5"" target=""_blank"">银行“押宝”AI：千亿投入背后的金融变局</a>&nbsp;&nbsp;<font color=""#6f6f6f"">富途牛牛</font>",https://news.google.com/rss/articles/CBMiUkFVX3lxTFBMdmVFR0RPbTJCMUNEVlI2YjBZVEpYckVFSzZ1SFQ2Uk5tVWZ0dTF1R3RMNHZ4YjEyYk1UZmUyR3R2enpNZXFIOURfTW1YYjN4bGc?oc=5,Ping An Bank,"银行“押宝”AI：千亿投入背后的金融变局 - 富途牛牛. <a href=""https://news.google.com/rss/articles/CBMiUkFVX3lxTFBMdmVFR0RPbTJCMUNEVlI2YjBZVEpYckVFSzZ1SFQ2Uk5tVWZ0dTF1R3RMNHZ4YjEyYk1UZmUyR3R2enpNZXFIOURfTW1YYjN4bGc?oc=5"" target=""_blank"">银行“押宝”AI：千亿投入背后的金融变局</a>&nbsp;&nbsp;<font color=""#6f6f6f"">富途牛牛</font>",neutral,0.030571572
2026-04-30,2026-04-30T03:47:18+00:00,000001.SZ,"""平安银行"" - Google 新闻",哪家信用卡好用？平安银行信用卡让省钱成为一种习惯 - 中华网,"<a href=""https://news.google.com/rss/articles/CBMiYkFVX3lxTE9ZRTdyWEFMSTJUQmxtWERvQm11d2VJUjJwaVlYNnpjaTROMEM1aFY4UEs0YmpNNzhGVUhmQ1JkbHZQU29IdDVGNDJ6c1gwdnpILWloRGZyTzZ2c2t0M0JfREhR?oc=5"" target=""_blank"">哪家信用卡好用？平安银行信用卡让省钱成为一种习惯</a>&nbsp;&nbsp;<font color=""#6f6f6f"">中华网</font>",https://news.google.com/rss/articles/CBMiYkFVX3lxTE9ZRTdyWEFMSTJUQmxtWERvQm11d2VJUjJwaVlYNnpjaTROMEM1aFY4UEs0YmpNNzhGVUhmQ1JkbHZQU29IdDVGNDJ6c1gwdnpILWloRGZyTzZ2c2t0M0JfREhR?oc=5,平安银行,"哪家信用卡好用？平安银行信用卡让省钱成为一种习惯 - 中华网. <a href=""https://news.google.com/rss/articles/CBMiYkFVX3lxTE9ZRTdyWEFMSTJUQmxtWERvQm11d2VJUjJwaVlYNnpjaTROMEM1aFY4UEs0YmpNNzhGVUhmQ1JkbHZQU29IdDVGNDJ6c1gwdnpILWloRGZyTzZ2c2t0M0JfREhR?oc=5"" target=""_blank"">哪家信用卡好用？平安银行信用卡让省钱成为一种习惯</a>&nbsp;&nbsp;<font color=""#6f6f6f"">中华网</font>",neutral,0.021013875
2026-04-30,2026-04-30T05:48:29+00:00,000001.SZ,"""平安银行"" - Google 新闻",客户收入认定不审慎 平安银行汽车金融中心及责任人被罚 - 新浪财经,"<a href=""https://news.google.com/rss/articles/CBMifkFVX3lxTFBiTUtzdnpFdUw2WHMzZjlmVEV0am9LR3g3aG5yMWJHREViZXNSWEF0Ulk1cTJTMjVDTm5tbWw1dkl3ZlZwbmhqUE95QzZteEtMZVd0MHNjSmtCOE9vS0NTVUgxU3I2WlJoZ1ZTNi1mdzZFVkNBNHZPWDlMNkFTUQ?oc=5"" target=""_blank"">客户收入认定不审慎 平安银行汽车金融中心及责任人被罚</a>&nbsp;&nbsp;<font color=""#6f6f6f"">新浪财经</font>",https://news.google.com/rss/articles/CBMifkFVX3lxTFBiTUtzdnpFdUw2WHMzZjlmVEV0am9LR3g3aG5yMWJHREViZXNSWEF0Ulk1cTJTMjVDTm5tbWw1dkl3ZlZwbmhqUE95QzZteEtMZVd0MHNjSmtCOE9vS0NTVUgxU3I2WlJoZ1ZTNi1mdzZFVkNBNHZPWDlMNkFTUQ?oc=5,平安银行,"客户收入认定不审慎 平安银行汽车金融中心及责任人被罚 - 新浪财经. <a href=""https://news.google.com/rss/articles/CBMifkFVX3lxTFBiTUtzdnpFdUw2WHMzZjlmVEV0am9LR3g3aG5yMWJHREViZXNSWEF0Ulk1cTJTMjVDTm5tbWw1dkl3ZlZwbmhqUE95QzZteEtMZVd0MHNjSmtCOE9vS0NTVUgxU3I2WlJoZ1ZTNi1mdzZFVkNBNHZPWDlMNkFTUQ?oc=5"" target=""_blank"">客户收入认定不审慎 平安银行汽车金融中心及责任人被罚</a>&nbsp;&nbsp;<font color=""#6f6f6f"">新浪财经</font>",neutral,0.02280362
2026-04-30,2026-04-30T08:18:15+00:00,000001.SZ,"""平安银行"" - Google 新闻",哪家信用卡好用？平安银行信用卡让省钱成为一种习惯 - 六安新闻网,"<a href=""https://news.google.com/rss/articles/CBMiXEFVX3lxTE5DWS1SVk1Rd2RFdnhFSEtNMFltM2lDRDh5d1BhZUY0SzIzMmVIN3RHRm14M0dmbUphQnpIQ2YxYkFISkc1UDhjWEVXZFdCaDNOZXFYZVVONmZuZ2M4?oc=5"" target=""_blank"">哪家信用卡好用？平安银行信用卡让省钱成为一种习惯</a>&nbsp;&nbsp;<font color=""#6f6f6f"">六安新闻网</font>",https://news.google.com/rss/articles/CBMiXEFVX3lxTE5DWS1SVk1Rd2RFdnhFSEtNMFltM2lDRDh5d1BhZUY0SzIzMmVIN3RHRm14M0dmbUphQnpIQ2YxYkFISkc1UDhjWEVXZFdCaDNOZXFYZVVONmZuZ2M4?oc=5,平安银行,"哪家信用卡好用？平安银行信用卡让省钱成为一种习惯 - 六安新闻网. <a href=""https://news.google.com/rss/articles/CBMiXEFVX3lxTE5DWS1SVk1Rd2RFdnhFSEtNMFltM2lDRDh5d1BhZUY0SzIzMmVIN3RHRm14M0dmbUphQnpIQ2YxYkFISkc1UDhjWEVXZFdCaDNOZXFYZVVONmZuZ2M4?oc=5"" target=""_blank"">哪家信用卡好用？平安银行信用卡让省钱成为一种习惯</a>&nbsp;&nbsp;<font color=""#6f6f6f"">六安新闻网</font>",neutral,0.02031501
2026-04-30,2026-04-30T09:30:00+00:00,000001.SZ,"""Ping An Bank"" - Google News","Ping An Digital Bank Announces FY2025 Annual Results, Net Interest Income Rose by over 60% YoY, Total Assets Achieved 135% Growth - Sin Chew Daily","<a href=""https://news.google.com/rss/articles/CBMiakFVX3lxTFBlS1JOSnZUQkV4WWxLS3UzcFdMQ0VEeVVvVkZ3VGUtVjNpU0RzTW9jRjgtOVhSOTJkMVBjQ0ZHb1pTSTBrbTEteUp1amdOZV9jXzNodk55TXlYalg5T05lQ1RNZFVkd3YtZ0E?oc=5"" target=""_blank"">Ping An Digital Bank Announces FY2025 Annual Results, Net Interest Income Rose by over 60% YoY, Total Assets Achieved 135% Growth</a>&nbsp;&nbsp;<font color=""#6f6f6f"">Sin Chew Daily</font>",https://news.google.com/rss/articles/CBMiakFVX3lxTFBlS1JOSnZUQkV4WWxLS3UzcFdMQ0VEeVVvVkZ3VGUtVjNpU0RzTW9jRjgtOVhSOTJkMVBjQ0ZHb1pTSTBrbTEteUp1amdOZV9jXzNodk55TXlYalg5T05lQ1RNZFVkd3YtZ0E?oc=5,Ping An Bank,"Ping An Digital Bank Announces FY2025 Annual Results, Net Interest Income Rose by over 60% YoY, Total Assets Achieved 135% Growth - Sin Chew Daily. <a href=""https://news.google.com/rss/articles/CBMiakFVX3lxTFBlS1JOSnZUQkV4WWxLS3UzcFdMQ0VEeVVvVkZ3VGUtVjNpU0RzTW9jRjgtOVhSOTJkMVBjQ0ZHb1pTSTBrbTEteUp1amdOZV9jXzNodk55TXlYalg5T05lQ1RNZFVkd3YtZ0E?oc=5"" target=""_blank"">Ping An Digital Bank Announces FY2025 Annual Results, Net Interest Income Rose by over 60% YoY, Total Assets Achieved 135% Growth</a>&nbsp;&nbsp;<font color=""#6f6f6f"">Sin Chew Daily</font>",positive,0.9184839
2026-04-30,2026-04-30T09:32:55+00:00,000001.SZ,"""平安银行"" - Google News","Ping An Digital Bank Announces FY2025 Annual Results, Net Interest Income Rose by over 60% YoY, Total Assets Achieved 135% Growth #平安數字銀行 #PingAnDB #AnnualResults - Media OutReach Newswire","<a href=""https://news.google.com/rss/articles/CBMimgJBVV95cUxObzFrU2VfUF80UUdoNnJFM1hLUXJQSkNSN004cEhIOUp4bE5BRkN3VmhoU1BZejhPOEJ3Z1liQ09PQzNValBLLWNVN3VqbkRfVXBlSkZncjVxX19pU2tpRXB2VkVvd0xraGZlbWE1MHJQb0x2TlJWRHhfU2FLbVZCb053M1ZGaXNnNkpEaWxleGZHZDZLVjZTY2hKWXdPRnhERl9FM2l5bE9fZmpscHBaa1Z4LUxzckpvQmFmWlMybXZQVWpkckpnUXVqRDdxX1hnWHVWWkh6Z1BHNjJhVjRKbS1TZ3FaT201dmxFUzBxQ0luVE1keGZWY291OEtBSkRlWGtpcFpCNm40cU1KVFgzMWE0OHFOSlQyZ0E?oc=5"" target=""_blank"">Ping An Digital Bank Announces FY2025 Annual Results, Net Interest Income Rose by over 60% YoY, Total Assets Achieved 135% Growth #平安數字銀行 #PingAnDB #AnnualResults</a>&nbsp;&nbsp;<font color=""#6f6f6f"">Media OutReach Newswire</font>",https://news.google.com/rss/articles/CBMimgJBVV95cUxObzFrU2VfUF80UUdoNnJFM1hLUXJQSkNSN004cEhIOUp4bE5BRkN3VmhoU1BZejhPOEJ3Z1liQ09PQzNValBLLWNVN3VqbkRfVXBlSkZncjVxX19pU2tpRXB2VkVvd0xraGZlbWE1MHJQb0x2TlJWRHhfU2FLbVZCb053M1ZGaXNnNkpEaWxleGZHZDZLVjZTY2hKWXdPRnhERl9FM2l5bE9fZmpscHBaa1Z4LUxzckpvQmFmWlMybXZQVWpkckpnUXVqRDdxX1hnWHVWWkh6Z1BHNjJhVjRKbS1TZ3FaT201dmxFUzBxQ0luVE1keGZWY291OEtBSkRlWGtpcFpCNm40cU1KVFgzMWE0OHFOSlQyZ0E?oc=5,平安银行,"Ping An Digital Bank Announces FY2025 Annual Results, Net Interest Income Rose by over 60% YoY, Total Assets Achieved 135% Growth #平安數字銀行 #PingAnDB #AnnualResults - Media OutReach Newswire. <a href=""https://news.google.com/rss/articles/CBMimgJBVV95cUxObzFrU2VfUF80UUdoNnJFM1hLUXJQSkNSN004cEhIOUp4bE5BRkN3VmhoU1BZejhPOEJ3Z1liQ09PQzNValBLLWNVN3VqbkRfVXBlSkZncjVxX19pU2tpRXB2VkVvd0xraGZlbWE1MHJQb0x2TlJWRHhfU2FLbVZCb053M1ZGaXNnNkpEaWxleGZHZDZLVjZTY2hKWXdPRnhERl9FM2l5bE9fZmpscHBaa1Z4LUxzckpvQmFmWlMybXZQVWpkckpnUXVqRDdxX1hnWHVWWkh6Z1BHNjJhVjRKbS1TZ3FaT201dmxFUzBxQ0luVE1keGZWY291OEtBSkRlWGtpcFpCNm40cU1KVFgzMWE0OHFOSlQyZ0E?oc=5"" target=""_blank"">Ping An Digital Bank Announces FY2025 Annual Results, Net Interest Income Rose by over 60% YoY, Total Assets Achieved 135% Growth #平安數字銀行 #PingAnDB #AnnualResults</a>&nbsp;&nbsp;<font color=""#6f6f6f"">Media OutReach Newswire</font>",positive,0.919351
2026-04-30,2026-04-30T10:17:59+00:00,000001.SZ,"""平安银行"" - Google News",Review of Q1 Earnings Reports from State-Owned and Commercial Banks - Moomoo,"<a href=""https://news.google.com/rss/articles/CBMipgFBVV95cUxQTDJUSFhpRGgtQVVLazFKelpXQ1BlUVAtWWZFdnFZOEFpb0o0ajdRNDRtWWVVUldwWUU0S1ZzaFpmSE9sR0JOd0dSTkpJY3VRRDRYYU5vMjZJYXY5b1ZEME5YUTNqN0xncVF0M1JqQzZSMWtzTDFhYWtvVDlxbkwtLVp3aUtITzdFV2Y1Sm1rMmNMQ2cyYk4xVl9oc2IzYlhRVmhITjVR?oc=5"" target=""_blank"">Review of Q1 Earnings Reports from State-Owned and Commercial Banks</a>&nbsp;&nbsp;<font color=""#6f6f6f"">Moomoo</font>",https://news.google.com/rss/articles/CBMipgFBVV95cUxQTDJUSFhpRGgtQVVLazFKelpXQ1BlUVAtWWZFdnFZOEFpb0o0ajdRNDRtWWVVUldwWUU0S1ZzaFpmSE9sR0JOd0dSTkpJY3VRRDRYYU5vMjZJYXY5b1ZEME5YUTNqN0xncVF0M1JqQzZSMWtzTDFhYWtvVDlxbkwtLVp3aUtITzdFV2Y1Sm1rMmNMQ2cyYk4xVl9oc2IzYlhRVmhITjVR?oc=5,平安银行,"Review of Q1 Earnings Reports from State-Owned and Commercial Banks - Moomoo. <a href=""https://news.google.com/rss/articles/CBMipgFBVV95cUxQTDJUSFhpRGgtQVVLazFKelpXQ1BlUVAtWWZFdnFZOEFpb0o0ajdRNDRtWWVVUldwWUU0S1ZzaFpmSE9sR0JOd0dSTkpJY3VRRDRYYU5vMjZJYXY5b1ZEME5YUTNqN0xncVF0M1JqQzZSMWtzTDFhYWtvVDlxbkwtLVp3aUtITzdFV2Y1Sm1rMmNMQ2cyYk4xVl9oc2IzYlhRVmhITjVR?oc=5"" target=""_blank"">Review of Q1 Earnings Reports from State-Owned and Commercial Banks</a>&nbsp;&nbsp;<font color=""#6f6f6f"">Moomoo</font>",neutral,-0.11180645
2026-04-30,2026-04-30T20:03:45+00:00,000001.SZ,"""平安银行"" - Google 新闻",万商云集广交会 平安银行跨境金融护航企业发展 - 新浪财经,"<a href=""https://news.google.com/rss/articles/CBMieEFVX3lxTE15Wk9IT2hDS2V5RjMxQy1FYk5nRUEtY3B4ZHBlM1JOaTl1aXpUd2xqQTd4a1JqZXNmdmpuUWdVT2thUzVaLVpuTXg5Rm5sdXMtbHlEcTlpZ3NhVjlmblFKOGRHVXJjX0JMRHJabWR4VTN5UXpHQWNBMw?oc=5"" target=""_blank"">万商云集广交会 平安银行跨境金融护航企业发展</a>&nbsp;&nbsp;<font color=""#6f6f6f"">新浪财经</font>",https://news.google.com/rss/articles/CBMieEFVX3lxTE15Wk9IT2hDS2V5RjMxQy1FYk5nRUEtY3B4ZHBlM1JOaTl1aXpUd2xqQTd4a1JqZXNmdmpuUWdVT2thUzVaLVpuTXg5Rm5sdXMtbHlEcTlpZ3NhVjlmblFKOGRHVXJjX0JMRHJabWR4VTN5UXpHQWNBMw?oc=5,平安银行,"万商云集广交会 平安银行跨境金融护航企业发展 - 新浪财经. <a href=""https://news.google.com/rss/articles/CBMieEFVX3lxTE15Wk9IT2hDS2V5RjMxQy1FYk5nRUEtY3B4ZHBlM1JOaTl1aXpUd2xqQTd4a1JqZXNmdmpuUWdVT2thUzVaLVpuTXg5Rm5sdXMtbHlEcTlpZ3NhVjlmblFKOGRHVXJjX0JMRHJabWR4VTN5UXpHQWNBMw?oc=5"" target=""_blank"">万商云集广交会 平安银行跨境金融护航企业发展</a>&nbsp;&nbsp;<font color=""#6f6f6f"">新浪财经</font>",neutral,0.027470473
2026-05-01,2026-05-01T10:16:23+00:00,000001.SZ,"""平安银行"" - Google 新闻",覆盖全球！平安银行全球守护信用卡，出行安全感拉满 - 新浪财经,"<a href=""https://news.google.com/rss/articles/CBMibkFVX3lxTE9UYzlYQld3U214aUE2VFhMMGFoTXNGcUZPVHU1Y21xcWJOak1TTXY0U1hILV94MnpNcVVYVmZVcVltczN1UTFPcWdVTVhfZ1BCd2RGRFY0N2NhRWI4emN4b1E0V1JxTmphc1MtVDdR?oc=5"" target=""_blank"">覆盖全球！平安银行全球守护信用卡，出行安全感拉满</a>&nbsp;&nbsp;<font color=""#6f6f6f"">新浪财经</font>",https://news.google.com/rss/articles/CBMibkFVX3lxTE9UYzlYQld3U214aUE2VFhMMGFoTXNGcUZPVHU1Y21xcWJOak1TTXY0U1hILV94MnpNcVVYVmZVcVltczN1UTFPcWdVTVhfZ1BCd2RGRFY0N2NhRWI4emN4b1E0V1JxTmphc1MtVDdR?oc=5,平安银行,"覆盖全球！平安银行全球守护信用卡，出行安全感拉满 - 新浪财经. <a href=""https://news.google.com/rss/articles/CBMibkFVX3lxTE9UYzlYQld3U214aUE2VFhMMGFoTXNGcUZPVHU1Y21xcWJOak1TTXY0U1hILV94MnpNcVVYVmZVcVltczN1UTFPcWdVTVhfZ1BCd2RGRFY0N2NhRWI4emN4b1E0V1JxTmphc1MtVDdR?oc=5"" target=""_blank"">覆盖全球！平安银行全球守护信用卡，出行安全感拉满</a>&nbsp;&nbsp;<font color=""#6f6f6f"">新浪财经</font>",neutral,0.018741027
2026-05-01,2026-05-01T19:30:54+00:00,000001.SZ,"""平安银行"" - Google 新闻",平安银行获得发明专利授权：“身份证信息的抽取方法、装置、计算机设备及存储介质” - 新浪财经,"<a href=""https://news.google.com/rss/articles/CBMibkFVX3lxTE1DRWdWdzg2OGtBMHFQWENlYnR0eWc4Q1JDMDN5VEVoeFdiMzMwa25WMFJZUWNwLU9tdlNfazBJWll0Y3pDUmNTd3RjLXREeEp0NDFmUVZ4aVE2Q3FSYV9CWEJRemJXeG5IbHA5bjdn?oc=5"" target=""_blank"">平安银行获得发明专利授权：“身份证信息的抽取方法、装置、计算机设备及存储介质”</a>&nbsp;&nbsp;<font color=""#6f6f6f"">新浪财经</font>",https://news.google.com/rss/articles/CBMibkFVX3lxTE1DRWdWdzg2OGtBMHFQWENlYnR0eWc4Q1JDMDN5VEVoeFdiMzMwa25WMFJZUWNwLU9tdlNfazBJWll0Y3pDUmNTd3RjLXREeEp0NDFmUVZ4aVE2Q3FSYV9CWEJRemJXeG5IbHA5bjdn?oc=5,平安银行,"平安银行获得发明专利授权：“身份证信息的抽取方法、装置、计算机设备及存储介质” - 新浪财经. <a href=""https://news.google.com/rss/articles/CBMibkFVX3lxTE1DRWdWdzg2OGtBMHFQWENlYnR0eWc4Q1JDMDN5VEVoeFdiMzMwa25WMFJZUWNwLU9tdlNfazBJWll0Y3pDUmNTd3RjLXREeEp0NDFmUVZ4aVE2Q3FSYV9CWEJRemJXeG5IbHA5bjdn?oc=5"" target=""_blank"">平安银行获得发明专利授权：“身份证信息的抽取方法、装置、计算机设备及存储介质”</a>&nbsp;&nbsp;<font color=""#6f6f6f"">新浪财经</font>",neutral,0.022574456
2026-05-02,2026-05-02T05:51:00+00:00,000001.SZ,平安银行 - Bing新聞,办马卡、领金马！平安银行岁岁平安骏马信用卡“金”喜上市,平安银行信用卡以“步步生花，岁岁平安”为主题首发马年生肖定制产品——平安银行岁岁平安骏马信用卡，并陆续推出一系列促消费活动。新产品以生肖文化为载体，为客户带来365天守护保障以及天天返利消费优惠，助力消费提振，服务美好生活。 马年主题卡面：设计匠心独具，融合传统生肖与现代美学 “岁岁平安骏马信用卡”卡面由知名艺术家胡云峰设计，以“步步生花，岁岁平安”为灵感，描绘火烈奔腾的骏马，姿态昂扬，辅以绶带、 ...,http://www.bing.com/news/apiclick.aspx?ref=FexRss&aid=&tid=69fb1697ba8743c0889fc07426afbc5c&url=https%3a%2f%2fwww.sohu.com%2fa%2f1017643367_120122868&c=17371350597633798736&mkt=zh-tw,平安银行,办马卡、领金马！平安银行岁岁平安骏马信用卡“金”喜上市. 平安银行信用卡以“步步生花，岁岁平安”为主题首发马年生肖定制产品——平安银行岁岁平安骏马信用卡，并陆续推出一系列促消费活动。新产品以生肖文化为载体，为客户带来365天守护保障以及天天返利消费优惠，助力消费提振，服务美好生活。 马年主题卡面：设计匠心独具，融合传统生肖与现代美学 “岁岁平安骏马信用卡”卡面由知名艺术家胡云峰设计，以“步步生花，岁岁平安”为灵感，描绘火烈奔腾的骏马，姿态昂扬，辅以绶带、 ...,neutral,0.094035506
2026-05-02,2026-05-02T14:14:07+00:00,000001.SZ,"""Ping An Bank"" - Google 新闻",2025年银行年报揭晓：大型银行稳坐头把交椅，中小银行分化加剧 - 富途牛牛,"<a href=""https://news.google.com/rss/articles/CBMiUkFVX3lxTE1rckdITGUxRy05QjNXM0ZZTDB1UUhaLUxxc2pWNDBub3FaeWNzRC1yUElxell4WHhGeGgwS1RrdWwxMllWSjJEM2s0NDlGSGd1bkE?oc=5"" target=""_blank"">2025年银行年报揭晓：大型银行稳坐头把交椅，中小银行分化加剧</a>&nbsp;&nbsp;<font color=""#6f6f6f"">富途牛牛</font>",https://news.google.com/rss/articles/CBMiUkFVX3lxTE1rckdITGUxRy05QjNXM0ZZTDB1UUhaLUxxc2pWNDBub3FaeWNzRC1yUElxell4WHhGeGgwS1RrdWwxMllWSjJEM2s0NDlGSGd1bkE?oc=5,Ping An Bank,"2025年银行年报揭晓：大型银行稳坐头把交椅，中小银行分化加剧 - 富途牛牛. <a href=""https://news.google.com/rss/articles/CBMiUkFVX3lxTE1rckdITGUxRy05QjNXM0ZZTDB1UUhaLUxxc2pWNDBub3FaeWNzRC1yUElxell4WHhGeGgwS1RrdWwxMllWSjJEM2s0NDlGSGd1bkE?oc=5"" target=""_blank"">2025年银行年报揭晓：大型银行稳坐头把交椅，中小银行分化加剧</a>&nbsp;&nbsp;<font color=""#6f6f6f"">富途牛牛</font>",neutral,0.012209386
2026-05-03,2026-05-03T08:15:00+00:00,000001.SZ,"""平安银行"" - Google 新闻",一生守护 十分平安 平安银行全球守护信用卡全新上市 - news.tom.com,"<a href=""https://news.google.com/rss/articles/CBMiVkFVX3lxTE1YR3JWX0xPdm5XNkFOcFZPYTlZTEJqdjk5dXh1RlhIZjFhcmtyUks2LUhIYlNmc1k2Z1lLaWtBTmdNRmNHbUN1MWk3VDBhNmo3VjNiWVJR?oc=5"" target=""_blank"">一生守护 十分平安 平安银行全球守护信用卡全新上市</a>&nbsp;&nbsp;<font color=""#6f6f6f"">news.tom.com</font>",https://news.google.com/rss/articles/CBMiVkFVX3lxTE1YR3JWX0xPdm5XNkFOcFZPYTlZTEJqdjk5dXh1RlhIZjFhcmtyUks2LUhIYlNmc1k2Z1lLaWtBTmdNRmNHbUN1MWk3VDBhNmo3VjNiWVJR?oc=5,平安银行,"一生守护 十分平安 平安银行全球守护信用卡全新上市 - news.tom.com. <a href=""https://news.google.com/rss/articles/CBMiVkFVX3lxTE1YR3JWX0xPdm5XNkFOcFZPYTlZTEJqdjk5dXh1RlhIZjFhcmtyUks2LUhIYlNmc1k2Z1lLaWtBTmdNRmNHbUN1MWk3VDBhNmo3VjNiWVJR?oc=5"" target=""_blank"">一生守护 十分平安 平安银行全球守护信用卡全新上市</a>&nbsp;&nbsp;<font color=""#6f6f6f"">news.tom.com</font>",neutral,0.0075824
2026-05-03,2026-05-03T08:22:00+00:00,000001.SZ,"""平安银行"" - Google 新闻",平安银行好车主信用卡加油充电优惠，年省至高720元 - news.tom.com,"<a href=""https://news.google.com/rss/articles/CBMiVkFVX3lxTE93b1FIQjVzeWhjNFp1Y0xBZkJyeXdhWHNsejNqbDNmZEJiMXpLU2JBSGtvMVBweTQ2YWRSdzRrMW9Td2ctQ0l6UWRUR2x4UDFMTktXNzRB?oc=5"" target=""_blank"">平安银行好车主信用卡加油充电优惠，年省至高720元</a>&nbsp;&nbsp;<font color=""#6f6f6f"">news.tom.com</font>",https://news.google.com/rss/articles/CBMiVkFVX3lxTE93b1FIQjVzeWhjNFp1Y0xBZkJyeXdhWHNsejNqbDNmZEJiMXpLU2JBSGtvMVBweTQ2YWRSdzRrMW9Td2ctQ0l6UWRUR2x4UDFMTktXNzRB?oc=5,平安银行,"平安银行好车主信用卡加油充电优惠，年省至高720元 - news.tom.com. <a href=""https://news.google.com/rss/articles/CBMiVkFVX3lxTE93b1FIQjVzeWhjNFp1Y0xBZkJyeXdhWHNsejNqbDNmZEJiMXpLU2JBSGtvMVBweTQ2YWRSdzRrMW9Td2ctQ0l6UWRUR2x4UDFMTktXNzRB?oc=5"" target=""_blank"">平安银行好车主信用卡加油充电优惠，年省至高720元</a>&nbsp;&nbsp;<font color=""#6f6f6f"">news.tom.com</font>",neutral,0.016358621
2026-05-03,2026-05-03T08:26:48+00:00,000001.SZ,"""Ping An Bank"" - Google 新闻",平安银行：关于召开2025年年度股东会的通知 - 富途牛牛,"<a href=""https://news.google.com/rss/articles/CBMingFBVV95cUxPd3Q3ZE5DdTRGSVpld0VWRVFuV3p6YlpWNXpZVTZMS2F3TTN5RERXVnRYNGxBM2tHLTc4c3NodGEtVThYYUhQT1Nld1lmZkNIZDktTHRQNm42Uk1VRUUzVkpiY1JTelExbXRWbmtsSWoyWFJUMHhjQUxQRXl3RWJSMWVwSjhhWXlVQmZHOVlnZEpFcV9sZmRyWHBTaHVRQQ?oc=5"" target=""_blank"">平安银行：关于召开2025年年度股东会的通知</a>&nbsp;&nbsp;<font color=""#6f6f6f"">富途牛牛</font>",https://news.google.com/rss/articles/CBMingFBVV95cUxPd3Q3ZE5DdTRGSVpld0VWRVFuV3p6YlpWNXpZVTZMS2F3TTN5RERXVnRYNGxBM2tHLTc4c3NodGEtVThYYUhQT1Nld1lmZkNIZDktTHRQNm42Uk1VRUUzVkpiY1JTelExbXRWbmtsSWoyWFJUMHhjQUxQRXl3RWJSMWVwSjhhWXlVQmZHOVlnZEpFcV9sZmRyWHBTaHVRQQ?oc=5,Ping An Bank,"平安银行：关于召开2025年年度股东会的通知 - 富途牛牛. <a href=""https://news.google.com/rss/articles/CBMingFBVV95cUxPd3Q3ZE5DdTRGSVpld0VWRVFuV3p6YlpWNXpZVTZMS2F3TTN5RERXVnRYNGxBM2tHLTc4c3NodGEtVThYYUhQT1Nld1lmZkNIZDktTHRQNm42Uk1VRUUzVkpiY1JTelExbXRWbmtsSWoyWFJUMHhjQUxQRXl3RWJSMWVwSjhhWXlVQmZHOVlnZEpFcV9sZmRyWHBTaHVRQQ?oc=5"" target=""_blank"">平安银行：关于召开2025年年度股东会的通知</a>&nbsp;&nbsp;<font color=""#6f6f6f"">富途牛牛</font>",neutral,0.027010772
2026-05-03,2026-05-03T10:10:17+00:00,000001.SZ,"""平安银行"" - Google 新闻",平安银行汽融中心连收两张罚单，汽车贷款余额超3000亿 - 东方财富,"<a href=""https://news.google.com/rss/articles/CBMiYEFVX3lxTFBBNnVkWElDLWgwdng5ZXFkTEswdFFiZHp5S21EWElRVTVXdnM2SUtGM0FPQWhOWnZYeTlQdGdqNnZWNWtoaGh1cWhZODl0TWxPYTBvUGRmOHBvLW1zZFRRVg?oc=5"" target=""_blank"">平安银行汽融中心连收两张罚单，汽车贷款余额超3000亿</a>&nbsp;&nbsp;<font color=""#6f6f6f"">东方财富</font>",https://news.google.com/rss/articles/CBMiYEFVX3lxTFBBNnVkWElDLWgwdng5ZXFkTEswdFFiZHp5S21EWElRVTVXdnM2SUtGM0FPQWhOWnZYeTlQdGdqNnZWNWtoaGh1cWhZODl0TWxPYTBvUGRmOHBvLW1zZFRRVg?oc=5,平安银行,"平安银行汽融中心连收两张罚单，汽车贷款余额超3000亿 - 东方财富. <a href=""https://news.google.com/rss/articles/CBMiYEFVX3lxTFBBNnVkWElDLWgwdng5ZXFkTEswdFFiZHp5S21EWElRVTVXdnM2SUtGM0FPQWhOWnZYeTlQdGdqNnZWNWtoaGh1cWhZODl0TWxPYTBvUGRmOHBvLW1zZFRRVg?oc=5"" target=""_blank"">平安银行汽融中心连收两张罚单，汽车贷款余额超3000亿</a>&nbsp;&nbsp;<font color=""#6f6f6f"">东方财富</font>",neutral,0.017033976
2026-05-03,2026-05-03T10:35:58+00:00,000001.SZ,"""平安银行"" - Google 新闻",平安银行好车主信用卡兼顾油车与电车，多种实用优惠回馈用户 - 中华网,"<a href=""https://news.google.com/rss/articles/CBMibEFVX3lxTE84clJuV1FVYzlGU1VjaU1ZRGhYSWpYV2RKRElxUzdBQ3BvRThZZENOZXAxLWxIbkZMNzE0Z2xLY2tvMWFhMWQ3cGlrYlpLdHdBRUxLTkQyZzB1UTRBWmp1aEV1Z1lQaUhnajh6Wg?oc=5"" target=""_blank"">平安银行好车主信用卡兼顾油车与电车，多种实用优惠回馈用户</a>&nbsp;&nbsp;<font color=""#6f6f6f"">中华网</font>",https://news.google.com/rss/articles/CBMibEFVX3lxTE84clJuV1FVYzlGU1VjaU1ZRGhYSWpYV2RKRElxUzdBQ3BvRThZZENOZXAxLWxIbkZMNzE0Z2xLY2tvMWFhMWQ3cGlrYlpLdHdBRUxLTkQyZzB1UTRBWmp1aEV1Z1lQaUhnajh6Wg?oc=5,平安银行,"平安银行好车主信用卡兼顾油车与电车，多种实用优惠回馈用户 - 中华网. <a href=""https://news.google.com/rss/articles/CBMibEFVX3lxTE84clJuV1FVYzlGU1VjaU1ZRGhYSWpYV2RKRElxUzdBQ3BvRThZZENOZXAxLWxIbkZMNzE0Z2xLY2tvMWFhMWQ3cGlrYlpLdHdBRUxLTkQyZzB1UTRBWmp1aEV1Z1lQaUhnajh6Wg?oc=5"" target=""_blank"">平安银行好车主信用卡兼顾油车与电车，多种实用优惠回馈用户</a>&nbsp;&nbsp;<font color=""#6f6f6f"">中华网</font>",neutral,0.020964455
2026-05-04,2026-05-04T03:15:00+00:00,000001.SZ,"""Ping An Bank"" - Google News",Analysts expect Ping An's earnings to recover in 2026 - Insurance Asia,"<a href=""https://news.google.com/rss/articles/CBMilAFBVV95cUxOVnBKMVMtWkctVDlOa3ZabTk1VHZqdDhJRUd3MVU3dXVzQm12dkppVHRkNVBkQUUtdm5ib1Npc1NicWgxSURCczFYQ0ZhRUNNblRuRm1NUWZuVnFHdV94Yi13aHltQllYVFdIdWRmWE5VZkdMUTdIZk1HaXEwVEdiV3dLeWJkT0wxNXRHNXhIcER1TkN2?oc=5"" target=""_blank"">Analysts expect Ping An's earnings to recover in 2026</a>&nbsp;&nbsp;<font color=""#6f6f6f"">Insurance Asia</font>",https://news.google.com/rss/articles/CBMilAFBVV95cUxOVnBKMVMtWkctVDlOa3ZabTk1VHZqdDhJRUd3MVU3dXVzQm12dkppVHRkNVBkQUUtdm5ib1Npc1NicWgxSURCczFYQ0ZhRUNNblRuRm1NUWZuVnFHdV94Yi13aHltQllYVFdIdWRmWE5VZkdMUTdIZk1HaXEwVEdiV3dLeWJkT0wxNXRHNXhIcER1TkN2?oc=5,Ping An Bank,"Analysts expect Ping An's earnings to recover in 2026 - Insurance Asia. <a href=""https://news.google.com/rss/articles/CBMilAFBVV95cUxOVnBKMVMtWkctVDlOa3ZabTk1VHZqdDhJRUd3MVU3dXVzQm12dkppVHRkNVBkQUUtdm5ib1Npc1NicWgxSURCczFYQ0ZhRUNNblRuRm1NUWZuVnFHdV94Yi13aHltQllYVFdIdWRmWE5VZkdMUTdIZk1HaXEwVEdiV3dLeWJkT0wxNXRHNXhIcER1TkN2?oc=5"" target=""_blank"">Analysts expect Ping An's earnings to recover in 2026</a>&nbsp;&nbsp;<font color=""#6f6f6f"">Insurance Asia</font>",positive,0.7938379
2026-05-04,2026-05-04T06:25:00+00:00,000001.SZ,"""平安银行"" - Google 新闻",平安银行岁岁平安骏马信用卡带来“365天X五大守护” 服务用户美好生活 - news.tom.com,"<a href=""https://news.google.com/rss/articles/CBMiVkFVX3lxTFBROFRuYzgyU0FNZUJoa01oTklHU28wblRDRHZtSnRRV3hKYTEtbURMWG4xVUlqWDBwdmRUc1VTUlJubkNyc0Q1bDUxQlA5NnQ1dm5Sb1l3?oc=5"" target=""_blank"">平安银行岁岁平安骏马信用卡带来“365天X五大守护” 服务用户美好生活</a>&nbsp;&nbsp;<font color=""#6f6f6f"">news.tom.com</font>",https://news.google.com/rss/articles/CBMiVkFVX3lxTFBROFRuYzgyU0FNZUJoa01oTklHU28wblRDRHZtSnRRV3hKYTEtbURMWG4xVUlqWDBwdmRUc1VTUlJubkNyc0Q1bDUxQlA5NnQ1dm5Sb1l3?oc=5,平安银行,"平安银行岁岁平安骏马信用卡带来“365天X五大守护” 服务用户美好生活 - news.tom.com. <a href=""https://news.google.com/rss/articles/CBMiVkFVX3lxTFBROFRuYzgyU0FNZUJoa01oTklHU28wblRDRHZtSnRRV3hKYTEtbURMWG4xVUlqWDBwdmRUc1VTUlJubkNyc0Q1bDUxQlA5NnQ1dm5Sb1l3?oc=5"" target=""_blank"">平安银行岁岁平安骏马信用卡带来“365天X五大守护” 服务用户美好生活</a>&nbsp;&nbsp;<font color=""#6f6f6f"">news.tom.com</font>",neutral,0.013226105
2026-05-04,2026-05-04T06:48:06+00:00,000001.SZ,"""Ping An Bank"" - Google 新闻",楼市“回暖”暂未惠及银行，多家上市银行一季末房贷余额继续下滑 - 富途牛牛,"<a href=""https://news.google.com/rss/articles/CBMimwFBVV95cUxQXzhBYVMxQXlwZ1I0SUNkWHI0VUt0THNFcWNUSXhja2dycUF4b1Q0eGhaSGM2dGQtSHgwcEZoWWk2bUNaNDFiZy1HbDh6d1gwSHRLSjBYdklVRlVocFVqTlB1Wk5lWFpsZE90d0d5SnZIYUNRTnhEMGlsWkluWFFqaFNubWs4R0dtMDdQUTJWRmZpUk5ubXhVWFAzYw?oc=5"" target=""_blank"">楼市“回暖”暂未惠及银行，多家上市银行一季末房贷余额继续下滑</a>&nbsp;&nbsp;<font color=""#6f6f6f"">富途牛牛</font>",https://news.google.com/rss/articles/CBMimwFBVV95cUxQXzhBYVMxQXlwZ1I0SUNkWHI0VUt0THNFcWNUSXhja2dycUF4b1Q0eGhaSGM2dGQtSHgwcEZoWWk2bUNaNDFiZy1HbDh6d1gwSHRLSjBYdklVRlVocFVqTlB1Wk5lWFpsZE90d0d5SnZIYUNRTnhEMGlsWkluWFFqaFNubWs4R0dtMDdQUTJWRmZpUk5ubXhVWFAzYw?oc=5,Ping An Bank,"楼市“回暖”暂未惠及银行，多家上市银行一季末房贷余额继续下滑 - 富途牛牛. <a href=""https://news.google.com/rss/articles/CBMimwFBVV95cUxQXzhBYVMxQXlwZ1I0SUNkWHI0VUt0THNFcWNUSXhja2dycUF4b1Q0eGhaSGM2dGQtSHgwcEZoWWk2bUNaNDFiZy1HbDh6d1gwSHRLSjBYdklVRlVocFVqTlB1Wk5lWFpsZE90d0d5SnZIYUNRTnhEMGlsWkluWFFqaFNubWs4R0dtMDdQUTJWRmZpUk5ubXhVWFAzYw?oc=5"" target=""_blank"">楼市“回暖”暂未惠及银行，多家上市银行一季末房贷余额继续下滑</a>&nbsp;&nbsp;<font color=""#6f6f6f"">富途牛牛</font>",neutral,0.018961757
2026-05-05,2026-05-05T04:03:07+00:00,000001.SZ,"""平安银行"" - Google 新闻",平安银行信用卡上线“天天红包”活动，刷卡消费可享红包礼遇 - 中华网,"<a href=""https://news.google.com/rss/articles/CBMibEFVX3lxTE1EaXlKdC1LUnQwaU51QjZFVXM0LUNyV21wVGtGbTZFWVR6N3dSV1VGS19kMEctYXJYQXRIVkFraGJWU1RLNUJDRjVmbERRazJRR21ZSV9xanVZa19LWVE3STIyeW5ZMjZITE4wQw?oc=5"" target=""_blank"">平安银行信用卡上线“天天红包”活动，刷卡消费可享红包礼遇</a>&nbsp;&nbsp;<font color=""#6f6f6f"">中华网</font>",https://news.google.com/rss/articles/CBMibEFVX3lxTE1EaXlKdC1LUnQwaU51QjZFVXM0LUNyV21wVGtGbTZFWVR6N3dSV1VGS19kMEctYXJYQXRIVkFraGJWU1RLNUJDRjVmbERRazJRR21ZSV9xanVZa19LWVE3STIyeW5ZMjZITE4wQw?oc=5,平安银行,"平安银行信用卡上线“天天红包”活动，刷卡消费可享红包礼遇 - 中华网. <a href=""https://news.google.com/rss/articles/CBMibEFVX3lxTE1EaXlKdC1LUnQwaU51QjZFVXM0LUNyV21wVGtGbTZFWVR6N3dSV1VGS19kMEctYXJYQXRIVkFraGJWU1RLNUJDRjVmbERRazJRR21ZSV9xanVZa19LWVE3STIyeW5ZMjZITE4wQw?oc=5"" target=""_blank"">平安银行信用卡上线“天天红包”活动，刷卡消费可享红包礼遇</a>&nbsp;&nbsp;<font color=""#6f6f6f"">中华网</font>",neutral,0.036724582
2026-05-05,2026-05-05T04:14:00+00:00,000001.SZ,"""Ping An Bank"" - Google News",Citi: Large and Regional CN Banks' 1Q Results Beat; NIM Recovery - AASTOCKS.com,"<a href=""https://news.google.com/rss/articles/CBMicEFVX3lxTFBvLVZEVVc5UldPNWhYaUMtb2ptZEdjM1dZU1BkejN2NVNkcDBiVVNQQ3BrQ2p1Y2U2dWNBbGFXZGNlWnJ5RWhwUXdfajg4bm81MU1GRnJQdTlTUW5KRWpTLUZLS2UtU25TbG91bHRLMFI?oc=5"" target=""_blank"">Citi: Large and Regional CN Banks' 1Q Results Beat; NIM Recovery</a>&nbsp;&nbsp;<font color=""#6f6f6f"">AASTOCKS.com</font>",https://news.google.com/rss/articles/CBMicEFVX3lxTFBvLVZEVVc5UldPNWhYaUMtb2ptZEdjM1dZU1BkejN2NVNkcDBiVVNQQ3BrQ2p1Y2U2dWNBbGFXZGNlWnJ5RWhwUXdfajg4bm81MU1GRnJQdTlTUW5KRWpTLUZLS2UtU25TbG91bHRLMFI?oc=5,Ping An Bank,"Citi: Large and Regional CN Banks' 1Q Results Beat; NIM Recovery - AASTOCKS.com. <a href=""https://news.google.com/rss/articles/CBMicEFVX3lxTFBvLVZEVVc5UldPNWhYaUMtb2ptZEdjM1dZU1BkejN2NVNkcDBiVVNQQ3BrQ2p1Y2U2dWNBbGFXZGNlWnJ5RWhwUXdfajg4bm81MU1GRnJQdTlTUW5KRWpTLUZLS2UtU25TbG91bHRLMFI?oc=5"" target=""_blank"">Citi: Large and Regional CN Banks' 1Q Results Beat; NIM Recovery</a>&nbsp;&nbsp;<font color=""#6f6f6f"">AASTOCKS.com</font>",positive,0.7728675
2026-05-05,2026-05-05T17:53:00+00:00,000001.SZ,平安银行 - Bing新聞,平安港股扫货 国寿A股加仓,邮储银行H股和工商银行H股也是中国平安的“扫货”标的。港交所数据显示，截至2026年4月底，中国平安的三大账户合计持有邮储银行H股股票的比例为50.05%；合计持有工商银行H股股票的比例达54.21%。,http://www.bing.com/news/apiclick.aspx?ref=FexRss&aid=&tid=69fb1697ba8743c0889fc07426afbc5c&url=https%3a%2f%2fwww.21jingji.com%2farticle%2f20260506%2fherald%2f8d4a2fbd3063730b9147760224585313.html&c=6420347636775017390&mkt=zh-tw,平安银行,平安港股扫货 国寿A股加仓. 邮储银行H股和工商银行H股也是中国平安的“扫货”标的。港交所数据显示，截至2026年4月底，中国平安的三大账户合计持有邮储银行H股股票的比例为50.05%；合计持有工商银行H股股票的比例达54.21%。,neutral,0.047619063
2026-05-05,2026-05-05T23:49:00+00:00,000001.SZ,平安银行 - Bing新聞,满分高管谢永林只用30天，打了所有看空平安银行人的脸,4月25日，当平安银行公布了2026年一季度报告时，那些在股价低位抛售股票的股东们追悔莫及。谁也没有想到，3月20日才公布2025年年报的平安银行，时隔仅30余天，就以一季度营收、利润双增的业绩，给坚定看好他们的长期投资者送上了“蜜糖”。更不会想到，平安股价的下跌仅仅在3月21日、23日、24日给出了极短时间的抄底机会， ...,http://www.bing.com/news/apiclick.aspx?ref=FexRss&aid=&tid=69fb1697ba8743c0889fc07426afbc5c&url=https%3a%2f%2fnews.qq.com%2frain%2fa%2f20260506A03SNT00&c=7200856475632595200&mkt=zh-tw,平安银行,满分高管谢永林只用30天，打了所有看空平安银行人的脸. 4月25日，当平安银行公布了2026年一季度报告时，那些在股价低位抛售股票的股东们追悔莫及。谁也没有想到，3月20日才公布2025年年报的平安银行，时隔仅30余天，就以一季度营收、利润双增的业绩，给坚定看好他们的长期投资者送上了“蜜糖”。更不会想到，平安股价的下跌仅仅在3月21日、23日、24日给出了极短时间的抄底机会， ...,neutral,0.06495278
2026-05-06,2026-05-06T00:13:00+00:00,000001.SZ,平安银行 - Bing新聞,加仓不停！“平安系”持农行H股超70%，持国寿H股超30%,中国平安继续南下“扫货”。 近日，联交所最新权益披露资料显示，2026年4月29日，中国人寿（02628.HK）获中国平安保险（集团）股份有限公司在场内以每股均价27.3151港元增持126.6万股，涉资约3458.1万港元。,http://www.bing.com/news/apiclick.aspx?ref=FexRss&aid=&tid=69fb1697ba8743c0889fc07426afbc5c&url=https%3a%2f%2fnews.qq.com%2frain%2fa%2f20260506A05DUA00&c=13570730468107092465&mkt=zh-tw,平安银行,加仓不停！“平安系”持农行H股超70%，持国寿H股超30%. 中国平安继续南下“扫货”。 近日，联交所最新权益披露资料显示，2026年4月29日，中国人寿（02628.HK）获中国平安保险（集团）股份有限公司在场内以每股均价27.3151港元增持126.6万股，涉资约3458.1万港元。,neutral,0.05234827
2026-05-06,2026-05-06T01:46:00+00:00,000001.SZ,平安银行 - Bing新聞,从“能动”到“会干”，平安银行“企望中国行”走进智元机器人,当机器人不再只是春晚舞台上的“表演者”，而是能够在工厂里连续8小时零失误作业的“正式员工”，一场关于生产力的深刻变革正在发生。近日，由平安银行与正和岛联合主办的“企望中国行”企业探访系列活动走进全球领先的通用具身智能与人形机器人企业——智元机器人，携手20余位来自科技、实业、投资等领域的优秀企业家客户，共同开启一场关于“人机共融未来”的探索之旅，深入解码具身智能技术如何从实验室走向产业一线，重新定 ...,http://www.bing.com/news/apiclick.aspx?ref=FexRss&aid=&tid=69fb1697ba8743c0889fc07426afbc5c&url=https%3a%2f%2ffinance.sina.com.cn%2ftech%2froll%2f2026-05-06%2fdoc-inhwycsf8991378.shtml&c=15700985228064698919&mkt=zh-tw,平安银行,从“能动”到“会干”，平安银行“企望中国行”走进智元机器人. 当机器人不再只是春晚舞台上的“表演者”，而是能够在工厂里连续8小时零失误作业的“正式员工”，一场关于生产力的深刻变革正在发生。近日，由平安银行与正和岛联合主办的“企望中国行”企业探访系列活动走进全球领先的通用具身智能与人形机器人企业——智元机器人，携手20余位来自科技、实业、投资等领域的优秀企业家客户，共同开启一场关于“人机共融未来”的探索之旅，深入解码具身智能技术如何从实验室走向产业一线，重新定 ...,neutral,0.07966207
2026-05-06,2026-05-06T02:29:10+00:00,000001.SZ,"""平安银行"" - Google 新闻",平安银行“农险+信贷”首单落地 破解农户融资难题 - 六安新闻网,"<a href=""https://news.google.com/rss/articles/CBMiXEFVX3lxTFBfRVEzc0x4bnk2aGlhY25OeGM1RkhLZDk0Z3hDTWM1QXlGM3ZhUmN6M2p0bDlBczk5QVZKZUtWcFBodVhJOWw2WFBMWXNFRV85TmhaOUM3dHpnOXBU?oc=5"" target=""_blank"">平安银行“农险+信贷”首单落地 破解农户融资难题</a>&nbsp;&nbsp;<font color=""#6f6f6f"">六安新闻网</font>",https://news.google.com/rss/articles/CBMiXEFVX3lxTFBfRVEzc0x4bnk2aGlhY25OeGM1RkhLZDk0Z3hDTWM1QXlGM3ZhUmN6M2p0bDlBczk5QVZKZUtWcFBodVhJOWw2WFBMWXNFRV85TmhaOUM3dHpnOXBU?oc=5,平安银行,"平安银行“农险+信贷”首单落地 破解农户融资难题 - 六安新闻网. <a href=""https://news.google.com/rss/articles/CBMiXEFVX3lxTFBfRVEzc0x4bnk2aGlhY25OeGM1RkhLZDk0Z3hDTWM1QXlGM3ZhUmN6M2p0bDlBczk5QVZKZUtWcFBodVhJOWw2WFBMWXNFRV85TmhaOUM3dHpnOXBU?oc=5"" target=""_blank"">平安银行“农险+信贷”首单落地 破解农户融资难题</a>&nbsp;&nbsp;<font color=""#6f6f6f"">六安新闻网</font>",neutral,0.031528145
2026-05-06,2026-05-06T07:42:33+00:00,000001.SZ,"""平安银行"" - Google 新闻",平安保险，营收利润三连降！ - 凤凰网,"<a href=""https://news.google.com/rss/articles/CBMiSEFVX3lxTFA4V3BYeWVqWEZzYzA1LXFxdkNlNVFSYWZ3VnpWckhtQkYzam5mdkx6SXdVdWtlOFNRYm9lWEJsUEVMYkN5MGhsTg?oc=5"" target=""_blank"">平安保险，营收利润三连降！</a>&nbsp;&nbsp;<font color=""#6f6f6f"">凤凰网</font>",https://news.google.com/rss/articles/CBMiSEFVX3lxTFA4V3BYeWVqWEZzYzA1LXFxdkNlNVFSYWZ3VnpWckhtQkYzam5mdkx6SXdVdWtlOFNRYm9lWEJsUEVMYkN5MGhsTg?oc=5,平安银行,"平安保险，营收利润三连降！ - 凤凰网. <a href=""https://news.google.com/rss/articles/CBMiSEFVX3lxTFA4V3BYeWVqWEZzYzA1LXFxdkNlNVFSYWZ3VnpWckhtQkYzam5mdkx6SXdVdWtlOFNRYm9lWEJsUEVMYkN5MGhsTg?oc=5"" target=""_blank"">平安保险，营收利润三连降！</a>&nbsp;&nbsp;<font color=""#6f6f6f"">凤凰网</font>",neutral,0.0070894994
2026-05-06,2026-05-06T07:42:39+00:00,000001.SZ,"""平安银行"" - Google 新闻",持续升级客户体验，平安银行电话践行省心省时又省钱承诺 - 中华网,"<a href=""https://news.google.com/rss/articles/CBMibkFVX3lxTE10ZzNvcTloNFFBaDZqaWlFV1I1eGZISjNrS1IxdFRGdVlWNENpUHhXZTdKR1VaM0FWTDR3WHlDaENHeWJxaGpKQlVRTW5OT25SMGF4Rnd2SUxyYUNTQ19qTVpISWxuTG0tWDRmUXhn?oc=5"" target=""_blank"">持续升级客户体验，平安银行电话践行省心省时又省钱承诺</a>&nbsp;&nbsp;<font color=""#6f6f6f"">中华网</font>",https://news.google.com/rss/articles/CBMibkFVX3lxTE10ZzNvcTloNFFBaDZqaWlFV1I1eGZISjNrS1IxdFRGdVlWNENpUHhXZTdKR1VaM0FWTDR3WHlDaENHeWJxaGpKQlVRTW5OT25SMGF4Rnd2SUxyYUNTQ19qTVpISWxuTG0tWDRmUXhn?oc=5,平安银行,"持续升级客户体验，平安银行电话践行省心省时又省钱承诺 - 中华网. <a href=""https://news.google.com/rss/articles/CBMibkFVX3lxTE10ZzNvcTloNFFBaDZqaWlFV1I1eGZISjNrS1IxdFRGdVlWNENpUHhXZTdKR1VaM0FWTDR3WHlDaENHeWJxaGpKQlVRTW5OT25SMGF4Rnd2SUxyYUNTQ19qTVpISWxuTG0tWDRmUXhn?oc=5"" target=""_blank"">持续升级客户体验，平安银行电话践行省心省时又省钱承诺</a>&nbsp;&nbsp;<font color=""#6f6f6f"">中华网</font>",neutral,0.021496493
2024-05-23,2024-05-23T07:00:00+00:00,600036.SH,"""600036"" - Google News",Inside Back Cover: Cage-To-Cage Transformations in Self-Assembled Coordination Cages Using “Acid/Base” or “Guest Binding-Induced Strain” as Stimuli (Angew. Chem. Int. Ed. 23/2024) - Wiley Online Library,"<a href=""https://news.google.com/rss/articles/CBMib0FVX3lxTFBkU1I5anVxQU5EeGtUNDZhazBoWmRfTE9LUFpnTXYxSGtsX3pSWERjNnMzdDJMcXJ4SUZVeWdRQ182VjdLc0N6WHRLYnROUkxHalEyOXZONFVmSHB4R3hrT3JTdnhkUUU1RDRTY0JzRQ?oc=5"" target=""_blank"">Inside Back Cover: Cage-To-Cage Transformations in Self-Assembled Coordination Cages Using “Acid/Base” or “Guest Binding-Induced Strain” as Stimuli (Angew. Chem. Int. Ed. 23/2024)</a>&nbsp;&nbsp;<font color=""#6f6f6f"">Wiley Online Library</font>",https://news.google.com/rss/articles/CBMib0FVX3lxTFBkU1I5anVxQU5EeGtUNDZhazBoWmRfTE9LUFpnTXYxSGtsX3pSWERjNnMzdDJMcXJ4SUZVeWdRQ182VjdLc0N6WHRLYnROUkxHalEyOXZONFVmSHB4R3hrT3JTdnhkUUU1RDRTY0JzRQ?oc=5,600036,"Inside Back Cover: Cage-To-Cage Transformations in Self-Assembled Coordination Cages Using “Acid/Base” or “Guest Binding-Induced Strain” as Stimuli (Angew. Chem. Int. Ed. 23/2024) - Wiley Online Library. <a href=""https://news.google.com/rss/articles/CBMib0FVX3lxTFBkU1I5anVxQU5EeGtUNDZhazBoWmRfTE9LUFpnTXYxSGtsX3pSWERjNnMzdDJMcXJ4SUZVeWdRQ182VjdLc0N6WHRLYnROUkxHalEyOXZONFVmSHB4R3hrT3JTdnhkUUU1RDRTY0JzRQ?oc=5"" target=""_blank"">Inside Back Cover: Cage-To-Cage Transformations in Self-Assembled Coordination Cages Using “Acid/Base” or “Guest Binding-Induced Strain” as Stimuli (Angew. Chem. Int. Ed. 23/2024)</a>&nbsp;&nbsp;<font color=""#6f6f6f"">Wiley Online Library</font>",neutral,0.01903466
2024-06-06,2024-06-06T07:00:00+00:00,600036.SH,"""China Merchants Bank"" - Google 新闻",JPMorgan Splashes Out USD422 Million on Hong Kong-Listed Chinese Stocks in Single Day - Yicai Global,"<a href=""https://news.google.com/rss/articles/CBMiugFBVV95cUxOeHFJNVFfRWs1UjRXdzR4bHU1ZTBnb2dvMUtSMFYtZDZfV1FNdks4dzJnZVVjczRiUFRjQVN5ZV91UkltZDZyZkdzTXJ2bkViZEdkRkZrbDF0LUdSelpsSTJUbWhlMWZtMWoydS1WQW5VQkdqU3NaR3NpR1RGNTFJZmlrWWxTSGJTSDNXQmVva3BKUE1GUkpSZU9EWmZqdi1wb2pKNWFucVVfdUlZSWc1WHZLLVlBa0IyRmc?oc=5"" target=""_blank"">JPMorgan Splashes Out USD422 Million on Hong Kong-Listed Chinese Stocks in Single Day</a>&nbsp;&nbsp;<font color=""#6f6f6f"">Yicai Global</font>",https://news.google.com/rss/articles/CBMiugFBVV95cUxOeHFJNVFfRWs1UjRXdzR4bHU1ZTBnb2dvMUtSMFYtZDZfV1FNdks4dzJnZVVjczRiUFRjQVN5ZV91UkltZDZyZkdzTXJ2bkViZEdkRkZrbDF0LUdSelpsSTJUbWhlMWZtMWoydS1WQW5VQkdqU3NaR3NpR1RGNTFJZmlrWWxTSGJTSDNXQmVva3BKUE1GUkpSZU9EWmZqdi1wb2pKNWFucVVfdUlZSWc1WHZLLVlBa0IyRmc?oc=5,China Merchants Bank,"JPMorgan Splashes Out USD422 Million on Hong Kong-Listed Chinese Stocks in Single Day - Yicai Global. <a href=""https://news.google.com/rss/articles/CBMiugFBVV95cUxOeHFJNVFfRWs1UjRXdzR4bHU1ZTBnb2dvMUtSMFYtZDZfV1FNdks4dzJnZVVjczRiUFRjQVN5ZV91UkltZDZyZkdzTXJ2bkViZEdkRkZrbDF0LUdSelpsSTJUbWhlMWZtMWoydS1WQW5VQkdqU3NaR3NpR1RGNTFJZmlrWWxTSGJTSDNXQmVva3BKUE1GUkpSZU9EWmZqdi1wb2pKNWFucVVfdUlZSWc1WHZLLVlBa0IyRmc?oc=5"" target=""_blank"">JPMorgan Splashes Out USD422 Million on Hong Kong-Listed Chinese Stocks in Single Day</a>&nbsp;&nbsp;<font color=""#6f6f6f"">Yicai Global</font>",neutral,0.1913343
2024-08-06,2024-08-06T07:00:00+00:00,600036.SH,"""China Merchants Bank"" - Google 新闻",10 Shenzhen firms make Fortune Global 500 list-Guangdong-Hong Kong-Macao Greater Bay Area - 粤港澳大湾区门户网,"<a href=""https://news.google.com/rss/articles/CBMidkFVX3lxTFBqLVVFd1RBUVNtdWlFa29zNE8ybTZ5cXVXdElnMGVpcVlaSmdjRGttdEZ5SFltcEhMX3BicEJPREJycjhEUXRCNGxVWldOWTFuVGMxdUdtbUFCSGdqTkZYck13RlBLMWJ0a25LaGc5QXdmOEdBSHc?oc=5"" target=""_blank"">10 Shenzhen firms make Fortune Global 500 list-Guangdong-Hong Kong-Macao Greater Bay Area</a>&nbsp;&nbsp;<font color=""#6f6f6f"">粤港澳大湾区门户网</font>",https://news.google.com/rss/articles/CBMidkFVX3lxTFBqLVVFd1RBUVNtdWlFa29zNE8ybTZ5cXVXdElnMGVpcVlaSmdjRGttdEZ5SFltcEhMX3BicEJPREJycjhEUXRCNGxVWldOWTFuVGMxdUdtbUFCSGdqTkZYck13RlBLMWJ0a25LaGc5QXdmOEdBSHc?oc=5,China Merchants Bank,"10 Shenzhen firms make Fortune Global 500 list-Guangdong-Hong Kong-Macao Greater Bay Area - 粤港澳大湾区门户网. <a href=""https://news.google.com/rss/articles/CBMidkFVX3lxTFBqLVVFd1RBUVNtdWlFa29zNE8ybTZ5cXVXdElnMGVpcVlaSmdjRGttdEZ5SFltcEhMX3BicEJPREJycjhEUXRCNGxVWldOWTFuVGMxdUdtbUFCSGdqTkZYck13RlBLMWJ0a25LaGc5QXdmOEdBSHc?oc=5"" target=""_blank"">10 Shenzhen firms make Fortune Global 500 list-Guangdong-Hong Kong-Macao Greater Bay Area</a>&nbsp;&nbsp;<font color=""#6f6f6f"">粤港澳大湾区门户网</font>",neutral,0.041064847
2024-08-21,2024-08-21T07:00:00+00:00,600036.SH,"""招商银行"" - Google News","China Merchants Bank former VP under investigation for violating law, watchdog says - Reuters","<a href=""https://news.google.com/rss/articles/CBMixAFBVV95cUxOdEN1bll2Z0RZczJwS09qODRhbGZiMjgway1YaXF5b19GWnBVbkpfRU5UcHFSZkJpYmlwWmxXa1B5UmZlVVZjRGdhejdIbm52UDFGb1E3Qkd1bVZWLXhWWnZPSXVCZDQ0YVJOMk5IbDcwUUFmaGtmaVdITnNPZFl4OTZJOFJfSVNQR1RuOFFYUFhsZjh0UHVLcnVhRjYyMGlGM3RId3c0SDBMYlF5WGtQYU1JRDZHcTRLaG1OeGxDWUFuTDlI?oc=5"" target=""_blank"">China Merchants Bank former VP under investigation for violating law, watchdog says</a>&nbsp;&nbsp;<font color=""#6f6f6f"">Reuters</font>",https://news.google.com/rss/articles/CBMixAFBVV95cUxOdEN1bll2Z0RZczJwS09qODRhbGZiMjgway1YaXF5b19GWnBVbkpfRU5UcHFSZkJpYmlwWmxXa1B5UmZlVVZjRGdhejdIbm52UDFGb1E3Qkd1bVZWLXhWWnZPSXVCZDQ0YVJOMk5IbDcwUUFmaGtmaVdITnNPZFl4OTZJOFJfSVNQR1RuOFFYUFhsZjh0UHVLcnVhRjYyMGlGM3RId3c0SDBMYlF5WGtQYU1JRDZHcTRLaG1OeGxDWUFuTDlI?oc=5,招商银行,"China Merchants Bank former VP under investigation for violating law, watchdog says - Reuters. <a href=""https://news.google.com/rss/articles/CBMixAFBVV95cUxOdEN1bll2Z0RZczJwS09qODRhbGZiMjgway1YaXF5b19GWnBVbkpfRU5UcHFSZkJpYmlwWmxXa1B5UmZlVVZjRGdhejdIbm52UDFGb1E3Qkd1bVZWLXhWWnZPSXVCZDQ0YVJOMk5IbDcwUUFmaGtmaVdITnNPZFl4OTZJOFJfSVNQR1RuOFFYUFhsZjh0UHVLcnVhRjYyMGlGM3RId3c0SDBMYlF5WGtQYU1JRDZHcTRLaG1OeGxDWUFuTDlI?oc=5"" target=""_blank"">China Merchants Bank former VP under investigation for violating law, watchdog says</a>&nbsp;&nbsp;<font color=""#6f6f6f"">Reuters</font>",negative,-0.50361854
2024-09-11,2024-09-11T07:00:00+00:00,600036.SH,"""China Merchants Bank"" - Google 新闻",China Ramps Up Anti-Corruption Drive in Financial Sector - Yicai Global,"<a href=""https://news.google.com/rss/articles/CBMiugFBVV95cUxPcE9nTFJ0SjMxWXB6eGs5ZlZMcVdQU1M3TFJwdTNBVXlGOTRvQlFvdDFjWS1hcVktWENOT2ZlVGlIM3lpclRBNGxHUXBLcS05c3hfcUJOTVZHZm80M3JLclJ0Vkk2VjJuTkRIMXhwQTdDRmZBTi16ZjhzWFNTTEYyeGZhU1NBQ1I2a3BPREw5UEFheGJYTFVlOXgzbHI1dEg5dFE5Z21ieldsZnlUVldpTDRfRC1ZbjNWOHc?oc=5"" target=""_blank"">China Ramps Up Anti-Corruption Drive in Financial Sector</a>&nbsp;&nbsp;<font color=""#6f6f6f"">Yicai Global</font>",https://news.google.com/rss/articles/CBMiugFBVV95cUxPcE9nTFJ0SjMxWXB6eGs5ZlZMcVdQU1M3TFJwdTNBVXlGOTRvQlFvdDFjWS1hcVktWENOT2ZlVGlIM3lpclRBNGxHUXBLcS05c3hfcUJOTVZHZm80M3JLclJ0Vkk2VjJuTkRIMXhwQTdDRmZBTi16ZjhzWFNTTEYyeGZhU1NBQ1I2a3BPREw5UEFheGJYTFVlOXgzbHI1dEg5dFE5Z21ieldsZnlUVldpTDRfRC1ZbjNWOHc?oc=5,China Merchants Bank,"China Ramps Up Anti-Corruption Drive in Financial Sector - Yicai Global. <a href=""https://news.google.com/rss/articles/CBMiugFBVV95cUxPcE9nTFJ0SjMxWXB6eGs5ZlZMcVdQU1M3TFJwdTNBVXlGOTRvQlFvdDFjWS1hcVktWENOT2ZlVGlIM3lpclRBNGxHUXBLcS05c3hfcUJOTVZHZm80M3JLclJ0Vkk2VjJuTkRIMXhwQTdDRmZBTi16ZjhzWFNTTEYyeGZhU1NBQ1I2a3BPREw5UEFheGJYTFVlOXgzbHI1dEg5dFE5Z21ieldsZnlUVldpTDRfRC1ZbjNWOHc?oc=5"" target=""_blank"">China Ramps Up Anti-Corruption Drive in Financial Sector</a>&nbsp;&nbsp;<font color=""#6f6f6f"">Yicai Global</font>",positive,0.8894829
2024-11-04,2024-11-04T08:00:00+00:00,600036.SH,"""600036"" - Google 新闻",股票行情快报：招商银行（600036）11月4日主力资金净买入4.04亿元_主力研究 - 证券之星,"<a href=""https://news.google.com/rss/articles/CBMiYkFVX3lxTFBJN1VxWlFrbUhBNkFkYlVKRm5EUjMteGpXcGthcV9KMFI2WXBnb0QzdEQ2WThxTFlzcllNU0ltZFBlZWIwcU00ajlLTnZ1N1FNVzZYMnFJVHQ2WDUwMmNob1RB?oc=5"" target=""_blank"">股票行情快报：招商银行（600036）11月4日主力资金净买入4.04亿元_主力研究</a>&nbsp;&nbsp;<font color=""#6f6f6f"">证券之星</font>",https://news.google.com/rss/articles/CBMiYkFVX3lxTFBJN1VxWlFrbUhBNkFkYlVKRm5EUjMteGpXcGthcV9KMFI2WXBnb0QzdEQ2WThxTFlzcllNU0ltZFBlZWIwcU00ajlLTnZ1N1FNVzZYMnFJVHQ2WDUwMmNob1RB?oc=5,600036,"股票行情快报：招商银行（600036）11月4日主力资金净买入4.04亿元_主力研究 - 证券之星. <a href=""https://news.google.com/rss/articles/CBMiYkFVX3lxTFBJN1VxWlFrbUhBNkFkYlVKRm5EUjMteGpXcGthcV9KMFI2WXBnb0QzdEQ2WThxTFlzcllNU0ltZFBlZWIwcU00ajlLTnZ1N1FNVzZYMnFJVHQ2WDUwMmNob1RB?oc=5"" target=""_blank"">股票行情快报：招商银行（600036）11月4日主力资金净买入4.04亿元_主力研究</a>&nbsp;&nbsp;<font color=""#6f6f6f"">证券之星</font>",neutral,0.024352051
2025-03-03,2025-03-03T08:00:00+00:00,600036.SH,"""600036"" - Google 新闻",股票行情快报：招商银行（600036）3月3日主力资金净买入2.04亿元_主力研究 - 证券之星,"<a href=""https://news.google.com/rss/articles/CBMiYkFVX3lxTE43M3Q4SmN3bWNrUzV3SnlqWUdJSnc1VWpDZ3FZUzI5MURzaHdFQWFlcFNhUkVqY2VWSkFlTDVKN3NzcDR3N1A0SldFMmlKLThJemJVaC10a0NqZThLN0ZuRWFn?oc=5"" target=""_blank"">股票行情快报：招商银行（600036）3月3日主力资金净买入2.04亿元_主力研究</a>&nbsp;&nbsp;<font color=""#6f6f6f"">证券之星</font>",https://news.google.com/rss/articles/CBMiYkFVX3lxTE43M3Q4SmN3bWNrUzV3SnlqWUdJSnc1VWpDZ3FZUzI5MURzaHdFQWFlcFNhUkVqY2VWSkFlTDVKN3NzcDR3N1A0SldFMmlKLThJemJVaC10a0NqZThLN0ZuRWFn?oc=5,600036,"股票行情快报：招商银行（600036）3月3日主力资金净买入2.04亿元_主力研究 - 证券之星. <a href=""https://news.google.com/rss/articles/CBMiYkFVX3lxTE43M3Q4SmN3bWNrUzV3SnlqWUdJSnc1VWpDZ3FZUzI5MURzaHdFQWFlcFNhUkVqY2VWSkFlTDVKN3NzcDR3N1A0SldFMmlKLThJemJVaC10a0NqZThLN0ZuRWFn?oc=5"" target=""_blank"">股票行情快报：招商银行（600036）3月3日主力资金净买入2.04亿元_主力研究</a>&nbsp;&nbsp;<font color=""#6f6f6f"">证券之星</font>",neutral,0.027096145
2025-03-31,2025-03-31T07:00:00+00:00,600036.SH,"""China Merchants Bank"" - Google 新闻",【各大银行英文表达】中国银行:Bank of China中国工商银行:Industrial & Commercial Bank of China中国农业银行:Agricultural Bank of China中国建设银行:China Construction Bank中国招商银行:China Merchants Bank交通银行:Bank of Communications花旗银行:Ci - 新浪网,"<a href=""https://news.google.com/rss/articles/CBMiY0FVX3lxTFBVbDlvM1RRQTJSNTgyWXltclN0Z1lmV3ZWd1c1YnNHcTZCVFY5eV95U1hIbDVZUmZVM2VfRENyNlpQWncweUw4Qm9lMXVkNExERnliWmlQNXhvV01ZOE1yQkgwMA?oc=5"" target=""_blank"">【各大银行英文表达】中国银行:Bank of China中国工商银行:Industrial & Commercial Bank of China中国农业银行:Agricultural Bank of China中国建设银行:China Construction Bank中国招商银行:China Merchants Bank交通银行:Bank of Communications花旗银行:Ci</a>&nbsp;&nbsp;<font color=""#6f6f6f"">新浪网</font>",https://news.google.com/rss/articles/CBMiY0FVX3lxTFBVbDlvM1RRQTJSNTgyWXltclN0Z1lmV3ZWd1c1YnNHcTZCVFY5eV95U1hIbDVZUmZVM2VfRENyNlpQWncweUw4Qm9lMXVkNExERnliWmlQNXhvV01ZOE1yQkgwMA?oc=5,China Merchants Bank,"【各大银行英文表达】中国银行:Bank of China中国工商银行:Industrial & Commercial Bank of China中国农业银行:Agricultural Bank of China中国建设银行:China Construction Bank中国招商银行:China Merchants Bank交通银行:Bank of Communications花旗银行:Ci - 新浪网. <a href=""https://news.google.com/rss/articles/CBMiY0FVX3lxTFBVbDlvM1RRQTJSNTgyWXltclN0Z1lmV3ZWd1c1YnNHcTZCVFY5eV95U1hIbDVZUmZVM2VfRENyNlpQWncweUw4Qm9lMXVkNExERnliWmlQNXhvV01ZOE1yQkgwMA?oc=5"" target=""_blank"">【各大银行英文表达】中国银行:Bank of China中国工商银行:Industrial & Commercial Bank of China中国农业银行:Agricultural Bank of China中国建设银行:China Construction Bank中国招商银行:China Merchants Bank交通银行:Bank of Communications花旗银行:Ci</a>&nbsp;&nbsp;<font color=""#6f6f6f"">新浪网</font>",neutral,0.015715336
2025-05-15,2025-05-15T07:00:00+00:00,600036.SH,"""招商银行"" - Google News",【AH股】5月15日A+H股比价 - TradingView,"<a href=""https://news.google.com/rss/articles/CBMigAFBVV95cUxOcGY4eVd5M3NvcWNLc0h0UEdTWGd1Nk5uV1ZzaUQxWnc4WExYa3k2Ym4xSHBYR05EbUh5S2cxam9vNksyMHpDMTcxNVBPRnlKRmlkSHIwbWs0RWxraEtWcmlCZm1mbVpMTVdZUTlnX2NRQXhERF81UGY2bVdiTDZjSA?oc=5"" target=""_blank"">【AH股】5月15日A+H股比价</a>&nbsp;&nbsp;<font color=""#6f6f6f"">TradingView</font>",https://news.google.com/rss/articles/CBMigAFBVV95cUxOcGY4eVd5M3NvcWNLc0h0UEdTWGd1Nk5uV1ZzaUQxWnc4WExYa3k2Ym4xSHBYR05EbUh5S2cxam9vNksyMHpDMTcxNVBPRnlKRmlkSHIwbWs0RWxraEtWcmlCZm1mbVpMTVdZUTlnX2NRQXhERF81UGY2bVdiTDZjSA?oc=5,招商银行,"【AH股】5月15日A+H股比价 - TradingView. <a href=""https://news.google.com/rss/articles/CBMigAFBVV95cUxOcGY4eVd5M3NvcWNLc0h0UEdTWGd1Nk5uV1ZzaUQxWnc4WExYa3k2Ym4xSHBYR05EbUh5S2cxam9vNksyMHpDMTcxNVBPRnlKRmlkSHIwbWs0RWxraEtWcmlCZm1mbVpMTVdZUTlnX2NRQXhERF81UGY2bVdiTDZjSA?oc=5"" target=""_blank"">【AH股】5月15日A+H股比价</a>&nbsp;&nbsp;<font color=""#6f6f6f"">TradingView</font>",neutral,0.03732013
2025-06-16,2025-06-16T07:00:00+00:00,600036.SH,"""600036"" - Google 新闻",股票行情快报：招商银行（600036）6月16日主力资金净买入1.46亿元_主力研究 - 证券之星,"<a href=""https://news.google.com/rss/articles/CBMiYkFVX3lxTFBiQXlvajRKVkVlSjNOZnJHYmNmMm1uWXJ4c21YQUphbzZJbDRGZUZHTW9YNHBHc2ZLSEFHN2VUaF9ScnUwa284OW16Qm5PNVo4dHBnRHl1dWF3Q2lVMmE3Q2dR?oc=5"" target=""_blank"">股票行情快报：招商银行（600036）6月16日主力资金净买入1.46亿元_主力研究</a>&nbsp;&nbsp;<font color=""#6f6f6f"">证券之星</font>",https://news.google.com/rss/articles/CBMiYkFVX3lxTFBiQXlvajRKVkVlSjNOZnJHYmNmMm1uWXJ4c21YQUphbzZJbDRGZUZHTW9YNHBHc2ZLSEFHN2VUaF9ScnUwa284OW16Qm5PNVo4dHBnRHl1dWF3Q2lVMmE3Q2dR?oc=5,600036,"股票行情快报：招商银行（600036）6月16日主力资金净买入1.46亿元_主力研究 - 证券之星. <a href=""https://news.google.com/rss/articles/CBMiYkFVX3lxTFBiQXlvajRKVkVlSjNOZnJHYmNmMm1uWXJ4c21YQUphbzZJbDRGZUZHTW9YNHBHc2ZLSEFHN2VUaF9ScnUwa284OW16Qm5PNVo4dHBnRHl1dWF3Q2lVMmE3Q2dR?oc=5"" target=""_blank"">股票行情快报：招商银行（600036）6月16日主力资金净买入1.46亿元_主力研究</a>&nbsp;&nbsp;<font color=""#6f6f6f"">证券之星</font>",neutral,0.022953512
2025-06-20,2025-06-20T07:00:00+00:00,600036.SH,"""600036"" - Google News",Redox- and NIR-Active Iron(III) Triradicals as Catalysts for Radical Polymerization of Acrylamides and Methacrylates - Wiley Online Library,"<a href=""https://news.google.com/rss/articles/CBMib0FVX3lxTE52ZkZ1TUMxZVp1ZUpFMkJSSEsyaDhDN0c2U2ZUNnVObkVWakNnYUYzdWlpMW9td3hMQXV1QWwyU3NzMGNFcTlpSGhRM0twR1VzM01EaTNvSEdQbE1DR2g1M05wUWpXWVdFSmRteUVvSQ?oc=5"" target=""_blank"">Redox- and NIR-Active Iron(III) Triradicals as Catalysts for Radical Polymerization of Acrylamides and Methacrylates</a>&nbsp;&nbsp;<font color=""#6f6f6f"">Wiley Online Library</font>",https://news.google.com/rss/articles/CBMib0FVX3lxTE52ZkZ1TUMxZVp1ZUpFMkJSSEsyaDhDN0c2U2ZUNnVObkVWakNnYUYzdWlpMW9td3hMQXV1QWwyU3NzMGNFcTlpSGhRM0twR1VzM01EaTNvSEdQbE1DR2g1M05wUWpXWVdFSmRteUVvSQ?oc=5,600036,"Redox- and NIR-Active Iron(III) Triradicals as Catalysts for Radical Polymerization of Acrylamides and Methacrylates - Wiley Online Library. <a href=""https://news.google.com/rss/articles/CBMib0FVX3lxTE52ZkZ1TUMxZVp1ZUpFMkJSSEsyaDhDN0c2U2ZUNnVObkVWakNnYUYzdWlpMW9td3hMQXV1QWwyU3NzMGNFcTlpSGhRM0twR1VzM01EaTNvSEdQbE1DR2g1M05wUWpXWVdFSmRteUVvSQ?oc=5"" target=""_blank"">Redox- and NIR-Active Iron(III) Triradicals as Catalysts for Radical Polymerization of Acrylamides and Methacrylates</a>&nbsp;&nbsp;<font color=""#6f6f6f"">Wiley Online Library</font>",neutral,0.04445453
2025-06-27,2025-06-27T07:00:00+00:00,600036.SH,"""600036"" - Google 新闻",招商银行（600036）新增一起对外投资，被投资公司为上海安路信息科技股份有限公司_公司新闻 - 证券之星,"<a href=""https://news.google.com/rss/articles/CBMiZEFVX3lxTFBsdFNhYnFCTHpKcmI5UFRhX1B2LWFWOVJ6eXVIbnEwRmFnS3ROT2NRZXFOLU5CUjl2MlZCY1RjZWNVMU9seDVtWlE0MW9hSUgwVmRvT3pJOVVyOGxUVF9IZjd3bFQ?oc=5"" target=""_blank"">招商银行（600036）新增一起对外投资，被投资公司为上海安路信息科技股份有限公司_公司新闻</a>&nbsp;&nbsp;<font color=""#6f6f6f"">证券之星</font>",https://news.google.com/rss/articles/CBMiZEFVX3lxTFBsdFNhYnFCTHpKcmI5UFRhX1B2LWFWOVJ6eXVIbnEwRmFnS3ROT2NRZXFOLU5CUjl2MlZCY1RjZWNVMU9seDVtWlE0MW9hSUgwVmRvT3pJOVVyOGxUVF9IZjd3bFQ?oc=5,600036,"招商银行（600036）新增一起对外投资，被投资公司为上海安路信息科技股份有限公司_公司新闻 - 证券之星. <a href=""https://news.google.com/rss/articles/CBMiZEFVX3lxTFBsdFNhYnFCTHpKcmI5UFRhX1B2LWFWOVJ6eXVIbnEwRmFnS3ROT2NRZXFOLU5CUjl2MlZCY1RjZWNVMU9seDVtWlE0MW9hSUgwVmRvT3pJOVVyOGxUVF9IZjd3bFQ?oc=5"" target=""_blank"">招商银行（600036）新增一起对外投资，被投资公司为上海安路信息科技股份有限公司_公司新闻</a>&nbsp;&nbsp;<font color=""#6f6f6f"">证券之星</font>",neutral,0.03068219
2025-06-28,2025-06-28T07:00:00+00:00,600036.SH,"""600036"" - Google 新闻",招商银行（600036）新增一起对外投资，被投资公司为苏州苏大维格科技集团股份有限公司_公司新闻 - 证券之星,"<a href=""https://news.google.com/rss/articles/CBMiZEFVX3lxTE8xQjR0dFRlTDVTbU9nUWZrcXhlLUJ0bTJheTFGZEo5MU9rUGRKeDJvM0d4NXB2R1N6RHM1d1E5TFhqYmdfTVlZRjZzdjd1em15N1ZQNVRqNEpZVWF0V3FtZVJVdWo?oc=5"" target=""_blank"">招商银行（600036）新增一起对外投资，被投资公司为苏州苏大维格科技集团股份有限公司_公司新闻</a>&nbsp;&nbsp;<font color=""#6f6f6f"">证券之星</font>",https://news.google.com/rss/articles/CBMiZEFVX3lxTE8xQjR0dFRlTDVTbU9nUWZrcXhlLUJ0bTJheTFGZEo5MU9rUGRKeDJvM0d4NXB2R1N6RHM1d1E5TFhqYmdfTVlZRjZzdjd1em15N1ZQNVRqNEpZVWF0V3FtZVJVdWo?oc=5,600036,"招商银行（600036）新增一起对外投资，被投资公司为苏州苏大维格科技集团股份有限公司_公司新闻 - 证券之星. <a href=""https://news.google.com/rss/articles/CBMiZEFVX3lxTE8xQjR0dFRlTDVTbU9nUWZrcXhlLUJ0bTJheTFGZEo5MU9rUGRKeDJvM0d4NXB2R1N6RHM1d1E5TFhqYmdfTVlZRjZzdjd1em15N1ZQNVRqNEpZVWF0V3FtZVJVdWo?oc=5"" target=""_blank"">招商银行（600036）新增一起对外投资，被投资公司为苏州苏大维格科技集团股份有限公司_公司新闻</a>&nbsp;&nbsp;<font color=""#6f6f6f"">证券之星</font>",neutral,0.03244315
2025-06-29,2025-06-29T07:00:00+00:00,600036.SH,"""China Merchants Bank"" - Google News",Foster+Partners reveal new China Merchants Bank HQ in Shenzhen - Markets of Tomorrow,"<a href=""https://news.google.com/rss/articles/CBMikwFBVV95cUxOZEh0ZHF4UWo5eEh6cm1vVG1IUHZWSTFkTnZhS2VMb1hvdlQzUXA2TjVhTTJCb3ktWjg2Y3hvMFpmRExwanlwdndMRGUzUDE4cDNINjVjbWZmNHF6WUhGOG9obnF3cEk2SWRxc1ZqaWlfR3VfOWpmeTVESUhlNHYxQzI0T2NxVjJxSU1oaGlES0dJUWc?oc=5"" target=""_blank"">Foster+Partners reveal new China Merchants Bank HQ in Shenzhen</a>&nbsp;&nbsp;<font color=""#6f6f6f"">Markets of Tomorrow</font>",https://news.google.com/rss/articles/CBMikwFBVV95cUxOZEh0ZHF4UWo5eEh6cm1vVG1IUHZWSTFkTnZhS2VMb1hvdlQzUXA2TjVhTTJCb3ktWjg2Y3hvMFpmRExwanlwdndMRGUzUDE4cDNINjVjbWZmNHF6WUhGOG9obnF3cEk2SWRxc1ZqaWlfR3VfOWpmeTVESUhlNHYxQzI0T2NxVjJxSU1oaGlES0dJUWc?oc=5,China Merchants Bank,"Foster+Partners reveal new China Merchants Bank HQ in Shenzhen - Markets of Tomorrow. <a href=""https://news.google.com/rss/articles/CBMikwFBVV95cUxOZEh0ZHF4UWo5eEh6cm1vVG1IUHZWSTFkTnZhS2VMb1hvdlQzUXA2TjVhTTJCb3ktWjg2Y3hvMFpmRExwanlwdndMRGUzUDE4cDNINjVjbWZmNHF6WUhGOG9obnF3cEk2SWRxc1ZqaWlfR3VfOWpmeTVESUhlNHYxQzI0T2NxVjJxSU1oaGlES0dJUWc?oc=5"" target=""_blank"">Foster+Partners reveal new China Merchants Bank HQ in Shenzhen</a>&nbsp;&nbsp;<font color=""#6f6f6f"">Markets of Tomorrow</font>",neutral,0.04272567
2025-07-02,2025-07-02T07:00:00+00:00,600036.SH,"""China Merchants Bank"" - Google News",Foster + Partners reveals photos of China Merchants Bank Headquarters - Dezeen,"<a href=""https://news.google.com/rss/articles/CBMinwFBVV95cUxOaEtqMXRldEl5Q09TRm85UzJwa3dQZFBmRUpTYU9XbFg0QzVidHZGMzA3T1FtNC1WUnBlM2lrNmJNRTZYcE9QVjdVMUxLY0stcHJ3RVZRMEJPY1BuWVdMRXIwclFibWVTc3FtcnlUeWpvOFZZblRWNEhlc0ZaMHcxMTFoNGNuRjJISWlhTGZvOWZQY3c1LUVkaHRlY2dRV1E?oc=5"" target=""_blank"">Foster + Partners reveals photos of China Merchants Bank Headquarters</a>&nbsp;&nbsp;<font color=""#6f6f6f"">Dezeen</font>",https://news.google.com/rss/articles/CBMinwFBVV95cUxOaEtqMXRldEl5Q09TRm85UzJwa3dQZFBmRUpTYU9XbFg0QzVidHZGMzA3T1FtNC1WUnBlM2lrNmJNRTZYcE9QVjdVMUxLY0stcHJ3RVZRMEJPY1BuWVdMRXIwclFibWVTc3FtcnlUeWpvOFZZblRWNEhlc0ZaMHcxMTFoNGNuRjJISWlhTGZvOWZQY3c1LUVkaHRlY2dRV1E?oc=5,China Merchants Bank,"Foster + Partners reveals photos of China Merchants Bank Headquarters - Dezeen. <a href=""https://news.google.com/rss/articles/CBMinwFBVV95cUxOaEtqMXRldEl5Q09TRm85UzJwa3dQZFBmRUpTYU9XbFg0QzVidHZGMzA3T1FtNC1WUnBlM2lrNmJNRTZYcE9QVjdVMUxLY0stcHJ3RVZRMEJPY1BuWVdMRXIwclFibWVTc3FtcnlUeWpvOFZZblRWNEhlc0ZaMHcxMTFoNGNuRjJISWlhTGZvOWZQY3c1LUVkaHRlY2dRV1E?oc=5"" target=""_blank"">Foster + Partners reveals photos of China Merchants Bank Headquarters</a>&nbsp;&nbsp;<font color=""#6f6f6f"">Dezeen</font>",neutral,0.008456437
2025-07-03,2025-07-03T07:00:00+00:00,600036.SH,"""China Merchants Bank"" - Google 新闻","China Merchants Bank: Genehmigung zur Gründung der China Merchants Financial Asset Investment Co., Ltd. erteilt. Das Registerkapital beträgt 15 Milliarden Yuan. - eu.36kr.com","<a href=""https://news.google.com/rss/articles/CBMiYEFVX3lxTFBqZmFROGlXUE5NZmtzbUZyLVhaYmlxY2Rqc1oyYXIybkRzS3phd1JGYTBMZ3NkZ0V4V1lHYUpVMHB4NkRrdWx2VUxZTW9vZS1RdzVTYnhobGxQM2tqSVZTaA?oc=5"" target=""_blank"">China Merchants Bank: Genehmigung zur Gründung der China Merchants Financial Asset Investment Co., Ltd. erteilt. Das Registerkapital beträgt 15 Milliarden Yuan.</a>&nbsp;&nbsp;<font color=""#6f6f6f"">eu.36kr.com</font>",https://news.google.com/rss/articles/CBMiYEFVX3lxTFBqZmFROGlXUE5NZmtzbUZyLVhaYmlxY2Rqc1oyYXIybkRzS3phd1JGYTBMZ3NkZ0V4V1lHYUpVMHB4NkRrdWx2VUxZTW9vZS1RdzVTYnhobGxQM2tqSVZTaA?oc=5,China Merchants Bank,"China Merchants Bank: Genehmigung zur Gründung der China Merchants Financial Asset Investment Co., Ltd. erteilt. Das Registerkapital beträgt 15 Milliarden Yuan. - eu.36kr.com. <a href=""https://news.google.com/rss/articles/CBMiYEFVX3lxTFBqZmFROGlXUE5NZmtzbUZyLVhaYmlxY2Rqc1oyYXIybkRzS3phd1JGYTBMZ3NkZ0V4V1lHYUpVMHB4NkRrdWx2VUxZTW9vZS1RdzVTYnhobGxQM2tqSVZTaA?oc=5"" target=""_blank"">China Merchants Bank: Genehmigung zur Gründung der China Merchants Financial Asset Investment Co., Ltd. erteilt. Das Registerkapital beträgt 15 Milliarden Yuan.</a>&nbsp;&nbsp;<font color=""#6f6f6f"">eu.36kr.com</font>",neutral,0.013326306
2025-07-05,2025-07-05T04:52:52+00:00,600036.SH,"""600036"" - Google 新闻",招商银行(600036)股票预测和分析师评级 - Moomoo,"<a href=""https://news.google.com/rss/articles/CBMiYkFVX3lxTE5NV2k2MzJ0Yl9rSHRRSnNfbnNrNmRGUllFNTFpM2wtdDZRbEZZVHJJZXlSd2FQMFhtd3VqeV9Ec3RGa2d4UENQQzhSSDY0ZHctaV9FdkFEUHFvRnhhdEhhbGVB?oc=5"" target=""_blank"">招商银行(600036)股票预测和分析师评级</a>&nbsp;&nbsp;<font color=""#6f6f6f"">Moomoo</font>",https://news.google.com/rss/articles/CBMiYkFVX3lxTE5NV2k2MzJ0Yl9rSHRRSnNfbnNrNmRGUllFNTFpM2wtdDZRbEZZVHJJZXlSd2FQMFhtd3VqeV9Ec3RGa2d4UENQQzhSSDY0ZHctaV9FdkFEUHFvRnhhdEhhbGVB?oc=5,600036,"招商银行(600036)股票预测和分析师评级 - Moomoo. <a href=""https://news.google.com/rss/articles/CBMiYkFVX3lxTE5NV2k2MzJ0Yl9rSHRRSnNfbnNrNmRGUllFNTFpM2wtdDZRbEZZVHJJZXlSd2FQMFhtd3VqeV9Ec3RGa2d4UENQQzhSSDY0ZHctaV9FdkFEUHFvRnhhdEhhbGVB?oc=5"" target=""_blank"">招商银行(600036)股票预测和分析师评级</a>&nbsp;&nbsp;<font color=""#6f6f6f"">Moomoo</font>",neutral,0.0008410774
2025-07-08,2025-07-08T07:00:00+00:00,600036.SH,"""China Merchants Bank"" - Google News",China Merchants Bank wins Achievement in Liquidity Risk Management in Asia Pacific for its data-driven governance model and robust liquidity safeguards - The Asian Banker,"<a href=""https://news.google.com/rss/articles/CBMijwJBVV95cUxPUVNkcXdMOEdlMnA1Tmo0LXFQLXpDeEZKOUd4ODBYZDRUN05TZHpmZDQ0UnRCQXJ3LW5iZmJ0RDNvb1JqTE1ScVBuUFZQTVJYQTMyd01sSEhNeHN5QUxMUEVrbUkwRnB3VXZud1M3MldqLWMtbjhIZGhpZU1qbFJhTFJzZDd1ckZCeFFzSk1fSDhDTm9FUkxvUVFxc1dfbm0xR1NlNmlyX0lMdk1NQktyczBCSldTRHRuNmlMZGRUUmdRMWFNYnNnVFE4a1F3NXNHSXFZUWxZakpuRFhmenpsMUtTQWYwVDV5Tzd0RmpkS3psU2ptaEhNWXdINlM5RFE2WU1MaWgwWTk0blZKVWZV?oc=5"" target=""_blank"">China Merchants Bank wins Achievement in Liquidity Risk Management in Asia Pacific for its data-driven governance model and robust liquidity safeguards</a>&nbsp;&nbsp;<font color=""#6f6f6f"">The Asian Banker</font>",https://news.google.com/rss/articles/CBMijwJBVV95cUxPUVNkcXdMOEdlMnA1Tmo0LXFQLXpDeEZKOUd4ODBYZDRUN05TZHpmZDQ0UnRCQXJ3LW5iZmJ0RDNvb1JqTE1ScVBuUFZQTVJYQTMyd01sSEhNeHN5QUxMUEVrbUkwRnB3VXZud1M3MldqLWMtbjhIZGhpZU1qbFJhTFJzZDd1ckZCeFFzSk1fSDhDTm9FUkxvUVFxc1dfbm0xR1NlNmlyX0lMdk1NQktyczBCSldTRHRuNmlMZGRUUmdRMWFNYnNnVFE4a1F3NXNHSXFZUWxZakpuRFhmenpsMUtTQWYwVDV5Tzd0RmpkS3psU2ptaEhNWXdINlM5RFE2WU1MaWgwWTk0blZKVWZV?oc=5,China Merchants Bank,"China Merchants Bank wins Achievement in Liquidity Risk Management in Asia Pacific for its data-driven governance model and robust liquidity safeguards - The Asian Banker. <a href=""https://news.google.com/rss/articles/CBMijwJBVV95cUxPUVNkcXdMOEdlMnA1Tmo0LXFQLXpDeEZKOUd4ODBYZDRUN05TZHpmZDQ0UnRCQXJ3LW5iZmJ0RDNvb1JqTE1ScVBuUFZQTVJYQTMyd01sSEhNeHN5QUxMUEVrbUkwRnB3VXZud1M3MldqLWMtbjhIZGhpZU1qbFJhTFJzZDd1ckZCeFFzSk1fSDhDTm9FUkxvUVFxc1dfbm0xR1NlNmlyX0lMdk1NQktyczBCSldTRHRuNmlMZGRUUmdRMWFNYnNnVFE4a1F3NXNHSXFZUWxZakpuRFhmenpsMUtTQWYwVDV5Tzd0RmpkS3psU2ptaEhNWXdINlM5RFE2WU1MaWgwWTk0blZKVWZV?oc=5"" target=""_blank"">China Merchants Bank wins Achievement in Liquidity Risk Management in Asia Pacific for its data-driven governance model and robust liquidity safeguards</a>&nbsp;&nbsp;<font color=""#6f6f6f"">The Asian Banker</font>",positive,0.9182357
2025-07-09,2025-07-09T07:00:00+00:00,600036.SH,"""China Merchants Bank"" - Google News",China Merchants Bank wins Best Big Data and Analytics Initiative in Asia Pacific for comprehensive and data-driven risk management approach - The Asian Banker,"<a href=""https://news.google.com/rss/articles/CBMi_wFBVV95cUxNTlpweUxVT3FXZnA1b1FKanpRWDN3VFFVUnkySG1ldk5Nb2tod3hfb3pOYXZmeXpiUnZ6THJCMDFVN0hRWXJGVUVNQXZRYVdUWE9td2N2WkctVW1KQkhKU2JtZWtKSU5BRGZhMjMzQnlnLU5qc3EyS3BlaThISFp4dFhnSGpHUk90YTVjOEgwX2tmU0pybE1MTTdqaFNzUENGV3FJcXFVVURJM252QTVNVktFZkg5YWdnQklEUmNIOUU5YlNoUjVPSUNsZ0tHM1lRcm9ZRHhSOHc3aG5FNEJIQXh2ZDRtZTJlbEQ4WTFKV3FOcmpVNF9QNkVBQnV6clk?oc=5"" target=""_blank"">China Merchants Bank wins Best Big Data and Analytics Initiative in Asia Pacific for comprehensive and data-driven risk management approach</a>&nbsp;&nbsp;<font color=""#6f6f6f"">The Asian Banker</font>",https://news.google.com/rss/articles/CBMi_wFBVV95cUxNTlpweUxVT3FXZnA1b1FKanpRWDN3VFFVUnkySG1ldk5Nb2tod3hfb3pOYXZmeXpiUnZ6THJCMDFVN0hRWXJGVUVNQXZRYVdUWE9td2N2WkctVW1KQkhKU2JtZWtKSU5BRGZhMjMzQnlnLU5qc3EyS3BlaThISFp4dFhnSGpHUk90YTVjOEgwX2tmU0pybE1MTTdqaFNzUENGV3FJcXFVVURJM252QTVNVktFZkg5YWdnQklEUmNIOUU5YlNoUjVPSUNsZ0tHM1lRcm9ZRHhSOHc3aG5FNEJIQXh2ZDRtZTJlbEQ4WTFKV3FOcmpVNF9QNkVBQnV6clk?oc=5,China Merchants Bank,"China Merchants Bank wins Best Big Data and Analytics Initiative in Asia Pacific for comprehensive and data-driven risk management approach - The Asian Banker. <a href=""https://news.google.com/rss/articles/CBMi_wFBVV95cUxNTlpweUxVT3FXZnA1b1FKanpRWDN3VFFVUnkySG1ldk5Nb2tod3hfb3pOYXZmeXpiUnZ6THJCMDFVN0hRWXJGVUVNQXZRYVdUWE9td2N2WkctVW1KQkhKU2JtZWtKSU5BRGZhMjMzQnlnLU5qc3EyS3BlaThISFp4dFhnSGpHUk90YTVjOEgwX2tmU0pybE1MTTdqaFNzUENGV3FJcXFVVURJM252QTVNVktFZkg5YWdnQklEUmNIOUU5YlNoUjVPSUNsZ0tHM1lRcm9ZRHhSOHc3aG5FNEJIQXh2ZDRtZTJlbEQ4WTFKV3FOcmpVNF9QNkVBQnV6clk?oc=5"" target=""_blank"">China Merchants Bank wins Best Big Data and Analytics Initiative in Asia Pacific for comprehensive and data-driven risk management approach</a>&nbsp;&nbsp;<font color=""#6f6f6f"">The Asian Banker</font>",positive,0.91311634
2025-07-09,2025-07-09T07:00:00+00:00,600036.SH,"""China Merchants Bank"" - Google News",China Merchants Bank recognised as Best Joint Stock Retail Bank in China and Best Retail Bank in China from strong financial performance and digital innovation - The Asian Banker,"<a href=""https://news.google.com/rss/articles/CBMijgJBVV95cUxQMWxKdWVtb09adnRnZzVtYTRzcXRZYnY2NElxb2VfS0tmX0J0MUtoLVduckM5VGRtLWQ5TzJjQkZMZEVINWtuamZJVV9hOGpXZ3Z3ZEcyR1ZsNFJ0VF9MMWMzRlVOVmtiSjQteFk4QnFmakt5WGFsQVBYOFFVTEtHM09fMmpKaGt2WmVfT2VOX0pFWFAzeWlnQzktbU5hQzJqZXJrSzZrSEo3a2FJbnFWd1FnVm5rZmNITHNfWUVXNG05WFQwNU9pWk8wR1dTSlMxY0Jqc2ZnMGI5aWRDbEwyV0NaTXprSkkySWNYVThCTnFRYk0waHh3c1dUelhHb21qUElaeFNRQnJjM01pd2c?oc=5"" target=""_blank"">China Merchants Bank recognised as Best Joint Stock Retail Bank in China and Best Retail Bank in China from strong financial performance and digital innovation</a>&nbsp;&nbsp;<font color=""#6f6f6f"">The Asian Banker</font>",https://news.google.com/rss/articles/CBMijgJBVV95cUxQMWxKdWVtb09adnRnZzVtYTRzcXRZYnY2NElxb2VfS0tmX0J0MUtoLVduckM5VGRtLWQ5TzJjQkZMZEVINWtuamZJVV9hOGpXZ3Z3ZEcyR1ZsNFJ0VF9MMWMzRlVOVmtiSjQteFk4QnFmakt5WGFsQVBYOFFVTEtHM09fMmpKaGt2WmVfT2VOX0pFWFAzeWlnQzktbU5hQzJqZXJrSzZrSEo3a2FJbnFWd1FnVm5rZmNITHNfWUVXNG05WFQwNU9pWk8wR1dTSlMxY0Jqc2ZnMGI5aWRDbEwyV0NaTXprSkkySWNYVThCTnFRYk0waHh3c1dUelhHb21qUElaeFNRQnJjM01pd2c?oc=5,China Merchants Bank,"China Merchants Bank recognised as Best Joint Stock Retail Bank in China and Best Retail Bank in China from strong financial performance and digital innovation - The Asian Banker. <a href=""https://news.google.com/rss/articles/CBMijgJBVV95cUxQMWxKdWVtb09adnRnZzVtYTRzcXRZYnY2NElxb2VfS0tmX0J0MUtoLVduckM5VGRtLWQ5TzJjQkZMZEVINWtuamZJVV9hOGpXZ3Z3ZEcyR1ZsNFJ0VF9MMWMzRlVOVmtiSjQteFk4QnFmakt5WGFsQVBYOFFVTEtHM09fMmpKaGt2WmVfT2VOX0pFWFAzeWlnQzktbU5hQzJqZXJrSzZrSEo3a2FJbnFWd1FnVm5rZmNITHNfWUVXNG05WFQwNU9pWk8wR1dTSlMxY0Jqc2ZnMGI5aWRDbEwyV0NaTXprSkkySWNYVThCTnFRYk0waHh3c1dUelhHb21qUElaeFNRQnJjM01pd2c?oc=5"" target=""_blank"">China Merchants Bank recognised as Best Joint Stock Retail Bank in China and Best Retail Bank in China from strong financial performance and digital innovation</a>&nbsp;&nbsp;<font color=""#6f6f6f"">The Asian Banker</font>",positive,0.8825041
2025-07-09,2025-07-09T07:00:00+00:00,600036.SH,"""China Merchants Bank"" - Google News",China Merchants Bank recognised as Best Wealth Management Bank in China for pioneering digital transformation and comprehensive wealth management solutions - The Asian Banker,"<a href=""https://news.google.com/rss/articles/CBMiiAJBVV95cUxOYWlfeGhLQkNZTHpENmlndXJsa1l0eklXWjR3eEhwUXNVVlgtOUxXbzJPOU1nc21QbzVsR2w2bURfdUgxVGQ0TzRBSHVLNTMwRlFEVlZsMF81VWxfcE9kZ1BsLWdMY2pLLWxxWHZqNUp0RWdvb09WZzRZaUFwUkFncTliaG1yX2VCaF9DalQ1TFZOUjUtZUw0V3ZaYlZ1eWJ4bHhKTFVxalBOOVpjYU5henBac3FyWlZnbWtFWjFWOTdzY3V1b2lTRjlJYl93b3RvMnJXTlNMWUJiVmdEVVFuVFhQZkFqYUppYXNGZ2d4aG5sQllUb19mUHR6VFotM3Njbktta2RYUUI?oc=5"" target=""_blank"">China Merchants Bank recognised as Best Wealth Management Bank in China for pioneering digital transformation and comprehensive wealth management solutions</a>&nbsp;&nbsp;<font color=""#6f6f6f"">The Asian Banker</font>",https://news.google.com/rss/articles/CBMiiAJBVV95cUxOYWlfeGhLQkNZTHpENmlndXJsa1l0eklXWjR3eEhwUXNVVlgtOUxXbzJPOU1nc21QbzVsR2w2bURfdUgxVGQ0TzRBSHVLNTMwRlFEVlZsMF81VWxfcE9kZ1BsLWdMY2pLLWxxWHZqNUp0RWdvb09WZzRZaUFwUkFncTliaG1yX2VCaF9DalQ1TFZOUjUtZUw0V3ZaYlZ1eWJ4bHhKTFVxalBOOVpjYU5henBac3FyWlZnbWtFWjFWOTdzY3V1b2lTRjlJYl93b3RvMnJXTlNMWUJiVmdEVVFuVFhQZkFqYUppYXNGZ2d4aG5sQllUb19mUHR6VFotM3Njbktta2RYUUI?oc=5,China Merchants Bank,"China Merchants Bank recognised as Best Wealth Management Bank in China for pioneering digital transformation and comprehensive wealth management solutions - The Asian Banker. <a href=""https://news.google.com/rss/articles/CBMiiAJBVV95cUxOYWlfeGhLQkNZTHpENmlndXJsa1l0eklXWjR3eEhwUXNVVlgtOUxXbzJPOU1nc21QbzVsR2w2bURfdUgxVGQ0TzRBSHVLNTMwRlFEVlZsMF81VWxfcE9kZ1BsLWdMY2pLLWxxWHZqNUp0RWdvb09WZzRZaUFwUkFncTliaG1yX2VCaF9DalQ1TFZOUjUtZUw0V3ZaYlZ1eWJ4bHhKTFVxalBOOVpjYU5henBac3FyWlZnbWtFWjFWOTdzY3V1b2lTRjlJYl93b3RvMnJXTlNMWUJiVmdEVVFuVFhQZkFqYUppYXNGZ2d4aG5sQllUb19mUHR6VFotM3Njbktta2RYUUI?oc=5"" target=""_blank"">China Merchants Bank recognised as Best Wealth Management Bank in China for pioneering digital transformation and comprehensive wealth management solutions</a>&nbsp;&nbsp;<font color=""#6f6f6f"">The Asian Banker</font>",positive,0.86915594
2025-07-14,2025-07-14T07:00:00+00:00,600036.SH,"""招商银行"" - Google 新闻",五心映红棉 奋进新征程 招商银行广州分行党建品牌宣传片上线 - 新华网,"<a href=""https://news.google.com/rss/articles/CBMifkFVX3lxTE5BMDAwR2ZmYVlRckxQODN1Mk5qX2pPZTlZcVItZWl2VkpMRHd2UHQzZ1ZKLVJOSlhjSnRqbDNrWGhuajJ4VHctX19hR2xQLXV1Vzd2VFJmbUpxUDhrZTE0Y3VMWHc0THJmejRhbWxWY2JZVjBtWjlsQ1JMRU9KQQ?oc=5"" target=""_blank"">五心映红棉 奋进新征程 招商银行广州分行党建品牌宣传片上线</a>&nbsp;&nbsp;<font color=""#6f6f6f"">新华网</font>",https://news.google.com/rss/articles/CBMifkFVX3lxTE5BMDAwR2ZmYVlRckxQODN1Mk5qX2pPZTlZcVItZWl2VkpMRHd2UHQzZ1ZKLVJOSlhjSnRqbDNrWGhuajJ4VHctX19hR2xQLXV1Vzd2VFJmbUpxUDhrZTE0Y3VMWHc0THJmejRhbWxWY2JZVjBtWjlsQ1JMRU9KQQ?oc=5,招商银行,"五心映红棉 奋进新征程 招商银行广州分行党建品牌宣传片上线 - 新华网. <a href=""https://news.google.com/rss/articles/CBMifkFVX3lxTE5BMDAwR2ZmYVlRckxQODN1Mk5qX2pPZTlZcVItZWl2VkpMRHd2UHQzZ1ZKLVJOSlhjSnRqbDNrWGhuajJ4VHctX19hR2xQLXV1Vzd2VFJmbUpxUDhrZTE0Y3VMWHc0THJmejRhbWxWY2JZVjBtWjlsQ1JMRU9KQQ?oc=5"" target=""_blank"">五心映红棉 奋进新征程 招商银行广州分行党建品牌宣传片上线</a>&nbsp;&nbsp;<font color=""#6f6f6f"">新华网</font>",neutral,0.022013083
2025-07-15,2025-07-15T07:00:00+00:00,600036.SH,"""China Merchants Bank"" - Google News",China Merchants Bank’s brokerage arm gets virtual asset licence in Hong Kong - South China Morning Post,"<a href=""https://news.google.com/rss/articles/CBMiyAFBVV95cUxNeDN0MWY3SVZRVlZfNV9uT1BiRlJsbmdidkpBcEFjUkRSem4xVjk4NmpvMTUxNFRYcTZsdUZSdVVXMTliOE5mcUYwaGpjdUZtOXJmRHBTQ09Eel81Y0swTmh2ZU5OOVJSdzdJQnIxcF82U2d2SnVIRmlwZldZRzRNSk93ano3RjlxcE5HUzhvZUl5V2h4UFlLalM2Qi1JSlNXOGRsX0YtX3ZPekkwdzlZR084cWZxcjhwMVg2Y3IzUVduVUJCaTNRWdIByAFBVV95cUxPOTBralEzZDNWdXVoN1VtQVdrcGdqYnBYMVZkM3Y3QmdLenV1VzBBSENHbmRkM0xqbW9FaHZyRFVHN24xM1VBRWFhdEZqNGhxNlRIdzlIVmJwRHU4di00M1M3Q3VncUN5VENaa3R6bjBBd1BWOXg3eTlVUnMtUG50eVJIaXU2SEQ4UVE1cHgtNGZNQWJQejJWSS05aTJQWFA0Z0hGMlBGYVhUcEtvZVhuTGZRZmdieERaUTEwZEdYSDJIcHpLMy12Nw?oc=5"" target=""_blank"">China Merchants Bank’s brokerage arm gets virtual asset licence in Hong Kong</a>&nbsp;&nbsp;<font color=""#6f6f6f"">South China Morning Post</font>",https://news.google.com/rss/articles/CBMiyAFBVV95cUxNeDN0MWY3SVZRVlZfNV9uT1BiRlJsbmdidkpBcEFjUkRSem4xVjk4NmpvMTUxNFRYcTZsdUZSdVVXMTliOE5mcUYwaGpjdUZtOXJmRHBTQ09Eel81Y0swTmh2ZU5OOVJSdzdJQnIxcF82U2d2SnVIRmlwZldZRzRNSk93ano3RjlxcE5HUzhvZUl5V2h4UFlLalM2Qi1JSlNXOGRsX0YtX3ZPekkwdzlZR084cWZxcjhwMVg2Y3IzUVduVUJCaTNRWdIByAFBVV95cUxPOTBralEzZDNWdXVoN1VtQVdrcGdqYnBYMVZkM3Y3QmdLenV1VzBBSENHbmRkM0xqbW9FaHZyRFVHN24xM1VBRWFhdEZqNGhxNlRIdzlIVmJwRHU4di00M1M3Q3VncUN5VENaa3R6bjBBd1BWOXg3eTlVUnMtUG50eVJIaXU2SEQ4UVE1cHgtNGZNQWJQejJWSS05aTJQWFA0Z0hGMlBGYVhUcEtvZVhuTGZRZmdieERaUTEwZEdYSDJIcHpLMy12Nw?oc=5,China Merchants Bank,"China Merchants Bank’s brokerage arm gets virtual asset licence in Hong Kong - South China Morning Post. <a href=""https://news.google.com/rss/articles/CBMiyAFBVV95cUxNeDN0MWY3SVZRVlZfNV9uT1BiRlJsbmdidkpBcEFjUkRSem4xVjk4NmpvMTUxNFRYcTZsdUZSdVVXMTliOE5mcUYwaGpjdUZtOXJmRHBTQ09Eel81Y0swTmh2ZU5OOVJSdzdJQnIxcF82U2d2SnVIRmlwZldZRzRNSk93ano3RjlxcE5HUzhvZUl5V2h4UFlLalM2Qi1JSlNXOGRsX0YtX3ZPekkwdzlZR084cWZxcjhwMVg2Y3IzUVduVUJCaTNRWdIByAFBVV95cUxPOTBralEzZDNWdXVoN1VtQVdrcGdqYnBYMVZkM3Y3QmdLenV1VzBBSENHbmRkM0xqbW9FaHZyRFVHN24xM1VBRWFhdEZqNGhxNlRIdzlIVmJwRHU4di00M1M3Q3VncUN5VENaa3R6bjBBd1BWOXg3eTlVUnMtUG50eVJIaXU2SEQ4UVE1cHgtNGZNQWJQejJWSS05aTJQWFA0Z0hGMlBGYVhUcEtvZVhuTGZRZmdieERaUTEwZEdYSDJIcHpLMy12Nw?oc=5"" target=""_blank"">China Merchants Bank’s brokerage arm gets virtual asset licence in Hong Kong</a>&nbsp;&nbsp;<font color=""#6f6f6f"">South China Morning Post</font>",positive,0.5467075
2025-07-16,2025-07-16T07:00:00+00:00,600036.SH,"""China Merchants Bank"" - Google News",China Merchants Bank’s Brokerage Arm Secures Hong Kong Virtual Assets License: Report - CoinDesk,"<a href=""https://news.google.com/rss/articles/CBMixAFBVV95cUxQMGg4YVl0MG1Mc1RrUnV2aDA3bUdabkdyQTB3ak1kbHJCT3huODAtVmQxOWVxNmNUZW1naDJPWnNvNmY3cDJMNU5rMV9qQjRxNUN3aUJaQ3VXYjZCckhPc25SaWMySmY1UVdBSzloazlMVWhsM0JVaVJBb1B4Y3A5Tk1uZHVHVFFVZXplN2J2WDU3UWhYY1JiczNjb1JiMFhYNkRJVUhGRzVTWUhHcDRXLUJRaWRkVWI3Yk52a003NVJtRENn?oc=5"" target=""_blank"">China Merchants Bank’s Brokerage Arm Secures Hong Kong Virtual Assets License: Report</a>&nbsp;&nbsp;<font color=""#6f6f6f"">CoinDesk</font>",https://news.google.com/rss/articles/CBMixAFBVV95cUxQMGg4YVl0MG1Mc1RrUnV2aDA3bUdabkdyQTB3ak1kbHJCT3huODAtVmQxOWVxNmNUZW1naDJPWnNvNmY3cDJMNU5rMV9qQjRxNUN3aUJaQ3VXYjZCckhPc25SaWMySmY1UVdBSzloazlMVWhsM0JVaVJBb1B4Y3A5Tk1uZHVHVFFVZXplN2J2WDU3UWhYY1JiczNjb1JiMFhYNkRJVUhGRzVTWUhHcDRXLUJRaWRkVWI3Yk52a003NVJtRENn?oc=5,China Merchants Bank,"China Merchants Bank’s Brokerage Arm Secures Hong Kong Virtual Assets License: Report - CoinDesk. <a href=""https://news.google.com/rss/articles/CBMixAFBVV95cUxQMGg4YVl0MG1Mc1RrUnV2aDA3bUdabkdyQTB3ak1kbHJCT3huODAtVmQxOWVxNmNUZW1naDJPWnNvNmY3cDJMNU5rMV9qQjRxNUN3aUJaQ3VXYjZCckhPc25SaWMySmY1UVdBSzloazlMVWhsM0JVaVJBb1B4Y3A5Tk1uZHVHVFFVZXplN2J2WDU3UWhYY1JiczNjb1JiMFhYNkRJVUhGRzVTWUhHcDRXLUJRaWRkVWI3Yk52a003NVJtRENn?oc=5"" target=""_blank"">China Merchants Bank’s Brokerage Arm Secures Hong Kong Virtual Assets License: Report</a>&nbsp;&nbsp;<font color=""#6f6f6f"">CoinDesk</font>",neutral,0.05947075
2025-07-17,2025-07-17T07:00:00+00:00,600036.SH,"""China Merchants Bank"" - Google News",China Merchants Bank Arm Wins Crypto Licence in Hong Kong - Bitcoin News,"<a href=""https://news.google.com/rss/articles/CBMiiwFBVV95cUxONE1KSWNfcVhMZzdVWmJLODctOWxrWHlWT0ViSFNJelYyWktWTUNVN2xWM1MzeV9DWlFQSVktenlsdlFkcDdmeEFsamhnanJ4dVpPQm4xbEJyMHVNVG54bUpqTFo1VnFYVUNTb1Radl85MzFNczJKY1N2bC1WeXluQjhZaC1rb3pXZXlJ?oc=5"" target=""_blank"">China Merchants Bank Arm Wins Crypto Licence in Hong Kong</a>&nbsp;&nbsp;<font color=""#6f6f6f"">Bitcoin News</font>",https://news.google.com/rss/articles/CBMiiwFBVV95cUxONE1KSWNfcVhMZzdVWmJLODctOWxrWHlWT0ViSFNJelYyWktWTUNVN2xWM1MzeV9DWlFQSVktenlsdlFkcDdmeEFsamhnanJ4dVpPQm4xbEJyMHVNVG54bUpqTFo1VnFYVUNTb1Radl85MzFNczJKY1N2bC1WeXluQjhZaC1rb3pXZXlJ?oc=5,China Merchants Bank,"China Merchants Bank Arm Wins Crypto Licence in Hong Kong - Bitcoin News. <a href=""https://news.google.com/rss/articles/CBMiiwFBVV95cUxONE1KSWNfcVhMZzdVWmJLODctOWxrWHlWT0ViSFNJelYyWktWTUNVN2xWM1MzeV9DWlFQSVktenlsdlFkcDdmeEFsamhnanJ4dVpPQm4xbEJyMHVNVG54bUpqTFo1VnFYVUNTb1Radl85MzFNczJKY1N2bC1WeXluQjhZaC1rb3pXZXlJ?oc=5"" target=""_blank"">China Merchants Bank Arm Wins Crypto Licence in Hong Kong</a>&nbsp;&nbsp;<font color=""#6f6f6f"">Bitcoin News</font>",positive,0.5832092
2025-07-18,2025-07-18T07:00:00+00:00,600036.SH,"""China Merchants Bank"" - Google News",Asia’s best bank for consumers 2025: China Merchants Bank - Euromoney,"<a href=""https://news.google.com/rss/articles/CBMi3gFBVV95cUxQdGNvMEZ0cGZrVmQ5T0ZCTU14ZHNtM3VvZFBoT3RVc0g3bElhRXhSc290SXdqQlY2dUZyS3I3MHp6YmEtNnFfV19BYVM1QnZyek83SERmN1NSRTZwcHFtNHdENDRJRm0zdGl4aDg5QUgzcXRRc25lUUxBeXVSYkJGQ05KNGVVaEplZEJsa2FJLWhHY3M2TEZ2VXEwejdleUY0b1ZGc2s5aWdtQnRPMU9QS1g1T2dZOWZDNk1BenU2ME1XN2poOGR0bXR5MGRWb2gtQTZuOU05ampmdU5wbGc?oc=5"" target=""_blank"">Asia’s best bank for consumers 2025: China Merchants Bank</a>&nbsp;&nbsp;<font color=""#6f6f6f"">Euromoney</font>",https://news.google.com/rss/articles/CBMi3gFBVV95cUxQdGNvMEZ0cGZrVmQ5T0ZCTU14ZHNtM3VvZFBoT3RVc0g3bElhRXhSc290SXdqQlY2dUZyS3I3MHp6YmEtNnFfV19BYVM1QnZyek83SERmN1NSRTZwcHFtNHdENDRJRm0zdGl4aDg5QUgzcXRRc25lUUxBeXVSYkJGQ05KNGVVaEplZEJsa2FJLWhHY3M2TEZ2VXEwejdleUY0b1ZGc2s5aWdtQnRPMU9QS1g1T2dZOWZDNk1BenU2ME1XN2poOGR0bXR5MGRWb2gtQTZuOU05ampmdU5wbGc?oc=5,China Merchants Bank,"Asia’s best bank for consumers 2025: China Merchants Bank - Euromoney. <a href=""https://news.google.com/rss/articles/CBMi3gFBVV95cUxQdGNvMEZ0cGZrVmQ5T0ZCTU14ZHNtM3VvZFBoT3RVc0g3bElhRXhSc290SXdqQlY2dUZyS3I3MHp6YmEtNnFfV19BYVM1QnZyek83SERmN1NSRTZwcHFtNHdENDRJRm0zdGl4aDg5QUgzcXRRc25lUUxBeXVSYkJGQ05KNGVVaEplZEJsa2FJLWhHY3M2TEZ2VXEwejdleUY0b1ZGc2s5aWdtQnRPMU9QS1g1T2dZOWZDNk1BenU2ME1XN2poOGR0bXR5MGRWb2gtQTZuOU05ampmdU5wbGc?oc=5"" target=""_blank"">Asia’s best bank for consumers 2025: China Merchants Bank</a>&nbsp;&nbsp;<font color=""#6f6f6f"">Euromoney</font>",neutral,0.1783827
2025-07-22,2025-07-22T07:00:00+00:00,600036.SH,"""600036"" - Google 新闻",股票行情快报：招商银行（600036）7月22日主力资金净买入2.53亿元_主力研究 - 证券之星,"<a href=""https://news.google.com/rss/articles/CBMiYEFVX3lxTE9Gb1p5b2FPXzJYb2RvOWp1YkUtWU5GcmZTeS1TVDBzSl9odkQ2VFVEcmRuSmVVU19SQ0t5WlNDckFxc2wyQUdCWFY2X3dJdjJFWmU5TDY0MG1sU0tyZV9sTg?oc=5"" target=""_blank"">股票行情快报：招商银行（600036）7月22日主力资金净买入2.53亿元_主力研究</a>&nbsp;&nbsp;<font color=""#6f6f6f"">证券之星</font>",https://news.google.com/rss/articles/CBMiYEFVX3lxTE9Gb1p5b2FPXzJYb2RvOWp1YkUtWU5GcmZTeS1TVDBzSl9odkQ2VFVEcmRuSmVVU19SQ0t5WlNDckFxc2wyQUdCWFY2X3dJdjJFWmU5TDY0MG1sU0tyZV9sTg?oc=5,600036,"股票行情快报：招商银行（600036）7月22日主力资金净买入2.53亿元_主力研究 - 证券之星. <a href=""https://news.google.com/rss/articles/CBMiYEFVX3lxTE9Gb1p5b2FPXzJYb2RvOWp1YkUtWU5GcmZTeS1TVDBzSl9odkQ2VFVEcmRuSmVVU19SQ0t5WlNDckFxc2wyQUdCWFY2X3dJdjJFWmU5TDY0MG1sU0tyZV9sTg?oc=5"" target=""_blank"">股票行情快报：招商银行（600036）7月22日主力资金净买入2.53亿元_主力研究</a>&nbsp;&nbsp;<font color=""#6f6f6f"">证券之星</font>",neutral,0.025436925
2025-07-25,2025-07-25T07:00:00+00:00,600036.SH,"""China Merchants Bank"" - Google News",Top 100 Chinese banks 2025: Highlights - TheBanker.com,"<a href=""https://news.google.com/rss/articles/CBMiekFVX3lxTE91TXVpb0JXdnY0ZnR4VGEzM0h1TjhydjNhbG5YME8yY0hjT1pJeVZVRF9RUkFyRXdZaXFtYmlXVXhvQ0wtVThoa1NBV0RqQnBUSE5ZZ1p4dUljZ3lHaWt6SnpYTnF2cEVEY2RZYWN3Tnl4ekhQYnJLZGpB?oc=5"" target=""_blank"">Top 100 Chinese banks 2025: Highlights</a>&nbsp;&nbsp;<font color=""#6f6f6f"">TheBanker.com</font>",https://news.google.com/rss/articles/CBMiekFVX3lxTE91TXVpb0JXdnY0ZnR4VGEzM0h1TjhydjNhbG5YME8yY0hjT1pJeVZVRF9RUkFyRXdZaXFtYmlXVXhvQ0wtVThoa1NBV0RqQnBUSE5ZZ1p4dUljZ3lHaWt6SnpYTnF2cEVEY2RZYWN3Tnl4ekhQYnJLZGpB?oc=5,China Merchants Bank,"Top 100 Chinese banks 2025: Highlights - TheBanker.com. <a href=""https://news.google.com/rss/articles/CBMiekFVX3lxTE91TXVpb0JXdnY0ZnR4VGEzM0h1TjhydjNhbG5YME8yY0hjT1pJeVZVRF9RUkFyRXdZaXFtYmlXVXhvQ0wtVThoa1NBV0RqQnBUSE5ZZ1p4dUljZ3lHaWt6SnpYTnF2cEVEY2RZYWN3Tnl4ekhQYnJLZGpB?oc=5"" target=""_blank"">Top 100 Chinese banks 2025: Highlights</a>&nbsp;&nbsp;<font color=""#6f6f6f"">TheBanker.com</font>",neutral,0.029484564
2025-07-25,2025-07-25T07:00:00+00:00,600036.SH,"""China Merchants Bank"" - Google News",Top 100 Chinese banks 2025: Rankings and performance - TheBanker.com,"<a href=""https://news.google.com/rss/articles/CBMiekFVX3lxTE9lWENpcDJKd09lNXN4cWdwZ0JLNXl2UTBfNXhVOXVZcXNxbzhhSFR1eUpGQWdpcVZHN3JxQ3U4M0ZfV19NN3pxUFBtd2xTVW5xRkZYLUpOeDVtWnlDYnBWNEN5TUp3ZnpMUmhvRXYtOW5VTVV6eVg2NUln?oc=5"" target=""_blank"">Top 100 Chinese banks 2025: Rankings and performance</a>&nbsp;&nbsp;<font color=""#6f6f6f"">TheBanker.com</font>",https://news.google.com/rss/articles/CBMiekFVX3lxTE9lWENpcDJKd09lNXN4cWdwZ0JLNXl2UTBfNXhVOXVZcXNxbzhhSFR1eUpGQWdpcVZHN3JxQ3U4M0ZfV19NN3pxUFBtd2xTVW5xRkZYLUpOeDVtWnlDYnBWNEN5TUp3ZnpMUmhvRXYtOW5VTVV6eVg2NUln?oc=5,China Merchants Bank,"Top 100 Chinese banks 2025: Rankings and performance - TheBanker.com. <a href=""https://news.google.com/rss/articles/CBMiekFVX3lxTE9lWENpcDJKd09lNXN4cWdwZ0JLNXl2UTBfNXhVOXVZcXNxbzhhSFR1eUpGQWdpcVZHN3JxQ3U4M0ZfV19NN3pxUFBtd2xTVW5xRkZYLUpOeDVtWnlDYnBWNEN5TUp3ZnpMUmhvRXYtOW5VTVV6eVg2NUln?oc=5"" target=""_blank"">Top 100 Chinese banks 2025: Rankings and performance</a>&nbsp;&nbsp;<font color=""#6f6f6f"">TheBanker.com</font>",neutral,0.041069165
2025-07-29,2025-07-29T07:00:00+00:00,600036.SH,"""China Merchants Bank"" - Google News","China Merchants Bank (CIHKY): Company Profile, Stock Price, News, Rankings - Fortune","<a href=""https://news.google.com/rss/articles/CBMiXkFVX3lxTE5WN3pKY1ZCTHBMSmdib3h3UkhhdFgtWll6QjBnZHJ0bmZsUTM3YzIzRktJSkEtWlFpdUE4a2hKYUlKRHRSWUNVSFFVdG5Ic1JRMmZ2ODdSWG5PWkk1dlE?oc=5"" target=""_blank"">China Merchants Bank (CIHKY): Company Profile, Stock Price, News, Rankings</a>&nbsp;&nbsp;<font color=""#6f6f6f"">Fortune</font>",https://news.google.com/rss/articles/CBMiXkFVX3lxTE5WN3pKY1ZCTHBMSmdib3h3UkhhdFgtWll6QjBnZHJ0bmZsUTM3YzIzRktJSkEtWlFpdUE4a2hKYUlKRHRSWUNVSFFVdG5Ic1JRMmZ2ODdSWG5PWkk1dlE?oc=5,China Merchants Bank,"China Merchants Bank (CIHKY): Company Profile, Stock Price, News, Rankings - Fortune. <a href=""https://news.google.com/rss/articles/CBMiXkFVX3lxTE5WN3pKY1ZCTHBMSmdib3h3UkhhdFgtWll6QjBnZHJ0bmZsUTM3YzIzRktJSkEtWlFpdUE4a2hKYUlKRHRSWUNVSFFVdG5Ic1JRMmZ2ODdSWG5PWkk1dlE?oc=5"" target=""_blank"">China Merchants Bank (CIHKY): Company Profile, Stock Price, News, Rankings</a>&nbsp;&nbsp;<font color=""#6f6f6f"">Fortune</font>",neutral,0.03993707
2025-08-13,2025-08-13T07:00:00+00:00,600036.SH,"""China Merchants Bank"" - Google News",CMB Intl Asset Management launches tokenized MMF with DigiFT - ledgerinsights.com,"<a href=""https://news.google.com/rss/articles/CBMilwFBVV95cUxOZFZ4Vk9pN1NSNlpIVUFnTE9za04zV0NnSGZncnFrX3FjUDR3WEctaG9PaVpxcTNsZWdQakVHSkV4c1QyaWt0d2lUMHFtTDBOcnNoTkVpUHlxYlpnTW5aZWUxMjl0VmtBR29aRUxHcG0tbi1JSXpmektCR1l0VkVRMGR1NEEySm9SX0pDN3lfWjItcEVndmxz?oc=5"" target=""_blank"">CMB Intl Asset Management launches tokenized MMF with DigiFT</a>&nbsp;&nbsp;<font color=""#6f6f6f"">ledgerinsights.com</font>",https://news.google.com/rss/articles/CBMilwFBVV95cUxOZFZ4Vk9pN1NSNlpIVUFnTE9za04zV0NnSGZncnFrX3FjUDR3WEctaG9PaVpxcTNsZWdQakVHSkV4c1QyaWt0d2lUMHFtTDBOcnNoTkVpUHlxYlpnTW5aZWUxMjl0VmtBR29aRUxHcG0tbi1JSXpmektCR1l0VkVRMGR1NEEySm9SX0pDN3lfWjItcEVndmxz?oc=5,China Merchants Bank,"CMB Intl Asset Management launches tokenized MMF with DigiFT - ledgerinsights.com. <a href=""https://news.google.com/rss/articles/CBMilwFBVV95cUxOZFZ4Vk9pN1NSNlpIVUFnTE9za04zV0NnSGZncnFrX3FjUDR3WEctaG9PaVpxcTNsZWdQakVHSkV4c1QyaWt0d2lUMHFtTDBOcnNoTkVpUHlxYlpnTW5aZWUxMjl0VmtBR29aRUxHcG0tbi1JSXpmektCR1l0VkVRMGR1NEEySm9SX0pDN3lfWjItcEVndmxz?oc=5"" target=""_blank"">CMB Intl Asset Management launches tokenized MMF with DigiFT</a>&nbsp;&nbsp;<font color=""#6f6f6f"">ledgerinsights.com</font>",neutral,0.10082829
2025-08-17,2025-08-17T07:00:00+00:00,600036.SH,"""China Merchants Bank"" - Google News",China Merchants Bank unit ventures into crypto through Hong Kong gateway - Bitget,"<a href=""https://news.google.com/rss/articles/CBMiXkFVX3lxTE5CSjUxOXNHbGhwQXZHSVNDbnFRdTZvTmVXc21UTVZkdTZiOUZ1N0JfSkVfM0xMcEQ0YndHc2dBazU1V1dtOFRqMnFIdmhEVzZuZzJ5NnNzcUphVEFyYVHSAWNBVV95cUxPRDZKQV82N19fTG94Q2VlVmNfNllGS1RGTFo1YWRFVDk1b2FHcXhFSWEwNTBxSmd5MVc2Z3g4bDU3cHJ4bTVOV2hLYS1aMnY1ejVKMU1lZWdUcjN2M3RzbTF1MUU?oc=5"" target=""_blank"">China Merchants Bank unit ventures into crypto through Hong Kong gateway</a>&nbsp;&nbsp;<font color=""#6f6f6f"">Bitget</font>",https://news.google.com/rss/articles/CBMiXkFVX3lxTE5CSjUxOXNHbGhwQXZHSVNDbnFRdTZvTmVXc21UTVZkdTZiOUZ1N0JfSkVfM0xMcEQ0YndHc2dBazU1V1dtOFRqMnFIdmhEVzZuZzJ5NnNzcUphVEFyYVHSAWNBVV95cUxPRDZKQV82N19fTG94Q2VlVmNfNllGS1RGTFo1YWRFVDk1b2FHcXhFSWEwNTBxSmd5MVc2Z3g4bDU3cHJ4bTVOV2hLYS1aMnY1ejVKMU1lZWdUcjN2M3RzbTF1MUU?oc=5,China Merchants Bank,"China Merchants Bank unit ventures into crypto through Hong Kong gateway - Bitget. <a href=""https://news.google.com/rss/articles/CBMiXkFVX3lxTE5CSjUxOXNHbGhwQXZHSVNDbnFRdTZvTmVXc21UTVZkdTZiOUZ1N0JfSkVfM0xMcEQ0YndHc2dBazU1V1dtOFRqMnFIdmhEVzZuZzJ5NnNzcUphVEFyYVHSAWNBVV95cUxPRDZKQV82N19fTG94Q2VlVmNfNllGS1RGTFo1YWRFVDk1b2FHcXhFSWEwNTBxSmd5MVc2Z3g4bDU3cHJ4bTVOV2hLYS1aMnY1ejVKMU1lZWdUcjN2M3RzbTF1MUU?oc=5"" target=""_blank"">China Merchants Bank unit ventures into crypto through Hong Kong gateway</a>&nbsp;&nbsp;<font color=""#6f6f6f"">Bitget</font>",neutral,0.058027603
2025-08-18,2025-08-18T07:00:00+00:00,600036.SH,"""China Merchants Bank"" - Google News",China Merchants Bank subsidiary launches crypto exchange in Hong Kong - TradingView,"<a href=""https://news.google.com/rss/articles/CBMizgFBVV95cUxOWW5Xb1ZaWml3cEpwMWJISUVYX3dIRkdBd2luUUl5LTRzR1JtOU9oRGJNblpfa1pFZVZzdDItRkdGZ3VGc2tjRERoQWhpaThFSlZBNGdsWjdxUGY5RFp3RWxVRmg1VWEwVFdCdU91UW5ndHRZMHQxdTdLR3ppT0R6Q2NhMy16R2J5VEhaMUV6NGZybFpiTVFkNHZCU2FhblJBV0Y4S3NqODhzbGFTWXBRWm1xQzk2cXlqdXRlOWhKVmhCMWV6bHZoZEtlQ3lPZw?oc=5"" target=""_blank"">China Merchants Bank subsidiary launches crypto exchange in Hong Kong</a>&nbsp;&nbsp;<font color=""#6f6f6f"">TradingView</font>",https://news.google.com/rss/articles/CBMizgFBVV95cUxOWW5Xb1ZaWml3cEpwMWJISUVYX3dIRkdBd2luUUl5LTRzR1JtOU9oRGJNblpfa1pFZVZzdDItRkdGZ3VGc2tjRERoQWhpaThFSlZBNGdsWjdxUGY5RFp3RWxVRmg1VWEwVFdCdU91UW5ndHRZMHQxdTdLR3ppT0R6Q2NhMy16R2J5VEhaMUV6NGZybFpiTVFkNHZCU2FhblJBV0Y4S3NqODhzbGFTWXBRWm1xQzk2cXlqdXRlOWhKVmhCMWV6bHZoZEtlQ3lPZw?oc=5,China Merchants Bank,"China Merchants Bank subsidiary launches crypto exchange in Hong Kong - TradingView. <a href=""https://news.google.com/rss/articles/CBMizgFBVV95cUxOWW5Xb1ZaWml3cEpwMWJISUVYX3dIRkdBd2luUUl5LTRzR1JtOU9oRGJNblpfa1pFZVZzdDItRkdGZ3VGc2tjRERoQWhpaThFSlZBNGdsWjdxUGY5RFp3RWxVRmg1VWEwVFdCdU91UW5ndHRZMHQxdTdLR3ppT0R6Q2NhMy16R2J5VEhaMUV6NGZybFpiTVFkNHZCU2FhblJBV0Y4S3NqODhzbGFTWXBRWm1xQzk2cXlqdXRlOWhKVmhCMWV6bHZoZEtlQ3lPZw?oc=5"" target=""_blank"">China Merchants Bank subsidiary launches crypto exchange in Hong Kong</a>&nbsp;&nbsp;<font color=""#6f6f6f"">TradingView</font>",neutral,0.054596998
2025-08-18,2025-08-18T07:00:00+00:00,600036.SH,"""China Merchants Bank"" - Google News",Top 5 Chinese bank pioneers crypto services - Binance,"<a href=""https://news.google.com/rss/articles/CBMiY0FVX3lxTE5EMGFzd1FsR013eXc1MlZ2SlBZa0YyMkZFMFRidDJENUJRUzdVcGpzY0tjTWdqUjhlcjFNR1pFMVZNR2xIbjE4bG03NVhtN0FXOWFLYzVJaU9ENlRqeFQ5NjAzNA?oc=5"" target=""_blank"">Top 5 Chinese bank pioneers crypto services</a>&nbsp;&nbsp;<font color=""#6f6f6f"">Binance</font>",https://news.google.com/rss/articles/CBMiY0FVX3lxTE5EMGFzd1FsR013eXc1MlZ2SlBZa0YyMkZFMFRidDJENUJRUzdVcGpzY0tjTWdqUjhlcjFNR1pFMVZNR2xIbjE4bG03NVhtN0FXOWFLYzVJaU9ENlRqeFQ5NjAzNA?oc=5,China Merchants Bank,"Top 5 Chinese bank pioneers crypto services - Binance. <a href=""https://news.google.com/rss/articles/CBMiY0FVX3lxTE5EMGFzd1FsR013eXc1MlZ2SlBZa0YyMkZFMFRidDJENUJRUzdVcGpzY0tjTWdqUjhlcjFNR1pFMVZNR2xIbjE4bG03NVhtN0FXOWFLYzVJaU9ENlRqeFQ5NjAzNA?oc=5"" target=""_blank"">Top 5 Chinese bank pioneers crypto services</a>&nbsp;&nbsp;<font color=""#6f6f6f"">Binance</font>",neutral,0.056388453
2025-08-21,2025-08-21T07:00:00+00:00,600036.SH,"""China Merchants Bank"" - Google News",CMB International Securities sets up crypto exchange in Hong Kong - Asset Servicing Times,"<a href=""https://news.google.com/rss/articles/CBMilAFBVV95cUxOTGVpTjFPd0xEem9qN0d0SVVSc2k2UE5ZRHpYRFI5eWlFS3ZicUR1cmdoV0hadFlSWlpSRWh3RXFkZ2tFZHR5c0VQNmNIMnJWaVhNeGl3MllYeElGOVJEbEk1aTZ5amM0ZnBReXNSYjc1YTk4RFhoWUk5bk8xTVVHaW1yMVpPeWdhVXFoenZ1c0pnN2I3?oc=5"" target=""_blank"">CMB International Securities sets up crypto exchange in Hong Kong</a>&nbsp;&nbsp;<font color=""#6f6f6f"">Asset Servicing Times</font>",https://news.google.com/rss/articles/CBMilAFBVV95cUxOTGVpTjFPd0xEem9qN0d0SVVSc2k2UE5ZRHpYRFI5eWlFS3ZicUR1cmdoV0hadFlSWlpSRWh3RXFkZ2tFZHR5c0VQNmNIMnJWaVhNeGl3MllYeElGOVJEbEk1aTZ5amM0ZnBReXNSYjc1YTk4RFhoWUk5bk8xTVVHaW1yMVpPeWdhVXFoenZ1c0pnN2I3?oc=5,China Merchants Bank,"CMB International Securities sets up crypto exchange in Hong Kong - Asset Servicing Times. <a href=""https://news.google.com/rss/articles/CBMilAFBVV95cUxOTGVpTjFPd0xEem9qN0d0SVVSc2k2UE5ZRHpYRFI5eWlFS3ZicUR1cmdoV0hadFlSWlpSRWh3RXFkZ2tFZHR5c0VQNmNIMnJWaVhNeGl3MllYeElGOVJEbEk1aTZ5amM0ZnBReXNSYjc1YTk4RFhoWUk5bk8xTVVHaW1yMVpPeWdhVXFoenZ1c0pnN2I3?oc=5"" target=""_blank"">CMB International Securities sets up crypto exchange in Hong Kong</a>&nbsp;&nbsp;<font color=""#6f6f6f"">Asset Servicing Times</font>",neutral,0.035582103
2025-09-01,2025-09-01T07:00:00+00:00,600036.SH,"""招商银行"" - Google 新闻",招商银行高管称零售信贷风险拐点未至，未来“仍会小幅上升”，息差承压但趋势可控|直击业绩会 - 财联社,"<a href=""https://news.google.com/rss/articles/CBMiSEFVX3lxTE5teERMMXdGTm5ISDNxZFFCWFBkeUpITV9WaVRyRVhWLXV6LXdwRm9EbEQyYlpqWlpCaGJVMW85ZF9PSlRzTzhvZg?oc=5"" target=""_blank"">招商银行高管称零售信贷风险拐点未至，未来“仍会小幅上升”，息差承压但趋势可控|直击业绩会</a>&nbsp;&nbsp;<font color=""#6f6f6f"">财联社</font>",https://news.google.com/rss/articles/CBMiSEFVX3lxTE5teERMMXdGTm5ISDNxZFFCWFBkeUpITV9WaVRyRVhWLXV6LXdwRm9EbEQyYlpqWlpCaGJVMW85ZF9PSlRzTzhvZg?oc=5,招商银行,"招商银行高管称零售信贷风险拐点未至，未来“仍会小幅上升”，息差承压但趋势可控|直击业绩会 - 财联社. <a href=""https://news.google.com/rss/articles/CBMiSEFVX3lxTE5teERMMXdGTm5ISDNxZFFCWFBkeUpITV9WaVRyRVhWLXV6LXdwRm9EbEQyYlpqWlpCaGJVMW85ZF9PSlRzTzhvZg?oc=5"" target=""_blank"">招商银行高管称零售信贷风险拐点未至，未来“仍会小幅上升”，息差承压但趋势可控|直击业绩会</a>&nbsp;&nbsp;<font color=""#6f6f6f"">财联社</font>",neutral,0.019915812
2025-09-03,2025-09-03T07:00:00+00:00,600036.SH,"""China Merchants Bank"" - Google News",Best bank for digital in the Greater Bay Area 2025: China Merchants Bank - Euromoney,"<a href=""https://news.google.com/rss/articles/CBMi9gFBVV95cUxQY0NYRjFXT2g4YnpMNEtSUG1iQnc5WElTN21qR2N6TE11UU9zaEJwMmpDRnlQVnh6UnZfUXJyam1nRGZnblNHQlY5TDdnVjR6N0lLTG8yRV90Wjc0NElQeGg2ZU9TZ1p6Z2pvRl9RcktzeEc4Zy0yMjdkWTJ2cFRoaXB1Y2MzbVJucFZfMjVMem5HS0ROSlJNZUFOQ1dqMGVKdjF1czNEalNOUDVaeGI1NHVydlRxQkRyUVBTWUVRYjNtNlZoa1RBUnI2ZlF6alloQ1JBamtCSkFVc0NoRnU5cGxWaVFZQ1NMOUF0alk0WDMtWU5vUHc?oc=5"" target=""_blank"">Best bank for digital in the Greater Bay Area 2025: China Merchants Bank</a>&nbsp;&nbsp;<font color=""#6f6f6f"">Euromoney</font>",https://news.google.com/rss/articles/CBMi9gFBVV95cUxQY0NYRjFXT2g4YnpMNEtSUG1iQnc5WElTN21qR2N6TE11UU9zaEJwMmpDRnlQVnh6UnZfUXJyam1nRGZnblNHQlY5TDdnVjR6N0lLTG8yRV90Wjc0NElQeGg2ZU9TZ1p6Z2pvRl9RcktzeEc4Zy0yMjdkWTJ2cFRoaXB1Y2MzbVJucFZfMjVMem5HS0ROSlJNZUFOQ1dqMGVKdjF1czNEalNOUDVaeGI1NHVydlRxQkRyUVBTWUVRYjNtNlZoa1RBUnI2ZlF6alloQ1JBamtCSkFVc0NoRnU5cGxWaVFZQ1NMOUF0alk0WDMtWU5vUHc?oc=5,China Merchants Bank,"Best bank for digital in the Greater Bay Area 2025: China Merchants Bank - Euromoney. <a href=""https://news.google.com/rss/articles/CBMi9gFBVV95cUxQY0NYRjFXT2g4YnpMNEtSUG1iQnc5WElTN21qR2N6TE11UU9zaEJwMmpDRnlQVnh6UnZfUXJyam1nRGZnblNHQlY5TDdnVjR6N0lLTG8yRV90Wjc0NElQeGg2ZU9TZ1p6Z2pvRl9RcktzeEc4Zy0yMjdkWTJ2cFRoaXB1Y2MzbVJucFZfMjVMem5HS0ROSlJNZUFOQ1dqMGVKdjF1czNEalNOUDVaeGI1NHVydlRxQkRyUVBTWUVRYjNtNlZoa1RBUnI2ZlF6alloQ1JBamtCSkFVc0NoRnU5cGxWaVFZQ1NMOUF0alk0WDMtWU5vUHc?oc=5"" target=""_blank"">Best bank for digital in the Greater Bay Area 2025: China Merchants Bank</a>&nbsp;&nbsp;<font color=""#6f6f6f"">Euromoney</font>",positive,0.67433316
2025-09-03,2025-09-03T07:00:00+00:00,600036.SH,"""China Merchants Bank"" - Google News","Bridgewater Funds Surge in China, Luring Billions and a Waitlist - Bloomberg","<a href=""https://news.google.com/rss/articles/CBMixAFBVV95cUxOYXVXbVFuQ3VOVW5lLVdfYkNJejZ6V242cjViNUw0TUZUT1RJZnBuWkk0bTBLcVBFZXRQenlRLVZzWGJmazZiWDlyendIOFdUTVBCdUdUYmx0TXE0c0FsWnVsMHdId2RhdDBlVEhFMTU0WlY5dzAwdVIzbW95UGZCOEQ4X2kwVExBOGpMWVZPQnU0QVdaMms2SE44YUpGWThYRGNHbmtoVElWdnRhMG1DWXR0dEVjZUo2YmZaVUNjRWhGNW0x?oc=5"" target=""_blank"">Bridgewater Funds Surge in China, Luring Billions and a Waitlist</a>&nbsp;&nbsp;<font color=""#6f6f6f"">Bloomberg</font>",https://news.google.com/rss/articles/CBMixAFBVV95cUxOYXVXbVFuQ3VOVW5lLVdfYkNJejZ6V242cjViNUw0TUZUT1RJZnBuWkk0bTBLcVBFZXRQenlRLVZzWGJmazZiWDlyendIOFdUTVBCdUdUYmx0TXE0c0FsWnVsMHdId2RhdDBlVEhFMTU0WlY5dzAwdVIzbW95UGZCOEQ4X2kwVExBOGpMWVZPQnU0QVdaMms2SE44YUpGWThYRGNHbmtoVElWdnRhMG1DWXR0dEVjZUo2YmZaVUNjRWhGNW0x?oc=5,China Merchants Bank,"Bridgewater Funds Surge in China, Luring Billions and a Waitlist - Bloomberg. <a href=""https://news.google.com/rss/articles/CBMixAFBVV95cUxOYXVXbVFuQ3VOVW5lLVdfYkNJejZ6V242cjViNUw0TUZUT1RJZnBuWkk0bTBLcVBFZXRQenlRLVZzWGJmazZiWDlyendIOFdUTVBCdUdUYmx0TXE0c0FsWnVsMHdId2RhdDBlVEhFMTU0WlY5dzAwdVIzbW95UGZCOEQ4X2kwVExBOGpMWVZPQnU0QVdaMms2SE44YUpGWThYRGNHbmtoVElWdnRhMG1DWXR0dEVjZUo2YmZaVUNjRWhGNW0x?oc=5"" target=""_blank"">Bridgewater Funds Surge in China, Luring Billions and a Waitlist</a>&nbsp;&nbsp;<font color=""#6f6f6f"">Bloomberg</font>",neutral,-0.036143005
2025-09-05,2025-09-05T07:00:00+00:00,600036.SH,"""China Merchants Bank"" - Google News",China Merchant Bank profit rebounds in Q2 on lower costs - Asian Banking & Finance,"<a href=""https://news.google.com/rss/articles/CBMirAFBVV95cUxPdkZqMmhDbTUtc0J2YVhFN3h0UW9uU0RQRVE5MktwdTUyOGxRRGxUNkJncFBjN0JNbEM0S0JiWWxuWXVKbGM0STZyb2lMMWI3NzR3TjcyNkZSN1hZendhVDN5QjNlcEJYNUN1QnFoaWJybmxkT2Vtc0J6X0Rjal9ON3gydHVqRzZGQlY0Q1pGYlNrU2FPVEFfZEc2UnVfaUdrbUdYUGxDWWhhQ3No?oc=5"" target=""_blank"">China Merchant Bank profit rebounds in Q2 on lower costs</a>&nbsp;&nbsp;<font color=""#6f6f6f"">Asian Banking & Finance</font>",https://news.google.com/rss/articles/CBMirAFBVV95cUxPdkZqMmhDbTUtc0J2YVhFN3h0UW9uU0RQRVE5MktwdTUyOGxRRGxUNkJncFBjN0JNbEM0S0JiWWxuWXVKbGM0STZyb2lMMWI3NzR3TjcyNkZSN1hZendhVDN5QjNlcEJYNUN1QnFoaWJybmxkT2Vtc0J6X0Rjal9ON3gydHVqRzZGQlY0Q1pGYlNrU2FPVEFfZEc2UnVfaUdrbUdYUGxDWWhhQ3No?oc=5,China Merchants Bank,"China Merchant Bank profit rebounds in Q2 on lower costs - Asian Banking & Finance. <a href=""https://news.google.com/rss/articles/CBMirAFBVV95cUxPdkZqMmhDbTUtc0J2YVhFN3h0UW9uU0RQRVE5MktwdTUyOGxRRGxUNkJncFBjN0JNbEM0S0JiWWxuWXVKbGM0STZyb2lMMWI3NzR3TjcyNkZSN1hZendhVDN5QjNlcEJYNUN1QnFoaWJybmxkT2Vtc0J6X0Rjal9ON3gydHVqRzZGQlY0Q1pGYlNrU2FPVEFfZEc2UnVfaUdrbUdYUGxDWWhhQ3No?oc=5"" target=""_blank"">China Merchant Bank profit rebounds in Q2 on lower costs</a>&nbsp;&nbsp;<font color=""#6f6f6f"">Asian Banking & Finance</font>",negative,-0.1954816
2025-09-08,2025-09-08T07:00:00+00:00,600036.SH,"""招商银行"" - Google 新闻",招商银行绿色金融助力经济高质量发展 - 人民日报,"<a href=""https://news.google.com/rss/articles/CBMigAFBVV95cUxNa212eTVTU2VBMzE0ZkhDX1FuODc2X1F5NHFKZUVHWUd3UnFvVmZXMzBmYzk0TEFreVdKQ0JTUTRhaUlVNUliX2JYaGtrUzdsNmdWZjJVMWpsa3dZcXdzX2p2MGhSX3VHVnZCWWVmSU8zTkhlaXR1a05Mb1J5VWwtZg?oc=5"" target=""_blank"">招商银行绿色金融助力经济高质量发展</a>&nbsp;&nbsp;<font color=""#6f6f6f"">人民日报</font>",https://news.google.com/rss/articles/CBMigAFBVV95cUxNa212eTVTU2VBMzE0ZkhDX1FuODc2X1F5NHFKZUVHWUd3UnFvVmZXMzBmYzk0TEFreVdKQ0JTUTRhaUlVNUliX2JYaGtrUzdsNmdWZjJVMWpsa3dZcXdzX2p2MGhSX3VHVnZCWWVmSU8zTkhlaXR1a05Mb1J5VWwtZg?oc=5,招商银行,"招商银行绿色金融助力经济高质量发展 - 人民日报. <a href=""https://news.google.com/rss/articles/CBMigAFBVV95cUxNa212eTVTU2VBMzE0ZkhDX1FuODc2X1F5NHFKZUVHWUd3UnFvVmZXMzBmYzk0TEFreVdKQ0JTUTRhaUlVNUliX2JYaGtrUzdsNmdWZjJVMWpsa3dZcXdzX2p2MGhSX3VHVnZCWWVmSU8zTkhlaXR1a05Mb1J5VWwtZg?oc=5"" target=""_blank"">招商银行绿色金融助力经济高质量发展</a>&nbsp;&nbsp;<font color=""#6f6f6f"">人民日报</font>",neutral,0.029130664
2025-09-14,2025-09-14T07:00:00+00:00,600036.SH,"""China Merchants Bank"" - Google News",1st yuan financing deal in southern France signed - Global Times,"<a href=""https://news.google.com/rss/articles/CBMiYkFVX3lxTE1UcTQzZVZGNUZSM0lqaXNrSVlJazBBSk15SnRVc2xWTTRFaHFqeTk4QkxvTDR1R2VubnN1Q0ZzZFBfQzAxcGZ5eWZpZW5tem5TTlZmYmNJcGxhZ1NOYU91N0F3?oc=5"" target=""_blank"">1st yuan financing deal in southern France signed</a>&nbsp;&nbsp;<font color=""#6f6f6f"">Global Times</font>",https://news.google.com/rss/articles/CBMiYkFVX3lxTE1UcTQzZVZGNUZSM0lqaXNrSVlJazBBSk15SnRVc2xWTTRFaHFqeTk4QkxvTDR1R2VubnN1Q0ZzZFBfQzAxcGZ5eWZpZW5tem5TTlZmYmNJcGxhZ1NOYU91N0F3?oc=5,China Merchants Bank,"1st yuan financing deal in southern France signed - Global Times. <a href=""https://news.google.com/rss/articles/CBMiYkFVX3lxTE1UcTQzZVZGNUZSM0lqaXNrSVlJazBBSk15SnRVc2xWTTRFaHFqeTk4QkxvTDR1R2VubnN1Q0ZzZFBfQzAxcGZ5eWZpZW5tem5TTlZmYmNJcGxhZ1NOYU91N0F3?oc=5"" target=""_blank"">1st yuan financing deal in southern France signed</a>&nbsp;&nbsp;<font color=""#6f6f6f"">Global Times</font>",positive,0.47240946
2025-09-19,2025-09-19T07:00:00+00:00,600036.SH,"""招商银行"" - Google 新闻",招商银行杭州分行深入开展“金融教育宣传周”活动 - 新华网浙江,"<a href=""https://news.google.com/rss/articles/CBMiggFBVV95cUxPUnRZT2pzQ21BUDlSWUpXSHQ1SkFmOGJhX054RmtTRTZmZ1gtbUpyaFZkZ2hoM2dMaGdHaDNueFBPZ09YSEFwVF9kYXdCbnkzZjBiSXAtYzdnLVhwQnliNUxvQS02UmtKOElHbUszenM1WHcxR2ViVFlCTmdtMlpvS3ZB?oc=5"" target=""_blank"">招商银行杭州分行深入开展“金融教育宣传周”活动</a>&nbsp;&nbsp;<font color=""#6f6f6f"">新华网浙江</font>",https://news.google.com/rss/articles/CBMiggFBVV95cUxPUnRZT2pzQ21BUDlSWUpXSHQ1SkFmOGJhX054RmtTRTZmZ1gtbUpyaFZkZ2hoM2dMaGdHaDNueFBPZ09YSEFwVF9kYXdCbnkzZjBiSXAtYzdnLVhwQnliNUxvQS02UmtKOElHbUszenM1WHcxR2ViVFlCTmdtMlpvS3ZB?oc=5,招商银行,"招商银行杭州分行深入开展“金融教育宣传周”活动 - 新华网浙江. <a href=""https://news.google.com/rss/articles/CBMiggFBVV95cUxPUnRZT2pzQ21BUDlSWUpXSHQ1SkFmOGJhX054RmtTRTZmZ1gtbUpyaFZkZ2hoM2dMaGdHaDNueFBPZ09YSEFwVF9kYXdCbnkzZjBiSXAtYzdnLVhwQnliNUxvQS02UmtKOElHbUszenM1WHcxR2ViVFlCTmdtMlpvS3ZB?oc=5"" target=""_blank"">招商银行杭州分行深入开展“金融教育宣传周”活动</a>&nbsp;&nbsp;<font color=""#6f6f6f"">新华网浙江</font>",neutral,0.0353624
2025-09-27,2025-09-27T07:00:00+00:00,600036.SH,"""China Merchants Bank"" - Google News","China Merchants Bank Hangzhou Branch fined RMB 3 million for inadequate 'three checks' on working capital loans, among other issues. - Moomoo","<a href=""https://news.google.com/rss/articles/CBMipAFBVV95cUxPQUxCWjhPY2ZySTdkd3l4ZGEyNWJ1WHhFSmRwQy1WY2tMNk0xZHcyeVdINnVscnVmck1iVWlGNGVFWE1rVkxYbmVDSXpKNkZVR0NHVmFMLTVlakRHNVRsYzVlcWhzOHltNlVILUhWS0hubk9Lc05IM3dpM1FpZk1UY2VITXd3akxoai1TMXExdFJWeWZGenV0bzFQZHFveHFJWm1FTw?oc=5"" target=""_blank"">China Merchants Bank Hangzhou Branch fined RMB 3 million for inadequate 'three checks' on working capital loans, among other issues.</a>&nbsp;&nbsp;<font color=""#6f6f6f"">Moomoo</font>",https://news.google.com/rss/articles/CBMipAFBVV95cUxPQUxCWjhPY2ZySTdkd3l4ZGEyNWJ1WHhFSmRwQy1WY2tMNk0xZHcyeVdINnVscnVmck1iVWlGNGVFWE1rVkxYbmVDSXpKNkZVR0NHVmFMLTVlakRHNVRsYzVlcWhzOHltNlVILUhWS0hubk9Lc05IM3dpM1FpZk1UY2VITXd3akxoai1TMXExdFJWeWZGenV0bzFQZHFveHFJWm1FTw?oc=5,China Merchants Bank,"China Merchants Bank Hangzhou Branch fined RMB 3 million for inadequate 'three checks' on working capital loans, among other issues. - Moomoo. <a href=""https://news.google.com/rss/articles/CBMipAFBVV95cUxPQUxCWjhPY2ZySTdkd3l4ZGEyNWJ1WHhFSmRwQy1WY2tMNk0xZHcyeVdINnVscnVmck1iVWlGNGVFWE1rVkxYbmVDSXpKNkZVR0NHVmFMLTVlakRHNVRsYzVlcWhzOHltNlVILUhWS0hubk9Lc05IM3dpM1FpZk1UY2VITXd3akxoai1TMXExdFJWeWZGenV0bzFQZHFveHFJWm1FTw?oc=5"" target=""_blank"">China Merchants Bank Hangzhou Branch fined RMB 3 million for inadequate 'three checks' on working capital loans, among other issues.</a>&nbsp;&nbsp;<font color=""#6f6f6f"">Moomoo</font>",negative,-0.9247175
2025-10-05,2025-10-05T07:00:00+00:00,600036.SH,"""China Merchants Bank"" - Google News","Sheri Biggs sold $ CIHKY on Mar. 18, 2025 - Quiver Quantitative","<a href=""https://news.google.com/rss/articles/CBMidEFVX3lxTE5DdDhpTjBSaXRsbmJ6eUtuQ2FxQUw2LXlLZjhBUjYtWnhHdG9Na3NkSVNMa2hPdUNab1FRZ1B0akhhcHdWeFRTUlpaTkZQVW1iXzVreUNfT05MV1FlU3FBSThraEdyZV9RTG1odER3dnNzTDdf?oc=5"" target=""_blank"">Sheri Biggs sold $ CIHKY on Mar. 18, 2025</a>&nbsp;&nbsp;<font color=""#6f6f6f"">Quiver Quantitative</font>",https://news.google.com/rss/articles/CBMidEFVX3lxTE5DdDhpTjBSaXRsbmJ6eUtuQ2FxQUw2LXlLZjhBUjYtWnhHdG9Na3NkSVNMa2hPdUNab1FRZ1B0akhhcHdWeFRTUlpaTkZQVW1iXzVreUNfT05MV1FlU3FBSThraEdyZV9RTG1odER3dnNzTDdf?oc=5,China Merchants Bank,"Sheri Biggs sold $ CIHKY on Mar. 18, 2025 - Quiver Quantitative. <a href=""https://news.google.com/rss/articles/CBMidEFVX3lxTE5DdDhpTjBSaXRsbmJ6eUtuQ2FxQUw2LXlLZjhBUjYtWnhHdG9Na3NkSVNMa2hPdUNab1FRZ1B0akhhcHdWeFRTUlpaTkZQVW1iXzVreUNfT05MV1FlU3FBSThraEdyZV9RTG1odER3dnNzTDdf?oc=5"" target=""_blank"">Sheri Biggs sold $ CIHKY on Mar. 18, 2025</a>&nbsp;&nbsp;<font color=""#6f6f6f"">Quiver Quantitative</font>",neutral,0.071427144
2025-10-09,2025-10-09T07:00:00+00:00,600036.SH,"""招商银行"" - Google 新闻",招商银行人事调整 北上深三大分行负责人确定 - 21财经,"<a href=""https://news.google.com/rss/articles/CBMijwFBVV95cUxOVTVuUDJZWjBBZlJRYUp5LTdybnJOVm9UZWpsRTM0Y2hGWW9fUDUxS1FrWlFnMTB0eUZ5cEpHaUlYZW15Si13S2lYd0taY0dBTFEtQmhHdWZWbWY5WU1GYkMteTcxU0VYSThoSGxWcTBDNXlPVkdxdHk4aVdOY1hUdlVwaDZZb1dSZmQ0c0dJSQ?oc=5"" target=""_blank"">招商银行人事调整 北上深三大分行负责人确定</a>&nbsp;&nbsp;<font color=""#6f6f6f"">21财经</font>",https://news.google.com/rss/articles/CBMijwFBVV95cUxOVTVuUDJZWjBBZlJRYUp5LTdybnJOVm9UZWpsRTM0Y2hGWW9fUDUxS1FrWlFnMTB0eUZ5cEpHaUlYZW15Si13S2lYd0taY0dBTFEtQmhHdWZWbWY5WU1GYkMteTcxU0VYSThoSGxWcTBDNXlPVkdxdHk4aVdOY1hUdlVwaDZZb1dSZmQ0c0dJSQ?oc=5,招商银行,"招商银行人事调整 北上深三大分行负责人确定 - 21财经. <a href=""https://news.google.com/rss/articles/CBMijwFBVV95cUxOVTVuUDJZWjBBZlJRYUp5LTdybnJOVm9UZWpsRTM0Y2hGWW9fUDUxS1FrWlFnMTB0eUZ5cEpHaUlYZW15Si13S2lYd0taY0dBTFEtQmhHdWZWbWY5WU1GYkMteTcxU0VYSThoSGxWcTBDNXlPVkdxdHk4aVdOY1hUdlVwaDZZb1dSZmQ0c0dJSQ?oc=5"" target=""_blank"">招商银行人事调整 北上深三大分行负责人确定</a>&nbsp;&nbsp;<font color=""#6f6f6f"">21财经</font>",neutral,0.036055196
2025-10-15,2025-10-15T07:00:00+00:00,600036.SH,"""China Merchants Bank"" - Google News",CMB’s Hong Kong arm tokenises US$3.5 billion money market fund on BNB Chain - South China Morning Post,"<a href=""https://news.google.com/rss/articles/CBMitgFBVV95cUxPUVJ4aGhHdUliU3FMUlp5VGVFQUZxZDlCODQ0b0tJTGppaGpOM04xUUJvR0xBNHc2OFlubEJPb0JjN1R4d1BHZ05ydnlGdkZzTW5VbFBjTVpzWU9OcnpIQTBBd0RJOHF5VTdSaF9UZFppQVZWOXZocWNrc0FGU3ZZZ2pIWl9FRzJ1NHRVcFFOQ0lXdzJnVW1HVnpGNlhsVVcxS28wSWxyQTJlaC1URGVQR2dtcUlud9IBtgFBVV95cUxNN3djZEZwXzBMbGJSTzBsNmdud1FraW1sTXQ4Rlk3LXptcGgwaWpmNXFDWG9zVGVuVTNXQkpJdDl6T2lReW84RFJYcGR0d204NU95NVhfdnRkc1F6emJOQmt3Rmh6VG0ydTFNdlQ5bXd5VUhscXM0U2RLM2pMMS1JNFJFWFpsOTQ5RUxTTWktNmpTQXhMWW5sM2pWT1lKNzdtVFBuZWRkdFNsaV9wOEx0cE5pWkVTdw?oc=5"" target=""_blank"">CMB’s Hong Kong arm tokenises US$3.5 billion money market fund on BNB Chain</a>&nbsp;&nbsp;<font color=""#6f6f6f"">South China Morning Post</font>",https://news.google.com/rss/articles/CBMitgFBVV95cUxPUVJ4aGhHdUliU3FMUlp5VGVFQUZxZDlCODQ0b0tJTGppaGpOM04xUUJvR0xBNHc2OFlubEJPb0JjN1R4d1BHZ05ydnlGdkZzTW5VbFBjTVpzWU9OcnpIQTBBd0RJOHF5VTdSaF9UZFppQVZWOXZocWNrc0FGU3ZZZ2pIWl9FRzJ1NHRVcFFOQ0lXdzJnVW1HVnpGNlhsVVcxS28wSWxyQTJlaC1URGVQR2dtcUlud9IBtgFBVV95cUxNN3djZEZwXzBMbGJSTzBsNmdud1FraW1sTXQ4Rlk3LXptcGgwaWpmNXFDWG9zVGVuVTNXQkpJdDl6T2lReW84RFJYcGR0d204NU95NVhfdnRkc1F6emJOQmt3Rmh6VG0ydTFNdlQ5bXd5VUhscXM0U2RLM2pMMS1JNFJFWFpsOTQ5RUxTTWktNmpTQXhMWW5sM2pWT1lKNzdtVFBuZWRkdFNsaV9wOEx0cE5pWkVTdw?oc=5,China Merchants Bank,"CMB’s Hong Kong arm tokenises US$3.5 billion money market fund on BNB Chain - South China Morning Post. <a href=""https://news.google.com/rss/articles/CBMitgFBVV95cUxPUVJ4aGhHdUliU3FMUlp5VGVFQUZxZDlCODQ0b0tJTGppaGpOM04xUUJvR0xBNHc2OFlubEJPb0JjN1R4d1BHZ05ydnlGdkZzTW5VbFBjTVpzWU9OcnpIQTBBd0RJOHF5VTdSaF9UZFppQVZWOXZocWNrc0FGU3ZZZ2pIWl9FRzJ1NHRVcFFOQ0lXdzJnVW1HVnpGNlhsVVcxS28wSWxyQTJlaC1URGVQR2dtcUlud9IBtgFBVV95cUxNN3djZEZwXzBMbGJSTzBsNmdud1FraW1sTXQ4Rlk3LXptcGgwaWpmNXFDWG9zVGVuVTNXQkpJdDl6T2lReW84RFJYcGR0d204NU95NVhfdnRkc1F6emJOQmt3Rmh6VG0ydTFNdlQ5bXd5VUhscXM0U2RLM2pMMS1JNFJFWFpsOTQ5RUxTTWktNmpTQXhMWW5sM2pWT1lKNzdtVFBuZWRkdFNsaV9wOEx0cE5pWkVTdw?oc=5"" target=""_blank"">CMB’s Hong Kong arm tokenises US$3.5 billion money market fund on BNB Chain</a>&nbsp;&nbsp;<font color=""#6f6f6f"">South China Morning Post</font>",neutral,0.0850447
2025-10-15,2025-10-15T07:00:00+00:00,600036.SH,"""China Merchants Bank"" - Google News","BNB Holds Near $1,190 as China Merchants Bank Tokenizes Fund on BNB Chain - Yahoo Finance Singapore","<a href=""https://news.google.com/rss/articles/CBMieEFVX3lxTFBhcWZ1SnNzN04xelJNSS13VXdneHY0ZGM0U0RvZEl3ZHRua3o2a1JFeHo2T19VekttR3BCZWg1TDRkeW84LTVJZHVBWTFTRkc0UTBROGVzaEV0UXZUb1NCQWpzYlJ3Z05BSkNBWjFNUWh2R3VvamZBbQ?oc=5"" target=""_blank"">BNB Holds Near $1,190 as China Merchants Bank Tokenizes Fund on BNB Chain</a>&nbsp;&nbsp;<font color=""#6f6f6f"">Yahoo Finance Singapore</font>",https://news.google.com/rss/articles/CBMieEFVX3lxTFBhcWZ1SnNzN04xelJNSS13VXdneHY0ZGM0U0RvZEl3ZHRua3o2a1JFeHo2T19VekttR3BCZWg1TDRkeW84LTVJZHVBWTFTRkc0UTBROGVzaEV0UXZUb1NCQWpzYlJ3Z05BSkNBWjFNUWh2R3VvamZBbQ?oc=5,China Merchants Bank,"BNB Holds Near $1,190 as China Merchants Bank Tokenizes Fund on BNB Chain - Yahoo Finance Singapore. <a href=""https://news.google.com/rss/articles/CBMieEFVX3lxTFBhcWZ1SnNzN04xelJNSS13VXdneHY0ZGM0U0RvZEl3ZHRua3o2a1JFeHo2T19VekttR3BCZWg1TDRkeW84LTVJZHVBWTFTRkc0UTBROGVzaEV0UXZUb1NCQWpzYlJ3Z05BSkNBWjFNUWh2R3VvamZBbQ?oc=5"" target=""_blank"">BNB Holds Near $1,190 as China Merchants Bank Tokenizes Fund on BNB Chain</a>&nbsp;&nbsp;<font color=""#6f6f6f"">Yahoo Finance Singapore</font>",neutral,0.19017887
2025-10-15,2025-10-15T07:00:00+00:00,600036.SH,"""China Merchants Bank"" - Google News",Chinese Bank Tokenizes $3.8 Billion Fund on BNB Chain - ForkLog,"<a href=""https://news.google.com/rss/articles/CBMiggFBVV95cUxNMEIyNzhueUVhb1N6dk1FX05sazM4SFRQc25HODE4QkJqVHNHclpKbFVBX2p3Y0t5MjNoWmpUcWFWTlExb192ZlNKbWlBWE02UmZObURLOXNCZVhRUEUyemZnWDZXTDdTcklwS3VLaXFsTmZ6T2VGeFJBZGxQdHdEazFR?oc=5"" target=""_blank"">Chinese Bank Tokenizes $3.8 Billion Fund on BNB Chain</a>&nbsp;&nbsp;<font color=""#6f6f6f"">ForkLog</font>",https://news.google.com/rss/articles/CBMiggFBVV95cUxNMEIyNzhueUVhb1N6dk1FX05sazM4SFRQc25HODE4QkJqVHNHclpKbFVBX2p3Y0t5MjNoWmpUcWFWTlExb192ZlNKbWlBWE02UmZObURLOXNCZVhRUEUyemZnWDZXTDdTcklwS3VLaXFsTmZ6T2VGeFJBZGxQdHdEazFR?oc=5,China Merchants Bank,"Chinese Bank Tokenizes $3.8 Billion Fund on BNB Chain - ForkLog. <a href=""https://news.google.com/rss/articles/CBMiggFBVV95cUxNMEIyNzhueUVhb1N6dk1FX05sazM4SFRQc25HODE4QkJqVHNHclpKbFVBX2p3Y0t5MjNoWmpUcWFWTlExb192ZlNKbWlBWE02UmZObURLOXNCZVhRUEUyemZnWDZXTDdTcklwS3VLaXFsTmZ6T2VGeFJBZGxQdHdEazFR?oc=5"" target=""_blank"">Chinese Bank Tokenizes $3.8 Billion Fund on BNB Chain</a>&nbsp;&nbsp;<font color=""#6f6f6f"">ForkLog</font>",neutral,0.09360614
2025-10-15,2025-10-15T07:00:00+00:00,600036.SH,"""China Merchants Bank"" - Google News",OroCryptoTrends(@Orocryptonc)'s insights - Binance,"<a href=""https://news.google.com/rss/articles/CBMiY0FVX3lxTFBSMnR1UXlGcFRENlFKdEdUbGVQMmpYajluaElsMWZzZ3RiZ2Q4aUVxZVZfOGpsVHhRY2E3QUgtenVfVEJMVWZtVkZER3UxZk1uUXNjOGN1Y2tveDJjczZRRGQ1bw?oc=5"" target=""_blank"">OroCryptoTrends(@Orocryptonc)'s insights</a>&nbsp;&nbsp;<font color=""#6f6f6f"">Binance</font>",https://news.google.com/rss/articles/CBMiY0FVX3lxTFBSMnR1UXlGcFRENlFKdEdUbGVQMmpYajluaElsMWZzZ3RiZ2Q4aUVxZVZfOGpsVHhRY2E3QUgtenVfVEJMVWZtVkZER3UxZk1uUXNjOGN1Y2tveDJjczZRRGQ1bw?oc=5,China Merchants Bank,"OroCryptoTrends(@Orocryptonc)'s insights - Binance. <a href=""https://news.google.com/rss/articles/CBMiY0FVX3lxTFBSMnR1UXlGcFRENlFKdEdUbGVQMmpYajluaElsMWZzZ3RiZ2Q4aUVxZVZfOGpsVHhRY2E3QUgtenVfVEJMVWZtVkZER3UxZk1uUXNjOGN1Y2tveDJjczZRRGQ1bw?oc=5"" target=""_blank"">OroCryptoTrends(@Orocryptonc)'s insights</a>&nbsp;&nbsp;<font color=""#6f6f6f"">Binance</font>",neutral,0.0276706
2025-10-16,2025-10-16T07:00:00+00:00,600036.SH,"""China Merchants Bank"" - Google News",$3.8B fund tokenized on BNB marks China’s boldest RWA move yet - CryptoSlate,"<a href=""https://news.google.com/rss/articles/CBMilgFBVV95cUxOdnQ4LW9oWWVWUVZZN3BkSXV0NW9pOFJoek0wMmdzeW1JamsxdnhLQ0JVWFBmNDhrcjJDMjdEQVRzakJQcGlOeTkxb0p0MWFxT0lEWktmSDNJcGtoMjZ4c1Qxd243a2tfQjZnZ1Qwb3Y0VDJGcTREZjM1aDZfSEtpT296Nm9fU2tSTnUxT3hRNXpELWZZSUE?oc=5"" target=""_blank"">$3.8B fund tokenized on BNB marks China’s boldest RWA move yet</a>&nbsp;&nbsp;<font color=""#6f6f6f"">CryptoSlate</font>",https://news.google.com/rss/articles/CBMilgFBVV95cUxOdnQ4LW9oWWVWUVZZN3BkSXV0NW9pOFJoek0wMmdzeW1JamsxdnhLQ0JVWFBmNDhrcjJDMjdEQVRzakJQcGlOeTkxb0p0MWFxT0lEWktmSDNJcGtoMjZ4c1Qxd243a2tfQjZnZ1Qwb3Y0VDJGcTREZjM1aDZfSEtpT296Nm9fU2tSTnUxT3hRNXpELWZZSUE?oc=5,China Merchants Bank,"$3.8B fund tokenized on BNB marks China’s boldest RWA move yet - CryptoSlate. <a href=""https://news.google.com/rss/articles/CBMilgFBVV95cUxOdnQ4LW9oWWVWUVZZN3BkSXV0NW9pOFJoek0wMmdzeW1JamsxdnhLQ0JVWFBmNDhrcjJDMjdEQVRzakJQcGlOeTkxb0p0MWFxT0lEWktmSDNJcGtoMjZ4c1Qxd243a2tfQjZnZ1Qwb3Y0VDJGcTREZjM1aDZfSEtpT296Nm9fU2tSTnUxT3hRNXpELWZZSUE?oc=5"" target=""_blank"">$3.8B fund tokenized on BNB marks China’s boldest RWA move yet</a>&nbsp;&nbsp;<font color=""#6f6f6f"">CryptoSlate</font>",neutral,0.26469418
2025-11-20,2025-11-20T08:00:00+00:00,600036.SH,"""China Merchants Bank"" - Google News",Stars Of China 2025 - Global Finance Magazine,"<a href=""https://news.google.com/rss/articles/CBMiV0FVX3lxTE5NSmhYVXE3MHZpNFh3U0dXU0g1WnlvdHJWekFwbWE5dlpOclIwalg1NC1KdmZER0hKM2R1UTNOVTFIVkc4QzFuSDVvd3lUQTlZU09mQ2pURQ?oc=5"" target=""_blank"">Stars Of China 2025</a>&nbsp;&nbsp;<font color=""#6f6f6f"">Global Finance Magazine</font>",https://news.google.com/rss/articles/CBMiV0FVX3lxTE5NSmhYVXE3MHZpNFh3U0dXU0g1WnlvdHJWekFwbWE5dlpOclIwalg1NC1KdmZER0hKM2R1UTNOVTFIVkc4QzFuSDVvd3lUQTlZU09mQ2pURQ?oc=5,China Merchants Bank,"Stars Of China 2025 - Global Finance Magazine. <a href=""https://news.google.com/rss/articles/CBMiV0FVX3lxTE5NSmhYVXE3MHZpNFh3U0dXU0g1WnlvdHJWekFwbWE5dlpOclIwalg1NC1KdmZER0hKM2R1UTNOVTFIVkc4QzFuSDVvd3lUQTlZU09mQ2pURQ?oc=5"" target=""_blank"">Stars Of China 2025</a>&nbsp;&nbsp;<font color=""#6f6f6f"">Global Finance Magazine</font>",neutral,0.016798792
2025-11-21,2025-11-21T08:00:00+00:00,600036.SH,"""China Merchants Bank"" - Google News",The second joint-stock bank's AIC has been approved for operation. China Merchants Bank announced overnight that its initial registered capital of RMB 150 billion is the highest in the industry. - Moomoo,"<a href=""https://news.google.com/rss/articles/CBMimAFBVV95cUxNMXgtQ015bEhmdWppNnlvRWpVcXFJNHZPU3hHSDVQbnlMOGtZbXVJdjdmYmd3bkdXVndkcTBFNDB2Rkx5Q00wS2pZUHREcXNSb01adlU4S0t1Vmd4UEEwTmlrS0tNVTlXeDk0ZnFWQ29QNkJyY0xvc1BFZms4bEphNmhzR0NNdF9ud0NPZ0JGLUN2TTJqUDdSTA?oc=5"" target=""_blank"">The second joint-stock bank's AIC has been approved for operation. China Merchants Bank announced overnight that its initial registered capital of RMB 150 billion is the highest in the industry.</a>&nbsp;&nbsp;<font color=""#6f6f6f"">Moomoo</font>",https://news.google.com/rss/articles/CBMimAFBVV95cUxNMXgtQ015bEhmdWppNnlvRWpVcXFJNHZPU3hHSDVQbnlMOGtZbXVJdjdmYmd3bkdXVndkcTBFNDB2Rkx5Q00wS2pZUHREcXNSb01adlU4S0t1Vmd4UEEwTmlrS0tNVTlXeDk0ZnFWQ29QNkJyY0xvc1BFZms4bEphNmhzR0NNdF9ud0NPZ0JGLUN2TTJqUDdSTA?oc=5,China Merchants Bank,"The second joint-stock bank's AIC has been approved for operation. China Merchants Bank announced overnight that its initial registered capital of RMB 150 billion is the highest in the industry. - Moomoo. <a href=""https://news.google.com/rss/articles/CBMimAFBVV95cUxNMXgtQ015bEhmdWppNnlvRWpVcXFJNHZPU3hHSDVQbnlMOGtZbXVJdjdmYmd3bkdXVndkcTBFNDB2Rkx5Q00wS2pZUHREcXNSb01adlU4S0t1Vmd4UEEwTmlrS0tNVTlXeDk0ZnFWQ29QNkJyY0xvc1BFZms4bEphNmhzR0NNdF9ud0NPZ0JGLUN2TTJqUDdSTA?oc=5"" target=""_blank"">The second joint-stock bank's AIC has been approved for operation. China Merchants Bank announced overnight that its initial registered capital of RMB 150 billion is the highest in the industry.</a>&nbsp;&nbsp;<font color=""#6f6f6f"">Moomoo</font>",positive,0.7823426
2025-11-24,2025-11-24T08:00:00+00:00,600036.SH,"""China Merchants Bank"" - Google News","China Approves New Asset Investment Arms for CITIC Bank, China Merchants Bank - Caixin Global","<a href=""https://news.google.com/rss/articles/CBMiywFBVV95cUxONm0wN2MxU2c1cU80dTl5RGlDTFY0VGFWRmpxR21BUGJPaTNhZVc3YnlLU1pqX01FUmV2ODJGczI4V1ZUVlp1VHFkT2k1YllNSXZ3OXBtYy12TDcyRHZVeEo4RGJjWnZnbDVhRVA0NDBXN3pIQjRVZllsWXQtNFRqd1FCbzJ4LWtaT0Y2ZWx4VmNXcktJLU9OdDhlRGZWNTRqMVdaclF0NjBtaGJSM3hyOUROejFNdHZOTmdpSnRwZXMxdUxYamZnSm1kQQ?oc=5"" target=""_blank"">China Approves New Asset Investment Arms for CITIC Bank, China Merchants Bank</a>&nbsp;&nbsp;<font color=""#6f6f6f"">Caixin Global</font>",https://news.google.com/rss/articles/CBMiywFBVV95cUxONm0wN2MxU2c1cU80dTl5RGlDTFY0VGFWRmpxR21BUGJPaTNhZVc3YnlLU1pqX01FUmV2ODJGczI4V1ZUVlp1VHFkT2k1YllNSXZ3OXBtYy12TDcyRHZVeEo4RGJjWnZnbDVhRVA0NDBXN3pIQjRVZllsWXQtNFRqd1FCbzJ4LWtaT0Y2ZWx4VmNXcktJLU9OdDhlRGZWNTRqMVdaclF0NjBtaGJSM3hyOUROejFNdHZOTmdpSnRwZXMxdUxYamZnSm1kQQ?oc=5,China Merchants Bank,"China Approves New Asset Investment Arms for CITIC Bank, China Merchants Bank - Caixin Global. <a href=""https://news.google.com/rss/articles/CBMiywFBVV95cUxONm0wN2MxU2c1cU80dTl5RGlDTFY0VGFWRmpxR21BUGJPaTNhZVc3YnlLU1pqX01FUmV2ODJGczI4V1ZUVlp1VHFkT2k1YllNSXZ3OXBtYy12TDcyRHZVeEo4RGJjWnZnbDVhRVA0NDBXN3pIQjRVZllsWXQtNFRqd1FCbzJ4LWtaT0Y2ZWx4VmNXcktJLU9OdDhlRGZWNTRqMVdaclF0NjBtaGJSM3hyOUROejFNdHZOTmdpSnRwZXMxdUxYamZnSm1kQQ?oc=5"" target=""_blank"">China Approves New Asset Investment Arms for CITIC Bank, China Merchants Bank</a>&nbsp;&nbsp;<font color=""#6f6f6f"">Caixin Global</font>",positive,0.6132383
2025-11-24,2025-11-24T08:00:00+00:00,600036.SH,"""招商银行"" - Google 新闻",AIC队伍再扩容 中信银行、招商银行同期获批在粤开业 - 财新,"<a href=""https://news.google.com/rss/articles/CBMiYkFVX3lxTFBxTDd2cXFVakdJbmhRcVJsbTFWMTV3RUtPeEhtREFoM2xobktKNWVobDItNE1xS2xTcC10N0hqOHNkdmRiYmcxZWptMmxfaGd1MXJIVUhvUXRxRFYzZV9qdnN3?oc=5"" target=""_blank"">AIC队伍再扩容 中信银行、招商银行同期获批在粤开业</a>&nbsp;&nbsp;<font color=""#6f6f6f"">财新</font>",https://news.google.com/rss/articles/CBMiYkFVX3lxTFBxTDd2cXFVakdJbmhRcVJsbTFWMTV3RUtPeEhtREFoM2xobktKNWVobDItNE1xS2xTcC10N0hqOHNkdmRiYmcxZWptMmxfaGd1MXJIVUhvUXRxRFYzZV9qdnN3?oc=5,招商银行,"AIC队伍再扩容 中信银行、招商银行同期获批在粤开业 - 财新. <a href=""https://news.google.com/rss/articles/CBMiYkFVX3lxTFBxTDd2cXFVakdJbmhRcVJsbTFWMTV3RUtPeEhtREFoM2xobktKNWVobDItNE1xS2xTcC10N0hqOHNkdmRiYmcxZWptMmxfaGd1MXJIVUhvUXRxRFYzZV9qdnN3?oc=5"" target=""_blank"">AIC队伍再扩容 中信银行、招商银行同期获批在粤开业</a>&nbsp;&nbsp;<font color=""#6f6f6f"">财新</font>",neutral,0.019763675
2025-11-26,2025-11-26T08:00:00+00:00,600036.SH,"""招商银行"" - Google 新闻",君合助力国内首批股份制银行AIC招银投资筹建开业 - 君合,"<a href=""https://news.google.com/rss/articles/CBMiRkFVX3lxTE9ueHM0QTkxTzQ4WG16US1tNFR3NWdqZFRvTll0cnBQb2FGcWZ5UkM5Um5hUkFYN1hkTnRULUYxUThWN2wzbVE?oc=5"" target=""_blank"">君合助力国内首批股份制银行AIC招银投资筹建开业</a>&nbsp;&nbsp;<font color=""#6f6f6f"">君合</font>",https://news.google.com/rss/articles/CBMiRkFVX3lxTE9ueHM0QTkxTzQ4WG16US1tNFR3NWdqZFRvTll0cnBQb2FGcWZ5UkM5Um5hUkFYN1hkTnRULUYxUThWN2wzbVE?oc=5,招商银行,"君合助力国内首批股份制银行AIC招银投资筹建开业 - 君合. <a href=""https://news.google.com/rss/articles/CBMiRkFVX3lxTE9ueHM0QTkxTzQ4WG16US1tNFR3NWdqZFRvTll0cnBQb2FGcWZ5UkM5Um5hUkFYN1hkTnRULUYxUThWN2wzbVE?oc=5"" target=""_blank"">君合助力国内首批股份制银行AIC招银投资筹建开业</a>&nbsp;&nbsp;<font color=""#6f6f6f"">君合</font>",neutral,-0.006700445
2025-12-04,2025-12-04T08:00:00+00:00,600036.SH,"""600036"" - Google 新闻",股票行情快报：招商银行（600036）12月4日主力资金净卖出8141.58万元_主力研究 - 证券之星,"<a href=""https://news.google.com/rss/articles/CBMiYkFVX3lxTFBYSlB2MWVUZDRETVNLcVFrTGNxWXhlUXNjV0FKVVdvZTFzUFpxU29fS0huMGVZREp0UTZJYWtxaUZCdmMzUGt1WVJrajlLZzV3aUJ0aklFbzRwZGgyT0hyTUhB?oc=5"" target=""_blank"">股票行情快报：招商银行（600036）12月4日主力资金净卖出8141.58万元_主力研究</a>&nbsp;&nbsp;<font color=""#6f6f6f"">证券之星</font>",https://news.google.com/rss/articles/CBMiYkFVX3lxTFBYSlB2MWVUZDRETVNLcVFrTGNxWXhlUXNjV0FKVVdvZTFzUFpxU29fS0huMGVZREp0UTZJYWtxaUZCdmMzUGt1WVJrajlLZzV3aUJ0aklFbzRwZGgyT0hyTUhB?oc=5,600036,"股票行情快报：招商银行（600036）12月4日主力资金净卖出8141.58万元_主力研究 - 证券之星. <a href=""https://news.google.com/rss/articles/CBMiYkFVX3lxTFBYSlB2MWVUZDRETVNLcVFrTGNxWXhlUXNjV0FKVVdvZTFzUFpxU29fS0huMGVZREp0UTZJYWtxaUZCdmMzUGt1WVJrajlLZzV3aUJ0aklFbzRwZGgyT0hyTUhB?oc=5"" target=""_blank"">股票行情快报：招商银行（600036）12月4日主力资金净卖出8141.58万元_主力研究</a>&nbsp;&nbsp;<font color=""#6f6f6f"">证券之星</font>",neutral,0.01918709
2025-12-07,2025-12-07T08:00:00+00:00,600036.SH,"""China Merchants Bank"" - Google News","Exclusive | Mainland bank apps beat those in Hong Kong and Singapore, study says - South China Morning Post","<a href=""https://news.google.com/rss/articles/CBMiwgFBVV95cUxPUzVoQm0xckpuMk5lTHB6VWRhVlVWY0tpak5TOXZ1ckFLc2NfWFJ6VG1pRk9laXBOc3U0TjNJSG9KVzNyYlY3SElXdVQxYTBDUXI5S09TX25oNzd2U051NTFlYWRDMWNMblNUYTBGRDJpd1NzYW8tZnhBb182LWtMTVBGWldLRUdiaWFZbjI0SklKUG1Mb2tqVEM4amJKU2Y4R1B4Zi0zMWY0YmY1OTlmVjhuaDEzVWJwWlVvYTBHTzctd9IBwgFBVV95cUxOTjJhdDc5Ukc2SmdydFlOMk5iVFotMG9CZWQtdC1pbHFuY0ZNbEJaMkFGZUpuMHZseUloUTUxOHVoQkV3TExfbldhY1E0QTVpZkJONmhWM2dzNzJfM2IxNEJWOEQ0WEhHa1VzSzlobWhhVGpJc25DRHM2aWJPXy16RmZrVW5jTmJDTlgybi1BSDUyOUxNcDlyWjJDNGlxOS1XcWFIa1dhTzVnTk5MQVdMRzY0cXo5bFcyLU1VR1lCb1kxdw?oc=5"" target=""_blank"">Exclusive | Mainland bank apps beat those in Hong Kong and Singapore, study says</a>&nbsp;&nbsp;<font color=""#6f6f6f"">South China Morning Post</font>",https://news.google.com/rss/articles/CBMiwgFBVV95cUxPUzVoQm0xckpuMk5lTHB6VWRhVlVWY0tpak5TOXZ1ckFLc2NfWFJ6VG1pRk9laXBOc3U0TjNJSG9KVzNyYlY3SElXdVQxYTBDUXI5S09TX25oNzd2U051NTFlYWRDMWNMblNUYTBGRDJpd1NzYW8tZnhBb182LWtMTVBGWldLRUdiaWFZbjI0SklKUG1Mb2tqVEM4amJKU2Y4R1B4Zi0zMWY0YmY1OTlmVjhuaDEzVWJwWlVvYTBHTzctd9IBwgFBVV95cUxOTjJhdDc5Ukc2SmdydFlOMk5iVFotMG9CZWQtdC1pbHFuY0ZNbEJaMkFGZUpuMHZseUloUTUxOHVoQkV3TExfbldhY1E0QTVpZkJONmhWM2dzNzJfM2IxNEJWOEQ0WEhHa1VzSzlobWhhVGpJc25DRHM2aWJPXy16RmZrVW5jTmJDTlgybi1BSDUyOUxNcDlyWjJDNGlxOS1XcWFIa1dhTzVnTk5MQVdMRzY0cXo5bFcyLU1VR1lCb1kxdw?oc=5,China Merchants Bank,"Exclusive | Mainland bank apps beat those in Hong Kong and Singapore, study says - South China Morning Post. <a href=""https://news.google.com/rss/articles/CBMiwgFBVV95cUxPUzVoQm0xckpuMk5lTHB6VWRhVlVWY0tpak5TOXZ1ckFLc2NfWFJ6VG1pRk9laXBOc3U0TjNJSG9KVzNyYlY3SElXdVQxYTBDUXI5S09TX25oNzd2U051NTFlYWRDMWNMblNUYTBGRDJpd1NzYW8tZnhBb182LWtMTVBGWldLRUdiaWFZbjI0SklKUG1Mb2tqVEM4amJKU2Y4R1B4Zi0zMWY0YmY1OTlmVjhuaDEzVWJwWlVvYTBHTzctd9IBwgFBVV95cUxOTjJhdDc5Ukc2SmdydFlOMk5iVFotMG9CZWQtdC1pbHFuY0ZNbEJaMkFGZUpuMHZseUloUTUxOHVoQkV3TExfbldhY1E0QTVpZkJONmhWM2dzNzJfM2IxNEJWOEQ0WEhHa1VzSzlobWhhVGpJc25DRHM2aWJPXy16RmZrVW5jTmJDTlgybi1BSDUyOUxNcDlyWjJDNGlxOS1XcWFIa1dhTzVnTk5MQVdMRzY0cXo5bFcyLU1VR1lCb1kxdw?oc=5"" target=""_blank"">Exclusive | Mainland bank apps beat those in Hong Kong and Singapore, study says</a>&nbsp;&nbsp;<font color=""#6f6f6f"">South China Morning Post</font>",positive,0.7499956
2025-12-20,2025-12-20T08:00:00+00:00,600036.SH,"""China Merchants Bank"" - Google News","China Merchants Bank: The reversal of yen carry trades may persist, putting long-term pressure on global asset liquidity - Bitget","<a href=""https://news.google.com/rss/articles/CBMiXkFVX3lxTE9JTXVocHFJUFZaUGNJS200cjRRSGZnbEdlQjlhV0cyc20wY0x1ekNIY2ZrdkpUSlR4dXl1NUJ6ZUdXX2MzUUZHMGZGb01tbVV1MWxyU2V5SS1mb2hTckHSAWNBVV95cUxNWWZmU0RweXR5c2JHeWh1RFZxb29RWUdWRUwxWmJYaFQ5Nm9GUFl2QnJZWUtKVmVFTEtBVlROWmFucWczeFJ2TUhaZTIyLXA0RVBvZFNKc213ekZNOHJ5cm5mUjQ?oc=5"" target=""_blank"">China Merchants Bank: The reversal of yen carry trades may persist, putting long-term pressure on global asset liquidity</a>&nbsp;&nbsp;<font color=""#6f6f6f"">Bitget</font>",https://news.google.com/rss/articles/CBMiXkFVX3lxTE9JTXVocHFJUFZaUGNJS200cjRRSGZnbEdlQjlhV0cyc20wY0x1ekNIY2ZrdkpUSlR4dXl1NUJ6ZUdXX2MzUUZHMGZGb01tbVV1MWxyU2V5SS1mb2hTckHSAWNBVV95cUxNWWZmU0RweXR5c2JHeWh1RFZxb29RWUdWRUwxWmJYaFQ5Nm9GUFl2QnJZWUtKVmVFTEtBVlROWmFucWczeFJ2TUhaZTIyLXA0RVBvZFNKc213ekZNOHJ5cm5mUjQ?oc=5,China Merchants Bank,"China Merchants Bank: The reversal of yen carry trades may persist, putting long-term pressure on global asset liquidity - Bitget. <a href=""https://news.google.com/rss/articles/CBMiXkFVX3lxTE9JTXVocHFJUFZaUGNJS200cjRRSGZnbEdlQjlhV0cyc20wY0x1ekNIY2ZrdkpUSlR4dXl1NUJ6ZUdXX2MzUUZHMGZGb01tbVV1MWxyU2V5SS1mb2hTckHSAWNBVV95cUxNWWZmU0RweXR5c2JHeWh1RFZxb29RWUdWRUwxWmJYaFQ5Nm9GUFl2QnJZWUtKVmVFTEtBVlROWmFucWczeFJ2TUhaZTIyLXA0RVBvZFNKc213ekZNOHJ5cm5mUjQ?oc=5"" target=""_blank"">China Merchants Bank: The reversal of yen carry trades may persist, putting long-term pressure on global asset liquidity</a>&nbsp;&nbsp;<font color=""#6f6f6f"">Bitget</font>",negative,-0.9181949
2025-12-28,2025-12-28T22:08:00+00:00,600036.SH,招商银行 - Bing新聞,金融电子化 | 招商银行与洞见科技、平安科技等五方隐私计算平台互联互通实践,数字化时代，数据成为重要的生产要素，也是银行数字化经营和风险控制的关键。但在现实生活中，数据产生于不同的场景，金融机构往往需要从众多机构实体中获取海量数据以支撑业务体系。 2021年国家出台《数据安全法》《个人信息保护法》等系列法案，填补数据保护领域的空白。人民银行也颁布《征信业务管理办法》，明确金融行业征信业务数据使用原则、信息采集、使用规范、监督管理等相关要求。数据直接在实体间转移、交换，违反 ...,http://www.bing.com/news/apiclick.aspx?ref=FexRss&aid=&tid=69fb16b8ebf44eb2bfbfea81a15c48c4&url=https%3a%2f%2fwww.36kr.com%2fp%2f1618640320211970&c=11270454051357808032&mkt=zh-tw,招商银行,金融电子化 | 招商银行与洞见科技、平安科技等五方隐私计算平台互联互通实践. 数字化时代，数据成为重要的生产要素，也是银行数字化经营和风险控制的关键。但在现实生活中，数据产生于不同的场景，金融机构往往需要从众多机构实体中获取海量数据以支撑业务体系。 2021年国家出台《数据安全法》《个人信息保护法》等系列法案，填补数据保护领域的空白。人民银行也颁布《征信业务管理办法》，明确金融行业征信业务数据使用原则、信息采集、使用规范、监督管理等相关要求。数据直接在实体间转移、交换，违反 ...,neutral,0.06935969
2025-12-30,2025-12-30T08:00:00+00:00,600036.SH,"""China Merchants Bank"" - Google News","China Merchants Bank Appoints Ma Xianghui, Wong Yuk Shan, and Lu Liping as Directors - webull.com.my","<a href=""https://news.google.com/rss/articles/CBMiZkFVX3lxTE9MUzF0dDhzaUk1Zlpmd0NrdWNQdkYzSmxOVG5MNHdrT2NnQXdlQ2VTSEFnMGNJaWphQzdIMWRrWEd0MEdvNmI5dm1WOTNBUTJTUDNHZWYwZnRLeldaaHNicDVPNWhyZw?oc=5"" target=""_blank"">China Merchants Bank Appoints Ma Xianghui, Wong Yuk Shan, and Lu Liping as Directors</a>&nbsp;&nbsp;<font color=""#6f6f6f"">webull.com.my</font>",https://news.google.com/rss/articles/CBMiZkFVX3lxTE9MUzF0dDhzaUk1Zlpmd0NrdWNQdkYzSmxOVG5MNHdrT2NnQXdlQ2VTSEFnMGNJaWphQzdIMWRrWEd0MEdvNmI5dm1WOTNBUTJTUDNHZWYwZnRLeldaaHNicDVPNWhyZw?oc=5,China Merchants Bank,"China Merchants Bank Appoints Ma Xianghui, Wong Yuk Shan, and Lu Liping as Directors - webull.com.my. <a href=""https://news.google.com/rss/articles/CBMiZkFVX3lxTE9MUzF0dDhzaUk1Zlpmd0NrdWNQdkYzSmxOVG5MNHdrT2NnQXdlQ2VTSEFnMGNJaWphQzdIMWRrWEd0MEdvNmI5dm1WOTNBUTJTUDNHZWYwZnRLeldaaHNicDVPNWhyZw?oc=5"" target=""_blank"">China Merchants Bank Appoints Ma Xianghui, Wong Yuk Shan, and Lu Liping as Directors</a>&nbsp;&nbsp;<font color=""#6f6f6f"">webull.com.my</font>",neutral,-0.0037198812
2025-12-30,2025-12-30T08:00:00+00:00,600036.SH,"""招商银行"" - Google 新闻",招商银行：明年2月9日派发中期股息1.013元/股 - 东方财富,"<a href=""https://news.google.com/rss/articles/CBMiYEFVX3lxTE5IVTRTYXBKOFgtQmVnV0pWRklqX0d4YndIV3NhdC1IS3FIb2NBRldLVUlpZ01YMkJUUmY3ZzFGckl3d2JhZURHSFhZNkVhOFh3REg5SHRpb1ZVOHdWR0pVag?oc=5"" target=""_blank"">招商银行：明年2月9日派发中期股息1.013元/股</a>&nbsp;&nbsp;<font color=""#6f6f6f"">东方财富</font>",https://news.google.com/rss/articles/CBMiYEFVX3lxTE5IVTRTYXBKOFgtQmVnV0pWRklqX0d4YndIV3NhdC1IS3FIb2NBRldLVUlpZ01YMkJUUmY3ZzFGckl3d2JhZURHSFhZNkVhOFh3REg5SHRpb1ZVOHdWR0pVag?oc=5,招商银行,"招商银行：明年2月9日派发中期股息1.013元/股 - 东方财富. <a href=""https://news.google.com/rss/articles/CBMiYEFVX3lxTE5IVTRTYXBKOFgtQmVnV0pWRklqX0d4YndIV3NhdC1IS3FIb2NBRldLVUlpZ01YMkJUUmY3ZzFGckl3d2JhZURHSFhZNkVhOFh3REg5SHRpb1ZVOHdWR0pVag?oc=5"" target=""_blank"">招商银行：明年2月9日派发中期股息1.013元/股</a>&nbsp;&nbsp;<font color=""#6f6f6f"">东方财富</font>",neutral,0.017274737
2026-01-09,2026-01-09T08:00:00+00:00,600036.SH,"""招商银行"" - Google 新闻",招商银行：2025年半年度每股派发现金红利1.013元 - 东方财富,"<a href=""https://news.google.com/rss/articles/CBMiYEFVX3lxTE85cExTdEQ3X1o5VUxBUFB6THZwdXU0MnZHNlVlTHhFeG5fQ01uOWxWTHJ0Nl9lb2poZnFzcXpCd2ZZYkM1WVZOZGlMQ09zS2c1NWdPQ1Nibk5sXzMzRk9YMw?oc=5"" target=""_blank"">招商银行：2025年半年度每股派发现金红利1.013元</a>&nbsp;&nbsp;<font color=""#6f6f6f"">东方财富</font>",https://news.google.com/rss/articles/CBMiYEFVX3lxTE85cExTdEQ3X1o5VUxBUFB6THZwdXU0MnZHNlVlTHhFeG5fQ01uOWxWTHJ0Nl9lb2poZnFzcXpCd2ZZYkM1WVZOZGlMQ09zS2c1NWdPQ1Nibk5sXzMzRk9YMw?oc=5,招商银行,"招商银行：2025年半年度每股派发现金红利1.013元 - 东方财富. <a href=""https://news.google.com/rss/articles/CBMiYEFVX3lxTE85cExTdEQ3X1o5VUxBUFB6THZwdXU0MnZHNlVlTHhFeG5fQ01uOWxWTHJ0Nl9lb2poZnFzcXpCd2ZZYkM1WVZOZGlMQ09zS2c1NWdPQ1Nibk5sXzMzRk9YMw?oc=5"" target=""_blank"">招商银行：2025年半年度每股派发现金红利1.013元</a>&nbsp;&nbsp;<font color=""#6f6f6f"">东方财富</font>",neutral,0.020859208
2026-01-14,2026-01-14T08:00:00+00:00,600036.SH,"""招商银行"" - Google 新闻",招商银行中期分红使用方案2026年1月9日， 招商银行发布中期分红公告。中期红利派发的股权登记日为2026年1月15日，红利发放和除息日为20... - 雪球,"<a href=""https://news.google.com/rss/articles/CBMiUEFVX3lxTE04T0tLQXFzdXBCSTZkLXUxejJCWHFDZXlEdTNLdENVU1NrbGxqb3YwUk5Rd1EtaWZUdUhtcUt4OXgxaVhrRDJud0QtaG5lSkNB?oc=5"" target=""_blank"">招商银行中期分红使用方案2026年1月9日， 招商银行发布中期分红公告。中期红利派发的股权登记日为2026年1月15日，红利发放和除息日为20...</a>&nbsp;&nbsp;<font color=""#6f6f6f"">雪球</font>",https://news.google.com/rss/articles/CBMiUEFVX3lxTE04T0tLQXFzdXBCSTZkLXUxejJCWHFDZXlEdTNLdENVU1NrbGxqb3YwUk5Rd1EtaWZUdUhtcUt4OXgxaVhrRDJud0QtaG5lSkNB?oc=5,招商银行,"招商银行中期分红使用方案2026年1月9日， 招商银行发布中期分红公告。中期红利派发的股权登记日为2026年1月15日，红利发放和除息日为20... - 雪球. <a href=""https://news.google.com/rss/articles/CBMiUEFVX3lxTE04T0tLQXFzdXBCSTZkLXUxejJCWHFDZXlEdTNLdENVU1NrbGxqb3YwUk5Rd1EtaWZUdUhtcUt4OXgxaVhrRDJud0QtaG5lSkNB?oc=5"" target=""_blank"">招商银行中期分红使用方案2026年1月9日， 招商银行发布中期分红公告。中期红利派发的股权登记日为2026年1月15日，红利发放和除息日为20...</a>&nbsp;&nbsp;<font color=""#6f6f6f"">雪球</font>",neutral,0.030641682
2026-01-14,2026-01-14T08:00:00+00:00,600036.SH,"""600036"" - Google 新闻",600036，压单超65亿元，多只龙头股现大额卖单！电网投资有望加码，低市盈率+成交活跃股名单出炉 - 证券时报,"<a href=""https://news.google.com/rss/articles/CBMiXEFVX3lxTFBnYklTcHVJOGxxWHJOckloRXkzTlNuY2RJSmthQnF5dGNuUFRBNFI5SWhwOVZhbDJMdE50X0pWUWhsRjVJTkNVeHNhSmZyd0YyRkxWTUVuejlYSThJ?oc=5"" target=""_blank"">600036，压单超65亿元，多只龙头股现大额卖单！电网投资有望加码，低市盈率+成交活跃股名单出炉</a>&nbsp;&nbsp;<font color=""#6f6f6f"">证券时报</font>",https://news.google.com/rss/articles/CBMiXEFVX3lxTFBnYklTcHVJOGxxWHJOckloRXkzTlNuY2RJSmthQnF5dGNuUFRBNFI5SWhwOVZhbDJMdE50X0pWUWhsRjVJTkNVeHNhSmZyd0YyRkxWTUVuejlYSThJ?oc=5,600036,"600036，压单超65亿元，多只龙头股现大额卖单！电网投资有望加码，低市盈率+成交活跃股名单出炉 - 证券时报. <a href=""https://news.google.com/rss/articles/CBMiXEFVX3lxTFBnYklTcHVJOGxxWHJOckloRXkzTlNuY2RJSmthQnF5dGNuUFRBNFI5SWhwOVZhbDJMdE50X0pWUWhsRjVJTkNVeHNhSmZyd0YyRkxWTUVuejlYSThJ?oc=5"" target=""_blank"">600036，压单超65亿元，多只龙头股现大额卖单！电网投资有望加码，低市盈率+成交活跃股名单出炉</a>&nbsp;&nbsp;<font color=""#6f6f6f"">证券时报</font>",neutral,0.021422451
2026-01-15,2026-01-15T08:00:00+00:00,600036.SH,"""China Merchants Bank"" - Google 新闻",(Bilingual)Apple Pay支持国内Visa卡跨境支付；菲律宾宣布对中国公民免签-腾讯新闻 - 腾讯新闻,"<a href=""https://news.google.com/rss/articles/CBMiVkFVX3lxTE9pRE5LSFhucnFKVjlYakFKWDAwNkxTWjJ1Z0s3ZDBmdF8tcnVsNllsNHRteFpidEVwbVhmQmJIci1xYWxIWlZYSWh3Q2ZRa0tiZ2ZTdWVR?oc=5"" target=""_blank"">(Bilingual)Apple Pay支持国内Visa卡跨境支付；菲律宾宣布对中国公民免签-腾讯新闻</a>&nbsp;&nbsp;<font color=""#6f6f6f"">腾讯新闻</font>",https://news.google.com/rss/articles/CBMiVkFVX3lxTE9pRE5LSFhucnFKVjlYakFKWDAwNkxTWjJ1Z0s3ZDBmdF8tcnVsNllsNHRteFpidEVwbVhmQmJIci1xYWxIWlZYSWh3Q2ZRa0tiZ2ZTdWVR?oc=5,China Merchants Bank,"(Bilingual)Apple Pay支持国内Visa卡跨境支付；菲律宾宣布对中国公民免签-腾讯新闻 - 腾讯新闻. <a href=""https://news.google.com/rss/articles/CBMiVkFVX3lxTE9pRE5LSFhucnFKVjlYakFKWDAwNkxTWjJ1Z0s3ZDBmdF8tcnVsNllsNHRteFpidEVwbVhmQmJIci1xYWxIWlZYSWh3Q2ZRa0tiZ2ZTdWVR?oc=5"" target=""_blank"">(Bilingual)Apple Pay支持国内Visa卡跨境支付；菲律宾宣布对中国公民免签-腾讯新闻</a>&nbsp;&nbsp;<font color=""#6f6f6f"">腾讯新闻</font>",neutral,0.036086425
2026-01-17,2026-01-17T08:00:00+00:00,600036.SH,"""China Merchants Bank"" - Google News",Chinese banks lure investors with gold-linked deposits amid soaring prices - South China Morning Post,"<a href=""https://news.google.com/rss/articles/CBMixgFBVV95cUxQaENTVjRZTG03U0lyd3hSZ195NUpBNVJDN0VhdzNCY055dEw4bG91OXo3c29id3NuRVBRN2JLOXhTaGl0U045UmtmaEoxa0IzazNUTVZqRm9kZ1B4ZTBPQ1JzM3paRDk3NVZrS1NxNlBaeTR1T19IX0VITjcyRDlQU08tRmp6djZoQi1JY1gzUERNRzNMQzhicjJTLWpnMmx6UE5xc3hHS1d5OGlCQlRqYWg1U1RnbEI4aUpPX0wyRHRwcU9tY0HSAcYBQVVfeXFMT3JYZ0dXYWE5Tk1wRG1mVEdFTDF3MDFQQVdDZjh5LW15SHBXZEk5VC11NEhua0xfb25ZMzVseF9vbVMyZXZHSWtVNjNiTW84a0lnazdPeUE4WHo5V0JBR01veFRjYi1NUDRNdnNwQWFBNmMtTV8ybGtrV1d4MkhMVjZaUHJNOVdXYnJDRTJTazNLU3dQM253UWNHVFJ0YVZtYVJYNjlFczk2YmRkVWFaVHMwWFdGZmJGRHpsOWlPMlF6ZHdWdzBR?oc=5"" target=""_blank"">Chinese banks lure investors with gold-linked deposits amid soaring prices</a>&nbsp;&nbsp;<font color=""#6f6f6f"">South China Morning Post</font>",https://news.google.com/rss/articles/CBMixgFBVV95cUxQaENTVjRZTG03U0lyd3hSZ195NUpBNVJDN0VhdzNCY055dEw4bG91OXo3c29id3NuRVBRN2JLOXhTaGl0U045UmtmaEoxa0IzazNUTVZqRm9kZ1B4ZTBPQ1JzM3paRDk3NVZrS1NxNlBaeTR1T19IX0VITjcyRDlQU08tRmp6djZoQi1JY1gzUERNRzNMQzhicjJTLWpnMmx6UE5xc3hHS1d5OGlCQlRqYWg1U1RnbEI4aUpPX0wyRHRwcU9tY0HSAcYBQVVfeXFMT3JYZ0dXYWE5Tk1wRG1mVEdFTDF3MDFQQVdDZjh5LW15SHBXZEk5VC11NEhua0xfb25ZMzVseF9vbVMyZXZHSWtVNjNiTW84a0lnazdPeUE4WHo5V0JBR01veFRjYi1NUDRNdnNwQWFBNmMtTV8ybGtrV1d4MkhMVjZaUHJNOVdXYnJDRTJTazNLU3dQM253UWNHVFJ0YVZtYVJYNjlFczk2YmRkVWFaVHMwWFdGZmJGRHpsOWlPMlF6ZHdWdzBR?oc=5,China Merchants Bank,"Chinese banks lure investors with gold-linked deposits amid soaring prices - South China Morning Post. <a href=""https://news.google.com/rss/articles/CBMixgFBVV95cUxQaENTVjRZTG03U0lyd3hSZ195NUpBNVJDN0VhdzNCY055dEw4bG91OXo3c29id3NuRVBRN2JLOXhTaGl0U045UmtmaEoxa0IzazNUTVZqRm9kZ1B4ZTBPQ1JzM3paRDk3NVZrS1NxNlBaeTR1T19IX0VITjcyRDlQU08tRmp6djZoQi1JY1gzUERNRzNMQzhicjJTLWpnMmx6UE5xc3hHS1d5OGlCQlRqYWg1U1RnbEI4aUpPX0wyRHRwcU9tY0HSAcYBQVVfeXFMT3JYZ0dXYWE5Tk1wRG1mVEdFTDF3MDFQQVdDZjh5LW15SHBXZEk5VC11NEhua0xfb25ZMzVseF9vbVMyZXZHSWtVNjNiTW84a0lnazdPeUE4WHo5V0JBR01veFRjYi1NUDRNdnNwQWFBNmMtTV8ybGtrV1d4MkhMVjZaUHJNOVdXYnJDRTJTazNLU3dQM253UWNHVFJ0YVZtYVJYNjlFczk2YmRkVWFaVHMwWFdGZmJGRHpsOWlPMlF6ZHdWdzBR?oc=5"" target=""_blank"">Chinese banks lure investors with gold-linked deposits amid soaring prices</a>&nbsp;&nbsp;<font color=""#6f6f6f"">South China Morning Post</font>",neutral,0.4005736
2026-01-19,2026-01-19T08:00:00+00:00,600036.SH,"""China Merchants Bank"" - Google News","China Merchants Bank Financial Leasing Names 16,000 TEU LNG Dual-Fuel Container Vessel, Chartered by MSC - imarinenews.com","<a href=""https://news.google.com/rss/articles/CBMiT0FVX3lxTE1WR3p5MVVHeV9HeUhKTGhrbTAzNXZSMkQ2ZlVsTUVySERfNUx2TlRtYjZmYlVieFB5aUlJaFBJeU5LVjJ1MUVZOUVKZ2xGSzQ?oc=5"" target=""_blank"">China Merchants Bank Financial Leasing Names 16,000 TEU LNG Dual-Fuel Container Vessel, Chartered by MSC</a>&nbsp;&nbsp;<font color=""#6f6f6f"">imarinenews.com</font>",https://news.google.com/rss/articles/CBMiT0FVX3lxTE1WR3p5MVVHeV9HeUhKTGhrbTAzNXZSMkQ2ZlVsTUVySERfNUx2TlRtYjZmYlVieFB5aUlJaFBJeU5LVjJ1MUVZOUVKZ2xGSzQ?oc=5,China Merchants Bank,"China Merchants Bank Financial Leasing Names 16,000 TEU LNG Dual-Fuel Container Vessel, Chartered by MSC - imarinenews.com. <a href=""https://news.google.com/rss/articles/CBMiT0FVX3lxTE1WR3p5MVVHeV9HeUhKTGhrbTAzNXZSMkQ2ZlVsTUVySERfNUx2TlRtYjZmYlVieFB5aUlJaFBJeU5LVjJ1MUVZOUVKZ2xGSzQ?oc=5"" target=""_blank"">China Merchants Bank Financial Leasing Names 16,000 TEU LNG Dual-Fuel Container Vessel, Chartered by MSC</a>&nbsp;&nbsp;<font color=""#6f6f6f"">imarinenews.com</font>",neutral,0.015210496
2026-01-19,2026-01-19T08:00:00+00:00,600036.SH,"""招商银行"" - Google 新闻",招商银行信用卡中心“换帅” 总行财富平台部总经理厉明东已到岗 - 东方财富,"<a href=""https://news.google.com/rss/articles/CBMiYEFVX3lxTFAtOEFqR08yV1ZTSnIyOUk4N2hRb01nXzE0RmFsazBodzd6SzgzalI2NHNlMkQ4dW5qeGJjNzNvTHoyYXMxZEZ5N0psNExwWHFaN1NCQm1ESFhxZ1ZwX2t2eA?oc=5"" target=""_blank"">招商银行信用卡中心“换帅” 总行财富平台部总经理厉明东已到岗</a>&nbsp;&nbsp;<font color=""#6f6f6f"">东方财富</font>",https://news.google.com/rss/articles/CBMiYEFVX3lxTFAtOEFqR08yV1ZTSnIyOUk4N2hRb01nXzE0RmFsazBodzd6SzgzalI2NHNlMkQ4dW5qeGJjNzNvTHoyYXMxZEZ5N0psNExwWHFaN1NCQm1ESFhxZ1ZwX2t2eA?oc=5,招商银行,"招商银行信用卡中心“换帅” 总行财富平台部总经理厉明东已到岗 - 东方财富. <a href=""https://news.google.com/rss/articles/CBMiYEFVX3lxTFAtOEFqR08yV1ZTSnIyOUk4N2hRb01nXzE0RmFsazBodzd6SzgzalI2NHNlMkQ4dW5qeGJjNzNvTHoyYXMxZEZ5N0psNExwWHFaN1NCQm1ESFhxZ1ZwX2t2eA?oc=5"" target=""_blank"">招商银行信用卡中心“换帅” 总行财富平台部总经理厉明东已到岗</a>&nbsp;&nbsp;<font color=""#6f6f6f"">东方财富</font>",neutral,0.020926949
2026-01-20,2026-01-20T17:13:00+00:00,600036.SH,招商银行 - Bing新聞,A股银行年度盘点：2025告别普涨，2026拥抱分化,2025年加快建设金融强国战略下，银行业正从规模竞争转向价值创造。行业进一步聚焦主业、回归本源，着力通过体系化、精准化的金融服务，为新质生产力注入金融“活水”，为经济高质量发展夯实微观基础。,http://www.bing.com/news/apiclick.aspx?ref=FexRss&aid=&tid=69fb16b8ebf44eb2bfbfea81a15c48c4&url=https%3a%2f%2fwww.36kr.com%2fp%2f3648419849326469&c=12293378331909764330&mkt=zh-tw,招商银行,A股银行年度盘点：2025告别普涨，2026拥抱分化. 2025年加快建设金融强国战略下，银行业正从规模竞争转向价值创造。行业进一步聚焦主业、回归本源，着力通过体系化、精准化的金融服务，为新质生产力注入金融“活水”，为经济高质量发展夯实微观基础。,neutral,0.056264553
2026-01-22,2026-01-22T08:00:00+00:00,600036.SH,"""China Merchants Bank"" - Google News",Chinese banks join the space race with satellite launches and rocket backing - South China Morning Post,"<a href=""https://news.google.com/rss/articles/CBMiyAFBVV95cUxPdEdyVGxBdG9yUHZydEgwU3liei1SUF8xZTdfRUtHU2g5RnRRUjlvQm5tVkdGSnpCTHBxMGlWZHNEU2ljZmJSby1sS01kd1A1alZpY0kwd2RDVnB2bzR3MU9Hb1ZxSkoyZDdaang1V2J1MTFyemF1MnZGSnU0RkMtd3BLZENVZHFsQjluZ0lNbmszNFc0QlRNWXlaVDdVcXIxbk52UE5ZdjJrWXZtV2RLbTdoT21KaWdKU0QyZVhGbkZMNDl6Sy1fNtIByAFBVV95cUxNRWdCUDdLWThzaktkdUpLRXdLMEE2Xy1DWTNJTzRPMTVGZGVJS1p0VUEzVlF2aVlXVkNLS01qZ1h3YUNudWlPaDNZd2FFTDJWN0dqOWdrN3JhVzRVVno5Rjlual94eWhROUJBcTVwRmtIWnNKbWdLZ2Q4bVR1ZGg5dURlTFNkVFh3N2Y1MHU1akphWVdMTlNmQURmalhYTjFWNWtHQnV6UGZpb1FZR21lalY4eFdxa2ZqT0lqSWVkcFJGNk02dGdMTQ?oc=5"" target=""_blank"">Chinese banks join the space race with satellite launches and rocket backing</a>&nbsp;&nbsp;<font color=""#6f6f6f"">South China Morning Post</font>",https://news.google.com/rss/articles/CBMiyAFBVV95cUxPdEdyVGxBdG9yUHZydEgwU3liei1SUF8xZTdfRUtHU2g5RnRRUjlvQm5tVkdGSnpCTHBxMGlWZHNEU2ljZmJSby1sS01kd1A1alZpY0kwd2RDVnB2bzR3MU9Hb1ZxSkoyZDdaang1V2J1MTFyemF1MnZGSnU0RkMtd3BLZENVZHFsQjluZ0lNbmszNFc0QlRNWXlaVDdVcXIxbk52UE5ZdjJrWXZtV2RLbTdoT21KaWdKU0QyZVhGbkZMNDl6Sy1fNtIByAFBVV95cUxNRWdCUDdLWThzaktkdUpLRXdLMEE2Xy1DWTNJTzRPMTVGZGVJS1p0VUEzVlF2aVlXVkNLS01qZ1h3YUNudWlPaDNZd2FFTDJWN0dqOWdrN3JhVzRVVno5Rjlual94eWhROUJBcTVwRmtIWnNKbWdLZ2Q4bVR1ZGg5dURlTFNkVFh3N2Y1MHU1akphWVdMTlNmQURmalhYTjFWNWtHQnV6UGZpb1FZR21lalY4eFdxa2ZqT0lqSWVkcFJGNk02dGdMTQ?oc=5,China Merchants Bank,"Chinese banks join the space race with satellite launches and rocket backing - South China Morning Post. <a href=""https://news.google.com/rss/articles/CBMiyAFBVV95cUxPdEdyVGxBdG9yUHZydEgwU3liei1SUF8xZTdfRUtHU2g5RnRRUjlvQm5tVkdGSnpCTHBxMGlWZHNEU2ljZmJSby1sS01kd1A1alZpY0kwd2RDVnB2bzR3MU9Hb1ZxSkoyZDdaang1V2J1MTFyemF1MnZGSnU0RkMtd3BLZENVZHFsQjluZ0lNbmszNFc0QlRNWXlaVDdVcXIxbk52UE5ZdjJrWXZtV2RLbTdoT21KaWdKU0QyZVhGbkZMNDl6Sy1fNtIByAFBVV95cUxNRWdCUDdLWThzaktkdUpLRXdLMEE2Xy1DWTNJTzRPMTVGZGVJS1p0VUEzVlF2aVlXVkNLS01qZ1h3YUNudWlPaDNZd2FFTDJWN0dqOWdrN3JhVzRVVno5Rjlual94eWhROUJBcTVwRmtIWnNKbWdLZ2Q4bVR1ZGg5dURlTFNkVFh3N2Y1MHU1akphWVdMTlNmQURmalhYTjFWNWtHQnV6UGZpb1FZR21lalY4eFdxa2ZqT0lqSWVkcFJGNk02dGdMTQ?oc=5"" target=""_blank"">Chinese banks join the space race with satellite launches and rocket backing</a>&nbsp;&nbsp;<font color=""#6f6f6f"">South China Morning Post</font>",positive,0.50288814
2026-01-23,2026-01-23T08:00:00+00:00,600036.SH,"""招商银行"" - Google 新闻",招商银行2025年业绩快报：归母净利润1501.81亿元 增长1.21% - 东方财富,"<a href=""https://news.google.com/rss/articles/CBMiZkFVX3lxTE52V1N2bW9jXzhSbDhadHRCdk5WTmtXZmZURC0zaHJaMDdzdVc0R0Rja2FER1JDb0dIZ3V0ajYwaG1YekxPc2FHQUhRM3QxMFYtaHkzclFEd1NGWDNHSGVzektIRkJWUQ?oc=5"" target=""_blank"">招商银行2025年业绩快报：归母净利润1501.81亿元 增长1.21%</a>&nbsp;&nbsp;<font color=""#6f6f6f"">东方财富</font>",https://news.google.com/rss/articles/CBMiZkFVX3lxTE52V1N2bW9jXzhSbDhadHRCdk5WTmtXZmZURC0zaHJaMDdzdVc0R0Rja2FER1JDb0dIZ3V0ajYwaG1YekxPc2FHQUhRM3QxMFYtaHkzclFEd1NGWDNHSGVzektIRkJWUQ?oc=5,招商银行,"招商银行2025年业绩快报：归母净利润1501.81亿元 增长1.21% - 东方财富. <a href=""https://news.google.com/rss/articles/CBMiZkFVX3lxTE52V1N2bW9jXzhSbDhadHRCdk5WTmtXZmZURC0zaHJaMDdzdVc0R0Rja2FER1JDb0dIZ3V0ajYwaG1YekxPc2FHQUhRM3QxMFYtaHkzclFEd1NGWDNHSGVzektIRkJWUQ?oc=5"" target=""_blank"">招商银行2025年业绩快报：归母净利润1501.81亿元 增长1.21%</a>&nbsp;&nbsp;<font color=""#6f6f6f"">东方财富</font>",neutral,0.015179969
2026-01-23,2026-01-23T08:00:00+00:00,600036.SH,"""招商银行"" - Google 新闻",招商银行：2025年净利1501.81亿元 同比增长1.21% - 东方财富,"<a href=""https://news.google.com/rss/articles/CBMiZkFVX3lxTE1RTU9EWUxrbDNsb2FZdmNjR01qNE9waTVPU0FteWcyV05xVnJ0ZmJtdm9DZWFTcGNzUTZYWE9TOVRPM2NyeVJqR1VLWUlndmFGNWJsOXo3N2p0clJpZGJZQlpxTVk1Zw?oc=5"" target=""_blank"">招商银行：2025年净利1501.81亿元 同比增长1.21%</a>&nbsp;&nbsp;<font color=""#6f6f6f"">东方财富</font>",https://news.google.com/rss/articles/CBMiZkFVX3lxTE1RTU9EWUxrbDNsb2FZdmNjR01qNE9waTVPU0FteWcyV05xVnJ0ZmJtdm9DZWFTcGNzUTZYWE9TOVRPM2NyeVJqR1VLWUlndmFGNWJsOXo3N2p0clJpZGJZQlpxTVk1Zw?oc=5,招商银行,"招商银行：2025年净利1501.81亿元 同比增长1.21% - 东方财富. <a href=""https://news.google.com/rss/articles/CBMiZkFVX3lxTE1RTU9EWUxrbDNsb2FZdmNjR01qNE9waTVPU0FteWcyV05xVnJ0ZmJtdm9DZWFTcGNzUTZYWE9TOVRPM2NyeVJqR1VLWUlndmFGNWJsOXo3N2p0clJpZGJZQlpxTVk1Zw?oc=5"" target=""_blank"">招商银行：2025年净利1501.81亿元 同比增长1.21%</a>&nbsp;&nbsp;<font color=""#6f6f6f"">东方财富</font>",neutral,0.021242224
2026-01-27,2026-01-27T08:00:00+00:00,600036.SH,"""China Merchants Bank"" - Google News",Profits Rise at Chinese Banks as Revenue Growth Stalls - Caixin Global,"<a href=""https://news.google.com/rss/articles/CBMirgFBVV95cUxOM0tqUmRTUlFfcG0xX3JuQkE4c3o2Ty1wdXhDbGV1WnNiT0lGY2dpSmxfaVhxTDFuUDI3ZE9uU050anhwbzdRNUZZS3pUT0RZWnQxNzJpSV9tam1ucEpkajY4WVMyb2gza0tpVzJEVGZSWkJEUDRCTUJDMnRPcXVOVEFUc1ZqZ2xMTzBPOXp2NnE0enBjTEhFV0Fjc1N6T1I3cFNLYXQ0dlRYRktpOGc?oc=5"" target=""_blank"">Profits Rise at Chinese Banks as Revenue Growth Stalls</a>&nbsp;&nbsp;<font color=""#6f6f6f"">Caixin Global</font>",https://news.google.com/rss/articles/CBMirgFBVV95cUxOM0tqUmRTUlFfcG0xX3JuQkE4c3o2Ty1wdXhDbGV1WnNiT0lGY2dpSmxfaVhxTDFuUDI3ZE9uU050anhwbzdRNUZZS3pUT0RZWnQxNzJpSV9tam1ucEpkajY4WVMyb2gza0tpVzJEVGZSWkJEUDRCTUJDMnRPcXVOVEFUc1ZqZ2xMTzBPOXp2NnE0enBjTEhFV0Fjc1N6T1I3cFNLYXQ0dlRYRktpOGc?oc=5,China Merchants Bank,"Profits Rise at Chinese Banks as Revenue Growth Stalls - Caixin Global. <a href=""https://news.google.com/rss/articles/CBMirgFBVV95cUxOM0tqUmRTUlFfcG0xX3JuQkE4c3o2Ty1wdXhDbGV1WnNiT0lGY2dpSmxfaVhxTDFuUDI3ZE9uU050anhwbzdRNUZZS3pUT0RZWnQxNzJpSV9tam1ucEpkajY4WVMyb2gza0tpVzJEVGZSWkJEUDRCTUJDMnRPcXVOVEFUc1ZqZ2xMTzBPOXp2NnE0enBjTEhFV0Fjc1N6T1I3cFNLYXQ0dlRYRktpOGc?oc=5"" target=""_blank"">Profits Rise at Chinese Banks as Revenue Growth Stalls</a>&nbsp;&nbsp;<font color=""#6f6f6f"">Caixin Global</font>",positive,0.029494733
2026-01-28,2026-01-28T08:00:00+00:00,600036.SH,"""China Merchants Bank"" - Google News",China Merchants Bank falters as economic slowdown wipes out growth - thebambooworks.com,"<a href=""https://news.google.com/rss/articles/CBMimgFBVV95cUxQdjJQSGRRWF9hNFZvZE5nUWFtaU9nTjZDUnd4alpqSEhkSFRFb19Bcy03bk13MkVZdVZZR3dQSDdDbWEyNUVfMVljbUcxbEZaSjduWUtVLXdRV3Z2ZkpqMFlMUzdGWlR6Ul9ySE55dXlmX2dTREdOSF82WGkwV1JPVGttLVBNS21PZ1NOV3VXOVJpSUF3NElzSWtR?oc=5"" target=""_blank"">China Merchants Bank falters as economic slowdown wipes out growth</a>&nbsp;&nbsp;<font color=""#6f6f6f"">thebambooworks.com</font>",https://news.google.com/rss/articles/CBMimgFBVV95cUxQdjJQSGRRWF9hNFZvZE5nUWFtaU9nTjZDUnd4alpqSEhkSFRFb19Bcy03bk13MkVZdVZZR3dQSDdDbWEyNUVfMVljbUcxbEZaSjduWUtVLXdRV3Z2ZkpqMFlMUzdGWlR6Ul9ySE55dXlmX2dTREdOSF82WGkwV1JPVGttLVBNS21PZ1NOV3VXOVJpSUF3NElzSWtR?oc=5,China Merchants Bank,"China Merchants Bank falters as economic slowdown wipes out growth - thebambooworks.com. <a href=""https://news.google.com/rss/articles/CBMimgFBVV95cUxQdjJQSGRRWF9hNFZvZE5nUWFtaU9nTjZDUnd4alpqSEhkSFRFb19Bcy03bk13MkVZdVZZR3dQSDdDbWEyNUVfMVljbUcxbEZaSjduWUtVLXdRV3Z2ZkpqMFlMUzdGWlR6Ul9ySE55dXlmX2dTREdOSF82WGkwV1JPVGttLVBNS21PZ1NOV3VXOVJpSUF3NElzSWtR?oc=5"" target=""_blank"">China Merchants Bank falters as economic slowdown wipes out growth</a>&nbsp;&nbsp;<font color=""#6f6f6f"">thebambooworks.com</font>",negative,-0.93063676
2026-02-04,2026-02-04T08:00:00+00:00,600036.SH,"""招商银行"" - Google 新闻",缪建民出席招商银行2026年工作会议 - cmhk.com,"<a href=""https://news.google.com/rss/articles/CBMikgFBVV95cUxOTEhobThUaUNXSzNWQ2tPdHdMMEs1SW1pa2g1ZlY4emNhQm1vVklPb0J4LWNoTUEtMFFrbDZIR3lnR2NmTTFGVEhEdUdtQVhuNzlnNTNPdE1uZDcwYVVza0ZWNEdEUzB6TGp6dlplN2VhNTdxeC1zcktlQ2lSa1plQkIzR0NMZ21oQVd4NU5Pa21SQQ?oc=5"" target=""_blank"">缪建民出席招商银行2026年工作会议</a>&nbsp;&nbsp;<font color=""#6f6f6f"">cmhk.com</font>",https://news.google.com/rss/articles/CBMikgFBVV95cUxOTEhobThUaUNXSzNWQ2tPdHdMMEs1SW1pa2g1ZlY4emNhQm1vVklPb0J4LWNoTUEtMFFrbDZIR3lnR2NmTTFGVEhEdUdtQVhuNzlnNTNPdE1uZDcwYVVza0ZWNEdEUzB6TGp6dlplN2VhNTdxeC1zcktlQ2lSa1plQkIzR0NMZ21oQVd4NU5Pa21SQQ?oc=5,招商银行,"缪建民出席招商银行2026年工作会议 - cmhk.com. <a href=""https://news.google.com/rss/articles/CBMikgFBVV95cUxOTEhobThUaUNXSzNWQ2tPdHdMMEs1SW1pa2g1ZlY4emNhQm1vVklPb0J4LWNoTUEtMFFrbDZIR3lnR2NmTTFGVEhEdUdtQVhuNzlnNTNPdE1uZDcwYVVza0ZWNEdEUzB6TGp6dlplN2VhNTdxeC1zcktlQ2lSa1plQkIzR0NMZ21oQVd4NU5Pa21SQQ?oc=5"" target=""_blank"">缪建民出席招商银行2026年工作会议</a>&nbsp;&nbsp;<font color=""#6f6f6f"">cmhk.com</font>",neutral,0.008376975
2026-02-04,2026-02-04T08:00:00+00:00,600036.SH,"""600036"" - Google 新闻",股市必读：招商银行（600036）2月3日主力资金净流出2.04亿元，占总成交额6.33%_每日必读_数据解析 - 证券之星,"<a href=""https://news.google.com/rss/articles/CBMiYkFVX3lxTFBualNuTmR5QXl2Uk00b0owUU5EQ0hoTVYxWnF5NEVtZ1NsTHNwU3Y2Q2tRX3JLWHRHSDUxbnJXUUdleE9JUGlrMHd5QXJaNmhoem1zajA3ekZMUndhOTNpVmRB?oc=5"" target=""_blank"">股市必读：招商银行（600036）2月3日主力资金净流出2.04亿元，占总成交额6.33%_每日必读_数据解析</a>&nbsp;&nbsp;<font color=""#6f6f6f"">证券之星</font>",https://news.google.com/rss/articles/CBMiYkFVX3lxTFBualNuTmR5QXl2Uk00b0owUU5EQ0hoTVYxWnF5NEVtZ1NsTHNwU3Y2Q2tRX3JLWHRHSDUxbnJXUUdleE9JUGlrMHd5QXJaNmhoem1zajA3ekZMUndhOTNpVmRB?oc=5,600036,"股市必读：招商银行（600036）2月3日主力资金净流出2.04亿元，占总成交额6.33%_每日必读_数据解析 - 证券之星. <a href=""https://news.google.com/rss/articles/CBMiYkFVX3lxTFBualNuTmR5QXl2Uk00b0owUU5EQ0hoTVYxWnF5NEVtZ1NsTHNwU3Y2Q2tRX3JLWHRHSDUxbnJXUUdleE9JUGlrMHd5QXJaNmhoem1zajA3ekZMUndhOTNpVmRB?oc=5"" target=""_blank"">股市必读：招商银行（600036）2月3日主力资金净流出2.04亿元，占总成交额6.33%_每日必读_数据解析</a>&nbsp;&nbsp;<font color=""#6f6f6f"">证券之星</font>",neutral,0.021615213
2026-02-07,2026-02-07T08:00:00+00:00,600036.SH,"""China Merchants Bank"" - Google 新闻","CNAPS Codes, 中国现代化支付系统号, payments in China - Juristique","<a href=""https://news.google.com/rss/articles/CBMiU0FVX3lxTE5VYm8xNjJzM0pjOUxWT2kzR3hyNkxUZHllUktWU1pGc3dObnI1WFZIQ2JmMG53c24tcWlPTTh2Z2JCc1pBS2lmc0s1cFU0MVN2VktF?oc=5"" target=""_blank"">CNAPS Codes, 中国现代化支付系统号, payments in China</a>&nbsp;&nbsp;<font color=""#6f6f6f"">Juristique</font>",https://news.google.com/rss/articles/CBMiU0FVX3lxTE5VYm8xNjJzM0pjOUxWT2kzR3hyNkxUZHllUktWU1pGc3dObnI1WFZIQ2JmMG53c24tcWlPTTh2Z2JCc1pBS2lmc0s1cFU0MVN2VktF?oc=5,China Merchants Bank,"CNAPS Codes, 中国现代化支付系统号, payments in China - Juristique. <a href=""https://news.google.com/rss/articles/CBMiU0FVX3lxTE5VYm8xNjJzM0pjOUxWT2kzR3hyNkxUZHllUktWU1pGc3dObnI1WFZIQ2JmMG53c24tcWlPTTh2Z2JCc1pBS2lmc0s1cFU0MVN2VktF?oc=5"" target=""_blank"">CNAPS Codes, 中国现代化支付系统号, payments in China</a>&nbsp;&nbsp;<font color=""#6f6f6f"">Juristique</font>",neutral,0.040111717
2026-02-08,2026-02-08T08:00:00+00:00,600036.SH,"""招商银行"" - Google 新闻",招商银行，又放了一颗卫星 - thepaper.cn,"<a href=""https://news.google.com/rss/articles/CBMiXkFVX3lxTE03Y3M2Y09yY1BuVGp0MlJYLU9BajVkRnExZlhWRGFwX0VDMHdnVE5rTjdVdW9sWkZqRDJYUW9HU0g4MzNqRGp0YVR4NEFSNGZDTnJQUEZzaThfSDM1dXc?oc=5"" target=""_blank"">招商银行，又放了一颗卫星</a>&nbsp;&nbsp;<font color=""#6f6f6f"">thepaper.cn</font>",https://news.google.com/rss/articles/CBMiXkFVX3lxTE03Y3M2Y09yY1BuVGp0MlJYLU9BajVkRnExZlhWRGFwX0VDMHdnVE5rTjdVdW9sWkZqRDJYUW9HU0g4MzNqRGp0YVR4NEFSNGZDTnJQUEZzaThfSDM1dXc?oc=5,招商银行,"招商银行，又放了一颗卫星 - thepaper.cn. <a href=""https://news.google.com/rss/articles/CBMiXkFVX3lxTE03Y3M2Y09yY1BuVGp0MlJYLU9BajVkRnExZlhWRGFwX0VDMHdnVE5rTjdVdW9sWkZqRDJYUW9HU0g4MzNqRGp0YVR4NEFSNGZDTnJQUEZzaThfSDM1dXc?oc=5"" target=""_blank"">招商银行，又放了一颗卫星</a>&nbsp;&nbsp;<font color=""#6f6f6f"">thepaper.cn</font>",neutral,-0.009885568
2026-02-10,2026-02-10T08:00:00+00:00,600036.SH,"""招商银行"" - Google 新闻",招商银行举办“千鹰展翼2.0”科技金融赋能系列活动首场——“圳启科创·招银友约”深圳专场 - 手机新浪网,"<a href=""https://news.google.com/rss/articles/CBMizgJBVV95cUxQOVk3anUxdUpJSmtRbzlpQVNjd2N2TDhuOTdvZTZSQmpLZVQyUlVTZFNWdC1zQUVGX2o3ZE5FdEpvVDB3bXFhbGtxM2FWaTNDRGJxclRldGNCWld4WXJHenRmVWNaVi1HX3hLTW00blo1c1JKVU1OR3c3SDNkUjdjZ25lcHNTcE5lT3ZfNkRjcjR0QThCTnBZV1J6c3ZtWG9lX2N1VzNPMUQ2S3FGaHY3UlFTRTdJOGw0dlgzanFROW1ISTY4ZlJUTkhRVktTZzNkaFZzSlBJN2xwX3BhYlB2RU9JQW5KbktlRno0bGRMaC1aUjR6bzNpWnBabllaR3prTXV4Z3dxZzF2ZG95U0xJVGxZb2ZSTWJfMW9mdTNjdlMzYUJRRTBHNVI5Q3B4YUpZUkl0Y0ZmWXJMaG53c3liRjNGUTF6d2ZjaUZ2cWN3?oc=5"" target=""_blank"">招商银行举办“千鹰展翼2.0”科技金融赋能系列活动首场——“圳启科创·招银友约”深圳专场</a>&nbsp;&nbsp;<font color=""#6f6f6f"">手机新浪网</font>",https://news.google.com/rss/articles/CBMizgJBVV95cUxQOVk3anUxdUpJSmtRbzlpQVNjd2N2TDhuOTdvZTZSQmpLZVQyUlVTZFNWdC1zQUVGX2o3ZE5FdEpvVDB3bXFhbGtxM2FWaTNDRGJxclRldGNCWld4WXJHenRmVWNaVi1HX3hLTW00blo1c1JKVU1OR3c3SDNkUjdjZ25lcHNTcE5lT3ZfNkRjcjR0QThCTnBZV1J6c3ZtWG9lX2N1VzNPMUQ2S3FGaHY3UlFTRTdJOGw0dlgzanFROW1ISTY4ZlJUTkhRVktTZzNkaFZzSlBJN2xwX3BhYlB2RU9JQW5KbktlRno0bGRMaC1aUjR6bzNpWnBabllaR3prTXV4Z3dxZzF2ZG95U0xJVGxZb2ZSTWJfMW9mdTNjdlMzYUJRRTBHNVI5Q3B4YUpZUkl0Y0ZmWXJMaG53c3liRjNGUTF6d2ZjaUZ2cWN3?oc=5,招商银行,"招商银行举办“千鹰展翼2.0”科技金融赋能系列活动首场——“圳启科创·招银友约”深圳专场 - 手机新浪网. <a href=""https://news.google.com/rss/articles/CBMizgJBVV95cUxQOVk3anUxdUpJSmtRbzlpQVNjd2N2TDhuOTdvZTZSQmpLZVQyUlVTZFNWdC1zQUVGX2o3ZE5FdEpvVDB3bXFhbGtxM2FWaTNDRGJxclRldGNCWld4WXJHenRmVWNaVi1HX3hLTW00blo1c1JKVU1OR3c3SDNkUjdjZ25lcHNTcE5lT3ZfNkRjcjR0QThCTnBZV1J6c3ZtWG9lX2N1VzNPMUQ2S3FGaHY3UlFTRTdJOGw0dlgzanFROW1ISTY4ZlJUTkhRVktTZzNkaFZzSlBJN2xwX3BhYlB2RU9JQW5KbktlRno0bGRMaC1aUjR6bzNpWnBabllaR3prTXV4Z3dxZzF2ZG95U0xJVGxZb2ZSTWJfMW9mdTNjdlMzYUJRRTBHNVI5Q3B4YUpZUkl0Y0ZmWXJMaG53c3liRjNGUTF6d2ZjaUZ2cWN3?oc=5"" target=""_blank"">招商银行举办“千鹰展翼2.0”科技金融赋能系列活动首场——“圳启科创·招银友约”深圳专场</a>&nbsp;&nbsp;<font color=""#6f6f6f"">手机新浪网</font>",neutral,0.049367324
2026-02-11,2026-02-11T03:43:48+00:00,600036.SH,"""China Merchants Bank"" - Google News","Chinese Banks Start Charging for SMS Alerts Amid Net Interest Margin Squeeze, Higher Costs - Yicai Global","<a href=""https://news.google.com/rss/articles/CBMizgFBVV95cUxPRnpKQkZIZ2FjSXhKdmExUk9hWmtKb0hlUENVUkF3dGhtZUxsSHhMVVNHdm0wMVlyLXA0NHlRZXVWMk5SZU1sM3U0NG1uOEhvSUZ1TjJ1b0VQM1BtUkxEY3o4Tmxfa2VSWEtkbWlheThISnBIRUtNUUhkOFZrYUNPdGJHVjZRazczbHp2MXRhbXJfX29yS3VoZTBoOWFDYmR5NzYyZzFQSWhHYzV0WGszNlczQnhaYUhrSkxOaUdKTEpyb0szSGVvLUdpN2VxUQ?oc=5"" target=""_blank"">Chinese Banks Start Charging for SMS Alerts Amid Net Interest Margin Squeeze, Higher Costs</a>&nbsp;&nbsp;<font color=""#6f6f6f"">Yicai Global</font>",https://news.google.com/rss/articles/CBMizgFBVV95cUxPRnpKQkZIZ2FjSXhKdmExUk9hWmtKb0hlUENVUkF3dGhtZUxsSHhMVVNHdm0wMVlyLXA0NHlRZXVWMk5SZU1sM3U0NG1uOEhvSUZ1TjJ1b0VQM1BtUkxEY3o4Tmxfa2VSWEtkbWlheThISnBIRUtNUUhkOFZrYUNPdGJHVjZRazczbHp2MXRhbXJfX29yS3VoZTBoOWFDYmR5NzYyZzFQSWhHYzV0WGszNlczQnhaYUhrSkxOaUdKTEpyb0szSGVvLUdpN2VxUQ?oc=5,China Merchants Bank,"Chinese Banks Start Charging for SMS Alerts Amid Net Interest Margin Squeeze, Higher Costs - Yicai Global. <a href=""https://news.google.com/rss/articles/CBMizgFBVV95cUxPRnpKQkZIZ2FjSXhKdmExUk9hWmtKb0hlUENVUkF3dGhtZUxsSHhMVVNHdm0wMVlyLXA0NHlRZXVWMk5SZU1sM3U0NG1uOEhvSUZ1TjJ1b0VQM1BtUkxEY3o4Tmxfa2VSWEtkbWlheThISnBIRUtNUUhkOFZrYUNPdGJHVjZRazczbHp2MXRhbXJfX29yS3VoZTBoOWFDYmR5NzYyZzFQSWhHYzV0WGszNlczQnhaYUhrSkxOaUdKTEpyb0szSGVvLUdpN2VxUQ?oc=5"" target=""_blank"">Chinese Banks Start Charging for SMS Alerts Amid Net Interest Margin Squeeze, Higher Costs</a>&nbsp;&nbsp;<font color=""#6f6f6f"">Yicai Global</font>",positive,0.18855643
2026-02-12,2026-02-12T08:00:00+00:00,600036.SH,"""China Merchants Bank"" - Google 新闻",全球银行品牌价值500强出炉！中国15家上榜百强，工行（01398）蝉联榜首 - 智通财经,"<a href=""https://news.google.com/rss/articles/CBMihgFBVV95cUxOVktLOEFzdjduNDBlTno4R1Z2bjFUeEszWTlOSDRpTGZFNnhZRU9nWW9fV3RxME1MUm5fQ0Z4TnZScXd5dGpwUktwYV8teFRnQWVpeVg0R0VKanFLQlAyRXFST3l1T05PMWdrUjdFbDFDcnM4OXJiVzdSTUNmVW9LT2dVYUh3UQ?oc=5"" target=""_blank"">全球银行品牌价值500强出炉！中国15家上榜百强，工行（01398）蝉联榜首</a>&nbsp;&nbsp;<font color=""#6f6f6f"">智通财经</font>",https://news.google.com/rss/articles/CBMihgFBVV95cUxOVktLOEFzdjduNDBlTno4R1Z2bjFUeEszWTlOSDRpTGZFNnhZRU9nWW9fV3RxME1MUm5fQ0Z4TnZScXd5dGpwUktwYV8teFRnQWVpeVg0R0VKanFLQlAyRXFST3l1T05PMWdrUjdFbDFDcnM4OXJiVzdSTUNmVW9LT2dVYUh3UQ?oc=5,China Merchants Bank,"全球银行品牌价值500强出炉！中国15家上榜百强，工行（01398）蝉联榜首 - 智通财经. <a href=""https://news.google.com/rss/articles/CBMihgFBVV95cUxOVktLOEFzdjduNDBlTno4R1Z2bjFUeEszWTlOSDRpTGZFNnhZRU9nWW9fV3RxME1MUm5fQ0Z4TnZScXd5dGpwUktwYV8teFRnQWVpeVg0R0VKanFLQlAyRXFST3l1T05PMWdrUjdFbDFDcnM4OXJiVzdSTUNmVW9LT2dVYUh3UQ?oc=5"" target=""_blank"">全球银行品牌价值500强出炉！中国15家上榜百强，工行（01398）蝉联榜首</a>&nbsp;&nbsp;<font color=""#6f6f6f"">智通财经</font>",neutral,0.026626838
2026-02-12,2026-02-12T08:00:00+00:00,600036.SH,"""招商银行"" - Google 新闻",招商银行的股息率将近8%了嘛？ - 雪球,"<a href=""https://news.google.com/rss/articles/CBMiUEFVX3lxTE1IbnNEdkZVQ0NvRnl4VHlwX19NV0NmUUgwdE95RzFvbm5zNTNBTUQwUnIyNWZaeGtaSjBCbDFPZWlVTXRCM0hYN0pBTFBOdHFr?oc=5"" target=""_blank"">招商银行的股息率将近8%了嘛？</a>&nbsp;&nbsp;<font color=""#6f6f6f"">雪球</font>",https://news.google.com/rss/articles/CBMiUEFVX3lxTE1IbnNEdkZVQ0NvRnl4VHlwX19NV0NmUUgwdE95RzFvbm5zNTNBTUQwUnIyNWZaeGtaSjBCbDFPZWlVTXRCM0hYN0pBTFBOdHFr?oc=5,招商银行,"招商银行的股息率将近8%了嘛？ - 雪球. <a href=""https://news.google.com/rss/articles/CBMiUEFVX3lxTE1IbnNEdkZVQ0NvRnl4VHlwX19NV0NmUUgwdE95RzFvbm5zNTNBTUQwUnIyNWZaeGtaSjBCbDFPZWlVTXRCM0hYN0pBTFBOdHFr?oc=5"" target=""_blank"">招商银行的股息率将近8%了嘛？</a>&nbsp;&nbsp;<font color=""#6f6f6f"">雪球</font>",neutral,0.01574554
2026-02-26,2026-02-26T08:00:00+00:00,600036.SH,"""招商银行"" - Google News",China January 2026: technology underlyings drive structured deposit growth - SRP Structured Products,"<a href=""https://news.google.com/rss/articles/CBMiyAFBVV95cUxQTWtERHYzdzZFc3hFaFdWWDhNN3BLN0JKRWZUWXZOWUdxQW8wbnV0cTdESFBVS2Zoekg0VHVfWE1XQUtWWTJ4SWVIdl85OWdzTGR1RGJpT1Z3OC0tZVNBbW5CTVlmdWc0dFdBQkVWV1lyRERQc2dvRWZWOWwwYm1INUFPQU1XOG5pVW1BdmZJV1hHMUowMGpIRDhFb2NuSDEwbURXU0JNSU1xVGVaSGNSSG9LWWNGX0Y2b1M4QUdMMnJBbmpDcHI2VA?oc=5"" target=""_blank"">China January 2026: technology underlyings drive structured deposit growth</a>&nbsp;&nbsp;<font color=""#6f6f6f"">SRP Structured Products</font>",https://news.google.com/rss/articles/CBMiyAFBVV95cUxQTWtERHYzdzZFc3hFaFdWWDhNN3BLN0JKRWZUWXZOWUdxQW8wbnV0cTdESFBVS2Zoekg0VHVfWE1XQUtWWTJ4SWVIdl85OWdzTGR1RGJpT1Z3OC0tZVNBbW5CTVlmdWc0dFdBQkVWV1lyRERQc2dvRWZWOWwwYm1INUFPQU1XOG5pVW1BdmZJV1hHMUowMGpIRDhFb2NuSDEwbURXU0JNSU1xVGVaSGNSSG9LWWNGX0Y2b1M4QUdMMnJBbmpDcHI2VA?oc=5,招商银行,"China January 2026: technology underlyings drive structured deposit growth - SRP Structured Products. <a href=""https://news.google.com/rss/articles/CBMiyAFBVV95cUxQTWtERHYzdzZFc3hFaFdWWDhNN3BLN0JKRWZUWXZOWUdxQW8wbnV0cTdESFBVS2Zoekg0VHVfWE1XQUtWWTJ4SWVIdl85OWdzTGR1RGJpT1Z3OC0tZVNBbW5CTVlmdWc0dFdBQkVWV1lyRERQc2dvRWZWOWwwYm1INUFPQU1XOG5pVW1BdmZJV1hHMUowMGpIRDhFb2NuSDEwbURXU0JNSU1xVGVaSGNSSG9LWWNGX0Y2b1M4QUdMMnJBbmpDcHI2VA?oc=5"" target=""_blank"">China January 2026: technology underlyings drive structured deposit growth</a>&nbsp;&nbsp;<font color=""#6f6f6f"">SRP Structured Products</font>",neutral,0.086992115
2026-03-12,2026-03-12T07:00:00+00:00,600036.SH,"""招商银行"" - Google 新闻",4万条投诉背后，招商银行怎么了？ - 新浪财经,"<a href=""https://news.google.com/rss/articles/CBMibkFVX3lxTE9EYlljS24tendXbnFKZ3BXMXA1eTRpR0UzTDBGTmZXdDRkZDJwbE9OeVlCUG9IdkM3UFZYQ1FQRDhPN2lPNTRBdHduTlpONVo1M05FWktsZ3N3akpaZXU2VmY1cEFmbmlhMS1VQm1R?oc=5"" target=""_blank"">4万条投诉背后，招商银行怎么了？</a>&nbsp;&nbsp;<font color=""#6f6f6f"">新浪财经</font>",https://news.google.com/rss/articles/CBMibkFVX3lxTE9EYlljS24tendXbnFKZ3BXMXA1eTRpR0UzTDBGTmZXdDRkZDJwbE9OeVlCUG9IdkM3UFZYQ1FQRDhPN2lPNTRBdHduTlpONVo1M05FWktsZ3N3akpaZXU2VmY1cEFmbmlhMS1VQm1R?oc=5,招商银行,"4万条投诉背后，招商银行怎么了？ - 新浪财经. <a href=""https://news.google.com/rss/articles/CBMibkFVX3lxTE9EYlljS24tendXbnFKZ3BXMXA1eTRpR0UzTDBGTmZXdDRkZDJwbE9OeVlCUG9IdkM3UFZYQ1FQRDhPN2lPNTRBdHduTlpONVo1M05FWktsZ3N3akpaZXU2VmY1cEFmbmlhMS1VQm1R?oc=5"" target=""_blank"">4万条投诉背后，招商银行怎么了？</a>&nbsp;&nbsp;<font color=""#6f6f6f"">新浪财经</font>",neutral,0.03600488
2026-03-16,2026-03-16T07:00:00+00:00,600036.SH,"""招商银行"" - Google 新闻",厚植为民情怀 守护金融权益丨招商银行贵阳分行开展“3·15”金融教育宣传活动 - 中国日报网,"<a href=""https://news.google.com/rss/articles/CBMie0FVX3lxTE9yOTRPSUpjV1drSC1rU0hUelBSa0pldnVndVNzVW9XN1BkZWZBUW5jU0otXzk0eEJnU3NuTW5zRnRkamszR1V6ZTR2TVMzTUM5SzdGdllBbkZGamstdTlvUVRXS3diT3ZLN1VCV1Q0NHZRMkF2UUJLZGhIUQ?oc=5"" target=""_blank"">厚植为民情怀 守护金融权益丨招商银行贵阳分行开展“3·15”金融教育宣传活动</a>&nbsp;&nbsp;<font color=""#6f6f6f"">中国日报网</font>",https://news.google.com/rss/articles/CBMie0FVX3lxTE9yOTRPSUpjV1drSC1rU0hUelBSa0pldnVndVNzVW9XN1BkZWZBUW5jU0otXzk0eEJnU3NuTW5zRnRkamszR1V6ZTR2TVMzTUM5SzdGdllBbkZGamstdTlvUVRXS3diT3ZLN1VCV1Q0NHZRMkF2UUJLZGhIUQ?oc=5,招商银行,"厚植为民情怀 守护金融权益丨招商银行贵阳分行开展“3·15”金融教育宣传活动 - 中国日报网. <a href=""https://news.google.com/rss/articles/CBMie0FVX3lxTE9yOTRPSUpjV1drSC1rU0hUelBSa0pldnVndVNzVW9XN1BkZWZBUW5jU0otXzk0eEJnU3NuTW5zRnRkamszR1V6ZTR2TVMzTUM5SzdGdllBbkZGamstdTlvUVRXS3diT3ZLN1VCV1Q0NHZRMkF2UUJLZGhIUQ?oc=5"" target=""_blank"">厚植为民情怀 守护金融权益丨招商银行贵阳分行开展“3·15”金融教育宣传活动</a>&nbsp;&nbsp;<font color=""#6f6f6f"">中国日报网</font>",neutral,0.03692814
2026-03-17,2026-03-17T07:00:00+00:00,600036.SH,"""招商银行"" - Google 新闻",招商银行杭州分行开展“3·15”消费者权益保护系列活动 - 新华网浙江,"<a href=""https://news.google.com/rss/articles/CBMiggFBVV95cUxPNXFRLVBtQWFRc1ZTd0VoMTVHUGx5N1JiVDBFX2VyNVdCZlN0YmEtcHFxUlRzUWVxdGQ5RW9QTjJPMWZvWjB3Z2NWY2YwLW5wXzZJSmRhYkdUcTU4R05NSy0xS2JTa0d3WlZfdnNiY3dWenA0Y0EzRWZSMkFQZmlVY0dR?oc=5"" target=""_blank"">招商银行杭州分行开展“3·15”消费者权益保护系列活动</a>&nbsp;&nbsp;<font color=""#6f6f6f"">新华网浙江</font>",https://news.google.com/rss/articles/CBMiggFBVV95cUxPNXFRLVBtQWFRc1ZTd0VoMTVHUGx5N1JiVDBFX2VyNVdCZlN0YmEtcHFxUlRzUWVxdGQ5RW9QTjJPMWZvWjB3Z2NWY2YwLW5wXzZJSmRhYkdUcTU4R05NSy0xS2JTa0d3WlZfdnNiY3dWenA0Y0EzRWZSMkFQZmlVY0dR?oc=5,招商银行,"招商银行杭州分行开展“3·15”消费者权益保护系列活动 - 新华网浙江. <a href=""https://news.google.com/rss/articles/CBMiggFBVV95cUxPNXFRLVBtQWFRc1ZTd0VoMTVHUGx5N1JiVDBFX2VyNVdCZlN0YmEtcHFxUlRzUWVxdGQ5RW9QTjJPMWZvWjB3Z2NWY2YwLW5wXzZJSmRhYkdUcTU4R05NSy0xS2JTa0d3WlZfdnNiY3dWenA0Y0EzRWZSMkFQZmlVY0dR?oc=5"" target=""_blank"">招商银行杭州分行开展“3·15”消费者权益保护系列活动</a>&nbsp;&nbsp;<font color=""#6f6f6f"">新华网浙江</font>",neutral,0.029912781
2026-03-18,2026-03-18T07:00:00+00:00,600036.SH,"""招商银行"" - Google 新闻",招商银行哈尔滨分行开展“3·15”金融消费者权益保护教育宣传活动 - 新华网,"<a href=""https://news.google.com/rss/articles/CBMigwFBVV95cUxPS2lzQXRGSmp6Z3IwM0xQSTFOM1R0TTV0VlI0eWRxVXpGbUJpMDNSN1cwaDUyOG9DTUF5OU91VjU2bEgxaFNoVmRXQ0F4eEg4aGYxSTc0M1NRXzVlT0tmb1lkQnhrZjFDQS1melJTZ3BKV3FtaEtDai11X0hWOWtJVkhtOA?oc=5"" target=""_blank"">招商银行哈尔滨分行开展“3·15”金融消费者权益保护教育宣传活动</a>&nbsp;&nbsp;<font color=""#6f6f6f"">新华网</font>",https://news.google.com/rss/articles/CBMigwFBVV95cUxPS2lzQXRGSmp6Z3IwM0xQSTFOM1R0TTV0VlI0eWRxVXpGbUJpMDNSN1cwaDUyOG9DTUF5OU91VjU2bEgxaFNoVmRXQ0F4eEg4aGYxSTc0M1NRXzVlT0tmb1lkQnhrZjFDQS1melJTZ3BKV3FtaEtDai11X0hWOWtJVkhtOA?oc=5,招商银行,"招商银行哈尔滨分行开展“3·15”金融消费者权益保护教育宣传活动 - 新华网. <a href=""https://news.google.com/rss/articles/CBMigwFBVV95cUxPS2lzQXRGSmp6Z3IwM0xQSTFOM1R0TTV0VlI0eWRxVXpGbUJpMDNSN1cwaDUyOG9DTUF5OU91VjU2bEgxaFNoVmRXQ0F4eEg4aGYxSTc0M1NRXzVlT0tmb1lkQnhrZjFDQS1melJTZ3BKV3FtaEtDai11X0hWOWtJVkhtOA?oc=5"" target=""_blank"">招商银行哈尔滨分行开展“3·15”金融消费者权益保护教育宣传活动</a>&nbsp;&nbsp;<font color=""#6f6f6f"">新华网</font>",neutral,0.022707615
2026-03-20,2026-03-20T07:00:00+00:00,600036.SH,"""China Merchants Bank"" - Google News",China Merchants Bank Sets Webcast for 2025 Annual Results Briefing - TipRanks,"<a href=""https://news.google.com/rss/articles/CBMiugFBVV95cUxNVm9TRlB6WTZhWF9jaUM0ckZ3STZ5Z2J2N0xES1FJWTA1NzlLemkyVHktZnVZYnZ2WHJKNkktT2Z5aDNJaWNRNmxGSFRacmFEVTItNkhBNng3a2F3ekYxMVVPTkRBWkNhc3h2WDZuVkgxbkpiWDE1VUZJUXM1Mjlja3BxYnFJenBtNFJEWlZXdk42NkRMWDJDcXNQTU41Z0I0SlMxY2ZfSlZJbU10TC0tNTBIVmxJejg0VkE?oc=5"" target=""_blank"">China Merchants Bank Sets Webcast for 2025 Annual Results Briefing</a>&nbsp;&nbsp;<font color=""#6f6f6f"">TipRanks</font>",https://news.google.com/rss/articles/CBMiugFBVV95cUxNVm9TRlB6WTZhWF9jaUM0ckZ3STZ5Z2J2N0xES1FJWTA1NzlLemkyVHktZnVZYnZ2WHJKNkktT2Z5aDNJaWNRNmxGSFRacmFEVTItNkhBNng3a2F3ekYxMVVPTkRBWkNhc3h2WDZuVkgxbkpiWDE1VUZJUXM1Mjlja3BxYnFJenBtNFJEWlZXdk42NkRMWDJDcXNQTU41Z0I0SlMxY2ZfSlZJbU10TC0tNTBIVmxJejg0VkE?oc=5,China Merchants Bank,"China Merchants Bank Sets Webcast for 2025 Annual Results Briefing - TipRanks. <a href=""https://news.google.com/rss/articles/CBMiugFBVV95cUxNVm9TRlB6WTZhWF9jaUM0ckZ3STZ5Z2J2N0xES1FJWTA1NzlLemkyVHktZnVZYnZ2WHJKNkktT2Z5aDNJaWNRNmxGSFRacmFEVTItNkhBNng3a2F3ekYxMVVPTkRBWkNhc3h2WDZuVkgxbkpiWDE1VUZJUXM1Mjlja3BxYnFJenBtNFJEWlZXdk42NkRMWDJDcXNQTU41Z0I0SlMxY2ZfSlZJbU10TC0tNTBIVmxJejg0VkE?oc=5"" target=""_blank"">China Merchants Bank Sets Webcast for 2025 Annual Results Briefing</a>&nbsp;&nbsp;<font color=""#6f6f6f"">TipRanks</font>",neutral,0.008344136
2026-03-23,2026-03-23T07:00:00+00:00,600036.SH,"""招商银行"" - Google 新闻",招商银行北京分行积极开展“3·15”活动 护航“两司两员”金融安全 - 新华网,"<a href=""https://news.google.com/rss/articles/CBMijwFBVV95cUxQSXZUdkdrNTdFQjU0UEFId1d4NFFWOXJSZGRyWEV6YTE3ZGhncFI1a3FVUG52M3FqVVMtTmlURUNIWjJxOWkzZlhXcG1sZ1dRRFM2VmJqdGxFSXVmbzB5SkZkdHBWV1hrMktXcmtKdHJCVDIxX0Y5NDFUd3Awci01SlJOdzllV0M0MEpQY3FoSQ?oc=5"" target=""_blank"">招商银行北京分行积极开展“3·15”活动 护航“两司两员”金融安全</a>&nbsp;&nbsp;<font color=""#6f6f6f"">新华网</font>",https://news.google.com/rss/articles/CBMijwFBVV95cUxQSXZUdkdrNTdFQjU0UEFId1d4NFFWOXJSZGRyWEV6YTE3ZGhncFI1a3FVUG52M3FqVVMtTmlURUNIWjJxOWkzZlhXcG1sZ1dRRFM2VmJqdGxFSXVmbzB5SkZkdHBWV1hrMktXcmtKdHJCVDIxX0Y5NDFUd3Awci01SlJOdzllV0M0MEpQY3FoSQ?oc=5,招商银行,"招商银行北京分行积极开展“3·15”活动 护航“两司两员”金融安全 - 新华网. <a href=""https://news.google.com/rss/articles/CBMijwFBVV95cUxQSXZUdkdrNTdFQjU0UEFId1d4NFFWOXJSZGRyWEV6YTE3ZGhncFI1a3FVUG52M3FqVVMtTmlURUNIWjJxOWkzZlhXcG1sZ1dRRFM2VmJqdGxFSXVmbzB5SkZkdHBWV1hrMktXcmtKdHJCVDIxX0Y5NDFUd3Awci01SlJOdzllV0M0MEpQY3FoSQ?oc=5"" target=""_blank"">招商银行北京分行积极开展“3·15”活动 护航“两司两员”金融安全</a>&nbsp;&nbsp;<font color=""#6f6f6f"">新华网</font>",neutral,0.03747449
2026-03-24,2026-03-24T07:00:00+00:00,600036.SH,"""China Merchants Bank"" - Google 新闻",招商银行外汇牌价 - 招行外汇牌价查询_今日招行最新外汇汇率表 - 新浪财经,"<a href=""https://news.google.com/rss/articles/CBMihAFBVV95cUxNYnV5UlhxdVdudFBweTE5eGlJR3lTU3U0MF8talhISHVOMmo0YVMxUXIwWUdNbE5uanBzZXVNLUN4bGtraUtsS0xZYzdXbVMwcGVCTXc3RGlOb3BrT2dKNlg4VjN1bjlfdWt5ZUlIWW11ZWJ0MVZ0Z0M1UzlxUDZJUF9tTUo?oc=5"" target=""_blank"">招商银行外汇牌价 - 招行外汇牌价查询_今日招行最新外汇汇率表</a>&nbsp;&nbsp;<font color=""#6f6f6f"">新浪财经</font>",https://news.google.com/rss/articles/CBMihAFBVV95cUxNYnV5UlhxdVdudFBweTE5eGlJR3lTU3U0MF8talhISHVOMmo0YVMxUXIwWUdNbE5uanBzZXVNLUN4bGtraUtsS0xZYzdXbVMwcGVCTXc3RGlOb3BrT2dKNlg4VjN1bjlfdWt5ZUlIWW11ZWJ0MVZ0Z0M1UzlxUDZJUF9tTUo?oc=5,China Merchants Bank,"招商银行外汇牌价 - 招行外汇牌价查询_今日招行最新外汇汇率表 - 新浪财经. <a href=""https://news.google.com/rss/articles/CBMihAFBVV95cUxNYnV5UlhxdVdudFBweTE5eGlJR3lTU3U0MF8talhISHVOMmo0YVMxUXIwWUdNbE5uanBzZXVNLUN4bGtraUtsS0xZYzdXbVMwcGVCTXc3RGlOb3BrT2dKNlg4VjN1bjlfdWt5ZUlIWW11ZWJ0MVZ0Z0M1UzlxUDZJUF9tTUo?oc=5"" target=""_blank"">招商银行外汇牌价 - 招行外汇牌价查询_今日招行最新外汇汇率表</a>&nbsp;&nbsp;<font color=""#6f6f6f"">新浪财经</font>",neutral,0.012568459
2026-03-24,2026-03-24T07:00:00+00:00,600036.SH,"""招商银行"" - Google 新闻",招商银行珠海分行：消保工作重细节，特色服务有温度 - 珠海网,"<a href=""https://news.google.com/rss/articles/CBMid0FVX3lxTE40Y0ZrdXhtS2dEU29uWGxGQTJMeVkzRzh3eHR4aURFSnFFa09wSGkyVmZhODBaNFFuNUpxWHRCc09JRlhMWFktc0FlaEdYQlR4c19jUWh1SkYtYkVWOUkyaFZSVmpsbkp0MjBhdXBya0h0dzlYdFM0?oc=5"" target=""_blank"">招商银行珠海分行：消保工作重细节，特色服务有温度</a>&nbsp;&nbsp;<font color=""#6f6f6f"">珠海网</font>",https://news.google.com/rss/articles/CBMid0FVX3lxTE40Y0ZrdXhtS2dEU29uWGxGQTJMeVkzRzh3eHR4aURFSnFFa09wSGkyVmZhODBaNFFuNUpxWHRCc09JRlhMWFktc0FlaEdYQlR4c19jUWh1SkYtYkVWOUkyaFZSVmpsbkp0MjBhdXBya0h0dzlYdFM0?oc=5,招商银行,"招商银行珠海分行：消保工作重细节，特色服务有温度 - 珠海网. <a href=""https://news.google.com/rss/articles/CBMid0FVX3lxTE40Y0ZrdXhtS2dEU29uWGxGQTJMeVkzRzh3eHR4aURFSnFFa09wSGkyVmZhODBaNFFuNUpxWHRCc09JRlhMWFktc0FlaEdYQlR4c19jUWh1SkYtYkVWOUkyaFZSVmpsbkp0MjBhdXBya0h0dzlYdFM0?oc=5"" target=""_blank"">招商银行珠海分行：消保工作重细节，特色服务有温度</a>&nbsp;&nbsp;<font color=""#6f6f6f"">珠海网</font>",neutral,0.021145571
2026-03-24,2026-03-24T07:00:00+00:00,600036.SH,"""招商银行"" - Google 新闻",招商银行私人银行（合肥高新）中心开业 - 人民网－安徽频道,"<a href=""https://news.google.com/rss/articles/CBMiakFVX3lxTE5QMzNBOFNaR2I4dVk5LTBpeWNNQ3hMaWVHTWxPVVBDT0hpS1BVYzFScDkxUWJSZVJ3T0xzUWJ1SWRKNnBFY20yd3hKNVN0NExKTXF0dE92VU1HRnlEelFWa1BDT2RBV2tMZEE?oc=5"" target=""_blank"">招商银行私人银行（合肥高新）中心开业</a>&nbsp;&nbsp;<font color=""#6f6f6f"">人民网－安徽频道</font>",https://news.google.com/rss/articles/CBMiakFVX3lxTE5QMzNBOFNaR2I4dVk5LTBpeWNNQ3hMaWVHTWxPVVBDT0hpS1BVYzFScDkxUWJSZVJ3T0xzUWJ1SWRKNnBFY20yd3hKNVN0NExKTXF0dE92VU1HRnlEelFWa1BDT2RBV2tMZEE?oc=5,招商银行,"招商银行私人银行（合肥高新）中心开业 - 人民网－安徽频道. <a href=""https://news.google.com/rss/articles/CBMiakFVX3lxTE5QMzNBOFNaR2I4dVk5LTBpeWNNQ3hMaWVHTWxPVVBDT0hpS1BVYzFScDkxUWJSZVJ3T0xzUWJ1SWRKNnBFY20yd3hKNVN0NExKTXF0dE92VU1HRnlEelFWa1BDT2RBV2tMZEE?oc=5"" target=""_blank"">招商银行私人银行（合肥高新）中心开业</a>&nbsp;&nbsp;<font color=""#6f6f6f"">人民网－安徽频道</font>",neutral,0.04391156
2026-03-26,2026-03-26T07:00:00+00:00,600036.SH,"""China Merchants Bank"" - Google News",Chinese bank stocks rise on news of possible change in shareholding rule - Reuters,"<a href=""https://news.google.com/rss/articles/CBMi5AFBVV95cUxPNzZLVlNqbVVvMDBsOG1pUFpXOVV6X1FzVjYxWHFaSy1Sek9xaDF2RFZIelNaYmxOazFNaDVPVHhLUlczUGRPcmE5TERmemFsNDZHdnoyZ3ZNeURHX29aVTQ1VXB1cHQ0Ym1mQy1WdmdGZGJOajZxWlNNWXE4dVY2MG9XNWtEbDA4NjZ4OXI3dGRTNmRxTWRGSnNWSnJzTG9JWUtvWFBGMlFXa3F3THZobkJEUDJ6Qzlwb3JucG9oUm02VGlEczlCVmhNazREV1NSenpkU0RNMVlMR3o2eUY3dWo3YkM?oc=5"" target=""_blank"">Chinese bank stocks rise on news of possible change in shareholding rule</a>&nbsp;&nbsp;<font color=""#6f6f6f"">Reuters</font>",https://news.google.com/rss/articles/CBMi5AFBVV95cUxPNzZLVlNqbVVvMDBsOG1pUFpXOVV6X1FzVjYxWHFaSy1Sek9xaDF2RFZIelNaYmxOazFNaDVPVHhLUlczUGRPcmE5TERmemFsNDZHdnoyZ3ZNeURHX29aVTQ1VXB1cHQ0Ym1mQy1WdmdGZGJOajZxWlNNWXE4dVY2MG9XNWtEbDA4NjZ4OXI3dGRTNmRxTWRGSnNWSnJzTG9JWUtvWFBGMlFXa3F3THZobkJEUDJ6Qzlwb3JucG9oUm02VGlEczlCVmhNazREV1NSenpkU0RNMVlMR3o2eUY3dWo3YkM?oc=5,China Merchants Bank,"Chinese bank stocks rise on news of possible change in shareholding rule - Reuters. <a href=""https://news.google.com/rss/articles/CBMi5AFBVV95cUxPNzZLVlNqbVVvMDBsOG1pUFpXOVV6X1FzVjYxWHFaSy1Sek9xaDF2RFZIelNaYmxOazFNaDVPVHhLUlczUGRPcmE5TERmemFsNDZHdnoyZ3ZNeURHX29aVTQ1VXB1cHQ0Ym1mQy1WdmdGZGJOajZxWlNNWXE4dVY2MG9XNWtEbDA4NjZ4OXI3dGRTNmRxTWRGSnNWSnJzTG9JWUtvWFBGMlFXa3F3THZobkJEUDJ6Qzlwb3JucG9oUm02VGlEczlCVmhNazREV1NSenpkU0RNMVlMR3o2eUY3dWo3YkM?oc=5"" target=""_blank"">Chinese bank stocks rise on news of possible change in shareholding rule</a>&nbsp;&nbsp;<font color=""#6f6f6f"">Reuters</font>",positive,0.76397943
2026-03-27,2026-03-27T07:00:00+00:00,600036.SH,"""China Merchants Bank"" - Google News",China Merchants Bank Sets 35% Interim Dividend Payout for First Half of 2026 - TipRanks,"<a href=""https://news.google.com/rss/articles/CBMixgFBVV95cUxPNkZ5M2pUQi0yQVNoR2trWFIxNGV5c1ZsU20yT1NrdU5kVDAwbUo1N2dVTkhpMGhuVmxBaXBxZFNRSTQzaVhKSEN4anRjMzFGNGxCS3RVWloxQWxtWjVnWTE4YWRWR1pmeXVIOXhPVEswY2tTQllsTEc5ZjVKa2VNQVpSWWJrWlk5eUx1X1JGTjhRNndMVm9YM1h2eVZsYmJZOEtDM0lrb3Y3Q1FfM2hyc3ZicTJ3dHdmMkhLNlg1Z3UwUWtEcmc?oc=5"" target=""_blank"">China Merchants Bank Sets 35% Interim Dividend Payout for First Half of 2026</a>&nbsp;&nbsp;<font color=""#6f6f6f"">TipRanks</font>",https://news.google.com/rss/articles/CBMixgFBVV95cUxPNkZ5M2pUQi0yQVNoR2trWFIxNGV5c1ZsU20yT1NrdU5kVDAwbUo1N2dVTkhpMGhuVmxBaXBxZFNRSTQzaVhKSEN4anRjMzFGNGxCS3RVWloxQWxtWjVnWTE4YWRWR1pmeXVIOXhPVEswY2tTQllsTEc5ZjVKa2VNQVpSWWJrWlk5eUx1X1JGTjhRNndMVm9YM1h2eVZsYmJZOEtDM0lrb3Y3Q1FfM2hyc3ZicTJ3dHdmMkhLNlg1Z3UwUWtEcmc?oc=5,China Merchants Bank,"China Merchants Bank Sets 35% Interim Dividend Payout for First Half of 2026 - TipRanks. <a href=""https://news.google.com/rss/articles/CBMixgFBVV95cUxPNkZ5M2pUQi0yQVNoR2trWFIxNGV5c1ZsU20yT1NrdU5kVDAwbUo1N2dVTkhpMGhuVmxBaXBxZFNRSTQzaVhKSEN4anRjMzFGNGxCS3RVWloxQWxtWjVnWTE4YWRWR1pmeXVIOXhPVEswY2tTQllsTEc5ZjVKa2VNQVpSWWJrWlk5eUx1X1JGTjhRNndMVm9YM1h2eVZsYmJZOEtDM0lrb3Y3Q1FfM2hyc3ZicTJ3dHdmMkhLNlg1Z3UwUWtEcmc?oc=5"" target=""_blank"">China Merchants Bank Sets 35% Interim Dividend Payout for First Half of 2026</a>&nbsp;&nbsp;<font color=""#6f6f6f"">TipRanks</font>",neutral,0.21647796
2026-03-27,2026-03-27T07:00:00+00:00,600036.SH,"""招商银行"" - Google 新闻",招商银行新设科技金融部，零售AUM突破17万亿元 - 东方财富,"<a href=""https://news.google.com/rss/articles/CBMiYEFVX3lxTE9ReUtKbWw2YUp3RUhFNFJlemh0aE0zcWpVT2lJdzQ0YW1ZT2JaaHNnOGpwQmFZamFEVmlrUEdLcEJCQUxUS2NTV1RuYXQxMDdrcFFGTlZtd2NJa3VEcmE4LQ?oc=5"" target=""_blank"">招商银行新设科技金融部，零售AUM突破17万亿元</a>&nbsp;&nbsp;<font color=""#6f6f6f"">东方财富</font>",https://news.google.com/rss/articles/CBMiYEFVX3lxTE9ReUtKbWw2YUp3RUhFNFJlemh0aE0zcWpVT2lJdzQ0YW1ZT2JaaHNnOGpwQmFZamFEVmlrUEdLcEJCQUxUS2NTV1RuYXQxMDdrcFFGTlZtd2NJa3VEcmE4LQ?oc=5,招商银行,"招商银行新设科技金融部，零售AUM突破17万亿元 - 东方财富. <a href=""https://news.google.com/rss/articles/CBMiYEFVX3lxTE9ReUtKbWw2YUp3RUhFNFJlemh0aE0zcWpVT2lJdzQ0YW1ZT2JaaHNnOGpwQmFZamFEVmlrUEdLcEJCQUxUS2NTV1RuYXQxMDdrcFFGTlZtd2NJa3VEcmE4LQ?oc=5"" target=""_blank"">招商银行新设科技金融部，零售AUM突破17万亿元</a>&nbsp;&nbsp;<font color=""#6f6f6f"">东方财富</font>",neutral,0.03220564
2026-03-28,2026-03-28T07:00:00+00:00,600036.SH,"""招商银行"" - Google 新闻",招商银行贵阳分行开展“地球一小时”公益活动 - 人民网贵州,"<a href=""https://news.google.com/rss/articles/CBMiakFVX3lxTE03QzVaMDBhd1EwUThZdUNpelNVNlBrWm5lRnYzejVKdjQtLUMwbjM1UDJTbDU0VVhqX2g3WHphNXNFUW9SdlhKd0RRNmhDd1A0TGFyS0JEZW85Qm1BNkpybUhMYjBGUVFWcGc?oc=5"" target=""_blank"">招商银行贵阳分行开展“地球一小时”公益活动</a>&nbsp;&nbsp;<font color=""#6f6f6f"">人民网贵州</font>",https://news.google.com/rss/articles/CBMiakFVX3lxTE03QzVaMDBhd1EwUThZdUNpelNVNlBrWm5lRnYzejVKdjQtLUMwbjM1UDJTbDU0VVhqX2g3WHphNXNFUW9SdlhKd0RRNmhDd1A0TGFyS0JEZW85Qm1BNkpybUhMYjBGUVFWcGc?oc=5,招商银行,"招商银行贵阳分行开展“地球一小时”公益活动 - 人民网贵州. <a href=""https://news.google.com/rss/articles/CBMiakFVX3lxTE03QzVaMDBhd1EwUThZdUNpelNVNlBrWm5lRnYzejVKdjQtLUMwbjM1UDJTbDU0VVhqX2g3WHphNXNFUW9SdlhKd0RRNmhDd1A0TGFyS0JEZW85Qm1BNkpybUhMYjBGUVFWcGc?oc=5"" target=""_blank"">招商银行贵阳分行开展“地球一小时”公益活动</a>&nbsp;&nbsp;<font color=""#6f6f6f"">人民网贵州</font>",neutral,0.03623406
2026-03-28,2026-03-28T07:00:00+00:00,600036.SH,"""招商银行"" - Google 新闻",招商银行：2025年净利润1501.81亿元 同比增长1.21% 拟10派10.03元 - 东方财富,"<a href=""https://news.google.com/rss/articles/CBMiZkFVX3lxTE5QbUpGN1VvTTQtaGZaY0RUc3l4akFPUFpNQnRkaVE4WldpRmlLNG42MWVrcTQ4QU1RX1c4V1dzWlhFWlNhNF9rZng2aXV1U1FOMGYxOFBROEExZmtDR2NvQzJfZGppQQ?oc=5"" target=""_blank"">招商银行：2025年净利润1501.81亿元 同比增长1.21% 拟10派10.03元</a>&nbsp;&nbsp;<font color=""#6f6f6f"">东方财富</font>",https://news.google.com/rss/articles/CBMiZkFVX3lxTE5QbUpGN1VvTTQtaGZaY0RUc3l4akFPUFpNQnRkaVE4WldpRmlLNG42MWVrcTQ4QU1RX1c4V1dzWlhFWlNhNF9rZng2aXV1U1FOMGYxOFBROEExZmtDR2NvQzJfZGppQQ?oc=5,招商银行,"招商银行：2025年净利润1501.81亿元 同比增长1.21% 拟10派10.03元 - 东方财富. <a href=""https://news.google.com/rss/articles/CBMiZkFVX3lxTE5QbUpGN1VvTTQtaGZaY0RUc3l4akFPUFpNQnRkaVE4WldpRmlLNG42MWVrcTQ4QU1RX1c4V1dzWlhFWlNhNF9rZng2aXV1U1FOMGYxOFBROEExZmtDR2NvQzJfZGppQQ?oc=5"" target=""_blank"">招商银行：2025年净利润1501.81亿元 同比增长1.21% 拟10派10.03元</a>&nbsp;&nbsp;<font color=""#6f6f6f"">东方财富</font>",neutral,0.02695847
2026-03-29,2026-03-29T07:00:00+00:00,600036.SH,"""China Merchants Bank"" - Google News",Pricing emerges on Boyu’s Starbucks China acquisition loan - 9fin,"<a href=""https://news.google.com/rss/articles/CBMib0FVX3lxTE9LamtmTms0VUl4NnoxRjBjQUFaUDBKSFNFcERzYlhUWVN6Umc4MHFDc1RCRTVfMGlYNm5DVTNQb2hXWlI4c29PZ3A4MTZJRHUxWXRCWE91N2J5V2FpNEVLcHRFX0w0dmw1Y3lWQzJJaw?oc=5"" target=""_blank"">Pricing emerges on Boyu’s Starbucks China acquisition loan</a>&nbsp;&nbsp;<font color=""#6f6f6f"">9fin</font>",https://news.google.com/rss/articles/CBMib0FVX3lxTE9LamtmTms0VUl4NnoxRjBjQUFaUDBKSFNFcERzYlhUWVN6Umc4MHFDc1RCRTVfMGlYNm5DVTNQb2hXWlI4c29PZ3A4MTZJRHUxWXRCWE91N2J5V2FpNEVLcHRFX0w0dmw1Y3lWQzJJaw?oc=5,China Merchants Bank,"Pricing emerges on Boyu’s Starbucks China acquisition loan - 9fin. <a href=""https://news.google.com/rss/articles/CBMib0FVX3lxTE9LamtmTms0VUl4NnoxRjBjQUFaUDBKSFNFcERzYlhUWVN6Umc4MHFDc1RCRTVfMGlYNm5DVTNQb2hXWlI4c29PZ3A4MTZJRHUxWXRCWE91N2J5V2FpNEVLcHRFX0w0dmw1Y3lWQzJJaw?oc=5"" target=""_blank"">Pricing emerges on Boyu’s Starbucks China acquisition loan</a>&nbsp;&nbsp;<font color=""#6f6f6f"">9fin</font>",positive,0.5150162
2026-03-29,2026-03-29T07:00:00+00:00,600036.SH,"""China Merchants Bank"" - Google News",China Merchants Bank Focuses on Maintaining Leading Net Interest Margin - Binance,"<a href=""https://news.google.com/rss/articles/CBMiZEFVX3lxTE5mTmZUTkJ3d2QwcFRIazczLXU4WnF5bWVfQU9oaTVGeXl6eHhSTHVnSGkxTWNYOE9YSFFwb1Y5VS1OUDRjcXF3MmVjenkzNWctMFZKbEVEUkhqOXdNRUVCdnZ0ZHk?oc=5"" target=""_blank"">China Merchants Bank Focuses on Maintaining Leading Net Interest Margin</a>&nbsp;&nbsp;<font color=""#6f6f6f"">Binance</font>",https://news.google.com/rss/articles/CBMiZEFVX3lxTE5mTmZUTkJ3d2QwcFRIazczLXU4WnF5bWVfQU9oaTVGeXl6eHhSTHVnSGkxTWNYOE9YSFFwb1Y5VS1OUDRjcXF3MmVjenkzNWctMFZKbEVEUkhqOXdNRUVCdnZ0ZHk?oc=5,China Merchants Bank,"China Merchants Bank Focuses on Maintaining Leading Net Interest Margin - Binance. <a href=""https://news.google.com/rss/articles/CBMiZEFVX3lxTE5mTmZUTkJ3d2QwcFRIazczLXU4WnF5bWVfQU9oaTVGeXl6eHhSTHVnSGkxTWNYOE9YSFFwb1Y5VS1OUDRjcXF3MmVjenkzNWctMFZKbEVEUkhqOXdNRUVCdnZ0ZHk?oc=5"" target=""_blank"">China Merchants Bank Focuses on Maintaining Leading Net Interest Margin</a>&nbsp;&nbsp;<font color=""#6f6f6f"">Binance</font>",positive,0.71880645
2026-03-29,2026-03-29T17:00:00+00:00,600036.SH,600036 - Bing新聞,招商銀行 股票預測,我們的 China Merchants Bank Co Ltd 普遍預期頁是基於分析師的一致預測，涵蓋了上市公司的每股收益和收入。 我們會提供給您招商銀行強買、強賣或持有的整體普遍預測，根據分析師的12個月的價格目標 ...,http://www.bing.com/news/apiclick.aspx?ref=FexRss&aid=&tid=69fb16bc22944cd3aea658b883950712&url=https%3a%2f%2fhk.investing.com%2fequities%2fmerchants-bank-consensus-estimates&c=5644810847656205071&mkt=zh-tw,600036,招商銀行 股票預測. 我們的 China Merchants Bank Co Ltd 普遍預期頁是基於分析師的一致預測，涵蓋了上市公司的每股收益和收入。 我們會提供給您招商銀行強買、強賣或持有的整體普遍預測，根據分析師的12個月的價格目標 ...,neutral,0.038803175
2026-03-30,2026-03-30T07:00:00+00:00,600036.SH,"""China Merchants Bank"" - Google News","China Merchants Bank's management stated that the main business focus for 2026 is 'stabilizing interest margins and controlling risks,' with the strategy of offering mutual fund distribution at a minimum 10% discount proving effective last year. - 富途牛牛","<a href=""https://news.google.com/rss/articles/CBMipwFBVV95cUxQeW40bFJyY01jblZ6TmV4eFBfbEZ2Nnl3TzZzc0tMSU5WWnZQaDVIcTR6aTUyODV3SndydVZqZlJhX3FBT0NhT29zQ2c3UHJDck9CZU0yR1B2WHpwZmxlMER4OW15NU1NTlVGNnJOeF81a0g1eXNESFBNWXVpLUx3TEl2bFJqaFB6QnJDNzNDb0d4SkduMzF1ekt6dl9GNWl3MDk4cFpwZw?oc=5"" target=""_blank"">China Merchants Bank's management stated that the main business focus for 2026 is 'stabilizing interest margins and controlling risks,' with the strategy of offering mutual fund distribution at a minimum 10% discount proving effective last year.</a>&nbsp;&nbsp;<font color=""#6f6f6f"">富途牛牛</font>",https://news.google.com/rss/articles/CBMipwFBVV95cUxQeW40bFJyY01jblZ6TmV4eFBfbEZ2Nnl3TzZzc0tMSU5WWnZQaDVIcTR6aTUyODV3SndydVZqZlJhX3FBT0NhT29zQ2c3UHJDck9CZU0yR1B2WHpwZmxlMER4OW15NU1NTlVGNnJOeF81a0g1eXNESFBNWXVpLUx3TEl2bFJqaFB6QnJDNzNDb0d4SkduMzF1ekt6dl9GNWl3MDk4cFpwZw?oc=5,China Merchants Bank,"China Merchants Bank's management stated that the main business focus for 2026 is 'stabilizing interest margins and controlling risks,' with the strategy of offering mutual fund distribution at a minimum 10% discount proving effective last year. - 富途牛牛. <a href=""https://news.google.com/rss/articles/CBMipwFBVV95cUxQeW40bFJyY01jblZ6TmV4eFBfbEZ2Nnl3TzZzc0tMSU5WWnZQaDVIcTR6aTUyODV3SndydVZqZlJhX3FBT0NhT29zQ2c3UHJDck9CZU0yR1B2WHpwZmxlMER4OW15NU1NTlVGNnJOeF81a0g1eXNESFBNWXVpLUx3TEl2bFJqaFB6QnJDNzNDb0d4SkduMzF1ekt6dl9GNWl3MDk4cFpwZw?oc=5"" target=""_blank"">China Merchants Bank's management stated that the main business focus for 2026 is 'stabilizing interest margins and controlling risks,' with the strategy of offering mutual fund distribution at a minimum 10% discount proving effective last year.</a>&nbsp;&nbsp;<font color=""#6f6f6f"">富途牛牛</font>",neutral,0.07015778
2026-03-30,2026-03-30T07:00:00+00:00,600036.SH,"""招商银行"" - Google 新闻",“清朗金融网络 守护安心消费”招商银行信用卡中心重庆分中心在行动 - 人民网,"<a href=""https://news.google.com/rss/articles/CBMiakFVX3lxTE96aWoxWVZmZjlUbE0wYVZBbTVYNXVYT05rbl8tTmdCMTlKZGtmRG52UGlFekttZVhSejloWVNaWjJFdENnUm1pRHh3STdBamFWbkVnbUxWU1p0NTM1VG45bnk2dFJmdDljanc?oc=5"" target=""_blank"">“清朗金融网络 守护安心消费”招商银行信用卡中心重庆分中心在行动</a>&nbsp;&nbsp;<font color=""#6f6f6f"">人民网</font>",https://news.google.com/rss/articles/CBMiakFVX3lxTE96aWoxWVZmZjlUbE0wYVZBbTVYNXVYT05rbl8tTmdCMTlKZGtmRG52UGlFekttZVhSejloWVNaWjJFdENnUm1pRHh3STdBamFWbkVnbUxWU1p0NTM1VG45bnk2dFJmdDljanc?oc=5,招商银行,"“清朗金融网络 守护安心消费”招商银行信用卡中心重庆分中心在行动 - 人民网. <a href=""https://news.google.com/rss/articles/CBMiakFVX3lxTE96aWoxWVZmZjlUbE0wYVZBbTVYNXVYT05rbl8tTmdCMTlKZGtmRG52UGlFekttZVhSejloWVNaWjJFdENnUm1pRHh3STdBamFWbkVnbUxWU1p0NTM1VG45bnk2dFJmdDljanc?oc=5"" target=""_blank"">“清朗金融网络 守护安心消费”招商银行信用卡中心重庆分中心在行动</a>&nbsp;&nbsp;<font color=""#6f6f6f"">人民网</font>",neutral,0.02860634
2026-03-30,2026-03-30T07:00:00+00:00,600036.SH,"""招商银行"" - Google 新闻",透视年报｜“零售之王”招商银行策略变阵 - 新京报,"<a href=""https://news.google.com/rss/articles/CBMiYkFVX3lxTE5EY0ZwLWxMYnZjUjFmSlR5bU42SDNEaXNJbGRneHgxb1Vwei10aDB1VVFJai1tX1U0N1ItdVpMRjc3TWR4bHZEajlNdVZoQzJmMDVMQ3hLN2ZTQ3RMMFdvX1Bn?oc=5"" target=""_blank"">透视年报｜“零售之王”招商银行策略变阵</a>&nbsp;&nbsp;<font color=""#6f6f6f"">新京报</font>",https://news.google.com/rss/articles/CBMiYkFVX3lxTE5EY0ZwLWxMYnZjUjFmSlR5bU42SDNEaXNJbGRneHgxb1Vwei10aDB1VVFJai1tX1U0N1ItdVpMRjc3TWR4bHZEajlNdVZoQzJmMDVMQ3hLN2ZTQ3RMMFdvX1Bn?oc=5,招商银行,"透视年报｜“零售之王”招商银行策略变阵 - 新京报. <a href=""https://news.google.com/rss/articles/CBMiYkFVX3lxTE5EY0ZwLWxMYnZjUjFmSlR5bU42SDNEaXNJbGRneHgxb1Vwei10aDB1VVFJai1tX1U0N1ItdVpMRjc3TWR4bHZEajlNdVZoQzJmMDVMQ3hLN2ZTQ3RMMFdvX1Bn?oc=5"" target=""_blank"">透视年报｜“零售之王”招商银行策略变阵</a>&nbsp;&nbsp;<font color=""#6f6f6f"">新京报</font>",neutral,0.04652851
2026-03-30,2026-03-30T07:00:00+00:00,600036.SH,"""招商银行"" - Google 新闻",招商银行2025年实现归母净利润1501.81亿元 同比增长1.21% - 东方财富,"<a href=""https://news.google.com/rss/articles/CBMiYEFVX3lxTE93cXRjbkNLb2M2WGhteVZNVXpaWnNYU2F5NEI4dFBOajNkcVdqZ0VBNDVsNnFHekxoU2pPZ0g3RHVZT1dYNktqbm1kNGJFNHN4Y2pXdGJHLVN5ZkpIMUlaUw?oc=5"" target=""_blank"">招商银行2025年实现归母净利润1501.81亿元 同比增长1.21%</a>&nbsp;&nbsp;<font color=""#6f6f6f"">东方财富</font>",https://news.google.com/rss/articles/CBMiYEFVX3lxTE93cXRjbkNLb2M2WGhteVZNVXpaWnNYU2F5NEI4dFBOajNkcVdqZ0VBNDVsNnFHekxoU2pPZ0g3RHVZT1dYNktqbm1kNGJFNHN4Y2pXdGJHLVN5ZkpIMUlaUw?oc=5,招商银行,"招商银行2025年实现归母净利润1501.81亿元 同比增长1.21% - 东方财富. <a href=""https://news.google.com/rss/articles/CBMiYEFVX3lxTE93cXRjbkNLb2M2WGhteVZNVXpaWnNYU2F5NEI4dFBOajNkcVdqZ0VBNDVsNnFHekxoU2pPZ0g3RHVZT1dYNktqbm1kNGJFNHN4Y2pXdGJHLVN5ZkpIMUlaUw?oc=5"" target=""_blank"">招商银行2025年实现归母净利润1501.81亿元 同比增长1.21%</a>&nbsp;&nbsp;<font color=""#6f6f6f"">东方财富</font>",neutral,0.023132911
2026-03-30,2026-03-30T07:00:00+00:00,600036.SH,"""招商银行"" - Google 新闻",招商银行首席信息官周天虹：根据大模型作用，将全行工作分为高、中、低价值三类 - 东方财富,"<a href=""https://news.google.com/rss/articles/CBMiYEFVX3lxTE1ZXzBiVl9uQjlDQ3NSWlloekszUkNQS3RGVkt4ellWVDRVUGNwaTZiLWlVaVBPeGstVktWN3BuaTMtbTZwZTFhSVBCMHpvcU84N0FlUUgzbjVGLUkxM1Z0Sg?oc=5"" target=""_blank"">招商银行首席信息官周天虹：根据大模型作用，将全行工作分为高、中、低价值三类</a>&nbsp;&nbsp;<font color=""#6f6f6f"">东方财富</font>",https://news.google.com/rss/articles/CBMiYEFVX3lxTE1ZXzBiVl9uQjlDQ3NSWlloekszUkNQS3RGVkt4ellWVDRVUGNwaTZiLWlVaVBPeGstVktWN3BuaTMtbTZwZTFhSVBCMHpvcU84N0FlUUgzbjVGLUkxM1Z0Sg?oc=5,招商银行,"招商银行首席信息官周天虹：根据大模型作用，将全行工作分为高、中、低价值三类 - 东方财富. <a href=""https://news.google.com/rss/articles/CBMiYEFVX3lxTE1ZXzBiVl9uQjlDQ3NSWlloekszUkNQS3RGVkt4ellWVDRVUGNwaTZiLWlVaVBPeGstVktWN3BuaTMtbTZwZTFhSVBCMHpvcU84N0FlUUgzbjVGLUkxM1Z0Sg?oc=5"" target=""_blank"">招商银行首席信息官周天虹：根据大模型作用，将全行工作分为高、中、低价值三类</a>&nbsp;&nbsp;<font color=""#6f6f6f"">东方财富</font>",neutral,0.025355993
2026-03-30,2026-03-30T07:35:32+00:00,600036.SH,"""600036"" - Google 新闻",招商银行(600036)：息差边际企稳 盈利持续修复 - 富途牛牛,"<a href=""https://news.google.com/rss/articles/CBMiswFBVV95cUxOSlVEdEJaWEtua0w1Y3R6RmJaR0pMVjhhRzN1WWsxNUVNTkRBM2pVN3kxQ3NLT1ZhQkljSWdZTC1OVUdRVmVIdnExTG1lQXJaN1c2ZXk5VDlLM2wxakt5TF9KVW9rMnZwMWFONlN2ZmhMdGRhRFpUeUN0WVQzQ3ljMnpmM1VuU3M0RXdhblU2S2lmMVl0VUk3cVh2bEx3NkdxVnBQdkc1T1I4NEc0ZTYydkNuSQ?oc=5"" target=""_blank"">招商银行(600036)：息差边际企稳 盈利持续修复</a>&nbsp;&nbsp;<font color=""#6f6f6f"">富途牛牛</font>",https://news.google.com/rss/articles/CBMiswFBVV95cUxOSlVEdEJaWEtua0w1Y3R6RmJaR0pMVjhhRzN1WWsxNUVNTkRBM2pVN3kxQ3NLT1ZhQkljSWdZTC1OVUdRVmVIdnExTG1lQXJaN1c2ZXk5VDlLM2wxakt5TF9KVW9rMnZwMWFONlN2ZmhMdGRhRFpUeUN0WVQzQ3ljMnpmM1VuU3M0RXdhblU2S2lmMVl0VUk3cVh2bEx3NkdxVnBQdkc1T1I4NEc0ZTYydkNuSQ?oc=5,600036,"招商银行(600036)：息差边际企稳 盈利持续修复 - 富途牛牛. <a href=""https://news.google.com/rss/articles/CBMiswFBVV95cUxOSlVEdEJaWEtua0w1Y3R6RmJaR0pMVjhhRzN1WWsxNUVNTkRBM2pVN3kxQ3NLT1ZhQkljSWdZTC1OVUdRVmVIdnExTG1lQXJaN1c2ZXk5VDlLM2wxakt5TF9KVW9rMnZwMWFONlN2ZmhMdGRhRFpUeUN0WVQzQ3ljMnpmM1VuU3M0RXdhblU2S2lmMVl0VUk3cVh2bEx3NkdxVnBQdkc1T1I4NEc0ZTYydkNuSQ?oc=5"" target=""_blank"">招商银行(600036)：息差边际企稳 盈利持续修复</a>&nbsp;&nbsp;<font color=""#6f6f6f"">富途牛牛</font>",neutral,0.007068604
2026-03-31,2026-03-31T07:00:00+00:00,600036.SH,"""招商银行"" - Google 新闻",招商银行召开2025年度业绩发布会 - 中国基金报,"<a href=""https://news.google.com/rss/articles/CBMiekFVX3lxTE1WTFM2cERTUEo2amFtM3RSbTRmREFVamFJTFZpR2h5d0FtSmxaek1EMGprMTZLTHNNY0l3a3hTWnJVTzlJcGU1OGxial9tcV9ORTdVNnNUeEVCMTJVZThzZVN6SnJoZURBY2lNV3Q3ZnZxdDNpSU45bzVR?oc=5"" target=""_blank"">招商银行召开2025年度业绩发布会</a>&nbsp;&nbsp;<font color=""#6f6f6f"">中国基金报</font>",https://news.google.com/rss/articles/CBMiekFVX3lxTE1WTFM2cERTUEo2amFtM3RSbTRmREFVamFJTFZpR2h5d0FtSmxaek1EMGprMTZLTHNNY0l3a3hTWnJVTzlJcGU1OGxial9tcV9ORTdVNnNUeEVCMTJVZThzZVN6SnJoZURBY2lNV3Q3ZnZxdDNpSU45bzVR?oc=5,招商银行,"招商银行召开2025年度业绩发布会 - 中国基金报. <a href=""https://news.google.com/rss/articles/CBMiekFVX3lxTE1WTFM2cERTUEo2amFtM3RSbTRmREFVamFJTFZpR2h5d0FtSmxaek1EMGprMTZLTHNNY0l3a3hTWnJVTzlJcGU1OGxial9tcV9ORTdVNnNUeEVCMTJVZThzZVN6SnJoZURBY2lNV3Q3ZnZxdDNpSU45bzVR?oc=5"" target=""_blank"">招商银行召开2025年度业绩发布会</a>&nbsp;&nbsp;<font color=""#6f6f6f"">中国基金报</font>",neutral,0.038412087
2026-03-31,2026-03-31T07:00:00+00:00,600036.SH,"""招商银行"" - Google 新闻",招商银行董事长缪建民：未来零售业务的重要突破口是财富管理 - 中国电子银行网,"<a href=""https://news.google.com/rss/articles/CBMiXkFVX3lxTE1qQXR0UkxWeXVxZjh0bjBvczdWbXJpbE5fNVNQOEdMMnoxNm5vRngxYmF0ZTl0V1dUMC1GaF9ybGxubXktLVRLOGxsVXd6dWdjRGRFMUl4QmhuZzdySkE?oc=5"" target=""_blank"">招商银行董事长缪建民：未来零售业务的重要突破口是财富管理</a>&nbsp;&nbsp;<font color=""#6f6f6f"">中国电子银行网</font>",https://news.google.com/rss/articles/CBMiXkFVX3lxTE1qQXR0UkxWeXVxZjh0bjBvczdWbXJpbE5fNVNQOEdMMnoxNm5vRngxYmF0ZTl0V1dUMC1GaF9ybGxubXktLVRLOGxsVXd6dWdjRGRFMUl4QmhuZzdySkE?oc=5,招商银行,"招商银行董事长缪建民：未来零售业务的重要突破口是财富管理 - 中国电子银行网. <a href=""https://news.google.com/rss/articles/CBMiXkFVX3lxTE1qQXR0UkxWeXVxZjh0bjBvczdWbXJpbE5fNVNQOEdMMnoxNm5vRngxYmF0ZTl0V1dUMC1GaF9ybGxubXktLVRLOGxsVXd6dWdjRGRFMUl4QmhuZzdySkE?oc=5"" target=""_blank"">招商银行董事长缪建民：未来零售业务的重要突破口是财富管理</a>&nbsp;&nbsp;<font color=""#6f6f6f"">中国电子银行网</font>",neutral,0.011638656
2026-03-31,2026-03-31T07:00:00+00:00,600036.SH,"""招商银行"" - Google 新闻",一场招商银行的压力测试 - 华尔街见闻,"<a href=""https://news.google.com/rss/articles/CBMiU0FVX3lxTE1tZmhVS2RMUXI1cnR2NnBZY2NFa3BGeVF5N29MQ0JlazluSkhkZHJXazFqd2hwQ01zUm5DdHVPb2s5dXFNVGU4X2RTZmNDaXlaTkZr?oc=5"" target=""_blank"">一场招商银行的压力测试</a>&nbsp;&nbsp;<font color=""#6f6f6f"">华尔街见闻</font>",https://news.google.com/rss/articles/CBMiU0FVX3lxTE1tZmhVS2RMUXI1cnR2NnBZY2NFa3BGeVF5N29MQ0JlazluSkhkZHJXazFqd2hwQ01zUm5DdHVPb2s5dXFNVGU4X2RTZmNDaXlaTkZr?oc=5,招商银行,"一场招商银行的压力测试 - 华尔街见闻. <a href=""https://news.google.com/rss/articles/CBMiU0FVX3lxTE1tZmhVS2RMUXI1cnR2NnBZY2NFa3BGeVF5N29MQ0JlazluSkhkZHJXazFqd2hwQ01zUm5DdHVPb2s5dXFNVGU4X2RTZmNDaXlaTkZr?oc=5"" target=""_blank"">一场招商银行的压力测试</a>&nbsp;&nbsp;<font color=""#6f6f6f"">华尔街见闻</font>",neutral,-0.0003047511
2026-03-31,2026-03-31T11:42:55+00:00,600036.SH,"""600036"" - Google 新闻",招商银行(600036)2025年年报点评：单季息差拐点 财富管理加速 - 富途牛牛,"<a href=""https://news.google.com/rss/articles/CBMipwFBVV95cUxPSXd6RHlwaXpaSnNOd0p4ZGdidjUzUFQxWWVGZ3dzSklDRFpKdXhsQ2FnXzZoRTdpUEJKVDNiZGpXUGVxRHJqRllvNi16eTlvN2M4YUtudlZFUHh6VWNzWlNoNURhdmRNT0MtSlUyUzhlNEFxZm9IZ2lZT2pmeV8zZ3BnQ21sTmNsaHpVc215eW1lZ0FZZTcxaDBNblZuWkhKR1psLWNZQQ?oc=5"" target=""_blank"">招商银行(600036)2025年年报点评：单季息差拐点 财富管理加速</a>&nbsp;&nbsp;<font color=""#6f6f6f"">富途牛牛</font>",https://news.google.com/rss/articles/CBMipwFBVV95cUxPSXd6RHlwaXpaSnNOd0p4ZGdidjUzUFQxWWVGZ3dzSklDRFpKdXhsQ2FnXzZoRTdpUEJKVDNiZGpXUGVxRHJqRllvNi16eTlvN2M4YUtudlZFUHh6VWNzWlNoNURhdmRNT0MtSlUyUzhlNEFxZm9IZ2lZT2pmeV8zZ3BnQ21sTmNsaHpVc215eW1lZ0FZZTcxaDBNblZuWkhKR1psLWNZQQ?oc=5,600036,"招商银行(600036)2025年年报点评：单季息差拐点 财富管理加速 - 富途牛牛. <a href=""https://news.google.com/rss/articles/CBMipwFBVV95cUxPSXd6RHlwaXpaSnNOd0p4ZGdidjUzUFQxWWVGZ3dzSklDRFpKdXhsQ2FnXzZoRTdpUEJKVDNiZGpXUGVxRHJqRllvNi16eTlvN2M4YUtudlZFUHh6VWNzWlNoNURhdmRNT0MtSlUyUzhlNEFxZm9IZ2lZT2pmeV8zZ3BnQ21sTmNsaHpVc215eW1lZ0FZZTcxaDBNblZuWkhKR1psLWNZQQ?oc=5"" target=""_blank"">招商银行(600036)2025年年报点评：单季息差拐点 财富管理加速</a>&nbsp;&nbsp;<font color=""#6f6f6f"">富途牛牛</font>",neutral,0.013357595
2026-04-01,2026-04-01T07:00:00+00:00,600036.SH,"""招商银行"" - Google 新闻",营收“转正” 招商银行如何“稳”住零售压舱石？ - cb.com.cn,"<a href=""https://news.google.com/rss/articles/CBMiYkFVX3lxTFBXMlFNd0p4a052Z3VibDZsT1pLa2JHczhpZm0wTWxwVDg0bXJnUXkydXpoQW9mVGdYQTl1RU5RQkViNk5TclJUb3pTeHE1RVJia0FUQ2NJMlVMZDhlQnREYzB3?oc=5"" target=""_blank"">营收“转正” 招商银行如何“稳”住零售压舱石？</a>&nbsp;&nbsp;<font color=""#6f6f6f"">cb.com.cn</font>",https://news.google.com/rss/articles/CBMiYkFVX3lxTFBXMlFNd0p4a052Z3VibDZsT1pLa2JHczhpZm0wTWxwVDg0bXJnUXkydXpoQW9mVGdYQTl1RU5RQkViNk5TclJUb3pTeHE1RVJia0FUQ2NJMlVMZDhlQnREYzB3?oc=5,招商银行,"营收“转正” 招商银行如何“稳”住零售压舱石？ - cb.com.cn. <a href=""https://news.google.com/rss/articles/CBMiYkFVX3lxTFBXMlFNd0p4a052Z3VibDZsT1pLa2JHczhpZm0wTWxwVDg0bXJnUXkydXpoQW9mVGdYQTl1RU5RQkViNk5TclJUb3pTeHE1RVJia0FUQ2NJMlVMZDhlQnREYzB3?oc=5"" target=""_blank"">营收“转正” 招商银行如何“稳”住零售压舱石？</a>&nbsp;&nbsp;<font color=""#6f6f6f"">cb.com.cn</font>",neutral,0.020242948
2026-04-02,2026-04-02T07:00:00+00:00,600036.SH,"""招商银行"" - Google 新闻",招商银行董事长缪建民称“招行员工很少准点下班” 不要乱理解成加班文化 - 新浪财经,"<a href=""https://news.google.com/rss/articles/CBMi_wFBVV95cUxQN0pIUW5ucl9QYUk2RnNmVGNvWTJkVHlSeEVJcmVRYmNTYmQzNFM0aHZhMlBGWjZDZkUtWWY2Qk9rMGo5UFlFQ0lBSzZxTWtaVGdUa2NSWXBFemE3X3dZR1JfRWdmbHN6VzAyeWZ6UEM1WWRhYUVXRS03VTl1d0NBUXhkY2NYUGI0NEV3U1h6RVlpNHZvalJQOGFTYjVwV3lUQzFfSkEtVERFVENwb1NhUmxjd1BCb0ZJci1FUzdhQVFxVDFtMW9sRzlGUDlBTUZIQU9vNUxibTM5aTF3RUpwVWFZdUV1SW5UQmx5RkpSWWFHQllaNUt0RzhnNHNmYXc?oc=5"" target=""_blank"">招商银行董事长缪建民称“招行员工很少准点下班” 不要乱理解成加班文化</a>&nbsp;&nbsp;<font color=""#6f6f6f"">新浪财经</font>",https://news.google.com/rss/articles/CBMi_wFBVV95cUxQN0pIUW5ucl9QYUk2RnNmVGNvWTJkVHlSeEVJcmVRYmNTYmQzNFM0aHZhMlBGWjZDZkUtWWY2Qk9rMGo5UFlFQ0lBSzZxTWtaVGdUa2NSWXBFemE3X3dZR1JfRWdmbHN6VzAyeWZ6UEM1WWRhYUVXRS03VTl1d0NBUXhkY2NYUGI0NEV3U1h6RVlpNHZvalJQOGFTYjVwV3lUQzFfSkEtVERFVENwb1NhUmxjd1BCb0ZJci1FUzdhQVFxVDFtMW9sRzlGUDlBTUZIQU9vNUxibTM5aTF3RUpwVWFZdUV1SW5UQmx5RkpSWWFHQllaNUt0RzhnNHNmYXc?oc=5,招商银行,"招商银行董事长缪建民称“招行员工很少准点下班” 不要乱理解成加班文化 - 新浪财经. <a href=""https://news.google.com/rss/articles/CBMi_wFBVV95cUxQN0pIUW5ucl9QYUk2RnNmVGNvWTJkVHlSeEVJcmVRYmNTYmQzNFM0aHZhMlBGWjZDZkUtWWY2Qk9rMGo5UFlFQ0lBSzZxTWtaVGdUa2NSWXBFemE3X3dZR1JfRWdmbHN6VzAyeWZ6UEM1WWRhYUVXRS03VTl1d0NBUXhkY2NYUGI0NEV3U1h6RVlpNHZvalJQOGFTYjVwV3lUQzFfSkEtVERFVENwb1NhUmxjd1BCb0ZJci1FUzdhQVFxVDFtMW9sRzlGUDlBTUZIQU9vNUxibTM5aTF3RUpwVWFZdUV1SW5UQmx5RkpSWWFHQllaNUt0RzhnNHNmYXc?oc=5"" target=""_blank"">招商银行董事长缪建民称“招行员工很少准点下班” 不要乱理解成加班文化</a>&nbsp;&nbsp;<font color=""#6f6f6f"">新浪财经</font>",neutral,0.0312662
2026-04-02,2026-04-02T07:00:00+00:00,600036.SH,"""招商银行"" - Google 新闻",招商银行东莞分行：全国首创“四流合一”模式赋能连接器产业发展 - 21财经,"<a href=""https://news.google.com/rss/articles/CBMijwFBVV95cUxPQmJWMTkyVzdJSFpNNlF0M1Rpd000RnhqRkpJR1pUMkdCR0JFdVotNEN4RnduUzI5ZWpMSjh0Yl83QmRhN1g5WGNfeFdtdFdBMHZMTXd3VnVZaHpXZlJYTHl6OWVoVHpySm8tYlVSaHZ1Y1lVNEw4UEhqVlhrRE9HSzJpZGk0WTNSdkJldGpSYw?oc=5"" target=""_blank"">招商银行东莞分行：全国首创“四流合一”模式赋能连接器产业发展</a>&nbsp;&nbsp;<font color=""#6f6f6f"">21财经</font>",https://news.google.com/rss/articles/CBMijwFBVV95cUxPQmJWMTkyVzdJSFpNNlF0M1Rpd000RnhqRkpJR1pUMkdCR0JFdVotNEN4RnduUzI5ZWpMSjh0Yl83QmRhN1g5WGNfeFdtdFdBMHZMTXd3VnVZaHpXZlJYTHl6OWVoVHpySm8tYlVSaHZ1Y1lVNEw4UEhqVlhrRE9HSzJpZGk0WTNSdkJldGpSYw?oc=5,招商银行,"招商银行东莞分行：全国首创“四流合一”模式赋能连接器产业发展 - 21财经. <a href=""https://news.google.com/rss/articles/CBMijwFBVV95cUxPQmJWMTkyVzdJSFpNNlF0M1Rpd000RnhqRkpJR1pUMkdCR0JFdVotNEN4RnduUzI5ZWpMSjh0Yl83QmRhN1g5WGNfeFdtdFdBMHZMTXd3VnVZaHpXZlJYTHl6OWVoVHpySm8tYlVSaHZ1Y1lVNEw4UEhqVlhrRE9HSzJpZGk0WTNSdkJldGpSYw?oc=5"" target=""_blank"">招商银行东莞分行：全国首创“四流合一”模式赋能连接器产业发展</a>&nbsp;&nbsp;<font color=""#6f6f6f"">21财经</font>",neutral,0.028856523
2026-04-03,2026-04-03T04:13:24+00:00,600036.SH,"""China Merchants Bank"" - Google 新闻",China More Than Doubles Number of Financial Institutions Offering E-Yuan Services - Yicai Global,"<a href=""https://news.google.com/rss/articles/CBMilwFBVV95cUxOcVNuLXFpUzVsTFItbi1tOXlNRUVKOFMzSnFnMEl0MmtvbzNUQ3JKb1BWYmRBaTMwQnRUTS1rT2JwVlQ1ZG8zNWw3Wlo5aUVVdnJ0NlByS2JHdnMxY1gwSlNkTk5GbTh1eE5wYjBiWlZZeVpuSmt3N1F4ajlld2FpbENJamxXa3ZBOVJnbHQtNEFnOG9xUXBz?oc=5"" target=""_blank"">China More Than Doubles Number of Financial Institutions Offering E-Yuan Services</a>&nbsp;&nbsp;<font color=""#6f6f6f"">Yicai Global</font>",https://news.google.com/rss/articles/CBMilwFBVV95cUxOcVNuLXFpUzVsTFItbi1tOXlNRUVKOFMzSnFnMEl0MmtvbzNUQ3JKb1BWYmRBaTMwQnRUTS1rT2JwVlQ1ZG8zNWw3Wlo5aUVVdnJ0NlByS2JHdnMxY1gwSlNkTk5GbTh1eE5wYjBiWlZZeVpuSmt3N1F4ajlld2FpbENJamxXa3ZBOVJnbHQtNEFnOG9xUXBz?oc=5,China Merchants Bank,"China More Than Doubles Number of Financial Institutions Offering E-Yuan Services - Yicai Global. <a href=""https://news.google.com/rss/articles/CBMilwFBVV95cUxOcVNuLXFpUzVsTFItbi1tOXlNRUVKOFMzSnFnMEl0MmtvbzNUQ3JKb1BWYmRBaTMwQnRUTS1rT2JwVlQ1ZG8zNWw3Wlo5aUVVdnJ0NlByS2JHdnMxY1gwSlNkTk5GbTh1eE5wYjBiWlZZeVpuSmt3N1F4ajlld2FpbENJamxXa3ZBOVJnbHQtNEFnOG9xUXBz?oc=5"" target=""_blank"">China More Than Doubles Number of Financial Institutions Offering E-Yuan Services</a>&nbsp;&nbsp;<font color=""#6f6f6f"">Yicai Global</font>",neutral,0.26405716
2026-04-03,2026-04-03T07:00:00+00:00,600036.SH,"""China Merchants Bank"" - Google News",China Merchants Bank Co (CIHHF) Gets a Buy from Bank of China - The Globe and Mail,"<a href=""https://news.google.com/rss/articles/CBMi3gFBVV95cUxQb3RoWUE1OEE5YnhJaTdwYko3aUVEekZnQmxtWk9WN2lUQTZxNUhKLTYwTzdWX2xIejFmb1A1X3dVeGF2bXpVS2ZPVnVMZkJ4eVdMSHB4MGtURDhkVnoxR2gtdlhvamFQUEhrSDZBeEJGUGhhbUVtSkw5Tm03MjBxWnNyRk1ZanhTdl9KR05RXzVFVXUtZEllZjY1YjMzXzloSjFDV0lPU2NVUFJ4cGw0TGhYODFQWlRZRDNnc09KMjZxWDVsSi1CM1Z6QktpU0lUZkx0NVVKaTRnRTJGTGc?oc=5"" target=""_blank"">China Merchants Bank Co (CIHHF) Gets a Buy from Bank of China</a>&nbsp;&nbsp;<font color=""#6f6f6f"">The Globe and Mail</font>",https://news.google.com/rss/articles/CBMi3gFBVV95cUxQb3RoWUE1OEE5YnhJaTdwYko3aUVEekZnQmxtWk9WN2lUQTZxNUhKLTYwTzdWX2xIejFmb1A1X3dVeGF2bXpVS2ZPVnVMZkJ4eVdMSHB4MGtURDhkVnoxR2gtdlhvamFQUEhrSDZBeEJGUGhhbUVtSkw5Tm03MjBxWnNyRk1ZanhTdl9KR05RXzVFVXUtZEllZjY1YjMzXzloSjFDV0lPU2NVUFJ4cGw0TGhYODFQWlRZRDNnc09KMjZxWDVsSi1CM1Z6QktpU0lUZkx0NVVKaTRnRTJGTGc?oc=5,China Merchants Bank,"China Merchants Bank Co (CIHHF) Gets a Buy from Bank of China - The Globe and Mail. <a href=""https://news.google.com/rss/articles/CBMi3gFBVV95cUxQb3RoWUE1OEE5YnhJaTdwYko3aUVEekZnQmxtWk9WN2lUQTZxNUhKLTYwTzdWX2xIejFmb1A1X3dVeGF2bXpVS2ZPVnVMZkJ4eVdMSHB4MGtURDhkVnoxR2gtdlhvamFQUEhrSDZBeEJGUGhhbUVtSkw5Tm03MjBxWnNyRk1ZanhTdl9KR05RXzVFVXUtZEllZjY1YjMzXzloSjFDV0lPU2NVUFJ4cGw0TGhYODFQWlRZRDNnc09KMjZxWDVsSi1CM1Z6QktpU0lUZkx0NVVKaTRnRTJGTGc?oc=5"" target=""_blank"">China Merchants Bank Co (CIHHF) Gets a Buy from Bank of China</a>&nbsp;&nbsp;<font color=""#6f6f6f"">The Globe and Mail</font>",positive,0.79912734
2026-04-05,2026-04-05T07:00:00+00:00,600036.SH,"""China Merchants Bank"" - Google News",China Renaissance Sticks to Its Buy Rating for China Merchants Bank Co (CIHHF) - The Globe and Mail,"<a href=""https://news.google.com/rss/articles/CBMi9AFBVV95cUxNZFUtVFBpM1pIMkkzWUVWRTZKbmRNM3JWZVlmLWE1THREM19rd05FN2NJNmd0OFpxc1E3TVczMzRqWXNyZ1lKY1ZGejUtcTVSeDZtMlNhVzQ4RFB1VFFGUW5HMjAzeEtmeGNrVU5Oc2RqSUQ0SElla2Z4cFRuOWJlR2FKekJEbVhqMG5wNy1CNDF3TWFPLTAwVWFtOFFLX1Rma0tYMl9aLU14aXFrN3ozY1NIcm95STAyTWdEZVd6aGlSZ3o3UWdnMjdfal85WjJpcjNRLVRNQXlKVjRYRnB2cF9fX0tvSERDajhtdGZRd0Q1RFF5?oc=5"" target=""_blank"">China Renaissance Sticks to Its Buy Rating for China Merchants Bank Co (CIHHF)</a>&nbsp;&nbsp;<font color=""#6f6f6f"">The Globe and Mail</font>",https://news.google.com/rss/articles/CBMi9AFBVV95cUxNZFUtVFBpM1pIMkkzWUVWRTZKbmRNM3JWZVlmLWE1THREM19rd05FN2NJNmd0OFpxc1E3TVczMzRqWXNyZ1lKY1ZGejUtcTVSeDZtMlNhVzQ4RFB1VFFGUW5HMjAzeEtmeGNrVU5Oc2RqSUQ0SElla2Z4cFRuOWJlR2FKekJEbVhqMG5wNy1CNDF3TWFPLTAwVWFtOFFLX1Rma0tYMl9aLU14aXFrN3ozY1NIcm95STAyTWdEZVd6aGlSZ3o3UWdnMjdfal85WjJpcjNRLVRNQXlKVjRYRnB2cF9fX0tvSERDajhtdGZRd0Q1RFF5?oc=5,China Merchants Bank,"China Renaissance Sticks to Its Buy Rating for China Merchants Bank Co (CIHHF) - The Globe and Mail. <a href=""https://news.google.com/rss/articles/CBMi9AFBVV95cUxNZFUtVFBpM1pIMkkzWUVWRTZKbmRNM3JWZVlmLWE1THREM19rd05FN2NJNmd0OFpxc1E3TVczMzRqWXNyZ1lKY1ZGejUtcTVSeDZtMlNhVzQ4RFB1VFFGUW5HMjAzeEtmeGNrVU5Oc2RqSUQ0SElla2Z4cFRuOWJlR2FKekJEbVhqMG5wNy1CNDF3TWFPLTAwVWFtOFFLX1Rma0tYMl9aLU14aXFrN3ozY1NIcm95STAyTWdEZVd6aGlSZ3o3UWdnMjdfal85WjJpcjNRLVRNQXlKVjRYRnB2cF9fX0tvSERDajhtdGZRd0Q1RFF5?oc=5"" target=""_blank"">China Renaissance Sticks to Its Buy Rating for China Merchants Bank Co (CIHHF)</a>&nbsp;&nbsp;<font color=""#6f6f6f"">The Globe and Mail</font>",neutral,0.0722474
2026-04-07,2026-04-07T07:00:00+00:00,600036.SH,"""China Merchants Bank"" - Google 新闻",Wages Plateau or Fall as Headcount Barely Rises at China’s Joint-Stock Banks in 2025 - Yicai Global,"<a href=""https://news.google.com/rss/articles/CBMipwFBVV95cUxQZDNLalZ3WlNMY3VnSkJPbVc2MnRUWEpYLUJzZnJqeENkbDBxekpEMUlkUl9PbExjZmk5NlJSeTFRTC1KOUR5cjRLeVpJbUpGXzNLUDlhN1lFa1hYWFNwbDVUQ0xDRjZrUWw2S01LQ1k0UFZoXzFGZDRObzBSOTZqbTF1dGJtMlNfXzVBeUo0dnAyM3AyQ0hpMzJNamFSaDlQVWFzM2dYRQ?oc=5"" target=""_blank"">Wages Plateau or Fall as Headcount Barely Rises at China’s Joint-Stock Banks in 2025</a>&nbsp;&nbsp;<font color=""#6f6f6f"">Yicai Global</font>",https://news.google.com/rss/articles/CBMipwFBVV95cUxQZDNLalZ3WlNMY3VnSkJPbVc2MnRUWEpYLUJzZnJqeENkbDBxekpEMUlkUl9PbExjZmk5NlJSeTFRTC1KOUR5cjRLeVpJbUpGXzNLUDlhN1lFa1hYWFNwbDVUQ0xDRjZrUWw2S01LQ1k0UFZoXzFGZDRObzBSOTZqbTF1dGJtMlNfXzVBeUo0dnAyM3AyQ0hpMzJNamFSaDlQVWFzM2dYRQ?oc=5,China Merchants Bank,"Wages Plateau or Fall as Headcount Barely Rises at China’s Joint-Stock Banks in 2025 - Yicai Global. <a href=""https://news.google.com/rss/articles/CBMipwFBVV95cUxQZDNLalZ3WlNMY3VnSkJPbVc2MnRUWEpYLUJzZnJqeENkbDBxekpEMUlkUl9PbExjZmk5NlJSeTFRTC1KOUR5cjRLeVpJbUpGXzNLUDlhN1lFa1hYWFNwbDVUQ0xDRjZrUWw2S01LQ1k0UFZoXzFGZDRObzBSOTZqbTF1dGJtMlNfXzVBeUo0dnAyM3AyQ0hpMzJNamFSaDlQVWFzM2dYRQ?oc=5"" target=""_blank"">Wages Plateau or Fall as Headcount Barely Rises at China’s Joint-Stock Banks in 2025</a>&nbsp;&nbsp;<font color=""#6f6f6f"">Yicai Global</font>",negative,-0.9069538
2026-04-08,2026-04-08T07:00:00+00:00,600036.SH,"""600036"" - Google 新闻",东海研究 | 招商银行（600036）：息差压力缓解，财富管理修复延续 - 新浪财经,"<a href=""https://news.google.com/rss/articles/CBMihAFBVV95cUxPdUo4eWE0VVBmdHRuWE55RDJaWEFSWnJzRVFIMmVnV2dSbWRTaE5TOTVzZ29ZYmlaeTZRbHpiTTk5UzdtX1pjaW9wc3M2d3llb2JUOF9rR09QQjlRQi1OTExkR2paS1FuUmJiZTZIMkUtNkxBdUVSN1RCLWFlSmw2SU5VZlU?oc=5"" target=""_blank"">东海研究 | 招商银行（600036）：息差压力缓解，财富管理修复延续</a>&nbsp;&nbsp;<font color=""#6f6f6f"">新浪财经</font>",https://news.google.com/rss/articles/CBMihAFBVV95cUxPdUo4eWE0VVBmdHRuWE55RDJaWEFSWnJzRVFIMmVnV2dSbWRTaE5TOTVzZ29ZYmlaeTZRbHpiTTk5UzdtX1pjaW9wc3M2d3llb2JUOF9rR09QQjlRQi1OTExkR2paS1FuUmJiZTZIMkUtNkxBdUVSN1RCLWFlSmw2SU5VZlU?oc=5,600036,"东海研究 | 招商银行（600036）：息差压力缓解，财富管理修复延续 - 新浪财经. <a href=""https://news.google.com/rss/articles/CBMihAFBVV95cUxPdUo4eWE0VVBmdHRuWE55RDJaWEFSWnJzRVFIMmVnV2dSbWRTaE5TOTVzZ29ZYmlaeTZRbHpiTTk5UzdtX1pjaW9wc3M2d3llb2JUOF9rR09QQjlRQi1OTExkR2paS1FuUmJiZTZIMkUtNkxBdUVSN1RCLWFlSmw2SU5VZlU?oc=5"" target=""_blank"">东海研究 | 招商银行（600036）：息差压力缓解，财富管理修复延续</a>&nbsp;&nbsp;<font color=""#6f6f6f"">新浪财经</font>",neutral,0.009184312
2026-04-09,2026-04-09T07:00:00+00:00,600036.SH,"""China Merchants Bank"" - Google News","China Merchants Bank Co., Ltd. 2025 Q4 - Results - Earnings Call Presentation (OTCMKTS:CIHKY) 2026-04-09 - Seeking Alpha","<a href=""https://news.google.com/rss/articles/CBMisAFBVV95cUxQcmx3Yml4RWU2bkpjZUlwMS1pemszVU5RN3dFUG13SjAxYzJqUWgzbEgya3RRNTYxRS14bjlQMWpoaU1sSG1DYmtZdzc1SmZmMHNkQ1dCY1dubENLVFJ1V0hER0VjVHAwUXEzWGRYb2YzQWZKajE2S2Juc2V1bW41S3B1UnF5YjgxRGxpcGxpd2F4OU9UYnFHbmsxRDlrdzhyQXlRc2RndnpEUkZTcnVncQ?oc=5"" target=""_blank"">China Merchants Bank Co., Ltd. 2025 Q4 - Results - Earnings Call Presentation (OTCMKTS:CIHKY) 2026-04-09</a>&nbsp;&nbsp;<font color=""#6f6f6f"">Seeking Alpha</font>",https://news.google.com/rss/articles/CBMisAFBVV95cUxQcmx3Yml4RWU2bkpjZUlwMS1pemszVU5RN3dFUG13SjAxYzJqUWgzbEgya3RRNTYxRS14bjlQMWpoaU1sSG1DYmtZdzc1SmZmMHNkQ1dCY1dubENLVFJ1V0hER0VjVHAwUXEzWGRYb2YzQWZKajE2S2Juc2V1bW41S3B1UnF5YjgxRGxpcGxpd2F4OU9UYnFHbmsxRDlrdzhyQXlRc2RndnpEUkZTcnVncQ?oc=5,China Merchants Bank,"China Merchants Bank Co., Ltd. 2025 Q4 - Results - Earnings Call Presentation (OTCMKTS:CIHKY) 2026-04-09 - Seeking Alpha. <a href=""https://news.google.com/rss/articles/CBMisAFBVV95cUxQcmx3Yml4RWU2bkpjZUlwMS1pemszVU5RN3dFUG13SjAxYzJqUWgzbEgya3RRNTYxRS14bjlQMWpoaU1sSG1DYmtZdzc1SmZmMHNkQ1dCY1dubENLVFJ1V0hER0VjVHAwUXEzWGRYb2YzQWZKajE2S2Juc2V1bW41S3B1UnF5YjgxRGxpcGxpd2F4OU9UYnFHbmsxRDlrdzhyQXlRc2RndnpEUkZTcnVncQ?oc=5"" target=""_blank"">China Merchants Bank Co., Ltd. 2025 Q4 - Results - Earnings Call Presentation (OTCMKTS:CIHKY) 2026-04-09</a>&nbsp;&nbsp;<font color=""#6f6f6f"">Seeking Alpha</font>",neutral,0.046025224
2026-04-09,2026-04-09T07:00:00+00:00,600036.SH,"""China Merchants Bank"" - Google News",China Merchants Bank to Fully Redeem and Delist 2017 Domestic Preference Shares - TipRanks,"<a href=""https://news.google.com/rss/articles/CBMiywFBVV95cUxPTHBIWnlCLXE1aGkzaTBLT0xHT0FWLUphX1l6cjVUZmFybkxqRFAtSzkwNFJHY3BmZlNWdXJZS2tCN1FxQ19JYVg4S0pVUkRqUFp1OHFMU1pzbVVmb3dtMXlJVWZwQnJRbGNYZ0VJRkRaNWk3cEFJdkhaNGVNNWZIQzVVZTBmcTloajdBbTVBY1dXVVNHWVloVS1pdzJXdjluR3hNcGNZeG5Sb0VfdEM1WmV4OUM2dVpBQ3piOVJLb3BDNUxxSDNsQ3l6aw?oc=5"" target=""_blank"">China Merchants Bank to Fully Redeem and Delist 2017 Domestic Preference Shares</a>&nbsp;&nbsp;<font color=""#6f6f6f"">TipRanks</font>",https://news.google.com/rss/articles/CBMiywFBVV95cUxPTHBIWnlCLXE1aGkzaTBLT0xHT0FWLUphX1l6cjVUZmFybkxqRFAtSzkwNFJHY3BmZlNWdXJZS2tCN1FxQ19JYVg4S0pVUkRqUFp1OHFMU1pzbVVmb3dtMXlJVWZwQnJRbGNYZ0VJRkRaNWk3cEFJdkhaNGVNNWZIQzVVZTBmcTloajdBbTVBY1dXVVNHWVloVS1pdzJXdjluR3hNcGNZeG5Sb0VfdEM1WmV4OUM2dVpBQ3piOVJLb3BDNUxxSDNsQ3l6aw?oc=5,China Merchants Bank,"China Merchants Bank to Fully Redeem and Delist 2017 Domestic Preference Shares - TipRanks. <a href=""https://news.google.com/rss/articles/CBMiywFBVV95cUxPTHBIWnlCLXE1aGkzaTBLT0xHT0FWLUphX1l6cjVUZmFybkxqRFAtSzkwNFJHY3BmZlNWdXJZS2tCN1FxQ19JYVg4S0pVUkRqUFp1OHFMU1pzbVVmb3dtMXlJVWZwQnJRbGNYZ0VJRkRaNWk3cEFJdkhaNGVNNWZIQzVVZTBmcTloajdBbTVBY1dXVVNHWVloVS1pdzJXdjluR3hNcGNZeG5Sb0VfdEM1WmV4OUM2dVpBQ3piOVJLb3BDNUxxSDNsQ3l6aw?oc=5"" target=""_blank"">China Merchants Bank to Fully Redeem and Delist 2017 Domestic Preference Shares</a>&nbsp;&nbsp;<font color=""#6f6f6f"">TipRanks</font>",neutral,0.12181565
2026-04-09,2026-04-09T07:00:00+00:00,600036.SH,"""招商银行"" - Google 新闻",招商银行：4月14日优先股停牌 次日赎回注销2.75亿股优先股 - 东方财富,"<a href=""https://news.google.com/rss/articles/CBMiZkFVX3lxTE5kTWtoWmsxVi1iLUZ0VnN5NEtWemstak9wZ0x6MW94YUFXMVhtMmZJc2YyLVFmX2x1a3Rwa3lQZUtsSXpmR0tBYXR0bGFjZWc5ZTJPUFltOV9ldFcwb09LX2RPdkt4Zw?oc=5"" target=""_blank"">招商银行：4月14日优先股停牌 次日赎回注销2.75亿股优先股</a>&nbsp;&nbsp;<font color=""#6f6f6f"">东方财富</font>",https://news.google.com/rss/articles/CBMiZkFVX3lxTE5kTWtoWmsxVi1iLUZ0VnN5NEtWemstak9wZ0x6MW94YUFXMVhtMmZJc2YyLVFmX2x1a3Rwa3lQZUtsSXpmR0tBYXR0bGFjZWc5ZTJPUFltOV9ldFcwb09LX2RPdkt4Zw?oc=5,招商银行,"招商银行：4月14日优先股停牌 次日赎回注销2.75亿股优先股 - 东方财富. <a href=""https://news.google.com/rss/articles/CBMiZkFVX3lxTE5kTWtoWmsxVi1iLUZ0VnN5NEtWemstak9wZ0x6MW94YUFXMVhtMmZJc2YyLVFmX2x1a3Rwa3lQZUtsSXpmR0tBYXR0bGFjZWc5ZTJPUFltOV9ldFcwb09LX2RPdkt4Zw?oc=5"" target=""_blank"">招商银行：4月14日优先股停牌 次日赎回注销2.75亿股优先股</a>&nbsp;&nbsp;<font color=""#6f6f6f"">东方财富</font>",neutral,0.014268555
2026-04-13,2026-04-13T07:05:00+00:00,600036.SH,"""招商银行"" - Google 新闻",招商信诺协同招商银行及其子公司共绘3•15 消保同心圆 - 美通社,"<a href=""https://news.google.com/rss/articles/CBMiV0FVX3lxTFBfLThnSEtIbmpEUl9ZSHZwWDhlTzZJcUloNVVrMXJCRVZGVmpubWFpWXZtelp0ai1LdWU0eWpncVdFdXNMbEJTdmJpMG1TNmV0RVcxMnJ5cw?oc=5"" target=""_blank"">招商信诺协同招商银行及其子公司共绘3•15 消保同心圆</a>&nbsp;&nbsp;<font color=""#6f6f6f"">美通社</font>",https://news.google.com/rss/articles/CBMiV0FVX3lxTFBfLThnSEtIbmpEUl9ZSHZwWDhlTzZJcUloNVVrMXJCRVZGVmpubWFpWXZtelp0ai1LdWU0eWpncVdFdXNMbEJTdmJpMG1TNmV0RVcxMnJ5cw?oc=5,招商银行,"招商信诺协同招商银行及其子公司共绘3•15 消保同心圆 - 美通社. <a href=""https://news.google.com/rss/articles/CBMiV0FVX3lxTFBfLThnSEtIbmpEUl9ZSHZwWDhlTzZJcUloNVVrMXJCRVZGVmpubWFpWXZtelp0ai1LdWU0eWpncVdFdXNMbEJTdmJpMG1TNmV0RVcxMnJ5cw?oc=5"" target=""_blank"">招商信诺协同招商银行及其子公司共绘3•15 消保同心圆</a>&nbsp;&nbsp;<font color=""#6f6f6f"">美通社</font>",neutral,0.04075443
2026-04-14,2026-04-14T07:00:00+00:00,600036.SH,"""China Merchants Bank"" - Google 新闻",招商银行伦敦分行拟发行3年期人民币债券，初始指导价2.25% - 新浪财经,"<a href=""https://news.google.com/rss/articles/CBMiiwFBVV95cUxNZzl0VU1ZUEs3N1Bxb2loSHhwRk12aklZVGVWTWEwZURnU214bjQtQjd0VFJMUk1lY3Z6dzRRV1pURFNMNHpad3E5dkh3MFJwLTlxSmpwSE5GWWlMdFBvM1BNb3hfVTF4VWJwR1pqdGc0eUZqNll2eDhOZmo4LVVxa1VLV2hNY2U2dW1F?oc=5"" target=""_blank"">招商银行伦敦分行拟发行3年期人民币债券，初始指导价2.25%</a>&nbsp;&nbsp;<font color=""#6f6f6f"">新浪财经</font>",https://news.google.com/rss/articles/CBMiiwFBVV95cUxNZzl0VU1ZUEs3N1Bxb2loSHhwRk12aklZVGVWTWEwZURnU214bjQtQjd0VFJMUk1lY3Z6dzRRV1pURFNMNHpad3E5dkh3MFJwLTlxSmpwSE5GWWlMdFBvM1BNb3hfVTF4VWJwR1pqdGc0eUZqNll2eDhOZmo4LVVxa1VLV2hNY2U2dW1F?oc=5,China Merchants Bank,"招商银行伦敦分行拟发行3年期人民币债券，初始指导价2.25% - 新浪财经. <a href=""https://news.google.com/rss/articles/CBMiiwFBVV95cUxNZzl0VU1ZUEs3N1Bxb2loSHhwRk12aklZVGVWTWEwZURnU214bjQtQjd0VFJMUk1lY3Z6dzRRV1pURFNMNHpad3E5dkh3MFJwLTlxSmpwSE5GWWlMdFBvM1BNb3hfVTF4VWJwR1pqdGc0eUZqNll2eDhOZmo4LVVxa1VLV2hNY2U2dW1F?oc=5"" target=""_blank"">招商银行伦敦分行拟发行3年期人民币债券，初始指导价2.25%</a>&nbsp;&nbsp;<font color=""#6f6f6f"">新浪财经</font>",neutral,0.021198314
2026-04-15,2026-04-15T07:00:00+00:00,600036.SH,"""China Merchants Bank"" - Google News",China Merchants Bank Raises RMB30 Billion Through Additional Tier 1 Capital Bonds - TipRanks,"<a href=""https://news.google.com/rss/articles/CBMizgFBVV95cUxOb3NoWVFkYlRVTHdiVy1ZMnExai1TNTRiMzJOWkdreHRzM2VkX3Z4RjEySFFBc1BVOVNKYzczcUJWVm9QN3BNcW9WbF9YMDdnNVlkSl9JTkE4WGFIYzg5dGtmeGNVUEZ5Qk9QWlp4Vm9KVmxwOFJNc1JoYkNKZXpyN2VlYkY4TEVFb2U3Q3ctVElnNUNpMFZMQkNjMy1FTzZpZUpySXhoVTdqM1JKLVRYY1JYYWlUblpGTVAzaVZtQmVob2dMbmk5S3A5ZEFTQQ?oc=5"" target=""_blank"">China Merchants Bank Raises RMB30 Billion Through Additional Tier 1 Capital Bonds</a>&nbsp;&nbsp;<font color=""#6f6f6f"">TipRanks</font>",https://news.google.com/rss/articles/CBMizgFBVV95cUxOb3NoWVFkYlRVTHdiVy1ZMnExai1TNTRiMzJOWkdreHRzM2VkX3Z4RjEySFFBc1BVOVNKYzczcUJWVm9QN3BNcW9WbF9YMDdnNVlkSl9JTkE4WGFIYzg5dGtmeGNVUEZ5Qk9QWlp4Vm9KVmxwOFJNc1JoYkNKZXpyN2VlYkY4TEVFb2U3Q3ctVElnNUNpMFZMQkNjMy1FTzZpZUpySXhoVTdqM1JKLVRYY1JYYWlUblpGTVAzaVZtQmVob2dMbmk5S3A5ZEFTQQ?oc=5,China Merchants Bank,"China Merchants Bank Raises RMB30 Billion Through Additional Tier 1 Capital Bonds - TipRanks. <a href=""https://news.google.com/rss/articles/CBMizgFBVV95cUxOb3NoWVFkYlRVTHdiVy1ZMnExai1TNTRiMzJOWkdreHRzM2VkX3Z4RjEySFFBc1BVOVNKYzczcUJWVm9QN3BNcW9WbF9YMDdnNVlkSl9JTkE4WGFIYzg5dGtmeGNVUEZ5Qk9QWlp4Vm9KVmxwOFJNc1JoYkNKZXpyN2VlYkY4TEVFb2U3Q3ctVElnNUNpMFZMQkNjMy1FTzZpZUpySXhoVTdqM1JKLVRYY1JYYWlUblpGTVAzaVZtQmVob2dMbmk5S3A5ZEFTQQ?oc=5"" target=""_blank"">China Merchants Bank Raises RMB30 Billion Through Additional Tier 1 Capital Bonds</a>&nbsp;&nbsp;<font color=""#6f6f6f"">TipRanks</font>",positive,0.8564638
2026-04-15,2026-04-15T07:00:00+00:00,600036.SH,"""招商银行"" - Google 新闻",招商银行：300亿元无固定期限资本债券完成发行 - 东方财富,"<a href=""https://news.google.com/rss/articles/CBMiYEFVX3lxTE1RY0xEbVRtUzhvYk9SdmNuc1lUT3JRS3NpZVVnQm93TmUwQ2YwQUdyaEVPQ0J3NmhwY3lHc1VWLTBoUEQxaVVMVUxLc0w4NmVvVWs0NWlyWHFSTnNadXdQUQ?oc=5"" target=""_blank"">招商银行：300亿元无固定期限资本债券完成发行</a>&nbsp;&nbsp;<font color=""#6f6f6f"">东方财富</font>",https://news.google.com/rss/articles/CBMiYEFVX3lxTE1RY0xEbVRtUzhvYk9SdmNuc1lUT3JRS3NpZVVnQm93TmUwQ2YwQUdyaEVPQ0J3NmhwY3lHc1VWLTBoUEQxaVVMVUxLc0w4NmVvVWs0NWlyWHFSTnNadXdQUQ?oc=5,招商银行,"招商银行：300亿元无固定期限资本债券完成发行 - 东方财富. <a href=""https://news.google.com/rss/articles/CBMiYEFVX3lxTE1RY0xEbVRtUzhvYk9SdmNuc1lUT3JRS3NpZVVnQm93TmUwQ2YwQUdyaEVPQ0J3NmhwY3lHc1VWLTBoUEQxaVVMVUxLc0w4NmVvVWs0NWlyWHFSTnNadXdQUQ?oc=5"" target=""_blank"">招商银行：300亿元无固定期限资本债券完成发行</a>&nbsp;&nbsp;<font color=""#6f6f6f"">东方财富</font>",neutral,0.025617179
2026-04-15,2026-04-15T07:00:00+00:00,600036.SH,"""招商银行"" - Google 新闻",招商银行西安分行携手上交所“开讲” - 西部网,"<a href=""https://news.google.com/rss/articles/CBMiYEFVX3lxTE84Tk9aemdqQ2lSM2pWTnBvRWVTdnRZNndBOXlLTlNIWUJqY3lQd3RtSUFlSnNnd3VNcHM3QzNXUkgtMzJsWUF5Yk84d0swTmkxdTQzS09pVmFreW1kbFFGYw?oc=5"" target=""_blank"">招商银行西安分行携手上交所“开讲”</a>&nbsp;&nbsp;<font color=""#6f6f6f"">西部网</font>",https://news.google.com/rss/articles/CBMiYEFVX3lxTE84Tk9aemdqQ2lSM2pWTnBvRWVTdnRZNndBOXlLTlNIWUJqY3lQd3RtSUFlSnNnd3VNcHM3QzNXUkgtMzJsWUF5Yk84d0swTmkxdTQzS09pVmFreW1kbFFGYw?oc=5,招商银行,"招商银行西安分行携手上交所“开讲” - 西部网. <a href=""https://news.google.com/rss/articles/CBMiYEFVX3lxTE84Tk9aemdqQ2lSM2pWTnBvRWVTdnRZNndBOXlLTlNIWUJqY3lQd3RtSUFlSnNnd3VNcHM3QzNXUkgtMzJsWUF5Yk84d0swTmkxdTQzS09pVmFreW1kbFFGYw?oc=5"" target=""_blank"">招商银行西安分行携手上交所“开讲”</a>&nbsp;&nbsp;<font color=""#6f6f6f"">西部网</font>",neutral,0.06898952
2026-04-15,2026-04-15T07:00:00+00:00,600036.SH,"""招商银行"" - Google 新闻",招商银行完成发行300亿元无固定期限资本债券 - 东方财富,"<a href=""https://news.google.com/rss/articles/CBMiZkFVX3lxTE9QT2t3VjdramdremtObnVSZk5jVUtISzNFVjdpSC04VzZoc25TTVdNQ09QcFdzLXlQN2VQNHN6NFVudkh6Y2RGdWpJTXpsVHltMDB3QjlLSGRSaG5sZnZnVnV4UUFFQQ?oc=5"" target=""_blank"">招商银行完成发行300亿元无固定期限资本债券</a>&nbsp;&nbsp;<font color=""#6f6f6f"">东方财富</font>",https://news.google.com/rss/articles/CBMiZkFVX3lxTE9QT2t3VjdramdremtObnVSZk5jVUtISzNFVjdpSC04VzZoc25TTVdNQ09QcFdzLXlQN2VQNHN6NFVudkh6Y2RGdWpJTXpsVHltMDB3QjlLSGRSaG5sZnZnVnV4UUFFQQ?oc=5,招商银行,"招商银行完成发行300亿元无固定期限资本债券 - 东方财富. <a href=""https://news.google.com/rss/articles/CBMiZkFVX3lxTE9QT2t3VjdramdremtObnVSZk5jVUtISzNFVjdpSC04VzZoc25TTVdNQ09QcFdzLXlQN2VQNHN6NFVudkh6Y2RGdWpJTXpsVHltMDB3QjlLSGRSaG5sZnZnVnV4UUFFQQ?oc=5"" target=""_blank"">招商银行完成发行300亿元无固定期限资本债券</a>&nbsp;&nbsp;<font color=""#6f6f6f"">东方财富</font>",neutral,0.027402423
2026-04-15,2026-04-15T07:00:00+00:00,600036.SH,"""招商银行"" - Google 新闻",招商银行(03968)完成发行300亿元无固定期限资本债券 - 新浪财经,"<a href=""https://news.google.com/rss/articles/CBMib0FVX3lxTFBWWFJfanR5c0txeVg4eWdOV29rcGVyN3FuNXhLM0R2VzFWd1U4NmVoNXNhQ2xvUWJDVGdESzlQTXJ4c3Q1MWFKUnpramt4WDlfMjFtY1RfQzhaVzNsOHU5ZU5Fb1JIV0FmdUw0NDJINA?oc=5"" target=""_blank"">招商银行(03968)完成发行300亿元无固定期限资本债券</a>&nbsp;&nbsp;<font color=""#6f6f6f"">新浪财经</font>",https://news.google.com/rss/articles/CBMib0FVX3lxTFBWWFJfanR5c0txeVg4eWdOV29rcGVyN3FuNXhLM0R2VzFWd1U4NmVoNXNhQ2xvUWJDVGdESzlQTXJ4c3Q1MWFKUnpramt4WDlfMjFtY1RfQzhaVzNsOHU5ZU5Fb1JIV0FmdUw0NDJINA?oc=5,招商银行,"招商银行(03968)完成发行300亿元无固定期限资本债券 - 新浪财经. <a href=""https://news.google.com/rss/articles/CBMib0FVX3lxTFBWWFJfanR5c0txeVg4eWdOV29rcGVyN3FuNXhLM0R2VzFWd1U4NmVoNXNhQ2xvUWJDVGdESzlQTXJ4c3Q1MWFKUnpramt4WDlfMjFtY1RfQzhaVzNsOHU5ZU5Fb1JIV0FmdUw0NDJINA?oc=5"" target=""_blank"">招商银行(03968)完成发行300亿元无固定期限资本债券</a>&nbsp;&nbsp;<font color=""#6f6f6f"">新浪财经</font>",neutral,0.030006614
2026-04-16,2026-04-16T08:19:00+00:00,600036.SH,"""China Merchants Bank"" - Google News","CICC forecasts that the net profit of Chinese banking stocks will increase by 2% year-on-year in the first quarter, with a focus on major state-owned banks, China Merchants Bank, and Minsheng Bank. - 富途牛牛","<a href=""https://news.google.com/rss/articles/CBMiowFBVV95cUxQenRUakd5Uy1kajJyUkdGdTJTSXMzaU0zLTJZNHlRaW5uSUZlT3ZjbWh5Y3hUcm43WjhnSlcyNUxjaEVYdUFDMUF2Q0VaR04tanFQUHd5cF9sR0FBTmdmdHdDcmdKWkVGdEExTDVTbFlxRmUyNldSSU1ZOGRMR1E0anRHNzdua3djc0k0WVJSUEV0ZTZERW9sQmFpVVpjbkdsNEtF?oc=5"" target=""_blank"">CICC forecasts that the net profit of Chinese banking stocks will increase by 2% year-on-year in the first quarter, with a focus on major state-owned banks, China Merchants Bank, and Minsheng Bank.</a>&nbsp;&nbsp;<font color=""#6f6f6f"">富途牛牛</font>",https://news.google.com/rss/articles/CBMiowFBVV95cUxQenRUakd5Uy1kajJyUkdGdTJTSXMzaU0zLTJZNHlRaW5uSUZlT3ZjbWh5Y3hUcm43WjhnSlcyNUxjaEVYdUFDMUF2Q0VaR04tanFQUHd5cF9sR0FBTmdmdHdDcmdKWkVGdEExTDVTbFlxRmUyNldSSU1ZOGRMR1E0anRHNzdua3djc0k0WVJSUEV0ZTZERW9sQmFpVVpjbkdsNEtF?oc=5,China Merchants Bank,"CICC forecasts that the net profit of Chinese banking stocks will increase by 2% year-on-year in the first quarter, with a focus on major state-owned banks, China Merchants Bank, and Minsheng Bank. - 富途牛牛. <a href=""https://news.google.com/rss/articles/CBMiowFBVV95cUxQenRUakd5Uy1kajJyUkdGdTJTSXMzaU0zLTJZNHlRaW5uSUZlT3ZjbWh5Y3hUcm43WjhnSlcyNUxjaEVYdUFDMUF2Q0VaR04tanFQUHd5cF9sR0FBTmdmdHdDcmdKWkVGdEExTDVTbFlxRmUyNldSSU1ZOGRMR1E0anRHNzdua3djc0k0WVJSUEV0ZTZERW9sQmFpVVpjbkdsNEtF?oc=5"" target=""_blank"">CICC forecasts that the net profit of Chinese banking stocks will increase by 2% year-on-year in the first quarter, with a focus on major state-owned banks, China Merchants Bank, and Minsheng Bank.</a>&nbsp;&nbsp;<font color=""#6f6f6f"">富途牛牛</font>",positive,0.92916733
2026-04-21,2026-04-21T07:00:00+00:00,600036.SH,"""招商银行"" - Google 新闻",招商银行：融资净买入1552.38万元，融资余额114.07亿元 - 东方财富,"<a href=""https://news.google.com/rss/articles/CBMiYEFVX3lxTE8xSDdRdUhXbjVkSFlXMm13MHd2bS1xNWNHbE91VlVKeHNsemlIaVBzcGl1STcxS1JHSjhDUWlCWmozYl9JdWRmNnV6V2p6VFRDbjlmUGxmeUl0b2Y4UVhRMA?oc=5"" target=""_blank"">招商银行：融资净买入1552.38万元，融资余额114.07亿元</a>&nbsp;&nbsp;<font color=""#6f6f6f"">东方财富</font>",https://news.google.com/rss/articles/CBMiYEFVX3lxTE8xSDdRdUhXbjVkSFlXMm13MHd2bS1xNWNHbE91VlVKeHNsemlIaVBzcGl1STcxS1JHSjhDUWlCWmozYl9JdWRmNnV6V2p6VFRDbjlmUGxmeUl0b2Y4UVhRMA?oc=5,招商银行,"招商银行：融资净买入1552.38万元，融资余额114.07亿元 - 东方财富. <a href=""https://news.google.com/rss/articles/CBMiYEFVX3lxTE8xSDdRdUhXbjVkSFlXMm13MHd2bS1xNWNHbE91VlVKeHNsemlIaVBzcGl1STcxS1JHSjhDUWlCWmozYl9JdWRmNnV6V2p6VFRDbjlmUGxmeUl0b2Y4UVhRMA?oc=5"" target=""_blank"">招商银行：融资净买入1552.38万元，融资余额114.07亿元</a>&nbsp;&nbsp;<font color=""#6f6f6f"">东方财富</font>",neutral,0.01761961
2026-04-22,2026-04-22T07:00:00+00:00,600036.SH,"""China Merchants Bank"" - Google News","China Merchants Bank (03968.HK) has been approved for the trading of its 3 billion yuan notes, which mature in 2029 and carry a coupon rate of 1.73%. - 富途牛牛","<a href=""https://news.google.com/rss/articles/CBMinAFBVV95cUxQT2ZuN0VleTl0X3NuX0hVUjlseGZsQXlPbXVOZkRQSnp5Y2FFNGhLa1pJYlhtRC1YeE5mTEJmTkZNZFlOVTJWRHR1emtVRXRJcXd1dUtJOVlWaUVVc2VPUEhLb2l0T0NkandQLXRkT0VHMWNwQ2h4SklFNHRRM055c3ktbFhlRUxlckxoYUYwQXMxNHBGbVF3RkFmNEc?oc=5"" target=""_blank"">China Merchants Bank (03968.HK) has been approved for the trading of its 3 billion yuan notes, which mature in 2029 and carry a coupon rate of 1.73%.</a>&nbsp;&nbsp;<font color=""#6f6f6f"">富途牛牛</font>",https://news.google.com/rss/articles/CBMinAFBVV95cUxQT2ZuN0VleTl0X3NuX0hVUjlseGZsQXlPbXVOZkRQSnp5Y2FFNGhLa1pJYlhtRC1YeE5mTEJmTkZNZFlOVTJWRHR1emtVRXRJcXd1dUtJOVlWaUVVc2VPUEhLb2l0T0NkandQLXRkT0VHMWNwQ2h4SklFNHRRM055c3ktbFhlRUxlckxoYUYwQXMxNHBGbVF3RkFmNEc?oc=5,China Merchants Bank,"China Merchants Bank (03968.HK) has been approved for the trading of its 3 billion yuan notes, which mature in 2029 and carry a coupon rate of 1.73%. - 富途牛牛. <a href=""https://news.google.com/rss/articles/CBMinAFBVV95cUxQT2ZuN0VleTl0X3NuX0hVUjlseGZsQXlPbXVOZkRQSnp5Y2FFNGhLa1pJYlhtRC1YeE5mTEJmTkZNZFlOVTJWRHR1emtVRXRJcXd1dUtJOVlWaUVVc2VPUEhLb2l0T0NkandQLXRkT0VHMWNwQ2h4SklFNHRRM055c3ktbFhlRUxlckxoYUYwQXMxNHBGbVF3RkFmNEc?oc=5"" target=""_blank"">China Merchants Bank (03968.HK) has been approved for the trading of its 3 billion yuan notes, which mature in 2029 and carry a coupon rate of 1.73%.</a>&nbsp;&nbsp;<font color=""#6f6f6f"">富途牛牛</font>",neutral,0.17615986
2026-04-22,2026-04-22T07:00:00+00:00,600036.SH,"""招商银行"" - Google 新闻",“纸鸢乘风 招享春趣” 招商银行西安分行成功举办风筝节品牌活动 - 西部网,"<a href=""https://news.google.com/rss/articles/CBMiY0FVX3lxTE9yTEdUbzRmbmNORG40Z1dKWXNQNXp1d2dEQzZQampBREZxd3BvdGJINE1ta0RRQUJ5ZHhUS0Rxc2tGYmR5REhybFhPTzZNSmZXNVFlZ1VSeHE2UGh2SlhleHd0SQ?oc=5"" target=""_blank"">“纸鸢乘风 招享春趣” 招商银行西安分行成功举办风筝节品牌活动</a>&nbsp;&nbsp;<font color=""#6f6f6f"">西部网</font>",https://news.google.com/rss/articles/CBMiY0FVX3lxTE9yTEdUbzRmbmNORG40Z1dKWXNQNXp1d2dEQzZQampBREZxd3BvdGJINE1ta0RRQUJ5ZHhUS0Rxc2tGYmR5REhybFhPTzZNSmZXNVFlZ1VSeHE2UGh2SlhleHd0SQ?oc=5,招商银行,"“纸鸢乘风 招享春趣” 招商银行西安分行成功举办风筝节品牌活动 - 西部网. <a href=""https://news.google.com/rss/articles/CBMiY0FVX3lxTE9yTEdUbzRmbmNORG40Z1dKWXNQNXp1d2dEQzZQampBREZxd3BvdGJINE1ta0RRQUJ5ZHhUS0Rxc2tGYmR5REhybFhPTzZNSmZXNVFlZ1VSeHE2UGh2SlhleHd0SQ?oc=5"" target=""_blank"">“纸鸢乘风 招享春趣” 招商银行西安分行成功举办风筝节品牌活动</a>&nbsp;&nbsp;<font color=""#6f6f6f"">西部网</font>",neutral,0.041937932
2026-04-23,2026-04-23T01:58:00+00:00,600036.SH,"""China Merchants Bank"" - Google News",CHINA MERCHANTS BANK (03968.HK) London Branch Issues RMB3 billion Notes at 1.73% Coupon - AASTOCKS.com,"<a href=""https://news.google.com/rss/articles/CBMiggFBVV95cUxOOXVSZkUxb3lYU2l2dHRQU2VzOUpkM2xDX0p1cVp5dHkwdkhpN2lLb1hvMEN4eFhzQmNOSzh3TnVJaTczYmVWSDlRc21kN2p2MERDNk5hN0ZsUUtPNlBrMWMxYndlQ1k4TUthWUlyOEE4b1lES3BDVUh6Ul9qbGJrcmxR?oc=5"" target=""_blank"">CHINA MERCHANTS BANK (03968.HK) London Branch Issues RMB3 billion Notes at 1.73% Coupon</a>&nbsp;&nbsp;<font color=""#6f6f6f"">AASTOCKS.com</font>",https://news.google.com/rss/articles/CBMiggFBVV95cUxOOXVSZkUxb3lYU2l2dHRQU2VzOUpkM2xDX0p1cVp5dHkwdkhpN2lLb1hvMEN4eFhzQmNOSzh3TnVJaTczYmVWSDlRc21kN2p2MERDNk5hN0ZsUUtPNlBrMWMxYndlQ1k4TUthWUlyOEE4b1lES3BDVUh6Ul9qbGJrcmxR?oc=5,China Merchants Bank,"CHINA MERCHANTS BANK (03968.HK) London Branch Issues RMB3 billion Notes at 1.73% Coupon - AASTOCKS.com. <a href=""https://news.google.com/rss/articles/CBMiggFBVV95cUxOOXVSZkUxb3lYU2l2dHRQU2VzOUpkM2xDX0p1cVp5dHkwdkhpN2lLb1hvMEN4eFhzQmNOSzh3TnVJaTczYmVWSDlRc21kN2p2MERDNk5hN0ZsUUtPNlBrMWMxYndlQ1k4TUthWUlyOEE4b1lES3BDVUh6Ul9qbGJrcmxR?oc=5"" target=""_blank"">CHINA MERCHANTS BANK (03968.HK) London Branch Issues RMB3 billion Notes at 1.73% Coupon</a>&nbsp;&nbsp;<font color=""#6f6f6f"">AASTOCKS.com</font>",neutral,0.028933115
2026-04-24,2026-04-24T14:43:39+00:00,600036.SH,"""招商银行"" - Google 新闻",招商银行长沙分行“科技+票据”赋能实体经济发展 - 湖南红网,"<a href=""https://news.google.com/rss/articles/CBMiZkFVX3lxTE9kREZHNFBMUE00aFJJVVNXT0ZiSWVwSXZjczA5dy1Vd08ySi1GR0EzX3BuWTJNYTBNTkVleFB3WmVESWJCSWJ3dlNOM2g4ZWVMTng5T1l0WFJ1VGdEdENwNXo1TnVUUQ?oc=5"" target=""_blank"">招商银行长沙分行“科技+票据”赋能实体经济发展</a>&nbsp;&nbsp;<font color=""#6f6f6f"">湖南红网</font>",https://news.google.com/rss/articles/CBMiZkFVX3lxTE9kREZHNFBMUE00aFJJVVNXT0ZiSWVwSXZjczA5dy1Vd08ySi1GR0EzX3BuWTJNYTBNTkVleFB3WmVESWJCSWJ3dlNOM2g4ZWVMTng5T1l0WFJ1VGdEdENwNXo1TnVUUQ?oc=5,招商银行,"招商银行长沙分行“科技+票据”赋能实体经济发展 - 湖南红网. <a href=""https://news.google.com/rss/articles/CBMiZkFVX3lxTE9kREZHNFBMUE00aFJJVVNXT0ZiSWVwSXZjczA5dy1Vd08ySi1GR0EzX3BuWTJNYTBNTkVleFB3WmVESWJCSWJ3dlNOM2g4ZWVMTng5T1l0WFJ1VGdEdENwNXo1TnVUUQ?oc=5"" target=""_blank"">招商银行长沙分行“科技+票据”赋能实体经济发展</a>&nbsp;&nbsp;<font color=""#6f6f6f"">湖南红网</font>",neutral,0.024121605
2026-04-25,2026-04-25T07:00:00+00:00,600036.SH,"""China Merchants Bank"" - Google News","Default in our stars: China banks use satellites to track assets, cut loan risks - South China Morning Post","<a href=""https://news.google.com/rss/articles/CBMi0AFBVV95cUxORmQ5Ri1aNnpmcEI3Ni1WRmpxTnhMZk1RQmpaV240d2lINWotMnBHZDdtSkQzakszT3BxdWlJMUVEV21tZnNTYkl6RWcyMEtBZnhYZDdocWpGT0lKZmpkSkM1RVk0a1h0VXRvZTJPRkZfcVRRajh2UVk5a0pjVllxUm5ldkFwenNuUHpuNDAyV1lsNXBlSzlOX0ktQkxRQUN5aXB5ZnlWdnV3bHZxYWdYNWxSbC1hOFBadWg3RHpYT1l0NlR6dnRzYTZuVVVxNGVU0gHQAUFVX3lxTE4ySEh3WVhaNXE3SUY3M3l4ZFhkOVM0MEJzOTl2bVl5RXViNkFEU1NJMjdjU05zQkd2M3Izeno4Q2padzlSQTdhSmhIN1ZZN05EUGxJLXZibzllaDVjaGFOc3NRZHkxenJjamgxc21pYldrOWVKWE9FM21mOFROMngwUmhFSmI0cWJNNElRX3BzYV9uNkJHZGFsN3JVNC1mODRTc1RRcDg3ZnJ0aHo4ZVNZSWVQeFhMdTk1YksycWZmZ2lQQUF3dmZLNElLa1RSUzk?oc=5"" target=""_blank"">Default in our stars: China banks use satellites to track assets, cut loan risks</a>&nbsp;&nbsp;<font color=""#6f6f6f"">South China Morning Post</font>",https://news.google.com/rss/articles/CBMi0AFBVV95cUxORmQ5Ri1aNnpmcEI3Ni1WRmpxTnhMZk1RQmpaV240d2lINWotMnBHZDdtSkQzakszT3BxdWlJMUVEV21tZnNTYkl6RWcyMEtBZnhYZDdocWpGT0lKZmpkSkM1RVk0a1h0VXRvZTJPRkZfcVRRajh2UVk5a0pjVllxUm5ldkFwenNuUHpuNDAyV1lsNXBlSzlOX0ktQkxRQUN5aXB5ZnlWdnV3bHZxYWdYNWxSbC1hOFBadWg3RHpYT1l0NlR6dnRzYTZuVVVxNGVU0gHQAUFVX3lxTE4ySEh3WVhaNXE3SUY3M3l4ZFhkOVM0MEJzOTl2bVl5RXViNkFEU1NJMjdjU05zQkd2M3Izeno4Q2padzlSQTdhSmhIN1ZZN05EUGxJLXZibzllaDVjaGFOc3NRZHkxenJjamgxc21pYldrOWVKWE9FM21mOFROMngwUmhFSmI0cWJNNElRX3BzYV9uNkJHZGFsN3JVNC1mODRTc1RRcDg3ZnJ0aHo4ZVNZSWVQeFhMdTk1YksycWZmZ2lQQUF3dmZLNElLa1RSUzk?oc=5,China Merchants Bank,"Default in our stars: China banks use satellites to track assets, cut loan risks - South China Morning Post. <a href=""https://news.google.com/rss/articles/CBMi0AFBVV95cUxORmQ5Ri1aNnpmcEI3Ni1WRmpxTnhMZk1RQmpaV240d2lINWotMnBHZDdtSkQzakszT3BxdWlJMUVEV21tZnNTYkl6RWcyMEtBZnhYZDdocWpGT0lKZmpkSkM1RVk0a1h0VXRvZTJPRkZfcVRRajh2UVk5a0pjVllxUm5ldkFwenNuUHpuNDAyV1lsNXBlSzlOX0ktQkxRQUN5aXB5ZnlWdnV3bHZxYWdYNWxSbC1hOFBadWg3RHpYT1l0NlR6dnRzYTZuVVVxNGVU0gHQAUFVX3lxTE4ySEh3WVhaNXE3SUY3M3l4ZFhkOVM0MEJzOTl2bVl5RXViNkFEU1NJMjdjU05zQkd2M3Izeno4Q2padzlSQTdhSmhIN1ZZN05EUGxJLXZibzllaDVjaGFOc3NRZHkxenJjamgxc21pYldrOWVKWE9FM21mOFROMngwUmhFSmI0cWJNNElRX3BzYV9uNkJHZGFsN3JVNC1mODRTc1RRcDg3ZnJ0aHo4ZVNZSWVQeFhMdTk1YksycWZmZ2lQQUF3dmZLNElLa1RSUzk?oc=5"" target=""_blank"">Default in our stars: China banks use satellites to track assets, cut loan risks</a>&nbsp;&nbsp;<font color=""#6f6f6f"">South China Morning Post</font>",neutral,0.12887059
2026-04-25,2026-04-25T07:00:00+00:00,600036.SH,"""China Merchants Bank"" - Google News",China Merchants Bank (OTCMKTS:CIHKY) Upgraded at Zacks Research - MarketBeat,"<a href=""https://news.google.com/rss/articles/CBMitAFBVV95cUxPT2w3ZjVGTkZsdlEwTERPVnF4NUZuNVdXUWRrUkFDVmlLWmkzT3NJWXktVDkwdGFYNWlJaFBPLXpPcHZ3NHZwb0RhbU5laExoTUZZa2RQQ2JRUm50RmJxV0lqRlAyTDI5Yk91WlFNUnB3MTV4QmJTVXZucUNHblY0WHVzYk9UZ1Y4al9rRmFsWmtRcE95cG5Wdk43ZHBjbER4WlJRUWJZclhRUXJXSEl1aHRVTjc?oc=5"" target=""_blank"">China Merchants Bank (OTCMKTS:CIHKY) Upgraded at Zacks Research</a>&nbsp;&nbsp;<font color=""#6f6f6f"">MarketBeat</font>",https://news.google.com/rss/articles/CBMitAFBVV95cUxPT2w3ZjVGTkZsdlEwTERPVnF4NUZuNVdXUWRrUkFDVmlLWmkzT3NJWXktVDkwdGFYNWlJaFBPLXpPcHZ3NHZwb0RhbU5laExoTUZZa2RQQ2JRUm50RmJxV0lqRlAyTDI5Yk91WlFNUnB3MTV4QmJTVXZucUNHblY0WHVzYk9UZ1Y4al9rRmFsWmtRcE95cG5Wdk43ZHBjbER4WlJRUWJZclhRUXJXSEl1aHRVTjc?oc=5,China Merchants Bank,"China Merchants Bank (OTCMKTS:CIHKY) Upgraded at Zacks Research - MarketBeat. <a href=""https://news.google.com/rss/articles/CBMitAFBVV95cUxPT2w3ZjVGTkZsdlEwTERPVnF4NUZuNVdXUWRrUkFDVmlLWmkzT3NJWXktVDkwdGFYNWlJaFBPLXpPcHZ3NHZwb0RhbU5laExoTUZZa2RQQ2JRUm50RmJxV0lqRlAyTDI5Yk91WlFNUnB3MTV4QmJTVXZucUNHblY0WHVzYk9UZ1Y4al9rRmFsWmtRcE95cG5Wdk43ZHBjbER4WlJRUWJZclhRUXJXSEl1aHRVTjc?oc=5"" target=""_blank"">China Merchants Bank (OTCMKTS:CIHKY) Upgraded at Zacks Research</a>&nbsp;&nbsp;<font color=""#6f6f6f"">MarketBeat</font>",positive,0.8866044
2026-04-25,2026-04-25T07:00:00+00:00,600036.SH,"""招商银行"" - Google 新闻",招商银行：融资净买入1.28亿元，融资余额116.03亿元 - 东方财富,"<a href=""https://news.google.com/rss/articles/CBMiYEFVX3lxTFBfRUxyM2JxUDdHY01KUlY4d3d5eXFOM25wdWJ3Wk9CWS1ONDJVdDRwVi1aS1ltSWliTUFibHotczktNFNhVy1CeTF2VHh6NFNOa0V5OWNuc2F0Y1I4NXNnMg?oc=5"" target=""_blank"">招商银行：融资净买入1.28亿元，融资余额116.03亿元</a>&nbsp;&nbsp;<font color=""#6f6f6f"">东方财富</font>",https://news.google.com/rss/articles/CBMiYEFVX3lxTFBfRUxyM2JxUDdHY01KUlY4d3d5eXFOM25wdWJ3Wk9CWS1ONDJVdDRwVi1aS1ltSWliTUFibHotczktNFNhVy1CeTF2VHh6NFNOa0V5OWNuc2F0Y1I4NXNnMg?oc=5,招商银行,"招商银行：融资净买入1.28亿元，融资余额116.03亿元 - 东方财富. <a href=""https://news.google.com/rss/articles/CBMiYEFVX3lxTFBfRUxyM2JxUDdHY01KUlY4d3d5eXFOM25wdWJ3Wk9CWS1ONDJVdDRwVi1aS1ltSWliTUFibHotczktNFNhVy1CeTF2VHh6NFNOa0V5OWNuc2F0Y1I4NXNnMg?oc=5"" target=""_blank"">招商银行：融资净买入1.28亿元，融资余额116.03亿元</a>&nbsp;&nbsp;<font color=""#6f6f6f"">东方财富</font>",neutral,0.018619081
2026-04-27,2026-04-27T10:31:23+00:00,600036.SH,"""China Merchants Bank"" - Google News",China Merchants Bank announced as a founding partner for Centenary Tables Programme - Table Tennis England,"<a href=""https://news.google.com/rss/articles/CBMiywFBVV95cUxOTm5kaFNpM1JxalMwaHlxVndiZWplOFVnbUtoN1Y0RUFyandYOThtaUFmSDBja3VUd1lrMmRXWFpGT1J1cEduR3JvS3FmVHlFUTZjUHhpNVduemd5bWRDN05qckVrQVlYREZVVDM3cmY5a2t0c1lUTE44QjFxUGk0TkZiYnhSQ09IUGRmWm4xN0MyN3Z3YlhwajBpQmRPVklBSk5kdV9yWVZYQXpLa2NiTkhqYnp1a21rUll0OUNadU9Xdkp1WmxsbFhvYw?oc=5"" target=""_blank"">China Merchants Bank announced as a founding partner for Centenary Tables Programme</a>&nbsp;&nbsp;<font color=""#6f6f6f"">Table Tennis England</font>",https://news.google.com/rss/articles/CBMiywFBVV95cUxOTm5kaFNpM1JxalMwaHlxVndiZWplOFVnbUtoN1Y0RUFyandYOThtaUFmSDBja3VUd1lrMmRXWFpGT1J1cEduR3JvS3FmVHlFUTZjUHhpNVduemd5bWRDN05qckVrQVlYREZVVDM3cmY5a2t0c1lUTE44QjFxUGk0TkZiYnhSQ09IUGRmWm4xN0MyN3Z3YlhwajBpQmRPVklBSk5kdV9yWVZYQXpLa2NiTkhqYnp1a21rUll0OUNadU9Xdkp1WmxsbFhvYw?oc=5,China Merchants Bank,"China Merchants Bank announced as a founding partner for Centenary Tables Programme - Table Tennis England. <a href=""https://news.google.com/rss/articles/CBMiywFBVV95cUxOTm5kaFNpM1JxalMwaHlxVndiZWplOFVnbUtoN1Y0RUFyandYOThtaUFmSDBja3VUd1lrMmRXWFpGT1J1cEduR3JvS3FmVHlFUTZjUHhpNVduemd5bWRDN05qckVrQVlYREZVVDM3cmY5a2t0c1lUTE44QjFxUGk0TkZiYnhSQ09IUGRmWm4xN0MyN3Z3YlhwajBpQmRPVklBSk5kdV9yWVZYQXpLa2NiTkhqYnp1a21rUll0OUNadU9Xdkp1WmxsbFhvYw?oc=5"" target=""_blank"">China Merchants Bank announced as a founding partner for Centenary Tables Programme</a>&nbsp;&nbsp;<font color=""#6f6f6f"">Table Tennis England</font>",positive,0.51179254
2026-04-27,2026-04-27T14:21:00+00:00,600036.SH,"""招商银行"" - Google 新闻",招商银行东莞分行：打造全天候金融便民窗口 - 21财经,"<a href=""https://news.google.com/rss/articles/CBMijwFBVV95cUxNQnZMT0V3U0ZuUzZyVVRoWmFISjBkMUJybTdIblZjdVFDQUdETFhTeVpkVkhRSXdBclhKYkZfek44VkxYcEl1QjM0c0htVmlsODV0RTB5a0poaGhhS3RXaXZzeWM0WjBKTDBfa21XVGZuNVhZQ1d1MUJ1MVhWQlR3YmVGWDVhZWV5aFotZEpxNA?oc=5"" target=""_blank"">招商银行东莞分行：打造全天候金融便民窗口</a>&nbsp;&nbsp;<font color=""#6f6f6f"">21财经</font>",https://news.google.com/rss/articles/CBMijwFBVV95cUxNQnZMT0V3U0ZuUzZyVVRoWmFISjBkMUJybTdIblZjdVFDQUdETFhTeVpkVkhRSXdBclhKYkZfek44VkxYcEl1QjM0c0htVmlsODV0RTB5a0poaGhhS3RXaXZzeWM0WjBKTDBfa21XVGZuNVhZQ1d1MUJ1MVhWQlR3YmVGWDVhZWV5aFotZEpxNA?oc=5,招商银行,"招商银行东莞分行：打造全天候金融便民窗口 - 21财经. <a href=""https://news.google.com/rss/articles/CBMijwFBVV95cUxNQnZMT0V3U0ZuUzZyVVRoWmFISjBkMUJybTdIblZjdVFDQUdETFhTeVpkVkhRSXdBclhKYkZfek44VkxYcEl1QjM0c0htVmlsODV0RTB5a0poaGhhS3RXaXZzeWM0WjBKTDBfa21XVGZuNVhZQ1d1MUJ1MVhWQlR3YmVGWDVhZWV5aFotZEpxNA?oc=5"" target=""_blank"">招商银行东莞分行：打造全天候金融便民窗口</a>&nbsp;&nbsp;<font color=""#6f6f6f"">21财经</font>",neutral,0.030126609
2026-04-28,2026-04-28T00:11:21+00:00,600036.SH,"""China Merchants Bank"" - Google News","Jushuitan (06687) shareholders have deposited shares into China Merchants Bank International Securities, with a total market value of HKD 529 million. - Moomoo","<a href=""https://news.google.com/rss/articles/CBMiugFBVV95cUxQV3BLT21kUUVsMzVnNTc3Y2tSbFpzUE5UNzR6YTVZdWVRY05lT0dOZkdpSmYxRzF2Qm5STVpfMGdidGl5aVpLWTZQTWtlQnJXUmdDZ2xoT3pzY0RFR08wMnVJUHJKYWk5SDh2MlNPSC0tcFd5cjJWRnJKNHUwNVkzd19jZ0VKZmswR2tENE5NYkdNYk4yTl9OWnZHTDlYSzUyTjBvZXUxUV93RGhBczhEZS1vbXJrOWd6VGc?oc=5"" target=""_blank"">Jushuitan (06687) shareholders have deposited shares into China Merchants Bank International Securities, with a total market value of HKD 529 million.</a>&nbsp;&nbsp;<font color=""#6f6f6f"">Moomoo</font>",https://news.google.com/rss/articles/CBMiugFBVV95cUxQV3BLT21kUUVsMzVnNTc3Y2tSbFpzUE5UNzR6YTVZdWVRY05lT0dOZkdpSmYxRzF2Qm5STVpfMGdidGl5aVpLWTZQTWtlQnJXUmdDZ2xoT3pzY0RFR08wMnVJUHJKYWk5SDh2MlNPSC0tcFd5cjJWRnJKNHUwNVkzd19jZ0VKZmswR2tENE5NYkdNYk4yTl9OWnZHTDlYSzUyTjBvZXUxUV93RGhBczhEZS1vbXJrOWd6VGc?oc=5,China Merchants Bank,"Jushuitan (06687) shareholders have deposited shares into China Merchants Bank International Securities, with a total market value of HKD 529 million. - Moomoo. <a href=""https://news.google.com/rss/articles/CBMiugFBVV95cUxQV3BLT21kUUVsMzVnNTc3Y2tSbFpzUE5UNzR6YTVZdWVRY05lT0dOZkdpSmYxRzF2Qm5STVpfMGdidGl5aVpLWTZQTWtlQnJXUmdDZ2xoT3pzY0RFR08wMnVJUHJKYWk5SDh2MlNPSC0tcFd5cjJWRnJKNHUwNVkzd19jZ0VKZmswR2tENE5NYkdNYk4yTl9OWnZHTDlYSzUyTjBvZXUxUV93RGhBczhEZS1vbXJrOWd6VGc?oc=5"" target=""_blank"">Jushuitan (06687) shareholders have deposited shares into China Merchants Bank International Securities, with a total market value of HKD 529 million.</a>&nbsp;&nbsp;<font color=""#6f6f6f"">Moomoo</font>",neutral,0.028270498
2026-04-28,2026-04-28T03:32:36+00:00,600036.SH,"""招商银行"" - Google 新闻",招商银行的护城河，该换一种砌法了 - 风闻,"<a href=""https://news.google.com/rss/articles/CBMiW0FVX3lxTE9pbTdPWjc5TU1RY3lkcTNMYTEwOWVuUWxwVDY3VXFSMTBBZkxFelNXeHBSdnBHclBiUXhZVWhFLXRBNzJRRkNWZEluWnVFT2EtU3NaeWkxdHQ2dTA?oc=5"" target=""_blank"">招商银行的护城河，该换一种砌法了</a>&nbsp;&nbsp;<font color=""#6f6f6f"">风闻</font>",https://news.google.com/rss/articles/CBMiW0FVX3lxTE9pbTdPWjc5TU1RY3lkcTNMYTEwOWVuUWxwVDY3VXFSMTBBZkxFelNXeHBSdnBHclBiUXhZVWhFLXRBNzJRRkNWZEluWnVFT2EtU3NaeWkxdHQ2dTA?oc=5,招商银行,"招商银行的护城河，该换一种砌法了 - 风闻. <a href=""https://news.google.com/rss/articles/CBMiW0FVX3lxTE9pbTdPWjc5TU1RY3lkcTNMYTEwOWVuUWxwVDY3VXFSMTBBZkxFelNXeHBSdnBHclBiUXhZVWhFLXRBNzJRRkNWZEluWnVFT2EtU3NaeWkxdHQ2dTA?oc=5"" target=""_blank"">招商银行的护城河，该换一种砌法了</a>&nbsp;&nbsp;<font color=""#6f6f6f"">风闻</font>",neutral,0.02426887
2026-04-28,2026-04-28T07:00:00+00:00,600036.SH,"""招商银行"" - Google 新闻",招商银行一季报：从零售之王到价值银行，这才是压舱石的终极形态 - 财富号,"<a href=""https://news.google.com/rss/articles/CBMia0FVX3lxTFA5YUlWNnluOUFhWlpWTnlwbk5HcFQwRWJkdklMQkd1cWx0c2pxYjJaOVBWVWdYejhodVBTTS1GWkZrd3NEWmpLUTd6a0M1bEFuT1M5RWxMOVRrRmFBbzZVVjlxUjN6QjhISmdJ?oc=5"" target=""_blank"">招商银行一季报：从零售之王到价值银行，这才是压舱石的终极形态</a>&nbsp;&nbsp;<font color=""#6f6f6f"">财富号</font>",https://news.google.com/rss/articles/CBMia0FVX3lxTFA5YUlWNnluOUFhWlpWTnlwbk5HcFQwRWJkdklMQkd1cWx0c2pxYjJaOVBWVWdYejhodVBTTS1GWkZrd3NEWmpLUTd6a0M1bEFuT1M5RWxMOVRrRmFBbzZVVjlxUjN6QjhISmdJ?oc=5,招商银行,"招商银行一季报：从零售之王到价值银行，这才是压舱石的终极形态 - 财富号. <a href=""https://news.google.com/rss/articles/CBMia0FVX3lxTFA5YUlWNnluOUFhWlpWTnlwbk5HcFQwRWJkdklMQkd1cWx0c2pxYjJaOVBWVWdYejhodVBTTS1GWkZrd3NEWmpLUTd6a0M1bEFuT1M5RWxMOVRrRmFBbzZVVjlxUjN6QjhISmdJ?oc=5"" target=""_blank"">招商银行一季报：从零售之王到价值银行，这才是压舱石的终极形态</a>&nbsp;&nbsp;<font color=""#6f6f6f"">财富号</font>",neutral,0.008972738
2026-04-28,2026-04-28T09:17:00+00:00,600036.SH,"""招商银行"" - Google 新闻",招商银行中层调整 多位分行干部获提任 - 新浪财经,"<a href=""https://news.google.com/rss/articles/CBMi3wFBVV95cUxORXgwZUpyeThXRFM5akFiNWs1ZkdJdkhwWThIYnNsU1A0RHh0NWVacUJ2eC1fX1dRUkx5a3dTYjFCUW5LX2xRWVdmN25YaG1wQjJuekt1aEN1ZnpjYUpZelE0dVhHMnMyM1RzUkZ5Uk9ZOTRrazR3V2k0YUNLQWpKTm5NTnZHc1VFRE0wakw1MnhxUlk4SWZsYkwtQXc5enpDRm9GYngyMnFfQ3NzYUtpV0FUNFdaWkRKWDBrUGNyRnR6MVJZTXkybWRKU0JDTjJpeUVnZzl5R2g2Q3FqQXFR?oc=5"" target=""_blank"">招商银行中层调整 多位分行干部获提任</a>&nbsp;&nbsp;<font color=""#6f6f6f"">新浪财经</font>",https://news.google.com/rss/articles/CBMi3wFBVV95cUxORXgwZUpyeThXRFM5akFiNWs1ZkdJdkhwWThIYnNsU1A0RHh0NWVacUJ2eC1fX1dRUkx5a3dTYjFCUW5LX2xRWVdmN25YaG1wQjJuekt1aEN1ZnpjYUpZelE0dVhHMnMyM1RzUkZ5Uk9ZOTRrazR3V2k0YUNLQWpKTm5NTnZHc1VFRE0wakw1MnhxUlk4SWZsYkwtQXc5enpDRm9GYngyMnFfQ3NzYUtpV0FUNFdaWkRKWDBrUGNyRnR6MVJZTXkybWRKU0JDTjJpeUVnZzl5R2g2Q3FqQXFR?oc=5,招商银行,"招商银行中层调整 多位分行干部获提任 - 新浪财经. <a href=""https://news.google.com/rss/articles/CBMi3wFBVV95cUxORXgwZUpyeThXRFM5akFiNWs1ZkdJdkhwWThIYnNsU1A0RHh0NWVacUJ2eC1fX1dRUkx5a3dTYjFCUW5LX2xRWVdmN25YaG1wQjJuekt1aEN1ZnpjYUpZelE0dVhHMnMyM1RzUkZ5Uk9ZOTRrazR3V2k0YUNLQWpKTm5NTnZHc1VFRE0wakw1MnhxUlk4SWZsYkwtQXc5enpDRm9GYngyMnFfQ3NzYUtpV0FUNFdaWkRKWDBrUGNyRnR6MVJZTXkybWRKU0JDTjJpeUVnZzl5R2g2Q3FqQXFR?oc=5"" target=""_blank"">招商银行中层调整 多位分行干部获提任</a>&nbsp;&nbsp;<font color=""#6f6f6f"">新浪财经</font>",neutral,0.026178245
2026-04-28,2026-04-28T10:06:43+00:00,600036.SH,"""China Merchants Bank"" - Google News",China Merchants Bank Q1 Net Profit Up 1.5% Y/Y - TradingView,"<a href=""https://news.google.com/rss/articles/CBMitgFBVV95cUxNa2IyWUl5THNmWXdZOFQ0U3JmNnNQR3VRcTd1RUdmYUtwb0hXUDdQQVdtdUJYNUdkaV8zOG1HV0J4ZUlMSkx1Mi10a2hYbWVpOUs1STNiUmdTc05kYjFybjZSTVRnZXY2VTBxaDZWT0xsRmVwTUdSeml2QVFSbUJjUzI1ZzMxRFVlVElBcWpyRUl1QWtBS0FEcmhPSzF1azhCVVdZZ25FdGp1UXhsS0tPREFzZllDdw?oc=5"" target=""_blank"">China Merchants Bank Q1 Net Profit Up 1.5% Y/Y</a>&nbsp;&nbsp;<font color=""#6f6f6f"">TradingView</font>",https://news.google.com/rss/articles/CBMitgFBVV95cUxNa2IyWUl5THNmWXdZOFQ0U3JmNnNQR3VRcTd1RUdmYUtwb0hXUDdQQVdtdUJYNUdkaV8zOG1HV0J4ZUlMSkx1Mi10a2hYbWVpOUs1STNiUmdTc05kYjFybjZSTVRnZXY2VTBxaDZWT0xsRmVwTUdSeml2QVFSbUJjUzI1ZzMxRFVlVElBcWpyRUl1QWtBS0FEcmhPSzF1azhCVVdZZ25FdGp1UXhsS0tPREFzZllDdw?oc=5,China Merchants Bank,"China Merchants Bank Q1 Net Profit Up 1.5% Y/Y - TradingView. <a href=""https://news.google.com/rss/articles/CBMitgFBVV95cUxNa2IyWUl5THNmWXdZOFQ0U3JmNnNQR3VRcTd1RUdmYUtwb0hXUDdQQVdtdUJYNUdkaV8zOG1HV0J4ZUlMSkx1Mi10a2hYbWVpOUs1STNiUmdTc05kYjFybjZSTVRnZXY2VTBxaDZWT0xsRmVwTUdSeml2QVFSbUJjUzI1ZzMxRFVlVElBcWpyRUl1QWtBS0FEcmhPSzF1azhCVVdZZ25FdGp1UXhsS0tPREFzZllDdw?oc=5"" target=""_blank"">China Merchants Bank Q1 Net Profit Up 1.5% Y/Y</a>&nbsp;&nbsp;<font color=""#6f6f6f"">TradingView</font>",positive,0.91762495
2026-04-28,2026-04-28T10:09:20+00:00,600036.SH,"""招商银行"" - Google 新闻",招商银行：第一季度净利润同比增长1.52% - 东方财富,"<a href=""https://news.google.com/rss/articles/CBMiYEFVX3lxTE9pYV8zSWhhRFl3WnphRmduVzRxelZueVFQZjZDRGdweEQxLWpfckxHX0h5OGE1c3FoYkg5bmhZSHYzMDk2QURPUFIzd2VudnV0TVNkWl94ZzZEenFJTUhkMQ?oc=5"" target=""_blank"">招商银行：第一季度净利润同比增长1.52%</a>&nbsp;&nbsp;<font color=""#6f6f6f"">东方财富</font>",https://news.google.com/rss/articles/CBMiYEFVX3lxTE9pYV8zSWhhRFl3WnphRmduVzRxelZueVFQZjZDRGdweEQxLWpfckxHX0h5OGE1c3FoYkg5bmhZSHYzMDk2QURPUFIzd2VudnV0TVNkWl94ZzZEenFJTUhkMQ?oc=5,招商银行,"招商银行：第一季度净利润同比增长1.52% - 东方财富. <a href=""https://news.google.com/rss/articles/CBMiYEFVX3lxTE9pYV8zSWhhRFl3WnphRmduVzRxelZueVFQZjZDRGdweEQxLWpfckxHX0h5OGE1c3FoYkg5bmhZSHYzMDk2QURPUFIzd2VudnV0TVNkWl94ZzZEenFJTUhkMQ?oc=5"" target=""_blank"">招商银行：第一季度净利润同比增长1.52%</a>&nbsp;&nbsp;<font color=""#6f6f6f"">东方财富</font>",neutral,0.022925902
2026-04-28,2026-04-28T10:09:47+00:00,600036.SH,"""招商银行"" - Google 新闻",18:04:52【招商银行：第一季度净利润同比增长1.52% 资产负债规模增长】 - 财联社,"<a href=""https://news.google.com/rss/articles/CBMiSEFVX3lxTE5xVHd5cy1aMkppdi1pcnMzOEljbzJ5MEM0cktYTm9EWW04endVQ2xjZVlyYlJ5d1Rhd21FVUc4RTNMQm1ZMlVOaw?oc=5"" target=""_blank"">18:04:52【招商银行：第一季度净利润同比增长1.52% 资产负债规模增长】</a>&nbsp;&nbsp;<font color=""#6f6f6f"">财联社</font>",https://news.google.com/rss/articles/CBMiSEFVX3lxTE5xVHd5cy1aMkppdi1pcnMzOEljbzJ5MEM0cktYTm9EWW04endVQ2xjZVlyYlJ5d1Rhd21FVUc4RTNMQm1ZMlVOaw?oc=5,招商银行,"18:04:52【招商银行：第一季度净利润同比增长1.52% 资产负债规模增长】 - 财联社. <a href=""https://news.google.com/rss/articles/CBMiSEFVX3lxTE5xVHd5cy1aMkppdi1pcnMzOEljbzJ5MEM0cktYTm9EWW04endVQ2xjZVlyYlJ5d1Rhd21FVUc4RTNMQm1ZMlVOaw?oc=5"" target=""_blank"">18:04:52【招商银行：第一季度净利润同比增长1.52% 资产负债规模增长】</a>&nbsp;&nbsp;<font color=""#6f6f6f"">财联社</font>",neutral,0.016138226
2026-04-28,2026-04-28T10:12:14+00:00,600036.SH,"""600036"" - Google 新闻",招商银行(600036.SH)一季度归母净利润378.52亿元，同比增长1.52% - Moomoo,"<a href=""https://news.google.com/rss/articles/CBMiWkFVX3lxTE53UXJkUlFfdGFCZHIxTF8wUl9BMzIwZl9McUFSd3JQaldleWFrMDhPT3poc3BieTZZT2VQcUVsNFBDUXlNenYxd0FxSUxTU2E5aXB6Tm5JNk9rQQ?oc=5"" target=""_blank"">招商银行(600036.SH)一季度归母净利润378.52亿元，同比增长1.52%</a>&nbsp;&nbsp;<font color=""#6f6f6f"">Moomoo</font>",https://news.google.com/rss/articles/CBMiWkFVX3lxTE53UXJkUlFfdGFCZHIxTF8wUl9BMzIwZl9McUFSd3JQaldleWFrMDhPT3poc3BieTZZT2VQcUVsNFBDUXlNenYxd0FxSUxTU2E5aXB6Tm5JNk9rQQ?oc=5,600036,"招商银行(600036.SH)一季度归母净利润378.52亿元，同比增长1.52% - Moomoo. <a href=""https://news.google.com/rss/articles/CBMiWkFVX3lxTE53UXJkUlFfdGFCZHIxTF8wUl9BMzIwZl9McUFSd3JQaldleWFrMDhPT3poc3BieTZZT2VQcUVsNFBDUXlNenYxd0FxSUxTU2E5aXB6Tm5JNk9rQQ?oc=5"" target=""_blank"">招商银行(600036.SH)一季度归母净利润378.52亿元，同比增长1.52%</a>&nbsp;&nbsp;<font color=""#6f6f6f"">Moomoo</font>",neutral,0.03133315
2026-04-28,2026-04-28T10:12:24+00:00,600036.SH,"""China Merchants Bank"" - Google News","China Merchants Bank: Net interest income in the Q1 2026 earnings report increased by 5%, signaling a bottoming out and stabilization of interest margin. - Moomoo","<a href=""https://news.google.com/rss/articles/CBMingFBVV95cUxOT3pjbTREczhLbnJ0SkZsRHhUQWdyc0hReXZwY0VhdXlraHdtR0NtcTlZc2VuN2Mxa3E5QjhWa0VlTEtYNUtqSnppSjh2NXQ4V2lEaVl5dGJ6dFhtOGxNdHZTNjBRSGhEVFRUM2t2SmNpbzdoUHFVZ2d0cDU0elZHNzdTRTJIUDMwSHBUZnBBVDlCMDRVaklMa2ZKQTJYUQ?oc=5"" target=""_blank"">China Merchants Bank: Net interest income in the Q1 2026 earnings report increased by 5%, signaling a bottoming out and stabilization of interest margin.</a>&nbsp;&nbsp;<font color=""#6f6f6f"">Moomoo</font>",https://news.google.com/rss/articles/CBMingFBVV95cUxOT3pjbTREczhLbnJ0SkZsRHhUQWdyc0hReXZwY0VhdXlraHdtR0NtcTlZc2VuN2Mxa3E5QjhWa0VlTEtYNUtqSnppSjh2NXQ4V2lEaVl5dGJ6dFhtOGxNdHZTNjBRSGhEVFRUM2t2SmNpbzdoUHFVZ2d0cDU0elZHNzdTRTJIUDMwSHBUZnBBVDlCMDRVaklMa2ZKQTJYUQ?oc=5,China Merchants Bank,"China Merchants Bank: Net interest income in the Q1 2026 earnings report increased by 5%, signaling a bottoming out and stabilization of interest margin. - Moomoo. <a href=""https://news.google.com/rss/articles/CBMingFBVV95cUxOT3pjbTREczhLbnJ0SkZsRHhUQWdyc0hReXZwY0VhdXlraHdtR0NtcTlZc2VuN2Mxa3E5QjhWa0VlTEtYNUtqSnppSjh2NXQ4V2lEaVl5dGJ6dFhtOGxNdHZTNjBRSGhEVFRUM2t2SmNpbzdoUHFVZ2d0cDU0elZHNzdTRTJIUDMwSHBUZnBBVDlCMDRVaklMa2ZKQTJYUQ?oc=5"" target=""_blank"">China Merchants Bank: Net interest income in the Q1 2026 earnings report increased by 5%, signaling a bottoming out and stabilization of interest margin.</a>&nbsp;&nbsp;<font color=""#6f6f6f"">Moomoo</font>",positive,0.92335105
2026-04-28,2026-04-28T10:12:24+00:00,600036.SH,"""China Merchants Bank"" - Google 新闻",招商银行：2026年一季报净利息收入增长5%，息差触底企稳信号显现 - 富途牛牛,"<a href=""https://news.google.com/rss/articles/CBMinAFBVV95cUxNaW5FMHo2NHU4QlpyWVpkTENwUXBFdWpEU2l5eTNHaGp4Q21nZlJvWmgxUjAwbEhjdmQzWEFnY0xxX1lqeGFXYl9RREZEeFpnczBvQktkaVpnSFVYRW9JWENnUkFhRy1NOUxuWXlZd3ZPeElsc3VybFhRODJtY3JaX3I0TGR1MnlWMkxMSThfU2ZHdHZWZHF1d202REQ?oc=5"" target=""_blank"">招商银行：2026年一季报净利息收入增长5%，息差触底企稳信号显现</a>&nbsp;&nbsp;<font color=""#6f6f6f"">富途牛牛</font>",https://news.google.com/rss/articles/CBMinAFBVV95cUxNaW5FMHo2NHU4QlpyWVpkTENwUXBFdWpEU2l5eTNHaGp4Q21nZlJvWmgxUjAwbEhjdmQzWEFnY0xxX1lqeGFXYl9RREZEeFpnczBvQktkaVpnSFVYRW9JWENnUkFhRy1NOUxuWXlZd3ZPeElsc3VybFhRODJtY3JaX3I0TGR1MnlWMkxMSThfU2ZHdHZWZHF1d202REQ?oc=5,China Merchants Bank,"招商银行：2026年一季报净利息收入增长5%，息差触底企稳信号显现 - 富途牛牛. <a href=""https://news.google.com/rss/articles/CBMinAFBVV95cUxNaW5FMHo2NHU4QlpyWVpkTENwUXBFdWpEU2l5eTNHaGp4Q21nZlJvWmgxUjAwbEhjdmQzWEFnY0xxX1lqeGFXYl9RREZEeFpnczBvQktkaVpnSFVYRW9JWENnUkFhRy1NOUxuWXlZd3ZPeElsc3VybFhRODJtY3JaX3I0TGR1MnlWMkxMSThfU2ZHdHZWZHF1d202REQ?oc=5"" target=""_blank"">招商银行：2026年一季报净利息收入增长5%，息差触底企稳信号显现</a>&nbsp;&nbsp;<font color=""#6f6f6f"">富途牛牛</font>",neutral,0.019733662
2026-04-28,2026-04-28T10:13:00+00:00,600036.SH,"""China Merchants Bank"" - Google 新闻",招商银行：一季度归母净利润378.52亿元，同比增长1.52% - 富途牛牛,"<a href=""https://news.google.com/rss/articles/CBMiUkFVX3lxTE5laWRpa0VPWGhmdHhxa3k3anhYbkdQQmNPQV9KZ2dqN2J2RVN2c3hpRTlTSzcyUUhsSWZ1MEwwY0ZmcEp3U2t3Um5sUEt2ZlZoemc?oc=5"" target=""_blank"">招商银行：一季度归母净利润378.52亿元，同比增长1.52%</a>&nbsp;&nbsp;<font color=""#6f6f6f"">富途牛牛</font>",https://news.google.com/rss/articles/CBMiUkFVX3lxTE5laWRpa0VPWGhmdHhxa3k3anhYbkdQQmNPQV9KZ2dqN2J2RVN2c3hpRTlTSzcyUUhsSWZ1MEwwY0ZmcEp3U2t3Um5sUEt2ZlZoemc?oc=5,China Merchants Bank,"招商银行：一季度归母净利润378.52亿元，同比增长1.52% - 富途牛牛. <a href=""https://news.google.com/rss/articles/CBMiUkFVX3lxTE5laWRpa0VPWGhmdHhxa3k3anhYbkdQQmNPQV9KZ2dqN2J2RVN2c3hpRTlTSzcyUUhsSWZ1MEwwY0ZmcEp3U2t3Um5sUEt2ZlZoemc?oc=5"" target=""_blank"">招商银行：一季度归母净利润378.52亿元，同比增长1.52%</a>&nbsp;&nbsp;<font color=""#6f6f6f"">富途牛牛</font>",neutral,0.01987415
2026-04-28,2026-04-28T10:14:29+00:00,600036.SH,"""China Merchants Bank"" - Google 新闻",招商银行股份有限公司2026年第一季度报告 - 富途牛牛,"<a href=""https://news.google.com/rss/articles/CBMinAFBVV95cUxQSjlJZEtYcndkNDRnaW9GREV5cDU4dkgwbFA3T2daSDVaRmlQVlJqYUstb1gtaUN1NzFtUDRhX19XcF9iQldhWWZ5a2JqTV9TaTV1WnRPM2JjMkxXUjU3TlV6cWpaQzR2UTZwZWlXVUtyY0FyelZPZVliLVF3ZTBnaXQxQXQwTEttSmJVclMtcGJsSnJSN3ZtU3BUbnk?oc=5"" target=""_blank"">招商银行股份有限公司2026年第一季度报告</a>&nbsp;&nbsp;<font color=""#6f6f6f"">富途牛牛</font>",https://news.google.com/rss/articles/CBMinAFBVV95cUxQSjlJZEtYcndkNDRnaW9GREV5cDU4dkgwbFA3T2daSDVaRmlQVlJqYUstb1gtaUN1NzFtUDRhX19XcF9iQldhWWZ5a2JqTV9TaTV1WnRPM2JjMkxXUjU3TlV6cWpaQzR2UTZwZWlXVUtyY0FyelZPZVliLVF3ZTBnaXQxQXQwTEttSmJVclMtcGJsSnJSN3ZtU3BUbnk?oc=5,China Merchants Bank,"招商银行股份有限公司2026年第一季度报告 - 富途牛牛. <a href=""https://news.google.com/rss/articles/CBMinAFBVV95cUxQSjlJZEtYcndkNDRnaW9GREV5cDU4dkgwbFA3T2daSDVaRmlQVlJqYUstb1gtaUN1NzFtUDRhX19XcF9iQldhWWZ5a2JqTV9TaTV1WnRPM2JjMkxXUjU3TlV6cWpaQzR2UTZwZWlXVUtyY0FyelZPZVliLVF3ZTBnaXQxQXQwTEttSmJVclMtcGJsSnJSN3ZtU3BUbnk?oc=5"" target=""_blank"">招商银行股份有限公司2026年第一季度报告</a>&nbsp;&nbsp;<font color=""#6f6f6f"">富途牛牛</font>",neutral,0.023785014
2026-04-28,2026-04-28T10:40:12+00:00,600036.SH,"""China Merchants Bank"" - Google News",China Merchants Bank Q1 net profit up 1.5% Y/Y - marketscreener.com,"<a href=""https://news.google.com/rss/articles/CBMinwFBVV95cUxPbDZwRUNWM0FtczlMMG9SdXY4bjJkSDhMZm0zV1JGQzNPdmZmTkxZa21aTDlQZ1pxY2hudkcxX0gtM3Y0amdLVXpqZjF1aE1xSGx3QkxITE9XeXlodlBiZF8yWlJPNkdsbUl3Mmh1NlQwZ0twVHRWR002VVl6YVpmVGpYNHU5bng5VTNZWEIxcHdhak1yUnNjQ25FTzc1Y2c?oc=5"" target=""_blank"">China Merchants Bank Q1 net profit up 1.5% Y/Y</a>&nbsp;&nbsp;<font color=""#6f6f6f"">marketscreener.com</font>",https://news.google.com/rss/articles/CBMinwFBVV95cUxPbDZwRUNWM0FtczlMMG9SdXY4bjJkSDhMZm0zV1JGQzNPdmZmTkxZa21aTDlQZ1pxY2hudkcxX0gtM3Y0amdLVXpqZjF1aE1xSGx3QkxITE9XeXlodlBiZF8yWlJPNkdsbUl3Mmh1NlQwZ0twVHRWR002VVl6YVpmVGpYNHU5bng5VTNZWEIxcHdhak1yUnNjQ25FTzc1Y2c?oc=5,China Merchants Bank,"China Merchants Bank Q1 net profit up 1.5% Y/Y - marketscreener.com. <a href=""https://news.google.com/rss/articles/CBMinwFBVV95cUxPbDZwRUNWM0FtczlMMG9SdXY4bjJkSDhMZm0zV1JGQzNPdmZmTkxZa21aTDlQZ1pxY2hudkcxX0gtM3Y0amdLVXpqZjF1aE1xSGx3QkxITE9XeXlodlBiZF8yWlJPNkdsbUl3Mmh1NlQwZ0twVHRWR002VVl6YVpmVGpYNHU5bng5VTNZWEIxcHdhak1yUnNjQ25FTzc1Y2c?oc=5"" target=""_blank"">China Merchants Bank Q1 net profit up 1.5% Y/Y</a>&nbsp;&nbsp;<font color=""#6f6f6f"">marketscreener.com</font>",positive,0.9141146
2026-04-28,2026-04-28T11:18:06+00:00,600036.SH,"""招商银行"" - Google 新闻",招商银行中层调整 多位分行干部获提任 - 新浪财经,"<a href=""https://news.google.com/rss/articles/CBMilgJBVV95cUxNRzJCN0dBSjZtTmt6VmlvRWsteDVJYWpRV0RkaE5mSEJjbWdCdGFBQzlLZnFKaHFDUE95bk04dXNOV2tEZWVVdkNjRWV0S25IVTFlR1hMRHhsR21BRXRiY2NFS20tbFBjQjdqUXBWUTRlSjE0NzEwYk5nV0paOVlkckJuVlNTRlgwcXVtdHptVWhXMEZCc1ZENWVNNmtlMnFNNE9lMi1ONXJQZEdDWm1Ub093NE9Xc2M1b3dPcVQ5dWtibkJxQ2tsTlFqcTFwYThJbEZGeGF3UGpvRVJrTURIRmt3cWRyS2tLUFZ1UTRhT0c0Q01PQ1hjcWRlaXpYb2JfaE0tbDNDZHU1clhvV2NuYVQ1bS1KUQ?oc=5"" target=""_blank"">招商银行中层调整 多位分行干部获提任</a>&nbsp;&nbsp;<font color=""#6f6f6f"">新浪财经</font>",https://news.google.com/rss/articles/CBMilgJBVV95cUxNRzJCN0dBSjZtTmt6VmlvRWsteDVJYWpRV0RkaE5mSEJjbWdCdGFBQzlLZnFKaHFDUE95bk04dXNOV2tEZWVVdkNjRWV0S25IVTFlR1hMRHhsR21BRXRiY2NFS20tbFBjQjdqUXBWUTRlSjE0NzEwYk5nV0paOVlkckJuVlNTRlgwcXVtdHptVWhXMEZCc1ZENWVNNmtlMnFNNE9lMi1ONXJQZEdDWm1Ub093NE9Xc2M1b3dPcVQ5dWtibkJxQ2tsTlFqcTFwYThJbEZGeGF3UGpvRVJrTURIRmt3cWRyS2tLUFZ1UTRhT0c0Q01PQ1hjcWRlaXpYb2JfaE0tbDNDZHU1clhvV2NuYVQ1bS1KUQ?oc=5,招商银行,"招商银行中层调整 多位分行干部获提任 - 新浪财经. <a href=""https://news.google.com/rss/articles/CBMilgJBVV95cUxNRzJCN0dBSjZtTmt6VmlvRWsteDVJYWpRV0RkaE5mSEJjbWdCdGFBQzlLZnFKaHFDUE95bk04dXNOV2tEZWVVdkNjRWV0S25IVTFlR1hMRHhsR21BRXRiY2NFS20tbFBjQjdqUXBWUTRlSjE0NzEwYk5nV0paOVlkckJuVlNTRlgwcXVtdHptVWhXMEZCc1ZENWVNNmtlMnFNNE9lMi1ONXJQZEdDWm1Ub093NE9Xc2M1b3dPcVQ5dWtibkJxQ2tsTlFqcTFwYThJbEZGeGF3UGpvRVJrTURIRmt3cWRyS2tLUFZ1UTRhT0c0Q01PQ1hjcWRlaXpYb2JfaE0tbDNDZHU1clhvV2NuYVQ1bS1KUQ?oc=5"" target=""_blank"">招商银行中层调整 多位分行干部获提任</a>&nbsp;&nbsp;<font color=""#6f6f6f"">新浪财经</font>",neutral,0.026178233
2026-04-28,2026-04-28T12:35:00+00:00,600036.SH,"""China Merchants Bank"" - Google News","China Merchants Bank Co., Ltd. Announces Resignation of Li Chaoxian as Independent Non-Executive Director, Chairman of the Related Party Transactions Management and Consumer Rights Protection Committee, and Member of the Strategy and Sustaina - marketscreener.com","<a href=""https://news.google.com/rss/articles/CBMi5AFBVV95cUxNamVNVXo0VHkwQ1FrVkxEajJnN2s3ZzhraGRPb1UzdVJyS3BxVmMxa1BjNGlyb0hDMk9DVmFhbGV5eVNMZTRGTXJNaFowT29Ca0JWZ2w1Y01sX0wzNnl3Vm5IZmtwOXB0NE9NSjdZbXI0WEpGbU9jRzdpNFczaS0tYmxOM1Y0RDdsYVVhd0FqUENRbGpqMlZDRFl4Z2UzNTBUZ0lRMGRfY0FJRnl3M29ETDVHeU1aRmZvWGExbXpkWV8wOXhnbE16aTRYWUptel91UjZrWFVOQ18yakF0MGhBMUZaS2s?oc=5"" target=""_blank"">China Merchants Bank Co., Ltd. Announces Resignation of Li Chaoxian as Independent Non-Executive Director, Chairman of the Related Party Transactions Management and Consumer Rights Protection Committee, and Member of the Strategy and Sustaina</a>&nbsp;&nbsp;<font color=""#6f6f6f"">marketscreener.com</font>",https://news.google.com/rss/articles/CBMi5AFBVV95cUxNamVNVXo0VHkwQ1FrVkxEajJnN2s3ZzhraGRPb1UzdVJyS3BxVmMxa1BjNGlyb0hDMk9DVmFhbGV5eVNMZTRGTXJNaFowT29Ca0JWZ2w1Y01sX0wzNnl3Vm5IZmtwOXB0NE9NSjdZbXI0WEpGbU9jRzdpNFczaS0tYmxOM1Y0RDdsYVVhd0FqUENRbGpqMlZDRFl4Z2UzNTBUZ0lRMGRfY0FJRnl3M29ETDVHeU1aRmZvWGExbXpkWV8wOXhnbE16aTRYWUptel91UjZrWFVOQ18yakF0MGhBMUZaS2s?oc=5,China Merchants Bank,"China Merchants Bank Co., Ltd. Announces Resignation of Li Chaoxian as Independent Non-Executive Director, Chairman of the Related Party Transactions Management and Consumer Rights Protection Committee, and Member of the Strategy and Sustaina - marketscreener.com. <a href=""https://news.google.com/rss/articles/CBMi5AFBVV95cUxNamVNVXo0VHkwQ1FrVkxEajJnN2s3ZzhraGRPb1UzdVJyS3BxVmMxa1BjNGlyb0hDMk9DVmFhbGV5eVNMZTRGTXJNaFowT29Ca0JWZ2w1Y01sX0wzNnl3Vm5IZmtwOXB0NE9NSjdZbXI0WEpGbU9jRzdpNFczaS0tYmxOM1Y0RDdsYVVhd0FqUENRbGpqMlZDRFl4Z2UzNTBUZ0lRMGRfY0FJRnl3M29ETDVHeU1aRmZvWGExbXpkWV8wOXhnbE16aTRYWUptel91UjZrWFVOQ18yakF0MGhBMUZaS2s?oc=5"" target=""_blank"">China Merchants Bank Co., Ltd. Announces Resignation of Li Chaoxian as Independent Non-Executive Director, Chairman of the Related Party Transactions Management and Consumer Rights Protection Committee, and Member of the Strategy and Sustaina</a>&nbsp;&nbsp;<font color=""#6f6f6f"">marketscreener.com</font>",negative,-0.7288331
2026-04-28,2026-04-28T12:36:33+00:00,600036.SH,"""China Merchants Bank"" - Google News","China Merchants Bank (03968) reported a net profit attributable to shareholders of 37.852 billion yuan in the first quarter, representing a year-on-year increase of 1.52%. - 富途牛牛","<a href=""https://news.google.com/rss/articles/CBMiqAFBVV95cUxNX2tQc2I0bGxKTV9oT0ZOeXItWUdxOHFheVk5dDdiX2tnMWF5QXQ0N2NHbG1pUHV3c2hFZUlfYlc5WmR3Tmc5elgwLWVWUjlwb2M1bGxhVE1mc2ZCNFdhbmhkYWRXM2pqY3l6UEtFSkpicjI5RUlBdTZqRXNGNUdTdktpNk1qSmVvdnRKLW1JVTM3QzFGeTlUNG04eC1kekI5aWMxS3dWTVE?oc=5"" target=""_blank"">China Merchants Bank (03968) reported a net profit attributable to shareholders of 37.852 billion yuan in the first quarter, representing a year-on-year increase of 1.52%.</a>&nbsp;&nbsp;<font color=""#6f6f6f"">富途牛牛</font>",https://news.google.com/rss/articles/CBMiqAFBVV95cUxNX2tQc2I0bGxKTV9oT0ZOeXItWUdxOHFheVk5dDdiX2tnMWF5QXQ0N2NHbG1pUHV3c2hFZUlfYlc5WmR3Tmc5elgwLWVWUjlwb2M1bGxhVE1mc2ZCNFdhbmhkYWRXM2pqY3l6UEtFSkpicjI5RUlBdTZqRXNGNUdTdktpNk1qSmVvdnRKLW1JVTM3QzFGeTlUNG04eC1kekI5aWMxS3dWTVE?oc=5,China Merchants Bank,"China Merchants Bank (03968) reported a net profit attributable to shareholders of 37.852 billion yuan in the first quarter, representing a year-on-year increase of 1.52%. - 富途牛牛. <a href=""https://news.google.com/rss/articles/CBMiqAFBVV95cUxNX2tQc2I0bGxKTV9oT0ZOeXItWUdxOHFheVk5dDdiX2tnMWF5QXQ0N2NHbG1pUHV3c2hFZUlfYlc5WmR3Tmc5elgwLWVWUjlwb2M1bGxhVE1mc2ZCNFdhbmhkYWRXM2pqY3l6UEtFSkpicjI5RUlBdTZqRXNGNUdTdktpNk1qSmVvdnRKLW1JVTM3QzFGeTlUNG04eC1kekI5aWMxS3dWTVE?oc=5"" target=""_blank"">China Merchants Bank (03968) reported a net profit attributable to shareholders of 37.852 billion yuan in the first quarter, representing a year-on-year increase of 1.52%.</a>&nbsp;&nbsp;<font color=""#6f6f6f"">富途牛牛</font>",positive,0.9233925
2026-04-28,2026-04-28T12:38:47+00:00,600036.SH,"""China Merchants Bank"" - Google News","China Merchants Bank (03968.HK) reported a net profit attributable to shareholders of RMB 37.852 billion in the first quarter, representing a year-on-year increase of 1.52%. - 富途牛牛","<a href=""https://news.google.com/rss/articles/CBMiqAFBVV95cUxOVV9xV24yNEtYMHQzSHVIRmViWUp5c3ZraUJQUEVtTGltMl9reTBHWk1NczNhd3lZdnFaOC1nREhadmxCTS1VMEpiYTJCRXQyc3VOUUNlaEI0QTlWWThpTllMWFRqdXZFeDIxZmFsLVZnV3lwT3pmb1F2b1FCcUZjZjFtakxQcTJSWWtCdC1WMVpPeUxZeFBxVVJjSkpGb1c3eDlibGIwSXI?oc=5"" target=""_blank"">China Merchants Bank (03968.HK) reported a net profit attributable to shareholders of RMB 37.852 billion in the first quarter, representing a year-on-year increase of 1.52%.</a>&nbsp;&nbsp;<font color=""#6f6f6f"">富途牛牛</font>",https://news.google.com/rss/articles/CBMiqAFBVV95cUxOVV9xV24yNEtYMHQzSHVIRmViWUp5c3ZraUJQUEVtTGltMl9reTBHWk1NczNhd3lZdnFaOC1nREhadmxCTS1VMEpiYTJCRXQyc3VOUUNlaEI0QTlWWThpTllMWFRqdXZFeDIxZmFsLVZnV3lwT3pmb1F2b1FCcUZjZjFtakxQcTJSWWtCdC1WMVpPeUxZeFBxVVJjSkpGb1c3eDlibGIwSXI?oc=5,China Merchants Bank,"China Merchants Bank (03968.HK) reported a net profit attributable to shareholders of RMB 37.852 billion in the first quarter, representing a year-on-year increase of 1.52%. - 富途牛牛. <a href=""https://news.google.com/rss/articles/CBMiqAFBVV95cUxOVV9xV24yNEtYMHQzSHVIRmViWUp5c3ZraUJQUEVtTGltMl9reTBHWk1NczNhd3lZdnFaOC1nREhadmxCTS1VMEpiYTJCRXQyc3VOUUNlaEI0QTlWWThpTllMWFRqdXZFeDIxZmFsLVZnV3lwT3pmb1F2b1FCcUZjZjFtakxQcTJSWWtCdC1WMVpPeUxZeFBxVVJjSkpGb1c3eDlibGIwSXI?oc=5"" target=""_blank"">China Merchants Bank (03968.HK) reported a net profit attributable to shareholders of RMB 37.852 billion in the first quarter, representing a year-on-year increase of 1.52%.</a>&nbsp;&nbsp;<font color=""#6f6f6f"">富途牛牛</font>",positive,0.9165362
2026-04-28,2026-04-28T12:53:53+00:00,600036.SH,"""China Merchants Bank"" - Google News",China Merchants Bank Independent Director Li Chaoxian Resigns Ahead of Term End - TipRanks,"<a href=""https://news.google.com/rss/articles/CBMiywFBVV95cUxPZVVtTWU5OTF1M0lha2NkY3M2LUFucld4RGdYZHo3N3cyemZlN3JiazFVVEV0dXQtdWlueTJzLU5WTG5aaUdyMjEycmZ3OVYtVHhhM3h2Tmowb0hMUW5LYWxnb2kwOHA0QWM4QmtFQWQ0X0g5MTNndDM4bHZmaVp1cWFucnZ6cjNEa21pMWE4S1ota2l4anFyeWVtdjJQVk1JV3U3d2tlQ0F5VW9WVG1qNDdUX215Umtib05XcUlucWlGVGZrMmJWdlJGRQ?oc=5"" target=""_blank"">China Merchants Bank Independent Director Li Chaoxian Resigns Ahead of Term End</a>&nbsp;&nbsp;<font color=""#6f6f6f"">TipRanks</font>",https://news.google.com/rss/articles/CBMiywFBVV95cUxPZVVtTWU5OTF1M0lha2NkY3M2LUFucld4RGdYZHo3N3cyemZlN3JiazFVVEV0dXQtdWlueTJzLU5WTG5aaUdyMjEycmZ3OVYtVHhhM3h2Tmowb0hMUW5LYWxnb2kwOHA0QWM4QmtFQWQ0X0g5MTNndDM4bHZmaVp1cWFucnZ6cjNEa21pMWE4S1ota2l4anFyeWVtdjJQVk1JV3U3d2tlQ0F5VW9WVG1qNDdUX215Umtib05XcUlucWlGVGZrMmJWdlJGRQ?oc=5,China Merchants Bank,"China Merchants Bank Independent Director Li Chaoxian Resigns Ahead of Term End - TipRanks. <a href=""https://news.google.com/rss/articles/CBMiywFBVV95cUxPZVVtTWU5OTF1M0lha2NkY3M2LUFucld4RGdYZHo3N3cyemZlN3JiazFVVEV0dXQtdWlueTJzLU5WTG5aaUdyMjEycmZ3OVYtVHhhM3h2Tmowb0hMUW5LYWxnb2kwOHA0QWM4QmtFQWQ0X0g5MTNndDM4bHZmaVp1cWFucnZ6cjNEa21pMWE4S1ota2l4anFyeWVtdjJQVk1JV3U3d2tlQ0F5VW9WVG1qNDdUX215Umtib05XcUlucWlGVGZrMmJWdlJGRQ?oc=5"" target=""_blank"">China Merchants Bank Independent Director Li Chaoxian Resigns Ahead of Term End</a>&nbsp;&nbsp;<font color=""#6f6f6f"">TipRanks</font>",negative,-0.9086017
2026-04-28,2026-04-28T12:57:52+00:00,600036.SH,"""China Merchants Bank"" - Google News",China Merchants Bank Details Board Composition and Committee Roles - TipRanks,"<a href=""https://news.google.com/rss/articles/CBMiugFBVV95cUxQS1VIaDlZaFBuWWJwMTlyNXpkd0k0WmNDQnp0MWRZXzBUaFVoeGs3Q1B4azJsR0kzVS1JaVdWWmlUZ3NRY0VfS01Bc0hrRk5OMGUxREFrUHlad3NmbElFMXNkR0NjTG5JSVgtQVBFRTJKekgxdWNsM0kyYklfNFAxMUs0bXB2NmY1U25nWHRaMU1HVEotQUJVeW80aHlBbnpmQk1va0k3THFzcDVHeW1WSHBOSVN4U2FhYnc?oc=5"" target=""_blank"">China Merchants Bank Details Board Composition and Committee Roles</a>&nbsp;&nbsp;<font color=""#6f6f6f"">TipRanks</font>",https://news.google.com/rss/articles/CBMiugFBVV95cUxQS1VIaDlZaFBuWWJwMTlyNXpkd0k0WmNDQnp0MWRZXzBUaFVoeGs3Q1B4azJsR0kzVS1JaVdWWmlUZ3NRY0VfS01Bc0hrRk5OMGUxREFrUHlad3NmbElFMXNkR0NjTG5JSVgtQVBFRTJKekgxdWNsM0kyYklfNFAxMUs0bXB2NmY1U25nWHRaMU1HVEotQUJVeW80aHlBbnpmQk1va0k3THFzcDVHeW1WSHBOSVN4U2FhYnc?oc=5,China Merchants Bank,"China Merchants Bank Details Board Composition and Committee Roles - TipRanks. <a href=""https://news.google.com/rss/articles/CBMiugFBVV95cUxQS1VIaDlZaFBuWWJwMTlyNXpkd0k0WmNDQnp0MWRZXzBUaFVoeGs3Q1B4azJsR0kzVS1JaVdWWmlUZ3NRY0VfS01Bc0hrRk5OMGUxREFrUHlad3NmbElFMXNkR0NjTG5JSVgtQVBFRTJKekgxdWNsM0kyYklfNFAxMUs0bXB2NmY1U25nWHRaMU1HVEotQUJVeW80aHlBbnpmQk1va0k3THFzcDVHeW1WSHBOSVN4U2FhYnc?oc=5"" target=""_blank"">China Merchants Bank Details Board Composition and Committee Roles</a>&nbsp;&nbsp;<font color=""#6f6f6f"">TipRanks</font>",neutral,-0.013470102
2026-04-28,2026-04-28T12:58:19+00:00,600036.SH,"""China Merchants Bank"" - Google News","China Merchants Bank Files Unaudited Q1 2026 IFRS Report, Cautions on Forward-Looking Risks - TipRanks","<a href=""https://news.google.com/rss/articles/CBMi2gFBVV95cUxPM2VRd0Z4RzdGR0w2NG1KSGxZZVh5WWw4eHNXYnFHak5reXFzWUozVldGQkdpU0stZWRSRUNCako1ODZ3c3E4Unp4REVEZDFielRTVFAyRGV5RVljR0pkdGZBZm05enZfckE5YTVYQXF1bkQ0ZW16ai1Nb1ZLWThaU2hOWUxjVlZWajNLajNONEdqMUFwekhQaVVwbXZvWVA0WEFGU0tOLXNQck1YdFJNc2YwZzE4M3NEVjZOWEdZUm5DSm1nbmlEV0c2bHJuTkFFSHg4OWJSNDdZZw?oc=5"" target=""_blank"">China Merchants Bank Files Unaudited Q1 2026 IFRS Report, Cautions on Forward-Looking Risks</a>&nbsp;&nbsp;<font color=""#6f6f6f"">TipRanks</font>",https://news.google.com/rss/articles/CBMi2gFBVV95cUxPM2VRd0Z4RzdGR0w2NG1KSGxZZVh5WWw4eHNXYnFHak5reXFzWUozVldGQkdpU0stZWRSRUNCako1ODZ3c3E4Unp4REVEZDFielRTVFAyRGV5RVljR0pkdGZBZm05enZfckE5YTVYQXF1bkQ0ZW16ai1Nb1ZLWThaU2hOWUxjVlZWajNLajNONEdqMUFwekhQaVVwbXZvWVA0WEFGU0tOLXNQck1YdFJNc2YwZzE4M3NEVjZOWEdZUm5DSm1nbmlEV0c2bHJuTkFFSHg4OWJSNDdZZw?oc=5,China Merchants Bank,"China Merchants Bank Files Unaudited Q1 2026 IFRS Report, Cautions on Forward-Looking Risks - TipRanks. <a href=""https://news.google.com/rss/articles/CBMi2gFBVV95cUxPM2VRd0Z4RzdGR0w2NG1KSGxZZVh5WWw4eHNXYnFHak5reXFzWUozVldGQkdpU0stZWRSRUNCako1ODZ3c3E4Unp4REVEZDFielRTVFAyRGV5RVljR0pkdGZBZm05enZfckE5YTVYQXF1bkQ0ZW16ai1Nb1ZLWThaU2hOWUxjVlZWajNLajNONEdqMUFwekhQaVVwbXZvWVA0WEFGU0tOLXNQck1YdFJNc2YwZzE4M3NEVjZOWEdZUm5DSm1nbmlEV0c2bHJuTkFFSHg4OWJSNDdZZw?oc=5"" target=""_blank"">China Merchants Bank Files Unaudited Q1 2026 IFRS Report, Cautions on Forward-Looking Risks</a>&nbsp;&nbsp;<font color=""#6f6f6f"">TipRanks</font>",negative,-0.44362468
2026-04-28,2026-04-28T13:45:30+00:00,600036.SH,"""600036"" - Google 新闻",股票行情快报：招商银行（600036）4月28日主力资金净买入7224.21万元 - Sohu,"<a href=""https://news.google.com/rss/articles/CBMiVkFVX3lxTE8zZ2JmdkdyVFFDQkx3V1N0SHhSR1R3NU84WDF2YWRGbmtBOXJGenVLVWZELWwxc0VLYWFLdXU4OUd6b042dC1OWGhjY2VpTHNhdTh6X0J3?oc=5"" target=""_blank"">股票行情快报：招商银行（600036）4月28日主力资金净买入7224.21万元</a>&nbsp;&nbsp;<font color=""#6f6f6f"">Sohu</font>",https://news.google.com/rss/articles/CBMiVkFVX3lxTE8zZ2JmdkdyVFFDQkx3V1N0SHhSR1R3NU84WDF2YWRGbmtBOXJGenVLVWZELWwxc0VLYWFLdXU4OUd6b042dC1OWGhjY2VpTHNhdTh6X0J3?oc=5,600036,"股票行情快报：招商银行（600036）4月28日主力资金净买入7224.21万元 - Sohu. <a href=""https://news.google.com/rss/articles/CBMiVkFVX3lxTE8zZ2JmdkdyVFFDQkx3V1N0SHhSR1R3NU84WDF2YWRGbmtBOXJGenVLVWZELWwxc0VLYWFLdXU4OUd6b042dC1OWGhjY2VpTHNhdTh6X0J3?oc=5"" target=""_blank"">股票行情快报：招商银行（600036）4月28日主力资金净买入7224.21万元</a>&nbsp;&nbsp;<font color=""#6f6f6f"">Sohu</font>",neutral,0.015945774
2026-04-28,2026-04-28T15:05:57+00:00,600036.SH,"""招商银行"" - Google 新闻",招商银行一季度营收、归母净利润同比双增 - 东方财富,"<a href=""https://news.google.com/rss/articles/CBMiX0FVX3lxTE5yUWdWa09HUVQzZHk5Zkd0U2l4WnZWRk1wMFoxalQ0T1JudjlPMHJ6WGdXMFVFY01fSnFxTGNveDl6YnU4VHRramhwbGxXSVlIN19NMjJWVmRUVmx5cFAw?oc=5"" target=""_blank"">招商银行一季度营收、归母净利润同比双增</a>&nbsp;&nbsp;<font color=""#6f6f6f"">东方财富</font>",https://news.google.com/rss/articles/CBMiX0FVX3lxTE5yUWdWa09HUVQzZHk5Zkd0U2l4WnZWRk1wMFoxalQ0T1JudjlPMHJ6WGdXMFVFY01fSnFxTGNveDl6YnU4VHRramhwbGxXSVlIN19NMjJWVmRUVmx5cFAw?oc=5,招商银行,"招商银行一季度营收、归母净利润同比双增 - 东方财富. <a href=""https://news.google.com/rss/articles/CBMiX0FVX3lxTE5yUWdWa09HUVQzZHk5Zkd0U2l4WnZWRk1wMFoxalQ0T1JudjlPMHJ6WGdXMFVFY01fSnFxTGNveDl6YnU4VHRramhwbGxXSVlIN19NMjJWVmRUVmx5cFAw?oc=5"" target=""_blank"">招商银行一季度营收、归母净利润同比双增</a>&nbsp;&nbsp;<font color=""#6f6f6f"">东方财富</font>",neutral,0.020022497
2026-04-28,2026-04-28T15:26:00+00:00,600036.SH,"""600036"" - Google 新闻",$招商银行(SH600036)$ 废了 - 雪球,"<a href=""https://news.google.com/rss/articles/CBMiUEFVX3lxTE9tX0hyZnFOeTNPc2hXX3hDVGVZY2ltNDVKa3hVLWtQVG9Sc2kwRGhWN1BLVFdHVnBVYW5mODhhcTlPVUlUMjZhUkktbGh6YzBR?oc=5"" target=""_blank"">$招商银行(SH600036)$ 废了</a>&nbsp;&nbsp;<font color=""#6f6f6f"">雪球</font>",https://news.google.com/rss/articles/CBMiUEFVX3lxTE9tX0hyZnFOeTNPc2hXX3hDVGVZY2ltNDVKa3hVLWtQVG9Sc2kwRGhWN1BLVFdHVnBVYW5mODhhcTlPVUlUMjZhUkktbGh6YzBR?oc=5,600036,"$招商银行(SH600036)$ 废了 - 雪球. <a href=""https://news.google.com/rss/articles/CBMiUEFVX3lxTE9tX0hyZnFOeTNPc2hXX3hDVGVZY2ltNDVKa3hVLWtQVG9Sc2kwRGhWN1BLVFdHVnBVYW5mODhhcTlPVUlUMjZhUkktbGh6YzBR?oc=5"" target=""_blank"">$招商银行(SH600036)$ 废了</a>&nbsp;&nbsp;<font color=""#6f6f6f"">雪球</font>",neutral,0.007934544
2026-04-28,2026-04-28T16:00:00+00:00,600036.SH,"""China Merchants Bank"" - Google News",招商银行(600036)：财富管理进入修复期 - Futubull - 富途牛牛,"<a href=""https://news.google.com/rss/articles/CBMirwFBVV95cUxOMDMwYjZBNGprVFJVOF9KWm01cW82aXh6dFdqdmVNMWcxbmk0TC15QmtURi12OXJ2WTFCWkswT3c0NVZROUpHeHZkX1c0d0FWa1lpS1BXUjc5NG5YamF1alNGcTlmbEJRUGVkbm9MSHAwMlRqZDRCcm1zczFTRXhqNkgzWUstRVFxLXQ2aFRpaG9kSUtVaTcxS2J5N3RzZW9NQm9PaS1BYUNaQm1UNDBj?oc=5"" target=""_blank"">招商银行(600036)：财富管理进入修复期 - Futubull</a>&nbsp;&nbsp;<font color=""#6f6f6f"">富途牛牛</font>",https://news.google.com/rss/articles/CBMirwFBVV95cUxOMDMwYjZBNGprVFJVOF9KWm01cW82aXh6dFdqdmVNMWcxbmk0TC15QmtURi12OXJ2WTFCWkswT3c0NVZROUpHeHZkX1c0d0FWa1lpS1BXUjc5NG5YamF1alNGcTlmbEJRUGVkbm9MSHAwMlRqZDRCcm1zczFTRXhqNkgzWUstRVFxLXQ2aFRpaG9kSUtVaTcxS2J5N3RzZW9NQm9PaS1BYUNaQm1UNDBj?oc=5,China Merchants Bank,"招商银行(600036)：财富管理进入修复期 - Futubull - 富途牛牛. <a href=""https://news.google.com/rss/articles/CBMirwFBVV95cUxOMDMwYjZBNGprVFJVOF9KWm01cW82aXh6dFdqdmVNMWcxbmk0TC15QmtURi12OXJ2WTFCWkswT3c0NVZROUpHeHZkX1c0d0FWa1lpS1BXUjc5NG5YamF1alNGcTlmbEJRUGVkbm9MSHAwMlRqZDRCcm1zczFTRXhqNkgzWUstRVFxLXQ2aFRpaG9kSUtVaTcxS2J5N3RzZW9NQm9PaS1BYUNaQm1UNDBj?oc=5"" target=""_blank"">招商银行(600036)：财富管理进入修复期 - Futubull</a>&nbsp;&nbsp;<font color=""#6f6f6f"">富途牛牛</font>",neutral,0.0062470697
2026-04-28,2026-04-28T16:00:00+00:00,600036.SH,"""China Merchants Bank"" - Google 新闻",招商银行：招商银行股份有限公司2026年第一季度报告 - Moomoo,"<a href=""https://news.google.com/rss/articles/CBMiqwFBVV95cUxPb3Mtd1lmUElGZlQtM003LTVYQkpWaWluckV0SHBBcVNQeUYwRm5BeHhlN0trTXFjNHBjb1BGZ3VJeW5hR2wtbUFkalRfVnpmLXBUR3AxZGNITG5pUTJVd3pGU01rcUF0S2lhcjBsM2xTdDI0OTNYSGlCVS1SUFo5ci01X3NEYkVCcEY3c0otMkZVUG1qd09PSUNMaUd1NklES3k4c2dLeEdXYzA?oc=5"" target=""_blank"">招商银行：招商银行股份有限公司2026年第一季度报告</a>&nbsp;&nbsp;<font color=""#6f6f6f"">Moomoo</font>",https://news.google.com/rss/articles/CBMiqwFBVV95cUxPb3Mtd1lmUElGZlQtM003LTVYQkpWaWluckV0SHBBcVNQeUYwRm5BeHhlN0trTXFjNHBjb1BGZ3VJeW5hR2wtbUFkalRfVnpmLXBUR3AxZGNITG5pUTJVd3pGU01rcUF0S2lhcjBsM2xTdDI0OTNYSGlCVS1SUFo5ci01X3NEYkVCcEY3c0otMkZVUG1qd09PSUNMaUd1NklES3k4c2dLeEdXYzA?oc=5,China Merchants Bank,"招商银行：招商银行股份有限公司2026年第一季度报告 - Moomoo. <a href=""https://news.google.com/rss/articles/CBMiqwFBVV95cUxPb3Mtd1lmUElGZlQtM003LTVYQkpWaWluckV0SHBBcVNQeUYwRm5BeHhlN0trTXFjNHBjb1BGZ3VJeW5hR2wtbUFkalRfVnpmLXBUR3AxZGNITG5pUTJVd3pGU01rcUF0S2lhcjBsM2xTdDI0OTNYSGlCVS1SUFo5ci01X3NEYkVCcEY3c0otMkZVUG1qd09PSUNMaUd1NklES3k4c2dLeEdXYzA?oc=5"" target=""_blank"">招商银行：招商银行股份有限公司2026年第一季度报告</a>&nbsp;&nbsp;<font color=""#6f6f6f"">Moomoo</font>",neutral,0.015450239
2026-04-28,2026-04-28T16:57:45+00:00,600036.SH,"""China Merchants Bank"" - Google News","China Merchants Bank (600036.SH) announced its Q1 financial results, with a net profit attributable to shareholders of 37.852 billion yuan, representing an increase of 1.52%. - Moomoo","<a href=""https://news.google.com/rss/articles/CBMiqwFBVV95cUxPZDB4ZWV2cHd4bVBrWk41TUJ0Wm1KVnRNOXBWcGdYdTA1LVBBeU1RcS11ZW9jdWZkbXpRa28wMkhERTdGWW82RlR6VU5zdXMyN2VxZHlXbFd0SWtjLTdodWFrWElTWjNqQ05MODI1eC0xNjlpd3dtTmJqazRtelZhNTRHMW12cEItV0VNQU9vUEZia3dPb2x1Y2JFRm9hZWVSSjZ4eERnZTZCUm8?oc=5"" target=""_blank"">China Merchants Bank (600036.SH) announced its Q1 financial results, with a net profit attributable to shareholders of 37.852 billion yuan, representing an increase of 1.52%.</a>&nbsp;&nbsp;<font color=""#6f6f6f"">Moomoo</font>",https://news.google.com/rss/articles/CBMiqwFBVV95cUxPZDB4ZWV2cHd4bVBrWk41TUJ0Wm1KVnRNOXBWcGdYdTA1LVBBeU1RcS11ZW9jdWZkbXpRa28wMkhERTdGWW82RlR6VU5zdXMyN2VxZHlXbFd0SWtjLTdodWFrWElTWjNqQ05MODI1eC0xNjlpd3dtTmJqazRtelZhNTRHMW12cEItV0VNQU9vUEZia3dPb2x1Y2JFRm9hZWVSSjZ4eERnZTZCUm8?oc=5,China Merchants Bank,"China Merchants Bank (600036.SH) announced its Q1 financial results, with a net profit attributable to shareholders of 37.852 billion yuan, representing an increase of 1.52%. - Moomoo. <a href=""https://news.google.com/rss/articles/CBMiqwFBVV95cUxPZDB4ZWV2cHd4bVBrWk41TUJ0Wm1KVnRNOXBWcGdYdTA1LVBBeU1RcS11ZW9jdWZkbXpRa28wMkhERTdGWW82RlR6VU5zdXMyN2VxZHlXbFd0SWtjLTdodWFrWElTWjNqQ05MODI1eC0xNjlpd3dtTmJqazRtelZhNTRHMW12cEItV0VNQU9vUEZia3dPb2x1Y2JFRm9hZWVSSjZ4eERnZTZCUm8?oc=5"" target=""_blank"">China Merchants Bank (600036.SH) announced its Q1 financial results, with a net profit attributable to shareholders of 37.852 billion yuan, representing an increase of 1.52%.</a>&nbsp;&nbsp;<font color=""#6f6f6f"">Moomoo</font>",positive,0.90875185
2026-04-29,2026-04-29T01:08:15+00:00,600036.SH,"""China Merchants Bank"" - Google News","China Merchants Bank's Q1 Profit Rises 1.5%, Net Interest Income Up 5% - marketscreener.com","<a href=""https://news.google.com/rss/articles/CBMivAFBVV95cUxPYnhHQ1BVN0EyZ0pFMkRuWHdpcnpxMkhuR1BYblVVcmtwY1pOdm1ZcVpXa3JVblE1dk50ZHJPNXoxd3hLVkFyN2FfQ3pfc2dFUEJkcFZYWWU0OXZwUU5zdkFaM0lod3BDZDBOcjI3U1R3dENtZzNjR0duMTVmeUZzMUFmVTNzaWZyVExaank4bUNxMmFuMzdkZUNEZ0ZKRnJ6cTlhd0VZQXpXOEgwdVhWMnhDRXJsSzJWTzQ3aA?oc=5"" target=""_blank"">China Merchants Bank's Q1 Profit Rises 1.5%, Net Interest Income Up 5%</a>&nbsp;&nbsp;<font color=""#6f6f6f"">marketscreener.com</font>",https://news.google.com/rss/articles/CBMivAFBVV95cUxPYnhHQ1BVN0EyZ0pFMkRuWHdpcnpxMkhuR1BYblVVcmtwY1pOdm1ZcVpXa3JVblE1dk50ZHJPNXoxd3hLVkFyN2FfQ3pfc2dFUEJkcFZYWWU0OXZwUU5zdkFaM0lod3BDZDBOcjI3U1R3dENtZzNjR0duMTVmeUZzMUFmVTNzaWZyVExaank4bUNxMmFuMzdkZUNEZ0ZKRnJ6cTlhd0VZQXpXOEgwdVhWMnhDRXJsSzJWTzQ3aA?oc=5,China Merchants Bank,"China Merchants Bank's Q1 Profit Rises 1.5%, Net Interest Income Up 5% - marketscreener.com. <a href=""https://news.google.com/rss/articles/CBMivAFBVV95cUxPYnhHQ1BVN0EyZ0pFMkRuWHdpcnpxMkhuR1BYblVVcmtwY1pOdm1ZcVpXa3JVblE1dk50ZHJPNXoxd3hLVkFyN2FfQ3pfc2dFUEJkcFZYWWU0OXZwUU5zdkFaM0lod3BDZDBOcjI3U1R3dENtZzNjR0duMTVmeUZzMUFmVTNzaWZyVExaank4bUNxMmFuMzdkZUNEZ0ZKRnJ6cTlhd0VZQXpXOEgwdVhWMnhDRXJsSzJWTzQ3aA?oc=5"" target=""_blank"">China Merchants Bank's Q1 Profit Rises 1.5%, Net Interest Income Up 5%</a>&nbsp;&nbsp;<font color=""#6f6f6f"">marketscreener.com</font>",positive,0.9197404
2026-04-29,2026-04-29T01:33:00+00:00,600036.SH,"""600036"" - Google News",A-Share Indices Open 0.4%-0.5% Lower; Chip Stocks Weaken; CMB (600036.SH) Down 1.7% After Results - AASTOCKS.com,"<a href=""https://news.google.com/rss/articles/CBMib0FVX3lxTE1lTmMwTHBOX3VDeFpxVGJpUmVpVUM1ZEltSVU1eFFITVU2dk9nOEhqRTRmQ0g4QWZEakVZQmd3cW9FUl9CWHhTdHJCeGd1eVJBLWFiM0hSNERzY0UzcVZUZ3NXZ0VqUEdCV3RZQWh0MA?oc=5"" target=""_blank"">A-Share Indices Open 0.4%-0.5% Lower; Chip Stocks Weaken; CMB (600036.SH) Down 1.7% After Results</a>&nbsp;&nbsp;<font color=""#6f6f6f"">AASTOCKS.com</font>",https://news.google.com/rss/articles/CBMib0FVX3lxTE1lTmMwTHBOX3VDeFpxVGJpUmVpVUM1ZEltSVU1eFFITVU2dk9nOEhqRTRmQ0g4QWZEakVZQmd3cW9FUl9CWHhTdHJCeGd1eVJBLWFiM0hSNERzY0UzcVZUZ3NXZ0VqUEdCV3RZQWh0MA?oc=5,600036,"A-Share Indices Open 0.4%-0.5% Lower; Chip Stocks Weaken; CMB (600036.SH) Down 1.7% After Results - AASTOCKS.com. <a href=""https://news.google.com/rss/articles/CBMib0FVX3lxTE1lTmMwTHBOX3VDeFpxVGJpUmVpVUM1ZEltSVU1eFFITVU2dk9nOEhqRTRmQ0g4QWZEakVZQmd3cW9FUl9CWHhTdHJCeGd1eVJBLWFiM0hSNERzY0UzcVZUZ3NXZ0VqUEdCV3RZQWh0MA?oc=5"" target=""_blank"">A-Share Indices Open 0.4%-0.5% Lower; Chip Stocks Weaken; CMB (600036.SH) Down 1.7% After Results</a>&nbsp;&nbsp;<font color=""#6f6f6f"">AASTOCKS.com</font>",negative,-0.96123606
2026-04-29,2026-04-29T02:03:14+00:00,600036.SH,"""China Merchants Bank"" - Google News",Morning Market Movements | China Merchants Bank Falls Over 3% as First-Quarter Net Profit Rises 1.52% YoY - 富途牛牛,"<a href=""https://news.google.com/rss/articles/CBMipAFBVV95cUxNYXhzZy1Nb1RhY1VnVXV4R2pBSGJ0am90Q3ZFeTBoSzNjNnFMcGR5YUx6M2E0a0FHWTRFZzc5YllKV1ZnOFRsQnAzTUFmcVczRlJhSmoxS0lQU2Y3Y2F3T05PUF9Bd0xuRTUxYzdTZU5NYk5vSDczY1gyaWhvWTZnUzM2V0MtYndhdzZnVnVVYW45MkVLYTJ3YWtVQXVhQXc3UW5HVQ?oc=5"" target=""_blank"">Morning Market Movements | China Merchants Bank Falls Over 3% as First-Quarter Net Profit Rises 1.52% YoY</a>&nbsp;&nbsp;<font color=""#6f6f6f"">富途牛牛</font>",https://news.google.com/rss/articles/CBMipAFBVV95cUxNYXhzZy1Nb1RhY1VnVXV4R2pBSGJ0am90Q3ZFeTBoSzNjNnFMcGR5YUx6M2E0a0FHWTRFZzc5YllKV1ZnOFRsQnAzTUFmcVczRlJhSmoxS0lQU2Y3Y2F3T05PUF9Bd0xuRTUxYzdTZU5NYk5vSDczY1gyaWhvWTZnUzM2V0MtYndhdzZnVnVVYW45MkVLYTJ3YWtVQXVhQXc3UW5HVQ?oc=5,China Merchants Bank,"Morning Market Movements | China Merchants Bank Falls Over 3% as First-Quarter Net Profit Rises 1.52% YoY - 富途牛牛. <a href=""https://news.google.com/rss/articles/CBMipAFBVV95cUxNYXhzZy1Nb1RhY1VnVXV4R2pBSGJ0am90Q3ZFeTBoSzNjNnFMcGR5YUx6M2E0a0FHWTRFZzc5YllKV1ZnOFRsQnAzTUFmcVczRlJhSmoxS0lQU2Y3Y2F3T05PUF9Bd0xuRTUxYzdTZU5NYk5vSDczY1gyaWhvWTZnUzM2V0MtYndhdzZnVnVVYW45MkVLYTJ3YWtVQXVhQXc3UW5HVQ?oc=5"" target=""_blank"">Morning Market Movements | China Merchants Bank Falls Over 3% as First-Quarter Net Profit Rises 1.52% YoY</a>&nbsp;&nbsp;<font color=""#6f6f6f"">富途牛牛</font>",negative,-0.6493734
2026-04-29,2026-04-29T02:03:14+00:00,600036.SH,"""China Merchants Bank"" - Google 新闻",早盘异动 | 招商银行跌超3%，一季度净利润同比增长1.52% - 富途牛牛,"<a href=""https://news.google.com/rss/articles/CBMioAFBVV95cUxOMjdhQU9PZW5paXAtSDJrN1RNXzFEa1UwMzRzcDllQmQxSUwxNnU3WHU5dURhdUtDWFRoak82YUI0SDVIY0doVmlkNWFCY3h4VFpMTXVSVUlHd2pjOGVyNDdqQlZTOXZRVDg4TFlSRXhMSTNseVA1eWozeXJHQkpXcHhtNWZCaWdIYXVBcERoV05yNVF3U2lfbDh0MmRmNnM2?oc=5"" target=""_blank"">早盘异动 | 招商银行跌超3%，一季度净利润同比增长1.52%</a>&nbsp;&nbsp;<font color=""#6f6f6f"">富途牛牛</font>",https://news.google.com/rss/articles/CBMioAFBVV95cUxOMjdhQU9PZW5paXAtSDJrN1RNXzFEa1UwMzRzcDllQmQxSUwxNnU3WHU5dURhdUtDWFRoak82YUI0SDVIY0doVmlkNWFCY3h4VFpMTXVSVUlHd2pjOGVyNDdqQlZTOXZRVDg4TFlSRXhMSTNseVA1eWozeXJHQkpXcHhtNWZCaWdIYXVBcERoV05yNVF3U2lfbDh0MmRmNnM2?oc=5,China Merchants Bank,"早盘异动 | 招商银行跌超3%，一季度净利润同比增长1.52% - 富途牛牛. <a href=""https://news.google.com/rss/articles/CBMioAFBVV95cUxOMjdhQU9PZW5paXAtSDJrN1RNXzFEa1UwMzRzcDllQmQxSUwxNnU3WHU5dURhdUtDWFRoak82YUI0SDVIY0doVmlkNWFCY3h4VFpMTXVSVUlHd2pjOGVyNDdqQlZTOXZRVDg4TFlSRXhMSTNseVA1eWozeXJHQkpXcHhtNWZCaWdIYXVBcERoV05yNVF3U2lfbDh0MmRmNnM2?oc=5"" target=""_blank"">早盘异动 | 招商银行跌超3%，一季度净利润同比增长1.52%</a>&nbsp;&nbsp;<font color=""#6f6f6f"">富途牛牛</font>",neutral,0.019318838
2026-04-29,2026-04-29T02:06:29+00:00,600036.SH,"""China Merchants Bank"" - Google News","Bank of America Securities: China Merchants Bank's (03968.HK) Q1 performance met expectations, maintaining a rating of 'Underperform'. - 富途牛牛","<a href=""https://news.google.com/rss/articles/CBMioAFBVV95cUxPVnVCRzczMWRZV2VEVmRBbHdJU21jeUtxMExqT29qTC0yZlF3NUxqc1Vrd3RmSFJPOEdCNzBHLXAzWHR5elVjQXFCQWpzT1FEd21JOHcwVHFrMUREWmp0RUdYRzljQ1BTQWZkckI3UFE4WDNsUXFmTUVUUWNXbU9ZWXBzOE8yUHZfR2JGT1lIUVlZeVNkN2dsalByN1U0bFdz?oc=5"" target=""_blank"">Bank of America Securities: China Merchants Bank's (03968.HK) Q1 performance met expectations, maintaining a rating of 'Underperform'.</a>&nbsp;&nbsp;<font color=""#6f6f6f"">富途牛牛</font>",https://news.google.com/rss/articles/CBMioAFBVV95cUxPVnVCRzczMWRZV2VEVmRBbHdJU21jeUtxMExqT29qTC0yZlF3NUxqc1Vrd3RmSFJPOEdCNzBHLXAzWHR5elVjQXFCQWpzT1FEd21JOHcwVHFrMUREWmp0RUdYRzljQ1BTQWZkckI3UFE4WDNsUXFmTUVUUWNXbU9ZWXBzOE8yUHZfR2JGT1lIUVlZeVNkN2dsalByN1U0bFdz?oc=5,China Merchants Bank,"Bank of America Securities: China Merchants Bank's (03968.HK) Q1 performance met expectations, maintaining a rating of 'Underperform'. - 富途牛牛. <a href=""https://news.google.com/rss/articles/CBMioAFBVV95cUxPVnVCRzczMWRZV2VEVmRBbHdJU21jeUtxMExqT29qTC0yZlF3NUxqc1Vrd3RmSFJPOEdCNzBHLXAzWHR5elVjQXFCQWpzT1FEd21JOHcwVHFrMUREWmp0RUdYRzljQ1BTQWZkckI3UFE4WDNsUXFmTUVUUWNXbU9ZWXBzOE8yUHZfR2JGT1lIUVlZeVNkN2dsalByN1U0bFdz?oc=5"" target=""_blank"">Bank of America Securities: China Merchants Bank's (03968.HK) Q1 performance met expectations, maintaining a rating of 'Underperform'.</a>&nbsp;&nbsp;<font color=""#6f6f6f"">富途牛牛</font>",positive,0.23088631
2026-04-29,2026-04-29T02:32:48+00:00,600036.SH,"""China Merchants Bank"" - Google 新闻",一季报公布 招商银行要好起来了 - 富途牛牛,"<a href=""https://news.google.com/rss/articles/CBMiUkFVX3lxTE5BWjhkbEFsRjR1RENnd1JzaXV0TTJkMG9Jd1Ytb3lwOU0zSVlsMU9aZll2ejRlTDI2VkNmTDJzc1RlYlQ4NmdzVU56U2l6WWJfNnc?oc=5"" target=""_blank"">一季报公布 招商银行要好起来了</a>&nbsp;&nbsp;<font color=""#6f6f6f"">富途牛牛</font>",https://news.google.com/rss/articles/CBMiUkFVX3lxTE5BWjhkbEFsRjR1RENnd1JzaXV0TTJkMG9Jd1Ytb3lwOU0zSVlsMU9aZll2ejRlTDI2VkNmTDJzc1RlYlQ4NmdzVU56U2l6WWJfNnc?oc=5,China Merchants Bank,"一季报公布 招商银行要好起来了 - 富途牛牛. <a href=""https://news.google.com/rss/articles/CBMiUkFVX3lxTE5BWjhkbEFsRjR1RENnd1JzaXV0TTJkMG9Jd1Ytb3lwOU0zSVlsMU9aZll2ejRlTDI2VkNmTDJzc1RlYlQ4NmdzVU56U2l6WWJfNnc?oc=5"" target=""_blank"">一季报公布 招商银行要好起来了</a>&nbsp;&nbsp;<font color=""#6f6f6f"">富途牛牛</font>",neutral,0.012132183
2026-04-29,2026-04-29T02:57:40+00:00,600036.SH,"""China Merchants Bank"" - Google News",Hong Kong Stock Movement | China Merchants Bank (03968) fell over 4% as Q1 net profit increased by 1.52% year-on-year; JPMorgan noted its valuation premium relative to peers. - Moomoo,"<a href=""https://news.google.com/rss/articles/CBMipgFBVV95cUxNN05sRkZHRVN1R1RlZm94dFA0LU9pbmtVYVpBNEJrQWFZN1FUWTlFUEZXVlRhbTJ6eXQ1Mk5Od0wxOGIza1dZbC1naVMza0VaV2RkRzE3ZkEzLURLNVotZFVYMXFjWHhKTGRmQU1vdDF4NFNVU1JpNmxaeFJuMTNvTEVHQjk5b3VRaVVaTy1ZUkh2RHVXVHBWTjQyUjFDWkVtS0dGcXhR?oc=5"" target=""_blank"">Hong Kong Stock Movement | China Merchants Bank (03968) fell over 4% as Q1 net profit increased by 1.52% year-on-year; JPMorgan noted its valuation premium relative to peers.</a>&nbsp;&nbsp;<font color=""#6f6f6f"">Moomoo</font>",https://news.google.com/rss/articles/CBMipgFBVV95cUxNN05sRkZHRVN1R1RlZm94dFA0LU9pbmtVYVpBNEJrQWFZN1FUWTlFUEZXVlRhbTJ6eXQ1Mk5Od0wxOGIza1dZbC1naVMza0VaV2RkRzE3ZkEzLURLNVotZFVYMXFjWHhKTGRmQU1vdDF4NFNVU1JpNmxaeFJuMTNvTEVHQjk5b3VRaVVaTy1ZUkh2RHVXVHBWTjQyUjFDWkVtS0dGcXhR?oc=5,China Merchants Bank,"Hong Kong Stock Movement | China Merchants Bank (03968) fell over 4% as Q1 net profit increased by 1.52% year-on-year; JPMorgan noted its valuation premium relative to peers. - Moomoo. <a href=""https://news.google.com/rss/articles/CBMipgFBVV95cUxNN05sRkZHRVN1R1RlZm94dFA0LU9pbmtVYVpBNEJrQWFZN1FUWTlFUEZXVlRhbTJ6eXQ1Mk5Od0wxOGIza1dZbC1naVMza0VaV2RkRzE3ZkEzLURLNVotZFVYMXFjWHhKTGRmQU1vdDF4NFNVU1JpNmxaeFJuMTNvTEVHQjk5b3VRaVVaTy1ZUkh2RHVXVHBWTjQyUjFDWkVtS0dGcXhR?oc=5"" target=""_blank"">Hong Kong Stock Movement | China Merchants Bank (03968) fell over 4% as Q1 net profit increased by 1.52% year-on-year; JPMorgan noted its valuation premium relative to peers.</a>&nbsp;&nbsp;<font color=""#6f6f6f"">Moomoo</font>",negative,-0.9453909
2026-04-29,2026-04-29T03:13:24+00:00,600036.SH,"""China Merchants Bank"" - Google News","JPMorgan noted that China Merchants Bank (03968.HK)’s recovery in net interest income has not translated into robust profit growth, and expects it to underperform its peers in the short term. - 富途牛牛","<a href=""https://news.google.com/rss/articles/CBMiowFBVV95cUxQd0E4NjFNQlZ5eGg0dk0wdE1wWFJQaUVpUlBvdDFnQUI5MG9DbUJhNzR6ZUVtanJZaUQ3QV8tWFhlcGh0N0EyUUZUOXV6clRITXFCMnZnckhtaWQ3OHlzVTVKZms3T0RLZmNsZG9mRWM0SjFKTDNsdVJtZVdCbkVtNlRDRmd1bkxSVl9Jb1lwX1VqMWxpN2JCLXpabzNLZW9MWnM0?oc=5"" target=""_blank"">JPMorgan noted that China Merchants Bank (03968.HK)’s recovery in net interest income has not translated into robust profit growth, and expects it to underperform its peers in the short term.</a>&nbsp;&nbsp;<font color=""#6f6f6f"">富途牛牛</font>",https://news.google.com/rss/articles/CBMiowFBVV95cUxQd0E4NjFNQlZ5eGg0dk0wdE1wWFJQaUVpUlBvdDFnQUI5MG9DbUJhNzR6ZUVtanJZaUQ3QV8tWFhlcGh0N0EyUUZUOXV6clRITXFCMnZnckhtaWQ3OHlzVTVKZms3T0RLZmNsZG9mRWM0SjFKTDNsdVJtZVdCbkVtNlRDRmd1bkxSVl9Jb1lwX1VqMWxpN2JCLXpabzNLZW9MWnM0?oc=5,China Merchants Bank,"JPMorgan noted that China Merchants Bank (03968.HK)’s recovery in net interest income has not translated into robust profit growth, and expects it to underperform its peers in the short term. - 富途牛牛. <a href=""https://news.google.com/rss/articles/CBMiowFBVV95cUxQd0E4NjFNQlZ5eGg0dk0wdE1wWFJQaUVpUlBvdDFnQUI5MG9DbUJhNzR6ZUVtanJZaUQ3QV8tWFhlcGh0N0EyUUZUOXV6clRITXFCMnZnckhtaWQ3OHlzVTVKZms3T0RLZmNsZG9mRWM0SjFKTDNsdVJtZVdCbkVtNlRDRmd1bkxSVl9Jb1lwX1VqMWxpN2JCLXpabzNLZW9MWnM0?oc=5"" target=""_blank"">JPMorgan noted that China Merchants Bank (03968.HK)’s recovery in net interest income has not translated into robust profit growth, and expects it to underperform its peers in the short term.</a>&nbsp;&nbsp;<font color=""#6f6f6f"">富途牛牛</font>",positive,0.6507738
2026-04-29,2026-04-29T06:06:31+00:00,600036.SH,"""China Merchants Bank"" - Google News",China Merchants Bank's Q1 Profit Rises Marginally Amid Ongoing Real Estate Slump - 富途牛牛,"<a href=""https://news.google.com/rss/articles/CBMipgFBVV95cUxON2RYM25GTXFUOHNHbmNOWm04WV95U0hIOE5mOU5aQUdkdllvTHJMbUs2Ry1YU0dZdFU1NEEybVRFQmx6NV9yUmxuTGZzS19OenltV3dodGdFNkQ3TXBmdS1oU3A0V095T21PU243bGllQ0xzS09iNWI2bXdjLXdEOTJjRVdsbTl1dVpISlJHamJONFdMeDByUVZyZXpIcmlXZl9ueEh3?oc=5"" target=""_blank"">China Merchants Bank's Q1 Profit Rises Marginally Amid Ongoing Real Estate Slump</a>&nbsp;&nbsp;<font color=""#6f6f6f"">富途牛牛</font>",https://news.google.com/rss/articles/CBMipgFBVV95cUxON2RYM25GTXFUOHNHbmNOWm04WV95U0hIOE5mOU5aQUdkdllvTHJMbUs2Ry1YU0dZdFU1NEEybVRFQmx6NV9yUmxuTGZzS19OenltV3dodGdFNkQ3TXBmdS1oU3A0V095T21PU243bGllQ0xzS09iNWI2bXdjLXdEOTJjRVdsbTl1dVpISlJHamJONFdMeDByUVZyZXpIcmlXZl9ueEh3?oc=5,China Merchants Bank,"China Merchants Bank's Q1 Profit Rises Marginally Amid Ongoing Real Estate Slump - 富途牛牛. <a href=""https://news.google.com/rss/articles/CBMipgFBVV95cUxON2RYM25GTXFUOHNHbmNOWm04WV95U0hIOE5mOU5aQUdkdllvTHJMbUs2Ry1YU0dZdFU1NEEybVRFQmx6NV9yUmxuTGZzS19OenltV3dodGdFNkQ3TXBmdS1oU3A0V095T21PU243bGllQ0xzS09iNWI2bXdjLXdEOTJjRVdsbTl1dVpISlJHamJONFdMeDByUVZyZXpIcmlXZl9ueEh3?oc=5"" target=""_blank"">China Merchants Bank's Q1 Profit Rises Marginally Amid Ongoing Real Estate Slump</a>&nbsp;&nbsp;<font color=""#6f6f6f"">富途牛牛</font>",positive,0.83917165
2026-04-29,2026-04-29T06:41:29+00:00,600036.SH,"""China Merchants Bank"" - Google News","HSBC Research: It will take longer for China Merchants Bank (03968.HK) to translate its retail banking advantages into results, but its long-term potential remains promising. - 富途牛牛","<a href=""https://news.google.com/rss/articles/CBMioAFBVV95cUxNcnlGSnJJOVIzNWs5WW1jNk9rYlAzZncwZmtnTEhkSE5UcmRLaEl5eDY2Q1lGVkQxdVB5MkpKNVZkMDF4U3Z2RHFBSmFyWUIwLTdMOFpKVFNqbllYVGRHblF5UWhaQUlYVXF5N19rY0wzT1ExcXFOLVBKOWtuc2xmWTJrNFZSOUh4ZHJwWjZMRG5jN2xfSHJuUU1ZckppSHhl?oc=5"" target=""_blank"">HSBC Research: It will take longer for China Merchants Bank (03968.HK) to translate its retail banking advantages into results, but its long-term potential remains promising.</a>&nbsp;&nbsp;<font color=""#6f6f6f"">富途牛牛</font>",https://news.google.com/rss/articles/CBMioAFBVV95cUxNcnlGSnJJOVIzNWs5WW1jNk9rYlAzZncwZmtnTEhkSE5UcmRLaEl5eDY2Q1lGVkQxdVB5MkpKNVZkMDF4U3Z2RHFBSmFyWUIwLTdMOFpKVFNqbllYVGRHblF5UWhaQUlYVXF5N19rY0wzT1ExcXFOLVBKOWtuc2xmWTJrNFZSOUh4ZHJwWjZMRG5jN2xfSHJuUU1ZckppSHhl?oc=5,China Merchants Bank,"HSBC Research: It will take longer for China Merchants Bank (03968.HK) to translate its retail banking advantages into results, but its long-term potential remains promising. - 富途牛牛. <a href=""https://news.google.com/rss/articles/CBMioAFBVV95cUxNcnlGSnJJOVIzNWs5WW1jNk9rYlAzZncwZmtnTEhkSE5UcmRLaEl5eDY2Q1lGVkQxdVB5MkpKNVZkMDF4U3Z2RHFBSmFyWUIwLTdMOFpKVFNqbllYVGRHblF5UWhaQUlYVXF5N19rY0wzT1ExcXFOLVBKOWtuc2xmWTJrNFZSOUh4ZHJwWjZMRG5jN2xfSHJuUU1ZckppSHhl?oc=5"" target=""_blank"">HSBC Research: It will take longer for China Merchants Bank (03968.HK) to translate its retail banking advantages into results, but its long-term potential remains promising.</a>&nbsp;&nbsp;<font color=""#6f6f6f"">富途牛牛</font>",positive,0.63229436
2026-04-29,2026-04-29T06:47:00+00:00,600036.SH,"""China Merchants Bank"" - Google News",招商银行(600036)点评：营收超预期 静待零售拐点到来 - Futubull - 富途牛牛,"<a href=""https://news.google.com/rss/articles/CBMixwFBVV95cUxOZHZvNVJZdFdmd0Q3UmxUY1dCbTEwdTFvTnRwT2NETEtlMTNIazBUNm0zQXkxNmU3cW0tRHRkc1dRWkpCY2RtSU95NjNOVmNSck1zRkJkaGlHcE1CZ0Vmak93aElNVnlSZXg4YzVWN0hxUHZab1c0c0RYQVpTY0p4WmNKSHYwRy1ZVXpxNzJvT3d2YWtPREN5aWFWeDNER3VPcDVURGZtd1pQcDFSN2tjbFNZeXM5eWVBZ0g4aVV5WS03b19CRm9v?oc=5"" target=""_blank"">招商银行(600036)点评：营收超预期 静待零售拐点到来 - Futubull</a>&nbsp;&nbsp;<font color=""#6f6f6f"">富途牛牛</font>",https://news.google.com/rss/articles/CBMixwFBVV95cUxOZHZvNVJZdFdmd0Q3UmxUY1dCbTEwdTFvTnRwT2NETEtlMTNIazBUNm0zQXkxNmU3cW0tRHRkc1dRWkpCY2RtSU95NjNOVmNSck1zRkJkaGlHcE1CZ0Vmak93aElNVnlSZXg4YzVWN0hxUHZab1c0c0RYQVpTY0p4WmNKSHYwRy1ZVXpxNzJvT3d2YWtPREN5aWFWeDNER3VPcDVURGZtd1pQcDFSN2tjbFNZeXM5eWVBZ0g4aVV5WS03b19CRm9v?oc=5,China Merchants Bank,"招商银行(600036)点评：营收超预期 静待零售拐点到来 - Futubull - 富途牛牛. <a href=""https://news.google.com/rss/articles/CBMixwFBVV95cUxOZHZvNVJZdFdmd0Q3UmxUY1dCbTEwdTFvTnRwT2NETEtlMTNIazBUNm0zQXkxNmU3cW0tRHRkc1dRWkpCY2RtSU95NjNOVmNSck1zRkJkaGlHcE1CZ0Vmak93aElNVnlSZXg4YzVWN0hxUHZab1c0c0RYQVpTY0p4WmNKSHYwRy1ZVXpxNzJvT3d2YWtPREN5aWFWeDNER3VPcDVURGZtd1pQcDFSN2tjbFNZeXM5eWVBZ0g4aVV5WS03b19CRm9v?oc=5"" target=""_blank"">招商银行(600036)点评：营收超预期 静待零售拐点到来 - Futubull</a>&nbsp;&nbsp;<font color=""#6f6f6f"">富途牛牛</font>",neutral,0.013657758
2026-04-29,2026-04-29T06:47:00+00:00,600036.SH,"""600036"" - Google 新闻",招商银行(600036)点评：营收超预期 静待零售拐点到来 - 富途牛牛,"<a href=""https://news.google.com/rss/articles/CBMiwwFBVV95cUxObUh5dE92dkVMSC1NaEJmUjFORlhHV3ZCME5HSEstdEg4YUM2TWQzSXp5T2JDZWpudUswUGRIZ3ZiNWhVaS1LTXgyM1QzMHlWT3JoN1IyZ0hhRWNEdjBrTjNqa3JURks0M0VmYnhTVEo3NEpDWjV5Uk9GVHNSTkNQM2R1OEhwYWpFWEZlWnhfZ3NDb1Z2bHo0NHp1V1hMRDlsUG0xcy00eTcyTE4ySFFLdWFtNUVQSWYxQnFPWXo1WExxTEk?oc=5"" target=""_blank"">招商银行(600036)点评：营收超预期 静待零售拐点到来</a>&nbsp;&nbsp;<font color=""#6f6f6f"">富途牛牛</font>",https://news.google.com/rss/articles/CBMiwwFBVV95cUxObUh5dE92dkVMSC1NaEJmUjFORlhHV3ZCME5HSEstdEg4YUM2TWQzSXp5T2JDZWpudUswUGRIZ3ZiNWhVaS1LTXgyM1QzMHlWT3JoN1IyZ0hhRWNEdjBrTjNqa3JURks0M0VmYnhTVEo3NEpDWjV5Uk9GVHNSTkNQM2R1OEhwYWpFWEZlWnhfZ3NDb1Z2bHo0NHp1V1hMRDlsUG0xcy00eTcyTE4ySFFLdWFtNUVQSWYxQnFPWXo1WExxTEk?oc=5,600036,"招商银行(600036)点评：营收超预期 静待零售拐点到来 - 富途牛牛. <a href=""https://news.google.com/rss/articles/CBMiwwFBVV95cUxObUh5dE92dkVMSC1NaEJmUjFORlhHV3ZCME5HSEstdEg4YUM2TWQzSXp5T2JDZWpudUswUGRIZ3ZiNWhVaS1LTXgyM1QzMHlWT3JoN1IyZ0hhRWNEdjBrTjNqa3JURks0M0VmYnhTVEo3NEpDWjV5Uk9GVHNSTkNQM2R1OEhwYWpFWEZlWnhfZ3NDb1Z2bHo0NHp1V1hMRDlsUG0xcy00eTcyTE4ySFFLdWFtNUVQSWYxQnFPWXo1WExxTEk?oc=5"" target=""_blank"">招商银行(600036)点评：营收超预期 静待零售拐点到来</a>&nbsp;&nbsp;<font color=""#6f6f6f"">富途牛牛</font>",neutral,0.016780514
2026-04-29,2026-04-29T07:21:14+00:00,600036.SH,"""China Merchants Bank"" - Google News",Stock Movement in Hong Kong | China Merchants Bank fell nearly 5% as Q1 net profit missed expectations. - 富途牛牛,"<a href=""https://news.google.com/rss/articles/CBMiowFBVV95cUxOd2MyUVh2SFRPLVZObDdRLUkxZmMxd09VcFZfVFNqS1dyN0VaZmktbm1NdkdXelE4dU1YNk83XzV5QzZUS2tVdWNqMU03SzlZVUdpc1NjcUlybkR5U29oWkhyenVYX19qdmItRG9MVjRKbVNja29TRm5OaXFMLTNzbl9kVDN0N0hROXlBeWViSWM0WllaODFHWVpGVk4tTGw0aFBF?oc=5"" target=""_blank"">Stock Movement in Hong Kong | China Merchants Bank fell nearly 5% as Q1 net profit missed expectations.</a>&nbsp;&nbsp;<font color=""#6f6f6f"">富途牛牛</font>",https://news.google.com/rss/articles/CBMiowFBVV95cUxOd2MyUVh2SFRPLVZObDdRLUkxZmMxd09VcFZfVFNqS1dyN0VaZmktbm1NdkdXelE4dU1YNk83XzV5QzZUS2tVdWNqMU03SzlZVUdpc1NjcUlybkR5U29oWkhyenVYX19qdmItRG9MVjRKbVNja29TRm5OaXFMLTNzbl9kVDN0N0hROXlBeWViSWM0WllaODFHWVpGVk4tTGw0aFBF?oc=5,China Merchants Bank,"Stock Movement in Hong Kong | China Merchants Bank fell nearly 5% as Q1 net profit missed expectations. - 富途牛牛. <a href=""https://news.google.com/rss/articles/CBMiowFBVV95cUxOd2MyUVh2SFRPLVZObDdRLUkxZmMxd09VcFZfVFNqS1dyN0VaZmktbm1NdkdXelE4dU1YNk83XzV5QzZUS2tVdWNqMU03SzlZVUdpc1NjcUlybkR5U29oWkhyenVYX19qdmItRG9MVjRKbVNja29TRm5OaXFMLTNzbl9kVDN0N0hROXlBeWViSWM0WllaODFHWVpGVk4tTGw0aFBF?oc=5"" target=""_blank"">Stock Movement in Hong Kong | China Merchants Bank fell nearly 5% as Q1 net profit missed expectations.</a>&nbsp;&nbsp;<font color=""#6f6f6f"">富途牛牛</font>",negative,-0.9627112
2026-04-29,2026-04-29T08:08:00+00:00,600036.SH,"""招商银行"" - Google 新闻",招商银行西安分行成功举办“三十而熠 招焕新篇”2026年经济座谈会 - 西部网,"<a href=""https://news.google.com/rss/articles/CBMiYEFVX3lxTE1iYzJ6aktrdlVrMHRydXNhZUNHbEtLcjZBc3V2YTI3TkhmQkpBWTR5TXBMa0liZ1pBVVg3VEtNYmpUdzZkRTl2WWNDZUtrZEhVY3Ywb1hVWldWcjRHODY5Tw?oc=5"" target=""_blank"">招商银行西安分行成功举办“三十而熠 招焕新篇”2026年经济座谈会</a>&nbsp;&nbsp;<font color=""#6f6f6f"">西部网</font>",https://news.google.com/rss/articles/CBMiYEFVX3lxTE1iYzJ6aktrdlVrMHRydXNhZUNHbEtLcjZBc3V2YTI3TkhmQkpBWTR5TXBMa0liZ1pBVVg3VEtNYmpUdzZkRTl2WWNDZUtrZEhVY3Ywb1hVWldWcjRHODY5Tw?oc=5,招商银行,"招商银行西安分行成功举办“三十而熠 招焕新篇”2026年经济座谈会 - 西部网. <a href=""https://news.google.com/rss/articles/CBMiYEFVX3lxTE1iYzJ6aktrdlVrMHRydXNhZUNHbEtLcjZBc3V2YTI3TkhmQkpBWTR5TXBMa0liZ1pBVVg3VEtNYmpUdzZkRTl2WWNDZUtrZEhVY3Ywb1hVWldWcjRHODY5Tw?oc=5"" target=""_blank"">招商银行西安分行成功举办“三十而熠 招焕新篇”2026年经济座谈会</a>&nbsp;&nbsp;<font color=""#6f6f6f"">西部网</font>",neutral,0.039858032
2026-04-29,2026-04-29T08:58:25+00:00,600036.SH,"""招商银行"" - Google 新闻",招商银行成交额创2024年10月9日以来新高 - 东方财富,"<a href=""https://news.google.com/rss/articles/CBMiYEFVX3lxTFBXRV9NYlRRWHpCZ25CRmhicy0xcmJEZElHRmY3ZmlkWDBveEpnd1puVFNuaW1oVGdHNDBKcXdnYWlaV1N0T2llQmxONWpaR1doV3o0NzQ3eU1rdEh3ZlNvaQ?oc=5"" target=""_blank"">招商银行成交额创2024年10月9日以来新高</a>&nbsp;&nbsp;<font color=""#6f6f6f"">东方财富</font>",https://news.google.com/rss/articles/CBMiYEFVX3lxTFBXRV9NYlRRWHpCZ25CRmhicy0xcmJEZElHRmY3ZmlkWDBveEpnd1puVFNuaW1oVGdHNDBKcXdnYWlaV1N0T2llQmxONWpaR1doV3o0NzQ3eU1rdEh3ZlNvaQ?oc=5,招商银行,"招商银行成交额创2024年10月9日以来新高 - 东方财富. <a href=""https://news.google.com/rss/articles/CBMiYEFVX3lxTFBXRV9NYlRRWHpCZ25CRmhicy0xcmJEZElHRmY3ZmlkWDBveEpnd1puVFNuaW1oVGdHNDBKcXdnYWlaV1N0T2llQmxONWpaR1doV3o0NzQ3eU1rdEh3ZlNvaQ?oc=5"" target=""_blank"">招商银行成交额创2024年10月9日以来新高</a>&nbsp;&nbsp;<font color=""#6f6f6f"">东方财富</font>",neutral,0.0087883435
2026-04-29,2026-04-29T09:41:19+00:00,600036.SH,"""600036"" - Google 新闻",招商银行(600036):招商银行股份有限公司2026年第一季度第三支柱报告 - 中财网,"<a href=""https://news.google.com/rss/articles/CBMiVkFVX3lxTE9WRHhlOXV2eGxDM3l1Y1VoVTFOT2p6alZ5VWJnb0tyT0daMHJ3T2QtZ1RyamgxbHhRUWpmSV9ITS15dnlsVFBIMW44MTlUWVlTbkV5Vk9B?oc=5"" target=""_blank"">招商银行(600036):招商银行股份有限公司2026年第一季度第三支柱报告</a>&nbsp;&nbsp;<font color=""#6f6f6f"">中财网</font>",https://news.google.com/rss/articles/CBMiVkFVX3lxTE9WRHhlOXV2eGxDM3l1Y1VoVTFOT2p6alZ5VWJnb0tyT0daMHJ3T2QtZ1RyamgxbHhRUWpmSV9ITS15dnlsVFBIMW44MTlUWVlTbkV5Vk9B?oc=5,600036,"招商银行(600036):招商银行股份有限公司2026年第一季度第三支柱报告 - 中财网. <a href=""https://news.google.com/rss/articles/CBMiVkFVX3lxTE9WRHhlOXV2eGxDM3l1Y1VoVTFOT2p6alZ5VWJnb0tyT0daMHJ3T2QtZ1RyamgxbHhRUWpmSV9ITS15dnlsVFBIMW44MTlUWVlTbkV5Vk9B?oc=5"" target=""_blank"">招商银行(600036):招商银行股份有限公司2026年第一季度第三支柱报告</a>&nbsp;&nbsp;<font color=""#6f6f6f"">中财网</font>",neutral,0.026003543
2026-04-29,2026-04-29T10:08:00+00:00,600036.SH,"""招商银行"" - Google 新闻",招商银行超20万笔客户投诉，集中在这！ - 新浪财经,"<a href=""https://news.google.com/rss/articles/CBMihwFBVV95cUxNTXJlcTZraWF2LUE2QmpPeDBSYjVpU0s4cFdQZVI4UWkyN0toUms5TWs1UTFCemVlZGtJaUg1ejFpR0czemUtSlVreHRWSkRYbFJqaGRwMGM2TUVIZ2h4bTREampBenFxcWR5VndWekxad2REel81UkFQNko5YlFuUGdBeG5nbVU?oc=5"" target=""_blank"">招商银行超20万笔客户投诉，集中在这！</a>&nbsp;&nbsp;<font color=""#6f6f6f"">新浪财经</font>",https://news.google.com/rss/articles/CBMihwFBVV95cUxNTXJlcTZraWF2LUE2QmpPeDBSYjVpU0s4cFdQZVI4UWkyN0toUms5TWs1UTFCemVlZGtJaUg1ejFpR0czemUtSlVreHRWSkRYbFJqaGRwMGM2TUVIZ2h4bTREampBenFxcWR5VndWekxad2REel81UkFQNko5YlFuUGdBeG5nbVU?oc=5,招商银行,"招商银行超20万笔客户投诉，集中在这！ - 新浪财经. <a href=""https://news.google.com/rss/articles/CBMihwFBVV95cUxNTXJlcTZraWF2LUE2QmpPeDBSYjVpU0s4cFdQZVI4UWkyN0toUms5TWs1UTFCemVlZGtJaUg1ejFpR0czemUtSlVreHRWSkRYbFJqaGRwMGM2TUVIZ2h4bTREampBenFxcWR5VndWekxad2REel81UkFQNko5YlFuUGdBeG5nbVU?oc=5"" target=""_blank"">招商银行超20万笔客户投诉，集中在这！</a>&nbsp;&nbsp;<font color=""#6f6f6f"">新浪财经</font>",neutral,0.01903018
2026-04-29,2026-04-29T10:41:09+00:00,600036.SH,"""招商银行"" - Google News",招商银行(600036)2026年一季报点评：营收利润维持正增 财富管理业务表现较好 - Futubull - 富途牛牛,"<a href=""https://news.google.com/rss/articles/CBMiqAFBVV95cUxQZGwtTEg5VDFlUy1Ncmlzc3lHdE1kUkExMzFTcFB1cHNQODIzNmFFaThORms0a1NBczBycm84aE80OXgzX2xhYnhBSGZ2Q0lpZVhsQXQydldCWEhweTE4TlBuWTBDTFc1bEFRS3l5WS1SdHlVSGNlbktKdThNbDJiZEdSREpGcUZtdHJZN01BTm1UX3AwOWJ5ZllLdy1kU0tfXzBGS1FyNEs?oc=5"" target=""_blank"">招商银行(600036)2026年一季报点评：营收利润维持正增 财富管理业务表现较好 - Futubull</a>&nbsp;&nbsp;<font color=""#6f6f6f"">富途牛牛</font>",https://news.google.com/rss/articles/CBMiqAFBVV95cUxQZGwtTEg5VDFlUy1Ncmlzc3lHdE1kUkExMzFTcFB1cHNQODIzNmFFaThORms0a1NBczBycm84aE80OXgzX2xhYnhBSGZ2Q0lpZVhsQXQydldCWEhweTE4TlBuWTBDTFc1bEFRS3l5WS1SdHlVSGNlbktKdThNbDJiZEdSREpGcUZtdHJZN01BTm1UX3AwOWJ5ZllLdy1kU0tfXzBGS1FyNEs?oc=5,招商银行,"招商银行(600036)2026年一季报点评：营收利润维持正增 财富管理业务表现较好 - Futubull - 富途牛牛. <a href=""https://news.google.com/rss/articles/CBMiqAFBVV95cUxQZGwtTEg5VDFlUy1Ncmlzc3lHdE1kUkExMzFTcFB1cHNQODIzNmFFaThORms0a1NBczBycm84aE80OXgzX2xhYnhBSGZ2Q0lpZVhsQXQydldCWEhweTE4TlBuWTBDTFc1bEFRS3l5WS1SdHlVSGNlbktKdThNbDJiZEdSREpGcUZtdHJZN01BTm1UX3AwOWJ5ZllLdy1kU0tfXzBGS1FyNEs?oc=5"" target=""_blank"">招商银行(600036)2026年一季报点评：营收利润维持正增 财富管理业务表现较好 - Futubull</a>&nbsp;&nbsp;<font color=""#6f6f6f"">富途牛牛</font>",neutral,0.021949869
2026-04-29,2026-04-29T10:53:40+00:00,600036.SH,"""600036"" - Google 新闻",招商银行(600036)2026年一季报点评：营收利润维持正增 财富管理业务表现较好 - 富途牛牛,"<a href=""https://news.google.com/rss/articles/CBMipAFBVV95cUxOY0ROQnJscXc3VzltdWxWbmhpNVQ2UVQyeUZVUVBnRjNpbEdNOXh5ekM5dElqc0wtVGgyQzFEeUtLNmprM1J3RDdESWlleXcwU1VYVFZkeER1dkQzUE1JZUk1Tnl4cUFVeWk4ZlBUSDNMZkJ6dGRFaDU2TjNiYWF6S0xqUlFpMGZjcjh6cVpNRE5qMmdXV2Q3NFdsOGJwRktzVDViYg?oc=5"" target=""_blank"">招商银行(600036)2026年一季报点评：营收利润维持正增 财富管理业务表现较好</a>&nbsp;&nbsp;<font color=""#6f6f6f"">富途牛牛</font>",https://news.google.com/rss/articles/CBMipAFBVV95cUxOY0ROQnJscXc3VzltdWxWbmhpNVQ2UVQyeUZVUVBnRjNpbEdNOXh5ekM5dElqc0wtVGgyQzFEeUtLNmprM1J3RDdESWlleXcwU1VYVFZkeER1dkQzUE1JZUk1Tnl4cUFVeWk4ZlBUSDNMZkJ6dGRFaDU2TjNiYWF6S0xqUlFpMGZjcjh6cVpNRE5qMmdXV2Q3NFdsOGJwRktzVDViYg?oc=5,600036,"招商银行(600036)2026年一季报点评：营收利润维持正增 财富管理业务表现较好 - 富途牛牛. <a href=""https://news.google.com/rss/articles/CBMipAFBVV95cUxOY0ROQnJscXc3VzltdWxWbmhpNVQ2UVQyeUZVUVBnRjNpbEdNOXh5ekM5dElqc0wtVGgyQzFEeUtLNmprM1J3RDdESWlleXcwU1VYVFZkeER1dkQzUE1JZUk1Tnl4cUFVeWk4ZlBUSDNMZkJ6dGRFaDU2TjNiYWF6S0xqUlFpMGZjcjh6cVpNRE5qMmdXV2Q3NFdsOGJwRktzVDViYg?oc=5"" target=""_blank"">招商银行(600036)2026年一季报点评：营收利润维持正增 财富管理业务表现较好</a>&nbsp;&nbsp;<font color=""#6f6f6f"">富途牛牛</font>",neutral,0.023706261
2026-04-29,2026-04-29T16:46:56+00:00,600036.SH,"""China Merchants Bank"" - Google News",China Merchants Bank (OTCMKTS:CIHKY) Posts Earnings Results - MarketBeat,"<a href=""https://news.google.com/rss/articles/CBMirwFBVV95cUxQcDFKNDBYaTJIUUlBT2YzLVd1SDBaS1BUZm9kZ0VUazlVRnY2WV9mNGdqTXR1NTB0Sl9oeU15dUlub0VnOUhJMjE4bGpUZXRBaFhHb1lNNjlUV0xyYi1wa2dDa0FFMEExeFN0UlU3d01fbEp4WGhIMkNLeDh5SnhSUloycEw2S3JFZjM3Q09sZTBSNDhwUl9ndVl2Z0E0NmhraTlfOHptTXNhRmV2YVA4?oc=5"" target=""_blank"">China Merchants Bank (OTCMKTS:CIHKY) Posts Earnings Results</a>&nbsp;&nbsp;<font color=""#6f6f6f"">MarketBeat</font>",https://news.google.com/rss/articles/CBMirwFBVV95cUxQcDFKNDBYaTJIUUlBT2YzLVd1SDBaS1BUZm9kZ0VUazlVRnY2WV9mNGdqTXR1NTB0Sl9oeU15dUlub0VnOUhJMjE4bGpUZXRBaFhHb1lNNjlUV0xyYi1wa2dDa0FFMEExeFN0UlU3d01fbEp4WGhIMkNLeDh5SnhSUloycEw2S3JFZjM3Q09sZTBSNDhwUl9ndVl2Z0E0NmhraTlfOHptTXNhRmV2YVA4?oc=5,China Merchants Bank,"China Merchants Bank (OTCMKTS:CIHKY) Posts Earnings Results - MarketBeat. <a href=""https://news.google.com/rss/articles/CBMirwFBVV95cUxQcDFKNDBYaTJIUUlBT2YzLVd1SDBaS1BUZm9kZ0VUazlVRnY2WV9mNGdqTXR1NTB0Sl9oeU15dUlub0VnOUhJMjE4bGpUZXRBaFhHb1lNNjlUV0xyYi1wa2dDa0FFMEExeFN0UlU3d01fbEp4WGhIMkNLeDh5SnhSUloycEw2S3JFZjM3Q09sZTBSNDhwUl9ndVl2Z0E0NmhraTlfOHptTXNhRmV2YVA4?oc=5"" target=""_blank"">China Merchants Bank (OTCMKTS:CIHKY) Posts Earnings Results</a>&nbsp;&nbsp;<font color=""#6f6f6f"">MarketBeat</font>",neutral,0.1922355
2026-04-29,2026-04-29T17:35:26+00:00,600036.SH,"""China Merchants Bank"" - Google News",China Merchants Bank (OTCMKTS:CIHKY) Shares Gap Down - Here's Why - MarketBeat,"<a href=""https://news.google.com/rss/articles/CBMiswFBVV95cUxNZm44a0J4YXg1UjFwRnpCaDd2MEJZczJFSGJ1ZjVfdEtCWG81eWhnc3dFeGZjd3dndmVTNVNTRjY4dkgzQUxvRDhOVlFsUkkzWVdyLWxSSmxnYmRMaVRZVHVOR3A4bzgtYXhscnl6enAtSllGWW85THQ2WEhOdG9YMlp0VUtwemNoZ0dNVnZENVY3QjVQMWdjU1habk1SXzgxa3Z0c2dyV0h1YUlUZzNfVFlyUQ?oc=5"" target=""_blank"">China Merchants Bank (OTCMKTS:CIHKY) Shares Gap Down - Here's Why</a>&nbsp;&nbsp;<font color=""#6f6f6f"">MarketBeat</font>",https://news.google.com/rss/articles/CBMiswFBVV95cUxNZm44a0J4YXg1UjFwRnpCaDd2MEJZczJFSGJ1ZjVfdEtCWG81eWhnc3dFeGZjd3dndmVTNVNTRjY4dkgzQUxvRDhOVlFsUkkzWVdyLWxSSmxnYmRMaVRZVHVOR3A4bzgtYXhscnl6enAtSllGWW85THQ2WEhOdG9YMlp0VUtwemNoZ0dNVnZENVY3QjVQMWdjU1habk1SXzgxa3Z0c2dyV0h1YUlUZzNfVFlyUQ?oc=5,China Merchants Bank,"China Merchants Bank (OTCMKTS:CIHKY) Shares Gap Down - Here's Why - MarketBeat. <a href=""https://news.google.com/rss/articles/CBMiswFBVV95cUxNZm44a0J4YXg1UjFwRnpCaDd2MEJZczJFSGJ1ZjVfdEtCWG81eWhnc3dFeGZjd3dndmVTNVNTRjY4dkgzQUxvRDhOVlFsUkkzWVdyLWxSSmxnYmRMaVRZVHVOR3A4bzgtYXhscnl6enAtSllGWW85THQ2WEhOdG9YMlp0VUtwemNoZ0dNVnZENVY3QjVQMWdjU1habk1SXzgxa3Z0c2dyV0h1YUlUZzNfVFlyUQ?oc=5"" target=""_blank"">China Merchants Bank (OTCMKTS:CIHKY) Shares Gap Down - Here's Why</a>&nbsp;&nbsp;<font color=""#6f6f6f"">MarketBeat</font>",negative,-0.7132792
2026-04-29,2026-04-29T19:20:00+00:00,600036.SH,招商银行 - Bing新聞,王小青接棒王良，“零售之王”招商银行迎来关键人事调整,财联社记者获悉，今日上午9点15分，招商银行召开干部大会，招商局集团相关负责人到场宣布，招商银行党委书记、行长王良到龄退休，由招商金控总经理王小青接任招商银行党委书记。按照惯例，在履行完必要的程序之后，王小青将出任招商银行下一任行长。,http://www.bing.com/news/apiclick.aspx?ref=FexRss&aid=&tid=69fb16b8ebf44eb2bfbfea81a15c48c4&url=https%3a%2f%2fwww.sohu.com%2fa%2f1016600855_222256&c=9234392293897578075&mkt=zh-tw,招商银行,王小青接棒王良，“零售之王”招商银行迎来关键人事调整. 财联社记者获悉，今日上午9点15分，招商银行召开干部大会，招商局集团相关负责人到场宣布，招商银行党委书记、行长王良到龄退休，由招商金控总经理王小青接任招商银行党委书记。按照惯例，在履行完必要的程序之后，王小青将出任招商银行下一任行长。,neutral,0.08164795
2026-04-29,2026-04-29T20:21:00+00:00,600036.SH,招商银行 - Bing新聞,招商银行39年第五任行长落定，救火队长谢幕、全能干将上位,据媒体证实，4月30日上午，招商银行召开相关会议，会上宣布王小青任招商银行党委书记，现任党委书记王良到龄退休。而按照招商银行公司章程“党委书记、行长由一人担任”的规定，意味着在履行必要的流程后，王小青将出任该行行长。 据公开简历，王小青1971年10月出生，复旦大学政治经济学博士研究生学历，经济师，2005年3月至2020年3月在中国人保资产管理有限公司工作，历任风险管理部副总经理、组合管理部副总 ...,http://www.bing.com/news/apiclick.aspx?ref=FexRss&aid=&tid=69fb16b8ebf44eb2bfbfea81a15c48c4&url=https%3a%2f%2fwww.sohu.com%2fa%2f1016660929_121948396&c=3998065497990945516&mkt=zh-tw,招商银行,招商银行39年第五任行长落定，救火队长谢幕、全能干将上位. 据媒体证实，4月30日上午，招商银行召开相关会议，会上宣布王小青任招商银行党委书记，现任党委书记王良到龄退休。而按照招商银行公司章程“党委书记、行长由一人担任”的规定，意味着在履行必要的流程后，王小青将出任该行行长。 据公开简历，王小青1971年10月出生，复旦大学政治经济学博士研究生学历，经济师，2005年3月至2020年3月在中国人保资产管理有限公司工作，历任风险管理部副总经理、组合管理部副总 ...,neutral,0.09086594
2026-04-29,2026-04-29T21:22:00+00:00,600036.SH,招商银行 - Bing新聞,“零售之王”招商银行交棒：王良到龄退休，王小青掌舵,去年5月，在深圳举办的“首届全球资产管理论坛”论坛上，王小青以招商银行副行长兼招商基金董事长、招商信诺人寿董事长、招商信诺资管董事长的身份，发表了《财富管理视角下的资产管理：携手共进，共创未来》主题演讲。,http://www.bing.com/news/apiclick.aspx?ref=FexRss&aid=&tid=69fb16b8ebf44eb2bfbfea81a15c48c4&url=https%3a%2f%2ffinance.sina.com.cn%2fjjxw%2f2026-04-30%2fdoc-inhwfyeh7194417.shtml&c=15845511381097237963&mkt=zh-tw,招商银行,“零售之王”招商银行交棒：王良到龄退休，王小青掌舵. 去年5月，在深圳举办的“首届全球资产管理论坛”论坛上，王小青以招商银行副行长兼招商基金董事长、招商信诺人寿董事长、招商信诺资管董事长的身份，发表了《财富管理视角下的资产管理：携手共进，共创未来》主题演讲。,neutral,0.073910624
2026-04-30,2026-04-30T00:17:19+00:00,600036.SH,"""China Merchants Bank"" - Google 新闻",大摩：招商银行给予“增持”评级 目标价为63.4港元 - 富途牛牛,"<a href=""https://news.google.com/rss/articles/CBMipwFBVV95cUxNWjhHbGx0d01Hbi1OcF9tUHI5Ynhpdms3V3FvWUhodEFVQnlmQjl6MDRjVHNNSm5DeTczYXRvSGM3b3NuYzVhb0lrVmV3eXhKSk9nSzNVSF8zcmpOclZ4WVBJSFVlYm13R0d6UG9TUV81a2h0Q3lubTFJOV9sV3Fwbjh4MzlkdG81NHR0QXY5azRHMFJkRWVUWG9MdUZwVzhkdzU0T3YxOA?oc=5"" target=""_blank"">大摩：招商银行给予“增持”评级 目标价为63.4港元</a>&nbsp;&nbsp;<font color=""#6f6f6f"">富途牛牛</font>",https://news.google.com/rss/articles/CBMipwFBVV95cUxNWjhHbGx0d01Hbi1OcF9tUHI5Ynhpdms3V3FvWUhodEFVQnlmQjl6MDRjVHNNSm5DeTczYXRvSGM3b3NuYzVhb0lrVmV3eXhKSk9nSzNVSF8zcmpOclZ4WVBJSFVlYm13R0d6UG9TUV81a2h0Q3lubTFJOV9sV3Fwbjh4MzlkdG81NHR0QXY5azRHMFJkRWVUWG9MdUZwVzhkdzU0T3YxOA?oc=5,China Merchants Bank,"大摩：招商银行给予“增持”评级 目标价为63.4港元 - 富途牛牛. <a href=""https://news.google.com/rss/articles/CBMipwFBVV95cUxNWjhHbGx0d01Hbi1OcF9tUHI5Ynhpdms3V3FvWUhodEFVQnlmQjl6MDRjVHNNSm5DeTczYXRvSGM3b3NuYzVhb0lrVmV3eXhKSk9nSzNVSF8zcmpOclZ4WVBJSFVlYm13R0d6UG9TUV81a2h0Q3lubTFJOV9sV3Fwbjh4MzlkdG81NHR0QXY5azRHMFJkRWVUWG9MdUZwVzhkdzU0T3YxOA?oc=5"" target=""_blank"">大摩：招商银行给予“增持”评级 目标价为63.4港元</a>&nbsp;&nbsp;<font color=""#6f6f6f"">富途牛牛</font>",neutral,0.02929372
2026-04-30,2026-04-30T00:18:20+00:00,600036.SH,"""China Merchants Bank"" - Google News","CLSA: China Merchants Bank's Q1 performance was mixed, with wealth management revenue and net interest margin surpassing expectations. - 富途牛牛","<a href=""https://news.google.com/rss/articles/CBMinwFBVV95cUxNRHFiVDlJNTVfU18tOTZOS0ZBLTYxdTV4dFVHRDBGY1NZR1BPc3RhSUJEb3FpRURGa1dFeU1wUlRBOFF6WVlja3dMNURWMGt1MDU4YWgyMXZWaHBBQnNCYW9rbDRuckYyWVJYN1pybWVqeUhvT0UwQndhR2h5bXBKbGY1dloyT2JSaFo2R253Nlk3dVFQeGFHcVhaRjZHaU0?oc=5"" target=""_blank"">CLSA: China Merchants Bank's Q1 performance was mixed, with wealth management revenue and net interest margin surpassing expectations.</a>&nbsp;&nbsp;<font color=""#6f6f6f"">富途牛牛</font>",https://news.google.com/rss/articles/CBMinwFBVV95cUxNRHFiVDlJNTVfU18tOTZOS0ZBLTYxdTV4dFVHRDBGY1NZR1BPc3RhSUJEb3FpRURGa1dFeU1wUlRBOFF6WVlja3dMNURWMGt1MDU4YWgyMXZWaHBBQnNCYW9rbDRuckYyWVJYN1pybWVqeUhvT0UwQndhR2h5bXBKbGY1dloyT2JSaFo2R253Nlk3dVFQeGFHcVhaRjZHaU0?oc=5,China Merchants Bank,"CLSA: China Merchants Bank's Q1 performance was mixed, with wealth management revenue and net interest margin surpassing expectations. - 富途牛牛. <a href=""https://news.google.com/rss/articles/CBMinwFBVV95cUxNRHFiVDlJNTVfU18tOTZOS0ZBLTYxdTV4dFVHRDBGY1NZR1BPc3RhSUJEb3FpRURGa1dFeU1wUlRBOFF6WVlja3dMNURWMGt1MDU4YWgyMXZWaHBBQnNCYW9rbDRuckYyWVJYN1pybWVqeUhvT0UwQndhR2h5bXBKbGY1dloyT2JSaFo2R253Nlk3dVFQeGFHcVhaRjZHaU0?oc=5"" target=""_blank"">CLSA: China Merchants Bank's Q1 performance was mixed, with wealth management revenue and net interest margin surpassing expectations.</a>&nbsp;&nbsp;<font color=""#6f6f6f"">富途牛牛</font>",negative,-0.936823
2026-04-30,2026-04-30T00:19:32+00:00,600036.SH,"""China Merchants Bank"" - Google News",JPMorgan: China Merchants Bank maintains an 'Overweight' rating with a target price of HKD 62. - 富途牛牛,"<a href=""https://news.google.com/rss/articles/CBMirAFBVV95cUxPWFNoZWFMQ1hOSHdmN2FJNGp0TGQ3cTk5Wk5EQzdRa2Nia2ljLWxncjdQUDNHbE9LNU5JMkFZekwxaVRCNHFYNVpsdUo0Ty1YcEtTZ2hVTUxRakpfVkxJTzY2YzJ3eVZWbVJORmw1NlQ2WXd4VWtqSy10M08xRFk0X1AtdXNtbjU0b1ZQc2ZWbGJCMTRyVk84MmRnaDhWR0h5aXh5MlItcjR6cV9s?oc=5"" target=""_blank"">JPMorgan: China Merchants Bank maintains an 'Overweight' rating with a target price of HKD 62.</a>&nbsp;&nbsp;<font color=""#6f6f6f"">富途牛牛</font>",https://news.google.com/rss/articles/CBMirAFBVV95cUxPWFNoZWFMQ1hOSHdmN2FJNGp0TGQ3cTk5Wk5EQzdRa2Nia2ljLWxncjdQUDNHbE9LNU5JMkFZekwxaVRCNHFYNVpsdUo0Ty1YcEtTZ2hVTUxRakpfVkxJTzY2YzJ3eVZWbVJORmw1NlQ2WXd4VWtqSy10M08xRFk0X1AtdXNtbjU0b1ZQc2ZWbGJCMTRyVk84MmRnaDhWR0h5aXh5MlItcjR6cV9s?oc=5,China Merchants Bank,"JPMorgan: China Merchants Bank maintains an 'Overweight' rating with a target price of HKD 62. - 富途牛牛. <a href=""https://news.google.com/rss/articles/CBMirAFBVV95cUxPWFNoZWFMQ1hOSHdmN2FJNGp0TGQ3cTk5Wk5EQzdRa2Nia2ljLWxncjdQUDNHbE9LNU5JMkFZekwxaVRCNHFYNVpsdUo0Ty1YcEtTZ2hVTUxRakpfVkxJTzY2YzJ3eVZWbVJORmw1NlQ2WXd4VWtqSy10M08xRFk0X1AtdXNtbjU0b1ZQc2ZWbGJCMTRyVk84MmRnaDhWR0h5aXh5MlItcjR6cV9s?oc=5"" target=""_blank"">JPMorgan: China Merchants Bank maintains an 'Overweight' rating with a target price of HKD 62.</a>&nbsp;&nbsp;<font color=""#6f6f6f"">富途牛牛</font>",neutral,0.030936265
2026-04-30,2026-04-30T00:41:33+00:00,600036.SH,"""China Merchants Bank"" - Google News",Morgan Stanley: China Merchants Bank rated 'Overweight' with a target price of HKD 63.4. - 富途牛牛,"<a href=""https://news.google.com/rss/articles/CBMiqwFBVV95cUxOY1ByNjJWVVN5TTNSbzE0SmNrdEY5R1c0RmVVbTRVZ0NydkRmWDlUX1Iwb0JjVGVCaVZFTFMxaWcxR0VSMk84bWtaNVJ6Z0Z6S3JiLVU1cmE3Yy1OODBPYkdyZmlKOWpVTHk5YUhKRDQ2aDZFNzN1emV2Q3FsQ3BaM1pPd1FnMnQ3ZDMxX1V0N1dGYzFVUWpFaThYWUFMMk0tZ1lXRUZmZUhYVU0?oc=5"" target=""_blank"">Morgan Stanley: China Merchants Bank rated 'Overweight' with a target price of HKD 63.4.</a>&nbsp;&nbsp;<font color=""#6f6f6f"">富途牛牛</font>",https://news.google.com/rss/articles/CBMiqwFBVV95cUxOY1ByNjJWVVN5TTNSbzE0SmNrdEY5R1c0RmVVbTRVZ0NydkRmWDlUX1Iwb0JjVGVCaVZFTFMxaWcxR0VSMk84bWtaNVJ6Z0Z6S3JiLVU1cmE3Yy1OODBPYkdyZmlKOWpVTHk5YUhKRDQ2aDZFNzN1emV2Q3FsQ3BaM1pPd1FnMnQ3ZDMxX1V0N1dGYzFVUWpFaThYWUFMMk0tZ1lXRUZmZUhYVU0?oc=5,China Merchants Bank,"Morgan Stanley: China Merchants Bank rated 'Overweight' with a target price of HKD 63.4. - 富途牛牛. <a href=""https://news.google.com/rss/articles/CBMiqwFBVV95cUxOY1ByNjJWVVN5TTNSbzE0SmNrdEY5R1c0RmVVbTRVZ0NydkRmWDlUX1Iwb0JjVGVCaVZFTFMxaWcxR0VSMk84bWtaNVJ6Z0Z6S3JiLVU1cmE3Yy1OODBPYkdyZmlKOWpVTHk5YUhKRDQ2aDZFNzN1emV2Q3FsQ3BaM1pPd1FnMnQ3ZDMxX1V0N1dGYzFVUWpFaThYWUFMMk0tZ1lXRUZmZUhYVU0?oc=5"" target=""_blank"">Morgan Stanley: China Merchants Bank rated 'Overweight' with a target price of HKD 63.4.</a>&nbsp;&nbsp;<font color=""#6f6f6f"">富途牛牛</font>",neutral,0.02336086
2026-04-30,2026-04-30T00:49:10+00:00,600036.SH,"""China Merchants Bank"" - Google 新闻",大摩：招商银行给予“增持”评级 目标价为63.4港元 - Moomoo,"<a href=""https://news.google.com/rss/articles/CBMiU0FVX3lxTE9nTGJMOFVmVHVnSUhUR3ZwTXVpMVhraWdybEhWdkUtQTdaRUU1dXpneUdkbGpkb3dQb0Q0dld1X0hORzRUal92SFVKOGFnbjZWQWpJ?oc=5"" target=""_blank"">大摩：招商银行给予“增持”评级 目标价为63.4港元</a>&nbsp;&nbsp;<font color=""#6f6f6f"">Moomoo</font>",https://news.google.com/rss/articles/CBMiU0FVX3lxTE9nTGJMOFVmVHVnSUhUR3ZwTXVpMVhraWdybEhWdkUtQTdaRUU1dXpneUdkbGpkb3dQb0Q0dld1X0hORzRUal92SFVKOGFnbjZWQWpJ?oc=5,China Merchants Bank,"大摩：招商银行给予“增持”评级 目标价为63.4港元 - Moomoo. <a href=""https://news.google.com/rss/articles/CBMiU0FVX3lxTE9nTGJMOFVmVHVnSUhUR3ZwTXVpMVhraWdybEhWdkUtQTdaRUU1dXpneUdkbGpkb3dQb0Q0dld1X0hORzRUal92SFVKOGFnbjZWQWpJ?oc=5"" target=""_blank"">大摩：招商银行给予“增持”评级 目标价为63.4港元</a>&nbsp;&nbsp;<font color=""#6f6f6f"">Moomoo</font>",neutral,0.020098306
2026-04-30,2026-04-30T00:56:59+00:00,600036.SH,"""China Merchants Bank"" - Google News",Goldman Sachs: Maintains 'Buy' Rating for China Merchants Bank with a Target Price of HKD 52.86 - 富途牛牛,"<a href=""https://news.google.com/rss/articles/CBMiqAFBVV95cUxPZXBFNlJXNm44LWhCb1lfR25DLXFTa0UtbzQxRGNOUlJKcGtLZnVNQzZzTWJ0d1Rwa2ppSmtXeDFXNUNzYWtSb2JteWdfYkNvR2xXblpxbVZTR19YZU5qSld3WDRYWV9Qejg1Tnd0bHNDV1FRU0lEczN3UjJVLTdvcW1kZ1pCVDRqQmNnUUZxZUI3Sk9uOVRSMVQwRml1am9pb3JKYjN6aUc?oc=5"" target=""_blank"">Goldman Sachs: Maintains 'Buy' Rating for China Merchants Bank with a Target Price of HKD 52.86</a>&nbsp;&nbsp;<font color=""#6f6f6f"">富途牛牛</font>",https://news.google.com/rss/articles/CBMiqAFBVV95cUxPZXBFNlJXNm44LWhCb1lfR25DLXFTa0UtbzQxRGNOUlJKcGtLZnVNQzZzTWJ0d1Rwa2ppSmtXeDFXNUNzYWtSb2JteWdfYkNvR2xXblpxbVZTR19YZU5qSld3WDRYWV9Qejg1Tnd0bHNDV1FRU0lEczN3UjJVLTdvcW1kZ1pCVDRqQmNnUUZxZUI3Sk9uOVRSMVQwRml1am9pb3JKYjN6aUc?oc=5,China Merchants Bank,"Goldman Sachs: Maintains 'Buy' Rating for China Merchants Bank with a Target Price of HKD 52.86 - 富途牛牛. <a href=""https://news.google.com/rss/articles/CBMiqAFBVV95cUxPZXBFNlJXNm44LWhCb1lfR25DLXFTa0UtbzQxRGNOUlJKcGtLZnVNQzZzTWJ0d1Rwa2ppSmtXeDFXNUNzYWtSb2JteWdfYkNvR2xXblpxbVZTR19YZU5qSld3WDRYWV9Qejg1Tnd0bHNDV1FRU0lEczN3UjJVLTdvcW1kZ1pCVDRqQmNnUUZxZUI3Sk9uOVRSMVQwRml1am9pb3JKYjN6aUc?oc=5"" target=""_blank"">Goldman Sachs: Maintains 'Buy' Rating for China Merchants Bank with a Target Price of HKD 52.86</a>&nbsp;&nbsp;<font color=""#6f6f6f"">富途牛牛</font>",neutral,0.046816785
2026-04-30,2026-04-30T01:28:35+00:00,600036.SH,"""China Merchants Bank"" - Google News",UBS Group: China Merchants Bank (03968) Q1 revenue and pre-provision profit largely in line with expectations; rated 'Neutral'. - Moomoo,"<a href=""https://news.google.com/rss/articles/CBMingFBVV95cUxNd0RxMFVUUWkzQmtzUXcxbVZ1UFFyZl9HbHB5YW1zdzY4RDE2S1RFOC1kdVdTRHJsN2VaUkVNOGdvRGlsbGk5QzBRb0Nld0lmaXQtT296MVVILTF3czZiR2JfeG9QN2w5ZzFQVGRsZ0VDZnRFWEdlcVM3VmVZdlFJN2J3U05CZUV1eVRFZllfckhYVURjU0xlcXB6em9rUQ?oc=5"" target=""_blank"">UBS Group: China Merchants Bank (03968) Q1 revenue and pre-provision profit largely in line with expectations; rated 'Neutral'.</a>&nbsp;&nbsp;<font color=""#6f6f6f"">Moomoo</font>",https://news.google.com/rss/articles/CBMingFBVV95cUxNd0RxMFVUUWkzQmtzUXcxbVZ1UFFyZl9HbHB5YW1zdzY4RDE2S1RFOC1kdVdTRHJsN2VaUkVNOGdvRGlsbGk5QzBRb0Nld0lmaXQtT296MVVILTF3czZiR2JfeG9QN2w5ZzFQVGRsZ0VDZnRFWEdlcVM3VmVZdlFJN2J3U05CZUV1eVRFZllfckhYVURjU0xlcXB6em9rUQ?oc=5,China Merchants Bank,"UBS Group: China Merchants Bank (03968) Q1 revenue and pre-provision profit largely in line with expectations; rated 'Neutral'. - Moomoo. <a href=""https://news.google.com/rss/articles/CBMingFBVV95cUxNd0RxMFVUUWkzQmtzUXcxbVZ1UFFyZl9HbHB5YW1zdzY4RDE2S1RFOC1kdVdTRHJsN2VaUkVNOGdvRGlsbGk5QzBRb0Nld0lmaXQtT296MVVILTF3czZiR2JfeG9QN2w5ZzFQVGRsZ0VDZnRFWEdlcVM3VmVZdlFJN2J3U05CZUV1eVRFZllfckhYVURjU0xlcXB6em9rUQ?oc=5"" target=""_blank"">UBS Group: China Merchants Bank (03968) Q1 revenue and pre-provision profit largely in line with expectations; rated 'Neutral'.</a>&nbsp;&nbsp;<font color=""#6f6f6f"">Moomoo</font>",neutral,0.071970604
2026-04-30,2026-04-30T02:01:28+00:00,600036.SH,"""China Merchants Bank"" - Google News",UBS Group: China Merchants Bank (03968) Q1 revenue and pre-provision profit largely in line with expectations; rated 'Neutral'. - 富途牛牛,"<a href=""https://news.google.com/rss/articles/CBMinAFBVV95cUxPRHhzdWJPWnBFUlQ5c1d0Sm9KdHAtQU9adG9hWWxTa1hvQXp4eGlsbHdNby11S3JUTkxmeHY4ZEhuU3JzaTcwZkRvVHM2OWp0UzNGbjNPbXhubEE2WjRrbWZnZ2NyODk4eGRLaFFrY2lWREVPM0hsX21sT2ZPVWR1YjFfWEt0SHE2d0dxU3V6bmZNalBhZ0tSV3NHQW4?oc=5"" target=""_blank"">UBS Group: China Merchants Bank (03968) Q1 revenue and pre-provision profit largely in line with expectations; rated 'Neutral'.</a>&nbsp;&nbsp;<font color=""#6f6f6f"">富途牛牛</font>",https://news.google.com/rss/articles/CBMinAFBVV95cUxPRHhzdWJPWnBFUlQ5c1d0Sm9KdHAtQU9adG9hWWxTa1hvQXp4eGlsbHdNby11S3JUTkxmeHY4ZEhuU3JzaTcwZkRvVHM2OWp0UzNGbjNPbXhubEE2WjRrbWZnZ2NyODk4eGRLaFFrY2lWREVPM0hsX21sT2ZPVWR1YjFfWEt0SHE2d0dxU3V6bmZNalBhZ0tSV3NHQW4?oc=5,China Merchants Bank,"UBS Group: China Merchants Bank (03968) Q1 revenue and pre-provision profit largely in line with expectations; rated 'Neutral'. - 富途牛牛. <a href=""https://news.google.com/rss/articles/CBMinAFBVV95cUxPRHhzdWJPWnBFUlQ5c1d0Sm9KdHAtQU9adG9hWWxTa1hvQXp4eGlsbHdNby11S3JUTkxmeHY4ZEhuU3JzaTcwZkRvVHM2OWp0UzNGbjNPbXhubEE2WjRrbWZnZ2NyODk4eGRLaFFrY2lWREVPM0hsX21sT2ZPVWR1YjFfWEt0SHE2d0dxU3V6bmZNalBhZ0tSV3NHQW4?oc=5"" target=""_blank"">UBS Group: China Merchants Bank (03968) Q1 revenue and pre-provision profit largely in line with expectations; rated 'Neutral'.</a>&nbsp;&nbsp;<font color=""#6f6f6f"">富途牛牛</font>",neutral,0.16554941
2026-04-30,2026-04-30T02:13:00+00:00,600036.SH,招商银行 - Bing新聞,13万亿招商银行“换帅”， 透视王小青的三大核心挑战,4月30日上午，招商银行（600036）召开相关会议，会上宣布王小青任招商银行党委书记，现任党委书记王良到龄退休。按照惯例，招商银行系党委书记、行长“一肩挑”。这就意味着，在走完公司内部相关流程以及获监管核准后，王小青将成为招商银行第五任行长。王小青（图片来自网络）对于老将王良来说，这是一次体面的谢幕。按照 ...,http://www.bing.com/news/apiclick.aspx?ref=FexRss&aid=&tid=69fb16b8ebf44eb2bfbfea81a15c48c4&url=https%3a%2f%2fnews.qq.com%2frain%2fa%2f20260430A06HHZ00&c=12629852862870118458&mkt=zh-tw,招商银行,13万亿招商银行“换帅”， 透视王小青的三大核心挑战. 4月30日上午，招商银行（600036）召开相关会议，会上宣布王小青任招商银行党委书记，现任党委书记王良到龄退休。按照惯例，招商银行系党委书记、行长“一肩挑”。这就意味着，在走完公司内部相关流程以及获监管核准后，王小青将成为招商银行第五任行长。王小青（图片来自网络）对于老将王良来说，这是一次体面的谢幕。按照 ...,neutral,0.06718327
2026-04-30,2026-04-30T02:19:00+00:00,600036.SH,"""招商银行"" - Google 新闻",王小青接棒王良，“零售之王”招商银行迎来关键人事调整 - 财联社,"<a href=""https://news.google.com/rss/articles/CBMiSEFVX3lxTE05bExHcU1ESVloeUw5ZXdkSmY4akEtbzg4eHkzekVPY1NTeDBZQzBxNURBVFV3OHpHaENKQXpELWRmQmZodzRKdg?oc=5"" target=""_blank"">王小青接棒王良，“零售之王”招商银行迎来关键人事调整</a>&nbsp;&nbsp;<font color=""#6f6f6f"">财联社</font>",https://news.google.com/rss/articles/CBMiSEFVX3lxTE05bExHcU1ESVloeUw5ZXdkSmY4akEtbzg4eHkzekVPY1NTeDBZQzBxNURBVFV3OHpHaENKQXpELWRmQmZodzRKdg?oc=5,招商银行,"王小青接棒王良，“零售之王”招商银行迎来关键人事调整 - 财联社. <a href=""https://news.google.com/rss/articles/CBMiSEFVX3lxTE05bExHcU1ESVloeUw5ZXdkSmY4akEtbzg4eHkzekVPY1NTeDBZQzBxNURBVFV3OHpHaENKQXpELWRmQmZodzRKdg?oc=5"" target=""_blank"">王小青接棒王良，“零售之王”招商银行迎来关键人事调整</a>&nbsp;&nbsp;<font color=""#6f6f6f"">财联社</font>",neutral,0.04985245
2026-04-30,2026-04-30T02:32:59+00:00,600036.SH,"""招商银行"" - Google 新闻",招商银行迎关键人事调整：王良到龄退休 王小青接棒 - 新浪财经,"<a href=""https://news.google.com/rss/articles/CBMifEFVX3lxTE5iVXdQdDZtR2VLNjVMeWJVbFBfdFVPOGk3OEM2S2t5czZka3JLTHBHbEVPWHNybWE1c3ZOY3E3VWswVHBoTkE0a3NQdzQ5eV9GZENuUFlLdFhxdWpDUlJkdnBKV2ViWjhyRmpzSjJIMzgwX3hVanVQNzJpc3I?oc=5"" target=""_blank"">招商银行迎关键人事调整：王良到龄退休 王小青接棒</a>&nbsp;&nbsp;<font color=""#6f6f6f"">新浪财经</font>",https://news.google.com/rss/articles/CBMifEFVX3lxTE5iVXdQdDZtR2VLNjVMeWJVbFBfdFVPOGk3OEM2S2t5czZka3JLTHBHbEVPWHNybWE1c3ZOY3E3VWswVHBoTkE0a3NQdzQ5eV9GZENuUFlLdFhxdWpDUlJkdnBKV2ViWjhyRmpzSjJIMzgwX3hVanVQNzJpc3I?oc=5,招商银行,"招商银行迎关键人事调整：王良到龄退休 王小青接棒 - 新浪财经. <a href=""https://news.google.com/rss/articles/CBMifEFVX3lxTE5iVXdQdDZtR2VLNjVMeWJVbFBfdFVPOGk3OEM2S2t5czZka3JLTHBHbEVPWHNybWE1c3ZOY3E3VWswVHBoTkE0a3NQdzQ5eV9GZENuUFlLdFhxdWpDUlJkdnBKV2ViWjhyRmpzSjJIMzgwX3hVanVQNzJpc3I?oc=5"" target=""_blank"">招商银行迎关键人事调整：王良到龄退休 王小青接棒</a>&nbsp;&nbsp;<font color=""#6f6f6f"">新浪财经</font>",neutral,0.025575846
2026-04-30,2026-04-30T03:26:00+00:00,600036.SH,"""招商银行"" - Google 新闻",13万亿招商银行“换帅”：第四任行长王良退休，王小青将接棒！ - thepaper.cn,"<a href=""https://news.google.com/rss/articles/CBMiXkFVX3lxTE1hRGJIX0dQVUN4bFdsRGxlNzB2d19ZWDRldDY2ZERtSWVVRUZNaFQybGxGVDl0NVZZVmlrYnVVdFg2MC1kTkFyaHpFVk9KdFZhRzgzeFdGYlZWeHFhT3c?oc=5"" target=""_blank"">13万亿招商银行“换帅”：第四任行长王良退休，王小青将接棒！</a>&nbsp;&nbsp;<font color=""#6f6f6f"">thepaper.cn</font>",https://news.google.com/rss/articles/CBMiXkFVX3lxTE1hRGJIX0dQVUN4bFdsRGxlNzB2d19ZWDRldDY2ZERtSWVVRUZNaFQybGxGVDl0NVZZVmlrYnVVdFg2MC1kTkFyaHpFVk9KdFZhRzgzeFdGYlZWeHFhT3c?oc=5,招商银行,"13万亿招商银行“换帅”：第四任行长王良退休，王小青将接棒！ - thepaper.cn. <a href=""https://news.google.com/rss/articles/CBMiXkFVX3lxTE1hRGJIX0dQVUN4bFdsRGxlNzB2d19ZWDRldDY2ZERtSWVVRUZNaFQybGxGVDl0NVZZVmlrYnVVdFg2MC1kTkFyaHpFVk9KdFZhRzgzeFdGYlZWeHFhT3c?oc=5"" target=""_blank"">13万亿招商银行“换帅”：第四任行长王良退休，王小青将接棒！</a>&nbsp;&nbsp;<font color=""#6f6f6f"">thepaper.cn</font>",neutral,0.0016506538
2026-04-30,2026-04-30T04:19:00+00:00,600036.SH,"""招商银行"" - Google 新闻",年近不惑的招商银行迎来第五任行长 - 21财经,"<a href=""https://news.google.com/rss/articles/CBMijwFBVV95cUxNUjBoaGRtZGw3SUV0V2VFR1RtcGU5eWN5TE9WY0VXZXV1Y29Ub2xWbFIwRHpDZVFBRUpxM3NhYmMtaHlVVWd1NUw1ak5RTFZWVjlZYXEtWlJWZjFsMUdBMlZEVjEwSUZ3VEV1NktIa1dlaWRtUnJFcTdiRC1yOG84YkoxWTFscHRNRDUzQUg5Zw?oc=5"" target=""_blank"">年近不惑的招商银行迎来第五任行长</a>&nbsp;&nbsp;<font color=""#6f6f6f"">21财经</font>",https://news.google.com/rss/articles/CBMijwFBVV95cUxNUjBoaGRtZGw3SUV0V2VFR1RtcGU5eWN5TE9WY0VXZXV1Y29Ub2xWbFIwRHpDZVFBRUpxM3NhYmMtaHlVVWd1NUw1ak5RTFZWVjlZYXEtWlJWZjFsMUdBMlZEVjEwSUZ3VEV1NktIa1dlaWRtUnJFcTdiRC1yOG84YkoxWTFscHRNRDUzQUg5Zw?oc=5,招商银行,"年近不惑的招商银行迎来第五任行长 - 21财经. <a href=""https://news.google.com/rss/articles/CBMijwFBVV95cUxNUjBoaGRtZGw3SUV0V2VFR1RtcGU5eWN5TE9WY0VXZXV1Y29Ub2xWbFIwRHpDZVFBRUpxM3NhYmMtaHlVVWd1NUw1ak5RTFZWVjlZYXEtWlJWZjFsMUdBMlZEVjEwSUZ3VEV1NktIa1dlaWRtUnJFcTdiRC1yOG84YkoxWTFscHRNRDUzQUg5Zw?oc=5"" target=""_blank"">年近不惑的招商银行迎来第五任行长</a>&nbsp;&nbsp;<font color=""#6f6f6f"">21财经</font>",neutral,0.017771594
2026-04-30,2026-04-30T05:20:00+00:00,600036.SH,"""招商银行"" - Google 新闻",招商银行“换帅”：王小青任党委书记，王良到龄退休 - thepaper.cn,"<a href=""https://news.google.com/rss/articles/CBMiXkFVX3lxTE1RYlh2TmcxMmVtZE4zY1JueGxUV2YzSmplbFhqaEwwd01YR0xpVEJfamF6NEFFbjRYRWhnbmxxckp1TjF6UWYtY2xpNnVVdEw0OXRJdk9RLWp0WHhfVFE?oc=5"" target=""_blank"">招商银行“换帅”：王小青任党委书记，王良到龄退休</a>&nbsp;&nbsp;<font color=""#6f6f6f"">thepaper.cn</font>",https://news.google.com/rss/articles/CBMiXkFVX3lxTE1RYlh2TmcxMmVtZE4zY1JueGxUV2YzSmplbFhqaEwwd01YR0xpVEJfamF6NEFFbjRYRWhnbmxxckp1TjF6UWYtY2xpNnVVdEw0OXRJdk9RLWp0WHhfVFE?oc=5,招商银行,"招商银行“换帅”：王小青任党委书记，王良到龄退休 - thepaper.cn. <a href=""https://news.google.com/rss/articles/CBMiXkFVX3lxTE1RYlh2TmcxMmVtZE4zY1JueGxUV2YzSmplbFhqaEwwd01YR0xpVEJfamF6NEFFbjRYRWhnbmxxckp1TjF6UWYtY2xpNnVVdEw0OXRJdk9RLWp0WHhfVFE?oc=5"" target=""_blank"">招商银行“换帅”：王小青任党委书记，王良到龄退休</a>&nbsp;&nbsp;<font color=""#6f6f6f"">thepaper.cn</font>",neutral,0.009818342
2026-04-30,2026-04-30T05:34:00+00:00,600036.SH,招商银行 - Bing新聞,13万亿招商银行换帅！30年老将退场，“70后”全能手接棒,深圳蛇口——招商银行（600036.SH）诞生之地，一场关乎这家资产逾13万亿银行未来方向的人事调整，悄然落定。 接近招行人士向《21世纪经济报道》证实，4月30日上午，招行召开干部大会，招商局集团相关负责人到场宣布，该行党委书记、第四任行长王良因到龄退休，由招商金控总经理王小青接任该行党委书记。一位是在招行体系深耕30年的老将退场，另一位横跨银行、保险、证券、基金、金控的全能选手登场。 按照公司 ...,http://www.bing.com/news/apiclick.aspx?ref=FexRss&aid=&tid=69fb16b8ebf44eb2bfbfea81a15c48c4&url=https%3a%2f%2fnews.qq.com%2frain%2fa%2f20260430A084QX00&c=9051175263719924740&mkt=zh-tw,招商银行,13万亿招商银行换帅！30年老将退场，“70后”全能手接棒. 深圳蛇口——招商银行（600036.SH）诞生之地，一场关乎这家资产逾13万亿银行未来方向的人事调整，悄然落定。 接近招行人士向《21世纪经济报道》证实，4月30日上午，招行召开干部大会，招商局集团相关负责人到场宣布，该行党委书记、第四任行长王良因到龄退休，由招商金控总经理王小青接任该行党委书记。一位是在招行体系深耕30年的老将退场，另一位横跨银行、保险、证券、基金、金控的全能选手登场。 按照公司 ...,neutral,0.083199054
2026-04-30,2026-04-30T06:23:00+00:00,600036.SH,"""招商银行"" - Google 新闻",招商银行“换帅”：王小青任党委书记，王良到龄退休 - 新浪财经,"<a href=""https://news.google.com/rss/articles/CBMifkFVX3lxTE9qcGQxVi1JMjB1Z0xRbkJJMW1UTkg2WjFxLXlWaHhZcnJ5MzJiYWRmbUFfbUpEMHFaLXNQamQzVnRBbWZVUFQ3eFh5aDFjdVhWSVZEYmg4VkNSVHZCck04ZHV2NkRSaWEtM2ctUDE5djhKTGdYN255SE1ENzVFdw?oc=5"" target=""_blank"">招商银行“换帅”：王小青任党委书记，王良到龄退休</a>&nbsp;&nbsp;<font color=""#6f6f6f"">新浪财经</font>",https://news.google.com/rss/articles/CBMifkFVX3lxTE9qcGQxVi1JMjB1Z0xRbkJJMW1UTkg2WjFxLXlWaHhZcnJ5MzJiYWRmbUFfbUpEMHFaLXNQamQzVnRBbWZVUFQ3eFh5aDFjdVhWSVZEYmg4VkNSVHZCck04ZHV2NkRSaWEtM2ctUDE5djhKTGdYN255SE1ENzVFdw?oc=5,招商银行,"招商银行“换帅”：王小青任党委书记，王良到龄退休 - 新浪财经. <a href=""https://news.google.com/rss/articles/CBMifkFVX3lxTE9qcGQxVi1JMjB1Z0xRbkJJMW1UTkg2WjFxLXlWaHhZcnJ5MzJiYWRmbUFfbUpEMHFaLXNQamQzVnRBbWZVUFQ3eFh5aDFjdVhWSVZEYmg4VkNSVHZCck04ZHV2NkRSaWEtM2ctUDE5djhKTGdYN255SE1ENzVFdw?oc=5"" target=""_blank"">招商银行“换帅”：王小青任党委书记，王良到龄退休</a>&nbsp;&nbsp;<font color=""#6f6f6f"">新浪财经</font>",neutral,0.029382769
2026-04-30,2026-04-30T07:00:00+00:00,600036.SH,"""招商银行"" - Google 新闻",招商银行换帅：王小青接棒王良任党委书记，拟任第五任行长 - 新浪财经,"<a href=""https://news.google.com/rss/articles/CBMikgJBVV95cUxOTVJzTW5pQmJKOENGcVdLbGoxaThWeEZjejRFNTRMVmVjb0tOcnlKSUp2ZHZkT2JUdkZNUXhTdXl6ZmJ5WS1HWFJDUU5PTjlzRU1NN0o5YmdldjVjS3RnRlJ4VXpsS1lXQmszeTd4dUZxXzlCRkV6emdOd1lFazZCcm5oQk53WURtcDZ2Rlg3Vy1iQ0l0WXg2Y3lxOUQwRWFpM0l3dEk1MEJUbHNjVkp6Mi1Xbl9ickRodFpVM0IyOEl5ZE9CcTZQMWR6SkFZcTZOMmdMRElFUlE2VlN2dkkxRzRfaWthMDBvNkNmVVZaUkNCOVNpNzMxSkQzdnRXZUl1QVB2NS1HQzdZQS15SVJlRGxR?oc=5"" target=""_blank"">招商银行换帅：王小青接棒王良任党委书记，拟任第五任行长</a>&nbsp;&nbsp;<font color=""#6f6f6f"">新浪财经</font>",https://news.google.com/rss/articles/CBMikgJBVV95cUxOTVJzTW5pQmJKOENGcVdLbGoxaThWeEZjejRFNTRMVmVjb0tOcnlKSUp2ZHZkT2JUdkZNUXhTdXl6ZmJ5WS1HWFJDUU5PTjlzRU1NN0o5YmdldjVjS3RnRlJ4VXpsS1lXQmszeTd4dUZxXzlCRkV6emdOd1lFazZCcm5oQk53WURtcDZ2Rlg3Vy1iQ0l0WXg2Y3lxOUQwRWFpM0l3dEk1MEJUbHNjVkp6Mi1Xbl9ickRodFpVM0IyOEl5ZE9CcTZQMWR6SkFZcTZOMmdMRElFUlE2VlN2dkkxRzRfaWthMDBvNkNmVVZaUkNCOVNpNzMxSkQzdnRXZUl1QVB2NS1HQzdZQS15SVJlRGxR?oc=5,招商银行,"招商银行换帅：王小青接棒王良任党委书记，拟任第五任行长 - 新浪财经. <a href=""https://news.google.com/rss/articles/CBMikgJBVV95cUxOTVJzTW5pQmJKOENGcVdLbGoxaThWeEZjejRFNTRMVmVjb0tOcnlKSUp2ZHZkT2JUdkZNUXhTdXl6ZmJ5WS1HWFJDUU5PTjlzRU1NN0o5YmdldjVjS3RnRlJ4VXpsS1lXQmszeTd4dUZxXzlCRkV6emdOd1lFazZCcm5oQk53WURtcDZ2Rlg3Vy1iQ0l0WXg2Y3lxOUQwRWFpM0l3dEk1MEJUbHNjVkp6Mi1Xbl9ickRodFpVM0IyOEl5ZE9CcTZQMWR6SkFZcTZOMmdMRElFUlE2VlN2dkkxRzRfaWthMDBvNkNmVVZaUkNCOVNpNzMxSkQzdnRXZUl1QVB2NS1HQzdZQS15SVJlRGxR?oc=5"" target=""_blank"">招商银行换帅：王小青接棒王良任党委书记，拟任第五任行长</a>&nbsp;&nbsp;<font color=""#6f6f6f"">新浪财经</font>",neutral,0.019334886
2026-04-30,2026-04-30T07:02:00+00:00,600036.SH,"""招商银行"" - Google 新闻",王小青接替王良，招商银行将迎新行长 - 新浪新闻_手机新浪网,"<a href=""https://news.google.com/rss/articles/CBMidEFVX3lxTE5DLU9HMm5fSWoyS3N6RS1oMHFFVVQ4WEZEVjIzcDZ2Q1NKU1dTc0hNSEM0dGFlTmJDdlpDN0ZncjNTWHJPVVY3cnd6em9xU0tqdlZfendyT2d3eTVkaDBBbmhsUktueHNWc0NkX3ZDa1NRMFA4?oc=5"" target=""_blank"">王小青接替王良，招商银行将迎新行长</a>&nbsp;&nbsp;<font color=""#6f6f6f"">新浪新闻_手机新浪网</font>",https://news.google.com/rss/articles/CBMidEFVX3lxTE5DLU9HMm5fSWoyS3N6RS1oMHFFVVQ4WEZEVjIzcDZ2Q1NKU1dTc0hNSEM0dGFlTmJDdlpDN0ZncjNTWHJPVVY3cnd6em9xU0tqdlZfendyT2d3eTVkaDBBbmhsUktueHNWc0NkX3ZDa1NRMFA4?oc=5,招商银行,"王小青接替王良，招商银行将迎新行长 - 新浪新闻_手机新浪网. <a href=""https://news.google.com/rss/articles/CBMidEFVX3lxTE5DLU9HMm5fSWoyS3N6RS1oMHFFVVQ4WEZEVjIzcDZ2Q1NKU1dTc0hNSEM0dGFlTmJDdlpDN0ZncjNTWHJPVVY3cnd6em9xU0tqdlZfendyT2d3eTVkaDBBbmhsUktueHNWc0NkX3ZDa1NRMFA4?oc=5"" target=""_blank"">王小青接替王良，招商银行将迎新行长</a>&nbsp;&nbsp;<font color=""#6f6f6f"">新浪新闻_手机新浪网</font>",neutral,0.02449333
2026-04-30,2026-04-30T07:41:39+00:00,600036.SH,"""China Merchants Bank"" - Google 新闻",瑞银：招商银行给予“中性”评级 目标价56港元 - 富途牛牛,"<a href=""https://news.google.com/rss/articles/CBMinAFBVV95cUxOM1lFclRpZ0c5ZGtoZTA3eWZCMnVJWWhtZUIwTUJNbHRfeFB1eGJFQ2xRUnQ5R1E0TVZrSFJxVDRYVzV2VWJKSFNISXZiU1V4ZkRVd1hVOGR4RnNvS3Vnc3g0ZHluQlkyelFRNDlTdVhjYUtpdzRrM1ZQZ0c3TlBON01yeENtZFhXdldJOHhvY3M1LUNTN0hXOHNkek0?oc=5"" target=""_blank"">瑞银：招商银行给予“中性”评级 目标价56港元</a>&nbsp;&nbsp;<font color=""#6f6f6f"">富途牛牛</font>",https://news.google.com/rss/articles/CBMinAFBVV95cUxOM1lFclRpZ0c5ZGtoZTA3eWZCMnVJWWhtZUIwTUJNbHRfeFB1eGJFQ2xRUnQ5R1E0TVZrSFJxVDRYVzV2VWJKSFNISXZiU1V4ZkRVd1hVOGR4RnNvS3Vnc3g0ZHluQlkyelFRNDlTdVhjYUtpdzRrM1ZQZ0c3TlBON01yeENtZFhXdldJOHhvY3M1LUNTN0hXOHNkek0?oc=5,China Merchants Bank,"瑞银：招商银行给予“中性”评级 目标价56港元 - 富途牛牛. <a href=""https://news.google.com/rss/articles/CBMinAFBVV95cUxOM1lFclRpZ0c5ZGtoZTA3eWZCMnVJWWhtZUIwTUJNbHRfeFB1eGJFQ2xRUnQ5R1E0TVZrSFJxVDRYVzV2VWJKSFNISXZiU1V4ZkRVd1hVOGR4RnNvS3Vnc3g0ZHluQlkyelFRNDlTdVhjYUtpdzRrM1ZQZ0c3TlBON01yeENtZFhXdldJOHhvY3M1LUNTN0hXOHNkek0?oc=5"" target=""_blank"">瑞银：招商银行给予“中性”评级 目标价56港元</a>&nbsp;&nbsp;<font color=""#6f6f6f"">富途牛牛</font>",neutral,0.033806123
2026-04-30,2026-04-30T08:19:27+00:00,600036.SH,"""China Merchants Bank"" - Google News",UBS Group: China Merchants Bank rated 'Neutral' with a target price of HKD 56. - 富途牛牛,"<a href=""https://news.google.com/rss/articles/CBMioAFBVV95cUxPZU5ORmJRYnYwWnNGWERTT3VLb3JYT3Fvd0ZLcFFQRndmN0V4NzRuRjhrdTNnRGJtRXE2d2RZYjBBdnpWTlpmOVEzYTlMaUxvOTZOb095OVcxUzFsQ2ozZzBZZlB3VUxoQ2l1VWxOSlpiLXdEbml3dWFoa3NYcUdaYWNESUdjS3Z1WmV4STZWRl9xaGdoMEY1STNWN2JKMFJw?oc=5"" target=""_blank"">UBS Group: China Merchants Bank rated 'Neutral' with a target price of HKD 56.</a>&nbsp;&nbsp;<font color=""#6f6f6f"">富途牛牛</font>",https://news.google.com/rss/articles/CBMioAFBVV95cUxPZU5ORmJRYnYwWnNGWERTT3VLb3JYT3Fvd0ZLcFFQRndmN0V4NzRuRjhrdTNnRGJtRXE2d2RZYjBBdnpWTlpmOVEzYTlMaUxvOTZOb095OVcxUzFsQ2ozZzBZZlB3VUxoQ2l1VWxOSlpiLXdEbml3dWFoa3NYcUdaYWNESUdjS3Z1WmV4STZWRl9xaGdoMEY1STNWN2JKMFJw?oc=5,China Merchants Bank,"UBS Group: China Merchants Bank rated 'Neutral' with a target price of HKD 56. - 富途牛牛. <a href=""https://news.google.com/rss/articles/CBMioAFBVV95cUxPZU5ORmJRYnYwWnNGWERTT3VLb3JYT3Fvd0ZLcFFQRndmN0V4NzRuRjhrdTNnRGJtRXE2d2RZYjBBdnpWTlpmOVEzYTlMaUxvOTZOb095OVcxUzFsQ2ozZzBZZlB3VUxoQ2l1VWxOSlpiLXdEbml3dWFoa3NYcUdaYWNESUdjS3Z1WmV4STZWRl9xaGdoMEY1STNWN2JKMFJw?oc=5"" target=""_blank"">UBS Group: China Merchants Bank rated 'Neutral' with a target price of HKD 56.</a>&nbsp;&nbsp;<font color=""#6f6f6f"">富途牛牛</font>",neutral,0.0113958195
2026-04-30,2026-04-30T09:29:00+00:00,600036.SH,"""600036"" - Google News",HSBC Research: CN Banks' 1Q Results Beat; Fundamentals Expected to Further Improve This Yr - AASTOCKS.com,"<a href=""https://news.google.com/rss/articles/CBMihwFBVV95cUxOOFFESVVCcDlIMV9HcGpUTnJlSF9fSWZPLWRnOGlmRlVXS0RwbFJnMWRTRXd4bFN5SjdROHpDQkdmVlVXSnI3T2tEY0RTMlFLdlFMdUNSeG12bmhRb2x0SnUtRS1wMDcwUm9tNWFYLUpBZ0daRkpqdFI5REpjczdRS2taNkx3ZmM?oc=5"" target=""_blank"">HSBC Research: CN Banks' 1Q Results Beat; Fundamentals Expected to Further Improve This Yr</a>&nbsp;&nbsp;<font color=""#6f6f6f"">AASTOCKS.com</font>",https://news.google.com/rss/articles/CBMihwFBVV95cUxOOFFESVVCcDlIMV9HcGpUTnJlSF9fSWZPLWRnOGlmRlVXS0RwbFJnMWRTRXd4bFN5SjdROHpDQkdmVlVXSnI3T2tEY0RTMlFLdlFMdUNSeG12bmhRb2x0SnUtRS1wMDcwUm9tNWFYLUpBZ0daRkpqdFI5REpjczdRS2taNkx3ZmM?oc=5,600036,"HSBC Research: CN Banks' 1Q Results Beat; Fundamentals Expected to Further Improve This Yr - AASTOCKS.com. <a href=""https://news.google.com/rss/articles/CBMihwFBVV95cUxOOFFESVVCcDlIMV9HcGpUTnJlSF9fSWZPLWRnOGlmRlVXS0RwbFJnMWRTRXd4bFN5SjdROHpDQkdmVlVXSnI3T2tEY0RTMlFLdlFMdUNSeG12bmhRb2x0SnUtRS1wMDcwUm9tNWFYLUpBZ0daRkpqdFI5REpjczdRS2taNkx3ZmM?oc=5"" target=""_blank"">HSBC Research: CN Banks' 1Q Results Beat; Fundamentals Expected to Further Improve This Yr</a>&nbsp;&nbsp;<font color=""#6f6f6f"">AASTOCKS.com</font>",positive,0.9227096
2026-04-30,2026-04-30T09:36:00+00:00,600036.SH,"""600036"" - Google 新闻",招商银行(600036.SH)：执行董事、行长王良因年龄原因辞任财经新闻Financial News - AASTOCKS.com,"<a href=""https://news.google.com/rss/articles/CBMikwFBVV95cUxOaE1xdV9QcmtnUGRucE9YWGR4WnBUcE5mbDM3enRKNTNCY3pra205emRfbFVWN0ZsZUJCdlFJTVJnRXA4STJsbHRvZmpXRFprb2YyZHllUzFQaVQtR19LQ3ZYYng3X2UtOWh3NUtIZGZOWUl0T2VOeGhKOXNzR2Q4OFl0bnE4N2NxUmRIcFhvQVBwaDA?oc=5"" target=""_blank"">招商银行(600036.SH)：执行董事、行长王良因年龄原因辞任财经新闻Financial News</a>&nbsp;&nbsp;<font color=""#6f6f6f"">AASTOCKS.com</font>",https://news.google.com/rss/articles/CBMikwFBVV95cUxOaE1xdV9QcmtnUGRucE9YWGR4WnBUcE5mbDM3enRKNTNCY3pra205emRfbFVWN0ZsZUJCdlFJTVJnRXA4STJsbHRvZmpXRFprb2YyZHllUzFQaVQtR19LQ3ZYYng3X2UtOWh3NUtIZGZOWUl0T2VOeGhKOXNzR2Q4OFl0bnE4N2NxUmRIcFhvQVBwaDA?oc=5,600036,"招商银行(600036.SH)：执行董事、行长王良因年龄原因辞任财经新闻Financial News - AASTOCKS.com. <a href=""https://news.google.com/rss/articles/CBMikwFBVV95cUxOaE1xdV9QcmtnUGRucE9YWGR4WnBUcE5mbDM3enRKNTNCY3pra205emRfbFVWN0ZsZUJCdlFJTVJnRXA4STJsbHRvZmpXRFprb2YyZHllUzFQaVQtR19LQ3ZYYng3X2UtOWh3NUtIZGZOWUl0T2VOeGhKOXNzR2Q4OFl0bnE4N2NxUmRIcFhvQVBwaDA?oc=5"" target=""_blank"">招商银行(600036.SH)：执行董事、行长王良因年龄原因辞任财经新闻Financial News</a>&nbsp;&nbsp;<font color=""#6f6f6f"">AASTOCKS.com</font>",neutral,0.0032068864
2026-04-30,2026-04-30T09:36:00+00:00,600036.SH,"""600036"" - Google 新闻",招商银行(600036.SH)：执行董事、行长王良因年龄原因辞任 - AASTOCKS.com,"<a href=""https://news.google.com/rss/articles/CBMigAFBVV95cUxQSmtZbGh6YTdzUkVjbHNJdXlVUUxacDdFX2hfVGVNZmdLb0ZVNE53ZnlWWXFNTDRXYTY3NVdLd0V4bEJnMERkTXN5WHZqS1JyUlIyOW4wamtScGFOclc4NGhuNWt4TzRta1ZkZ0loWDUyUmYtMFhYZkJkOVlGUUtUYQ?oc=5"" target=""_blank"">招商银行(600036.SH)：执行董事、行长王良因年龄原因辞任</a>&nbsp;&nbsp;<font color=""#6f6f6f"">AASTOCKS.com</font>",https://news.google.com/rss/articles/CBMigAFBVV95cUxQSmtZbGh6YTdzUkVjbHNJdXlVUUxacDdFX2hfVGVNZmdLb0ZVNE53ZnlWWXFNTDRXYTY3NVdLd0V4bEJnMERkTXN5WHZqS1JyUlIyOW4wamtScGFOclc4NGhuNWt4TzRta1ZkZ0loWDUyUmYtMFhYZkJkOVlGUUtUYQ?oc=5,600036,"招商银行(600036.SH)：执行董事、行长王良因年龄原因辞任 - AASTOCKS.com. <a href=""https://news.google.com/rss/articles/CBMigAFBVV95cUxQSmtZbGh6YTdzUkVjbHNJdXlVUUxacDdFX2hfVGVNZmdLb0ZVNE53ZnlWWXFNTDRXYTY3NVdLd0V4bEJnMERkTXN5WHZqS1JyUlIyOW4wamtScGFOclc4NGhuNWt4TzRta1ZkZ0loWDUyUmYtMFhYZkJkOVlGUUtUYQ?oc=5"" target=""_blank"">招商银行(600036.SH)：执行董事、行长王良因年龄原因辞任</a>&nbsp;&nbsp;<font color=""#6f6f6f"">AASTOCKS.com</font>",neutral,-0.014749991
2026-04-30,2026-04-30T09:36:49+00:00,600036.SH,"""China Merchants Bank"" - Google News",China Merchants Bank (600036.SH): Executive Director and President Wang Liang has resigned due to age-related reasons. - 富途牛牛,"<a href=""https://news.google.com/rss/articles/CBMirgFBVV95cUxQMHlUUVVQcmh1bmlqSG54TW9KNW1IV1RBSzM1bmZTVk5NUl9iVVZ5dmNNQTZ0bWZLa0kyTXpSNThEb0I5RFI2QmdPNmNnc0MxM1BhT1h6QTFjaDVvQnYxNGl3b0Y4SzhpRV9WUVlnR2xpcm1ZRy0zM0lYNDNHelU2Vm1ZVFdXMm9sSXBROXMxRG5xYlNQMWphcXZ2Szd1SXNnQjc5ZElYU1FCU1NSdEE?oc=5"" target=""_blank"">China Merchants Bank (600036.SH): Executive Director and President Wang Liang has resigned due to age-related reasons.</a>&nbsp;&nbsp;<font color=""#6f6f6f"">富途牛牛</font>",https://news.google.com/rss/articles/CBMirgFBVV95cUxQMHlUUVVQcmh1bmlqSG54TW9KNW1IV1RBSzM1bmZTVk5NUl9iVVZ5dmNNQTZ0bWZLa0kyTXpSNThEb0I5RFI2QmdPNmNnc0MxM1BhT1h6QTFjaDVvQnYxNGl3b0Y4SzhpRV9WUVlnR2xpcm1ZRy0zM0lYNDNHelU2Vm1ZVFdXMm9sSXBROXMxRG5xYlNQMWphcXZ2Szd1SXNnQjc5ZElYU1FCU1NSdEE?oc=5,China Merchants Bank,"China Merchants Bank (600036.SH): Executive Director and President Wang Liang has resigned due to age-related reasons. - 富途牛牛. <a href=""https://news.google.com/rss/articles/CBMirgFBVV95cUxQMHlUUVVQcmh1bmlqSG54TW9KNW1IV1RBSzM1bmZTVk5NUl9iVVZ5dmNNQTZ0bWZLa0kyTXpSNThEb0I5RFI2QmdPNmNnc0MxM1BhT1h6QTFjaDVvQnYxNGl3b0Y4SzhpRV9WUVlnR2xpcm1ZRy0zM0lYNDNHelU2Vm1ZVFdXMm9sSXBROXMxRG5xYlNQMWphcXZ2Szd1SXNnQjc5ZElYU1FCU1NSdEE?oc=5"" target=""_blank"">China Merchants Bank (600036.SH): Executive Director and President Wang Liang has resigned due to age-related reasons.</a>&nbsp;&nbsp;<font color=""#6f6f6f"">富途牛牛</font>",negative,-0.9025489
2026-04-30,2026-04-30T09:36:49+00:00,600036.SH,"""600036"" - Google 新闻",招商银行(600036.SH)：执行董事、行长王良因年龄原因辞任_公司新闻 - 证券之星,"<a href=""https://news.google.com/rss/articles/CBMiYkFVX3lxTFA2aFJndGlhbllJSFFCS1RsMU5UXzZuNnJTZ2Ytd1NLZWFTZGk4OXZCcmNNTUlIUHBodDJ0X3lzejU3VHdSd2FVN0ZmYnpUd25FRVZsOEZVVkpBTWJkanVjUEtR?oc=5"" target=""_blank"">招商银行(600036.SH)：执行董事、行长王良因年龄原因辞任_公司新闻</a>&nbsp;&nbsp;<font color=""#6f6f6f"">证券之星</font>",https://news.google.com/rss/articles/CBMiYkFVX3lxTFA2aFJndGlhbllJSFFCS1RsMU5UXzZuNnJTZ2Ytd1NLZWFTZGk4OXZCcmNNTUlIUHBodDJ0X3lzejU3VHdSd2FVN0ZmYnpUd25FRVZsOEZVVkpBTWJkanVjUEtR?oc=5,600036,"招商银行(600036.SH)：执行董事、行长王良因年龄原因辞任_公司新闻 - 证券之星. <a href=""https://news.google.com/rss/articles/CBMiYkFVX3lxTFA2aFJndGlhbllJSFFCS1RsMU5UXzZuNnJTZ2Ytd1NLZWFTZGk4OXZCcmNNTUlIUHBodDJ0X3lzejU3VHdSd2FVN0ZmYnpUd25FRVZsOEZVVkpBTWJkanVjUEtR?oc=5"" target=""_blank"">招商银行(600036.SH)：执行董事、行长王良因年龄原因辞任_公司新闻</a>&nbsp;&nbsp;<font color=""#6f6f6f"">证券之星</font>",neutral,0.025773115
2026-04-30,2026-04-30T09:38:00+00:00,600036.SH,"""招商银行"" - Google 新闻",招商银行(600036.SH)：聘任王小青为行长 - AASTOCKS.com,"<a href=""https://news.google.com/rss/articles/CBMimAFBVV95cUxQSUdfVXVWT2VORUJoV0tab3hPRldxZHdKNWVwUW1TVUZmLTBZS3JxNFNiOVNDbThOWEhJdl90VjlUREFrSFo1WWl3VlM4UFFKay1kRkRzMlZUYjd0SUJEdmpKZ3pOLTVUbzdfMC1hWjh3NzRlbkdJTGNfZ056MmpYMldVY3BNQ0lIQ09EYjNyZ1J6YlJ4Ri1CVg?oc=5"" target=""_blank"">招商银行(600036.SH)：聘任王小青为行长</a>&nbsp;&nbsp;<font color=""#6f6f6f"">AASTOCKS.com</font>",https://news.google.com/rss/articles/CBMimAFBVV95cUxQSUdfVXVWT2VORUJoV0tab3hPRldxZHdKNWVwUW1TVUZmLTBZS3JxNFNiOVNDbThOWEhJdl90VjlUREFrSFo1WWl3VlM4UFFKay1kRkRzMlZUYjd0SUJEdmpKZ3pOLTVUbzdfMC1hWjh3NzRlbkdJTGNfZ056MmpYMldVY3BNQ0lIQ09EYjNyZ1J6YlJ4Ri1CVg?oc=5,招商银行,"招商银行(600036.SH)：聘任王小青为行长 - AASTOCKS.com. <a href=""https://news.google.com/rss/articles/CBMimAFBVV95cUxQSUdfVXVWT2VORUJoV0tab3hPRldxZHdKNWVwUW1TVUZmLTBZS3JxNFNiOVNDbThOWEhJdl90VjlUREFrSFo1WWl3VlM4UFFKay1kRkRzMlZUYjd0SUJEdmpKZ3pOLTVUbzdfMC1hWjh3NzRlbkdJTGNfZ056MmpYMldVY3BNQ0lIQ09EYjNyZ1J6YlJ4Ri1CVg?oc=5"" target=""_blank"">招商银行(600036.SH)：聘任王小青为行长</a>&nbsp;&nbsp;<font color=""#6f6f6f"">AASTOCKS.com</font>",neutral,-0.012026556
2026-04-30,2026-04-30T09:38:00+00:00,600036.SH,"""600036"" - Google 新闻",招商银行(600036.SH)：聘任王小青为行长财经新闻Financial News - AASTOCKS.com,"<a href=""https://news.google.com/rss/articles/CBMikwFBVV95cUxQSnZjOVJYekdJenVLeVo1QXc0RGJOLVJJZU4xcVdvZnQ1YWNucmdNWkVEQmJfTXlEVGh5aVVjejZCb1MwcmlfUHZSUGp4d1NyN21YamRvbFFqX2dwa3lncW5DNkMzTzB6Y0VMcUp4em80aWpMNU5NdTdSUUxwc1QwUEdoSlNqZ2lkaTZ1dzNDbW5ZdWs?oc=5"" target=""_blank"">招商银行(600036.SH)：聘任王小青为行长财经新闻Financial News</a>&nbsp;&nbsp;<font color=""#6f6f6f"">AASTOCKS.com</font>",https://news.google.com/rss/articles/CBMikwFBVV95cUxQSnZjOVJYekdJenVLeVo1QXc0RGJOLVJJZU4xcVdvZnQ1YWNucmdNWkVEQmJfTXlEVGh5aVVjejZCb1MwcmlfUHZSUGp4d1NyN21YamRvbFFqX2dwa3lncW5DNkMzTzB6Y0VMcUp4em80aWpMNU5NdTdSUUxwc1QwUEdoSlNqZ2lkaTZ1dzNDbW5ZdWs?oc=5,600036,"招商银行(600036.SH)：聘任王小青为行长财经新闻Financial News - AASTOCKS.com. <a href=""https://news.google.com/rss/articles/CBMikwFBVV95cUxQSnZjOVJYekdJenVLeVo1QXc0RGJOLVJJZU4xcVdvZnQ1YWNucmdNWkVEQmJfTXlEVGh5aVVjejZCb1MwcmlfUHZSUGp4d1NyN21YamRvbFFqX2dwa3lncW5DNkMzTzB6Y0VMcUp4em80aWpMNU5NdTdSUUxwc1QwUEdoSlNqZ2lkaTZ1dzNDbW5ZdWs?oc=5"" target=""_blank"">招商银行(600036.SH)：聘任王小青为行长财经新闻Financial News</a>&nbsp;&nbsp;<font color=""#6f6f6f"">AASTOCKS.com</font>",neutral,-0.0029585436
2026-04-30,2026-04-30T09:38:00+00:00,600036.SH,"""600036"" - Google 新闻",招商银行(600036.SH)：聘任王小青为行长 - AASTOCKS.com,"<a href=""https://news.google.com/rss/articles/CBMigAFBVV95cUxNN1hwV3dTS29VQWxFbWlsMVlpbVRmU1UzaW1Gek5PUWNkdVVhY2wzdlpWaGVhV0tuTndzemN0TWtKSnc0dlJmeDF0d2hjNHZkSklTei10bUEzaklCOHE5MHFVa09WTGdGZVRoc1JEZFBqQlNrNi1CR1pQckNEWGVIZQ?oc=5"" target=""_blank"">招商银行(600036.SH)：聘任王小青为行长</a>&nbsp;&nbsp;<font color=""#6f6f6f"">AASTOCKS.com</font>",https://news.google.com/rss/articles/CBMigAFBVV95cUxNN1hwV3dTS29VQWxFbWlsMVlpbVRmU1UzaW1Gek5PUWNkdVVhY2wzdlpWaGVhV0tuTndzemN0TWtKSnc0dlJmeDF0d2hjNHZkSklTei10bUEzaklCOHE5MHFVa09WTGdGZVRoc1JEZFBqQlNrNi1CR1pQckNEWGVIZQ?oc=5,600036,"招商银行(600036.SH)：聘任王小青为行长 - AASTOCKS.com. <a href=""https://news.google.com/rss/articles/CBMigAFBVV95cUxNN1hwV3dTS29VQWxFbWlsMVlpbVRmU1UzaW1Gek5PUWNkdVVhY2wzdlpWaGVhV0tuTndzemN0TWtKSnc0dlJmeDF0d2hjNHZkSklTei10bUEzaklCOHE5MHFVa09WTGdGZVRoc1JEZFBqQlNrNi1CR1pQckNEWGVIZQ?oc=5"" target=""_blank"">招商银行(600036.SH)：聘任王小青为行长</a>&nbsp;&nbsp;<font color=""#6f6f6f"">AASTOCKS.com</font>",neutral,-0.012026537
2026-04-30,2026-04-30T09:38:14+00:00,600036.SH,"""600036"" - Google 新闻",招商银行(600036.SH)：聘任王小青为行长_公司新闻 - 证券之星,"<a href=""https://news.google.com/rss/articles/CBMiYkFVX3lxTE1BTFFjbGJCcWY2NEV1TTdJbWdxS2t2aUExZmQ0NkdqTjZaUG1oUFFaX1Q3ZnM5RWZyQkJiY2FpMG9ldTIyMGhSS2xPdzBzU1JscHdnenpCQVNJeGlXT3lLV213?oc=5"" target=""_blank"">招商银行(600036.SH)：聘任王小青为行长_公司新闻</a>&nbsp;&nbsp;<font color=""#6f6f6f"">证券之星</font>",https://news.google.com/rss/articles/CBMiYkFVX3lxTE1BTFFjbGJCcWY2NEV1TTdJbWdxS2t2aUExZmQ0NkdqTjZaUG1oUFFaX1Q3ZnM5RWZyQkJiY2FpMG9ldTIyMGhSS2xPdzBzU1JscHdnenpCQVNJeGlXT3lLV213?oc=5,600036,"招商银行(600036.SH)：聘任王小青为行长_公司新闻 - 证券之星. <a href=""https://news.google.com/rss/articles/CBMiYkFVX3lxTE1BTFFjbGJCcWY2NEV1TTdJbWdxS2t2aUExZmQ0NkdqTjZaUG1oUFFaX1Q3ZnM5RWZyQkJiY2FpMG9ldTIyMGhSS2xPdzBzU1JscHdnenpCQVNJeGlXT3lLV213?oc=5"" target=""_blank"">招商银行(600036.SH)：聘任王小青为行长_公司新闻</a>&nbsp;&nbsp;<font color=""#6f6f6f"">证券之星</font>",neutral,0.013368085
2026-04-30,2026-04-30T09:40:46+00:00,600036.SH,"""China Merchants Bank"" - Google 新闻",招商银行(600036.SH)：执行董事、行长王良因年龄原因辞任 - 富途牛牛,"<a href=""https://news.google.com/rss/articles/CBMiqgFBVV95cUxOMjFnODF5aVFmN1Y5YUlVNF9SQlVkNTVmY3JMM2t5cmg0enh4ODQ3NzNzVFNWRGNhQlRPRkdwSFV3NEROVjJ1a0FkX21Ka2lFRXM2VjRiVEtCNzh2SlFuUnJJN19icmEwOVhIVzBHMVBUWXR4VXhLc2o0RWYyaTBGb1ZtSmNiaWxmak9neE5ZOVMzU1JaWEJOdkNYZjBMNzBuRVBKNkhiZ05YUQ?oc=5"" target=""_blank"">招商银行(600036.SH)：执行董事、行长王良因年龄原因辞任</a>&nbsp;&nbsp;<font color=""#6f6f6f"">富途牛牛</font>",https://news.google.com/rss/articles/CBMiqgFBVV95cUxOMjFnODF5aVFmN1Y5YUlVNF9SQlVkNTVmY3JMM2t5cmg0enh4ODQ3NzNzVFNWRGNhQlRPRkdwSFV3NEROVjJ1a0FkX21Ka2lFRXM2VjRiVEtCNzh2SlFuUnJJN19icmEwOVhIVzBHMVBUWXR4VXhLc2o0RWYyaTBGb1ZtSmNiaWxmak9neE5ZOVMzU1JaWEJOdkNYZjBMNzBuRVBKNkhiZ05YUQ?oc=5,China Merchants Bank,"招商银行(600036.SH)：执行董事、行长王良因年龄原因辞任 - 富途牛牛. <a href=""https://news.google.com/rss/articles/CBMiqgFBVV95cUxOMjFnODF5aVFmN1Y5YUlVNF9SQlVkNTVmY3JMM2t5cmg0enh4ODQ3NzNzVFNWRGNhQlRPRkdwSFV3NEROVjJ1a0FkX21Ka2lFRXM2VjRiVEtCNzh2SlFuUnJJN19icmEwOVhIVzBHMVBUWXR4VXhLc2o0RWYyaTBGb1ZtSmNiaWxmak9neE5ZOVMzU1JaWEJOdkNYZjBMNzBuRVBKNkhiZ05YUQ?oc=5"" target=""_blank"">招商银行(600036.SH)：执行董事、行长王良因年龄原因辞任</a>&nbsp;&nbsp;<font color=""#6f6f6f"">富途牛牛</font>",neutral,0.008839041
2026-04-30,2026-04-30T09:42:00+00:00,600036.SH,"""招商银行"" - Google 新闻",“零售之王”招商银行迎来新行长 王小青接棒王良 - 新浪财经,"<a href=""https://news.google.com/rss/articles/CBMidkFVX3lxTFAyRWlQY3RIWWlvUVZTSzhDZ0pFZDVRTnBfNHpMYUxNV0c0bmgtR1J3UFlSclZ2aGdUY2NjWi1TSzhud1hhVVNNd3g4bzlOUEJNQ3k1dWVqd0R5ZGw5YWdUWW1jcXJfUDlkRHlOWngyYWFnbGtFamc?oc=5"" target=""_blank"">“零售之王”招商银行迎来新行长 王小青接棒王良</a>&nbsp;&nbsp;<font color=""#6f6f6f"">新浪财经</font>",https://news.google.com/rss/articles/CBMidkFVX3lxTFAyRWlQY3RIWWlvUVZTSzhDZ0pFZDVRTnBfNHpMYUxNV0c0bmgtR1J3UFlSclZ2aGdUY2NjWi1TSzhud1hhVVNNd3g4bzlOUEJNQ3k1dWVqd0R5ZGw5YWdUWW1jcXJfUDlkRHlOWngyYWFnbGtFamc?oc=5,招商银行,"“零售之王”招商银行迎来新行长 王小青接棒王良 - 新浪财经. <a href=""https://news.google.com/rss/articles/CBMidkFVX3lxTFAyRWlQY3RIWWlvUVZTSzhDZ0pFZDVRTnBfNHpMYUxNV0c0bmgtR1J3UFlSclZ2aGdUY2NjWi1TSzhud1hhVVNNd3g4bzlOUEJNQ3k1dWVqd0R5ZGw5YWdUWW1jcXJfUDlkRHlOWngyYWFnbGtFamc?oc=5"" target=""_blank"">“零售之王”招商银行迎来新行长 王小青接棒王良</a>&nbsp;&nbsp;<font color=""#6f6f6f"">新浪财经</font>",neutral,0.043566074
2026-04-30,2026-04-30T09:47:05+00:00,600036.SH,"""China Merchants Bank"" - Google News","Leadership Change Amid a Low-Interest-Rate Cycle: CMB's Wang Liang Retires, Wang Xiaoqing Takes the Helm of the ""Retail King"" - Moomoo","<a href=""https://news.google.com/rss/articles/CBMinAFBVV95cUxOaWRGRXl1TnNKSVpLQ0xNc0NFUzJLaUR0Z085Nk9SSTRVY2JTUTAxQVZjZFJXM0dCU1dYVUxfMGJIZTZ0RFB0T0NMTm5lelpELThhQXVBMllPVkFTdUJoZ01xTTN1U3FMaVNNUjdNbFNTbFF3dENZLTU2aTNWRjJLZjNSMDhLeWZNQk1iWHpJSUpHQW15cTVNQy1aaGo?oc=5"" target=""_blank"">Leadership Change Amid a Low-Interest-Rate Cycle: CMB's Wang Liang Retires, Wang Xiaoqing Takes the Helm of the ""Retail King""</a>&nbsp;&nbsp;<font color=""#6f6f6f"">Moomoo</font>",https://news.google.com/rss/articles/CBMinAFBVV95cUxOaWRGRXl1TnNKSVpLQ0xNc0NFUzJLaUR0Z085Nk9SSTRVY2JTUTAxQVZjZFJXM0dCU1dYVUxfMGJIZTZ0RFB0T0NMTm5lelpELThhQXVBMllPVkFTdUJoZ01xTTN1U3FMaVNNUjdNbFNTbFF3dENZLTU2aTNWRjJLZjNSMDhLeWZNQk1iWHpJSUpHQW15cTVNQy1aaGo?oc=5,China Merchants Bank,"Leadership Change Amid a Low-Interest-Rate Cycle: CMB's Wang Liang Retires, Wang Xiaoqing Takes the Helm of the ""Retail King"" - Moomoo. <a href=""https://news.google.com/rss/articles/CBMinAFBVV95cUxOaWRGRXl1TnNKSVpLQ0xNc0NFUzJLaUR0Z085Nk9SSTRVY2JTUTAxQVZjZFJXM0dCU1dYVUxfMGJIZTZ0RFB0T0NMTm5lelpELThhQXVBMllPVkFTdUJoZ01xTTN1U3FMaVNNUjdNbFNTbFF3dENZLTU2aTNWRjJLZjNSMDhLeWZNQk1iWHpJSUpHQW15cTVNQy1aaGo?oc=5"" target=""_blank"">Leadership Change Amid a Low-Interest-Rate Cycle: CMB's Wang Liang Retires, Wang Xiaoqing Takes the Helm of the ""Retail King""</a>&nbsp;&nbsp;<font color=""#6f6f6f"">Moomoo</font>",neutral,-0.04746153
2026-04-30,2026-04-30T10:12:00+00:00,600036.SH,"""600036"" - Google 新闻",招商银行(600036.SH)：执行董事、行长王良因年龄原因辞任 - 新浪财经,"<a href=""https://news.google.com/rss/articles/CBMiiAFBVV95cUxNZWQxUnhoaE1XSWEwSFBSRWhKa3VqWDBqa0lDT0w3OU9iTlpGaVFPQzZ1bFNrcGpWZUZNME1IWmVBNlN2QTB5OHlGWEpOSUdFdDJLM0x5QmMyLVZXUERlZ1pnRXY2aDZVYlBmOVJlbGtxT2hnN0I5OVJPbk1pTTV2a1pGcUg5eXRK?oc=5"" target=""_blank"">招商银行(600036.SH)：执行董事、行长王良因年龄原因辞任</a>&nbsp;&nbsp;<font color=""#6f6f6f"">新浪财经</font>",https://news.google.com/rss/articles/CBMiiAFBVV95cUxNZWQxUnhoaE1XSWEwSFBSRWhKa3VqWDBqa0lDT0w3OU9iTlpGaVFPQzZ1bFNrcGpWZUZNME1IWmVBNlN2QTB5OHlGWEpOSUdFdDJLM0x5QmMyLVZXUERlZ1pnRXY2aDZVYlBmOVJlbGtxT2hnN0I5OVJPbk1pTTV2a1pGcUg5eXRK?oc=5,600036,"招商银行(600036.SH)：执行董事、行长王良因年龄原因辞任 - 新浪财经. <a href=""https://news.google.com/rss/articles/CBMiiAFBVV95cUxNZWQxUnhoaE1XSWEwSFBSRWhKa3VqWDBqa0lDT0w3OU9iTlpGaVFPQzZ1bFNrcGpWZUZNME1IWmVBNlN2QTB5OHlGWEpOSUdFdDJLM0x5QmMyLVZXUERlZ1pnRXY2aDZVYlBmOVJlbGtxT2hnN0I5OVJPbk1pTTV2a1pGcUg5eXRK?oc=5"" target=""_blank"">招商银行(600036.SH)：执行董事、行长王良因年龄原因辞任</a>&nbsp;&nbsp;<font color=""#6f6f6f"">新浪财经</font>",neutral,0.009638019
2026-04-30,2026-04-30T10:52:40+00:00,600036.SH,"""招商银行"" - Google 新闻",招商银行：王良因年龄原因辞任 - 东方财富,"<a href=""https://news.google.com/rss/articles/CBMiZkFVX3lxTE9pR1hOM1N6ejgzMHhtSW43cnA5eDh3bTNMUmZtell4dk9PZ0NLTXNLcjM4blNtc0RSN3JqVmFpb1dLZEZpOFVrSTFWVEE5dWRadzhVcUxTa1lsRW1lalloQVFGZXBiZw?oc=5"" target=""_blank"">招商银行：王良因年龄原因辞任</a>&nbsp;&nbsp;<font color=""#6f6f6f"">东方财富</font>",https://news.google.com/rss/articles/CBMiZkFVX3lxTE9pR1hOM1N6ejgzMHhtSW43cnA5eDh3bTNMUmZtell4dk9PZ0NLTXNLcjM4blNtc0RSN3JqVmFpb1dLZEZpOFVrSTFWVEE5dWRadzhVcUxTa1lsRW1lalloQVFGZXBiZw?oc=5,招商银行,"招商银行：王良因年龄原因辞任 - 东方财富. <a href=""https://news.google.com/rss/articles/CBMiZkFVX3lxTE9pR1hOM1N6ejgzMHhtSW43cnA5eDh3bTNMUmZtell4dk9PZ0NLTXNLcjM4blNtc0RSN3JqVmFpb1dLZEZpOFVrSTFWVEE5dWRadzhVcUxTa1lsRW1lalloQVFGZXBiZw?oc=5"" target=""_blank"">招商银行：王良因年龄原因辞任</a>&nbsp;&nbsp;<font color=""#6f6f6f"">东方财富</font>",neutral,0.008602008
2026-04-30,2026-04-30T10:55:54+00:00,600036.SH,"""招商银行"" - Google 新闻",王小青接任招商银行行长 - 东方财富,"<a href=""https://news.google.com/rss/articles/CBMiYEFVX3lxTE5lN0J4cXloZ2syblhxNHdRak5MZDFVQ3Fnc0Z2eks1dDZHb2ZPRDFSOFJLYXN0Uzc0ODE5UzJCaGVGRnB0ZC1Ld0JHREVBZ2FHdENvSi1SZ0dLaDRRQUthSA?oc=5"" target=""_blank"">王小青接任招商银行行长</a>&nbsp;&nbsp;<font color=""#6f6f6f"">东方财富</font>",https://news.google.com/rss/articles/CBMiYEFVX3lxTE5lN0J4cXloZ2syblhxNHdRak5MZDFVQ3Fnc0Z2eks1dDZHb2ZPRDFSOFJLYXN0Uzc0ODE5UzJCaGVGRnB0ZC1Ld0JHREVBZ2FHdENvSi1SZ0dLaDRRQUthSA?oc=5,招商银行,"王小青接任招商银行行长 - 东方财富. <a href=""https://news.google.com/rss/articles/CBMiYEFVX3lxTE5lN0J4cXloZ2syblhxNHdRak5MZDFVQ3Fnc0Z2eks1dDZHb2ZPRDFSOFJLYXN0Uzc0ODE5UzJCaGVGRnB0ZC1Ld0JHREVBZ2FHdENvSi1SZ0dLaDRRQUthSA?oc=5"" target=""_blank"">王小青接任招商银行行长</a>&nbsp;&nbsp;<font color=""#6f6f6f"">东方财富</font>",neutral,-0.0075512603
2026-04-30,2026-04-30T11:10:03+00:00,600036.SH,"""China Merchants Bank"" - Google News",China Merchants Bank President Wang Liang to Step Down in 2026 - TipRanks,"<a href=""https://news.google.com/rss/articles/CBMitAFBVV95cUxOTTdzQlcyOW1zQjgtNmdUelEwbW5QcFlQVEtlWmZIcHBoM25xLXR2Q1pmVUExdEY1azBYT09RVTdNUDFDZlZQSGFwbUpZV2N2S19Ed3JTQ0RBOGE5bDdwQjdNRTJpdUQ5RnQ3MUlLTzdNS0tjVkhFckRPN2hQdmFzbndPeG85T1JDczlsalJaZmVpU05Yb1FZNGJLZ3hSVENyb2trZ2NYVHhDRWtCSXZwTGRfNjU?oc=5"" target=""_blank"">China Merchants Bank President Wang Liang to Step Down in 2026</a>&nbsp;&nbsp;<font color=""#6f6f6f"">TipRanks</font>",https://news.google.com/rss/articles/CBMitAFBVV95cUxOTTdzQlcyOW1zQjgtNmdUelEwbW5QcFlQVEtlWmZIcHBoM25xLXR2Q1pmVUExdEY1azBYT09RVTdNUDFDZlZQSGFwbUpZV2N2S19Ed3JTQ0RBOGE5bDdwQjdNRTJpdUQ5RnQ3MUlLTzdNS0tjVkhFckRPN2hQdmFzbndPeG85T1JDczlsalJaZmVpU05Yb1FZNGJLZ3hSVENyb2trZ2NYVHhDRWtCSXZwTGRfNjU?oc=5,China Merchants Bank,"China Merchants Bank President Wang Liang to Step Down in 2026 - TipRanks. <a href=""https://news.google.com/rss/articles/CBMitAFBVV95cUxOTTdzQlcyOW1zQjgtNmdUelEwbW5QcFlQVEtlWmZIcHBoM25xLXR2Q1pmVUExdEY1azBYT09RVTdNUDFDZlZQSGFwbUpZV2N2S19Ed3JTQ0RBOGE5bDdwQjdNRTJpdUQ5RnQ3MUlLTzdNS0tjVkhFckRPN2hQdmFzbndPeG85T1JDczlsalJaZmVpU05Yb1FZNGJLZ3hSVENyb2trZ2NYVHhDRWtCSXZwTGRfNjU?oc=5"" target=""_blank"">China Merchants Bank President Wang Liang to Step Down in 2026</a>&nbsp;&nbsp;<font color=""#6f6f6f"">TipRanks</font>",negative,-0.7064167
2026-04-30,2026-04-30T11:41:08+00:00,600036.SH,"""招商银行"" - Google 新闻",招商银行聘任王小青为行长 - 东方财富,"<a href=""https://news.google.com/rss/articles/CBMiYEFVX3lxTE91VFEyR05lSDlXUEdXcm5ESVBZc3NxXzBpbHNoMlpfQWFNVU0zeHhNTmRiNVFBTDV4aGVSOEtDcGJJVUNWOGg4WERSWXZ6ZnZfY3FsUHQyQ3BISHl3a2pyUw?oc=5"" target=""_blank"">招商银行聘任王小青为行长</a>&nbsp;&nbsp;<font color=""#6f6f6f"">东方财富</font>",https://news.google.com/rss/articles/CBMiYEFVX3lxTE91VFEyR05lSDlXUEdXcm5ESVBZc3NxXzBpbHNoMlpfQWFNVU0zeHhNTmRiNVFBTDV4aGVSOEtDcGJJVUNWOGg4WERSWXZ6ZnZfY3FsUHQyQ3BISHl3a2pyUw?oc=5,招商银行,"招商银行聘任王小青为行长 - 东方财富. <a href=""https://news.google.com/rss/articles/CBMiYEFVX3lxTE91VFEyR05lSDlXUEdXcm5ESVBZc3NxXzBpbHNoMlpfQWFNVU0zeHhNTmRiNVFBTDV4aGVSOEtDcGJJVUNWOGg4WERSWXZ6ZnZfY3FsUHQyQ3BISHl3a2pyUw?oc=5"" target=""_blank"">招商银行聘任王小青为行长</a>&nbsp;&nbsp;<font color=""#6f6f6f"">东方财富</font>",neutral,0.0011129528
2026-04-30,2026-04-30T11:47:25+00:00,600036.SH,"""China Merchants Bank"" - Google News","Wang Xiaoqing, a member of the 'post-70s generation,' has been announced as the successor to assume the role of president at China Merchants Bank, marking the 34-year career journey of a versatile financial expert. - 富途牛牛","<a href=""https://news.google.com/rss/articles/CBMimgFBVV95cUxOSWpTVkt4ZC03UHpSYjFCbjFnaXVSamRoOXYwYnpRRWdOM0VLVkM0ejU4ZHhMa2lEOHFrdGE5dDNnX29pamo5QklQSl9iTE96TlZCNkJNMEV3THhZZ1pHUWtSSzJUMjBoZWhBdnNSem80b0E1SFZYMmxHbE9KOW9teW1LVHhIYk5pMWxKbFhqbERkYWdGRGVuM0RR?oc=5"" target=""_blank"">Wang Xiaoqing, a member of the 'post-70s generation,' has been announced as the successor to assume the role of president at China Merchants Bank, marking the 34-year career journey of a versatile financial expert.</a>&nbsp;&nbsp;<font color=""#6f6f6f"">富途牛牛</font>",https://news.google.com/rss/articles/CBMimgFBVV95cUxOSWpTVkt4ZC03UHpSYjFCbjFnaXVSamRoOXYwYnpRRWdOM0VLVkM0ejU4ZHhMa2lEOHFrdGE5dDNnX29pamo5QklQSl9iTE96TlZCNkJNMEV3THhZZ1pHUWtSSzJUMjBoZWhBdnNSem80b0E1SFZYMmxHbE9KOW9teW1LVHhIYk5pMWxKbFhqbERkYWdGRGVuM0RR?oc=5,China Merchants Bank,"Wang Xiaoqing, a member of the 'post-70s generation,' has been announced as the successor to assume the role of president at China Merchants Bank, marking the 34-year career journey of a versatile financial expert. - 富途牛牛. <a href=""https://news.google.com/rss/articles/CBMimgFBVV95cUxOSWpTVkt4ZC03UHpSYjFCbjFnaXVSamRoOXYwYnpRRWdOM0VLVkM0ejU4ZHhMa2lEOHFrdGE5dDNnX29pamo5QklQSl9iTE96TlZCNkJNMEV3THhZZ1pHUWtSSzJUMjBoZWhBdnNSem80b0E1SFZYMmxHbE9KOW9teW1LVHhIYk5pMWxKbFhqbERkYWdGRGVuM0RR?oc=5"" target=""_blank"">Wang Xiaoqing, a member of the 'post-70s generation,' has been announced as the successor to assume the role of president at China Merchants Bank, marking the 34-year career journey of a versatile financial expert.</a>&nbsp;&nbsp;<font color=""#6f6f6f"">富途牛牛</font>",neutral,0.08477219
2026-04-30,2026-04-30T11:58:55+00:00,600036.SH,"""China Merchants Bank"" - Google News",China Merchants Bank Updates Board Composition and Committee Roles - TipRanks,"<a href=""https://news.google.com/rss/articles/CBMiugFBVV95cUxNTU9hVkp6MWxNS04wY3J0cS02cmpIZUkxVHVBX0VsS3lwWWtHaU5yQUpKRGdwaExmVHFtOWNEZmpMR016QngwWGNmck01S1o1YnpjcTNkTXZTTDdMUUpBeC04cGhtMVpITFRBRENFNXdENjFRU01LWm16U21xa081TGh3dGRVOFA4NUNmRE01VGpVSTJuaUtQa1k3OXl1UWt0azR5S2JuQUtEZ2JOOFF3WjhPakw2cS1sYmc?oc=5"" target=""_blank"">China Merchants Bank Updates Board Composition and Committee Roles</a>&nbsp;&nbsp;<font color=""#6f6f6f"">TipRanks</font>",https://news.google.com/rss/articles/CBMiugFBVV95cUxNTU9hVkp6MWxNS04wY3J0cS02cmpIZUkxVHVBX0VsS3lwWWtHaU5yQUpKRGdwaExmVHFtOWNEZmpMR016QngwWGNmck01S1o1YnpjcTNkTXZTTDdMUUpBeC04cGhtMVpITFRBRENFNXdENjFRU01LWm16U21xa081TGh3dGRVOFA4NUNmRE01VGpVSTJuaUtQa1k3OXl1UWt0azR5S2JuQUtEZ2JOOFF3WjhPakw2cS1sYmc?oc=5,China Merchants Bank,"China Merchants Bank Updates Board Composition and Committee Roles - TipRanks. <a href=""https://news.google.com/rss/articles/CBMiugFBVV95cUxNTU9hVkp6MWxNS04wY3J0cS02cmpIZUkxVHVBX0VsS3lwWWtHaU5yQUpKRGdwaExmVHFtOWNEZmpMR016QngwWGNmck01S1o1YnpjcTNkTXZTTDdMUUpBeC04cGhtMVpITFRBRENFNXdENjFRU01LWm16U21xa081TGh3dGRVOFA4NUNmRE01VGpVSTJuaUtQa1k3OXl1UWt0azR5S2JuQUtEZ2JOOFF3WjhPakw2cS1sYmc?oc=5"" target=""_blank"">China Merchants Bank Updates Board Composition and Committee Roles</a>&nbsp;&nbsp;<font color=""#6f6f6f"">TipRanks</font>",neutral,-0.005604122
2026-04-30,2026-04-30T11:58:55+00:00,600036.SH,"""China Merchants Bank"" - Google News",China Merchants Bank Names New President and Honors Retiring Leader - TipRanks,"<a href=""https://news.google.com/rss/articles/CBMiuwFBVV95cUxQZHhJQVIwT0FuLXVaYlFheXdxNUtMSXFXM25SWXJPSncxY3JNX29fbFBLRGt1anZzRGhCVkp6S3A2TXVoelhfcHNlOU9yTGtNd0lldlJ6cG4xMS1IbUd0cUVrTGp5RWdvOWttR2ptTDlvS2lqQ3NpdW9QeUhpRnlqU0pILUdNNXdKU3BneEIwVjVpWG44MENuZnJ4TzJPVy10QndQQnYzOV8tRmVyRDFFbWNUVzJpVXJESU1R?oc=5"" target=""_blank"">China Merchants Bank Names New President and Honors Retiring Leader</a>&nbsp;&nbsp;<font color=""#6f6f6f"">TipRanks</font>",https://news.google.com/rss/articles/CBMiuwFBVV95cUxQZHhJQVIwT0FuLXVaYlFheXdxNUtMSXFXM25SWXJPSncxY3JNX29fbFBLRGt1anZzRGhCVkp6S3A2TXVoelhfcHNlOU9yTGtNd0lldlJ6cG4xMS1IbUd0cUVrTGp5RWdvOWttR2ptTDlvS2lqQ3NpdW9QeUhpRnlqU0pILUdNNXdKU3BneEIwVjVpWG44MENuZnJ4TzJPVy10QndQQnYzOV8tRmVyRDFFbWNUVzJpVXJESU1R?oc=5,China Merchants Bank,"China Merchants Bank Names New President and Honors Retiring Leader - TipRanks. <a href=""https://news.google.com/rss/articles/CBMiuwFBVV95cUxQZHhJQVIwT0FuLXVaYlFheXdxNUtMSXFXM25SWXJPSncxY3JNX29fbFBLRGt1anZzRGhCVkp6S3A2TXVoelhfcHNlOU9yTGtNd0lldlJ6cG4xMS1IbUd0cUVrTGp5RWdvOWttR2ptTDlvS2lqQ3NpdW9QeUhpRnlqU0pILUdNNXdKU3BneEIwVjVpWG44MENuZnJ4TzJPVy10QndQQnYzOV8tRmVyRDFFbWNUVzJpVXJESU1R?oc=5"" target=""_blank"">China Merchants Bank Names New President and Honors Retiring Leader</a>&nbsp;&nbsp;<font color=""#6f6f6f"">TipRanks</font>",neutral,-0.0028531589
2026-04-30,2026-04-30T12:19:00+00:00,600036.SH,"""招商银行"" - Google 新闻",跨越千里，残币“新生”——招商银行上海分行协助客户兑换暴雨浸泡现金 - 新浪财经,"<a href=""https://news.google.com/rss/articles/CBMieEFVX3lxTE1fTHAwdmxWS2JSS3pHNjNBbFJPMVdlNndXTmtFOFVWYjZQVjU1UlBNdjBmWTZ5TUplM3JlQXMyUlpIeC0wSXQ5cmhKN3hvaFhXb25DandiZzkwNk5lN0pMTVc1UXdrRFo2dVhrenhsdXNGaElKWnhMcg?oc=5"" target=""_blank"">跨越千里，残币“新生”——招商银行上海分行协助客户兑换暴雨浸泡现金</a>&nbsp;&nbsp;<font color=""#6f6f6f"">新浪财经</font>",https://news.google.com/rss/articles/CBMieEFVX3lxTE1fTHAwdmxWS2JSS3pHNjNBbFJPMVdlNndXTmtFOFVWYjZQVjU1UlBNdjBmWTZ5TUplM3JlQXMyUlpIeC0wSXQ5cmhKN3hvaFhXb25DandiZzkwNk5lN0pMTVc1UXdrRFo2dVhrenhsdXNGaElKWnhMcg?oc=5,招商银行,"跨越千里，残币“新生”——招商银行上海分行协助客户兑换暴雨浸泡现金 - 新浪财经. <a href=""https://news.google.com/rss/articles/CBMieEFVX3lxTE1fTHAwdmxWS2JSS3pHNjNBbFJPMVdlNndXTmtFOFVWYjZQVjU1UlBNdjBmWTZ5TUplM3JlQXMyUlpIeC0wSXQ5cmhKN3hvaFhXb25DandiZzkwNk5lN0pMTVc1UXdrRFo2dVhrenhsdXNGaElKWnhMcg?oc=5"" target=""_blank"">跨越千里，残币“新生”——招商银行上海分行协助客户兑换暴雨浸泡现金</a>&nbsp;&nbsp;<font color=""#6f6f6f"">新浪财经</font>",neutral,0.06260408
2026-04-30,2026-04-30T12:49:32+00:00,600036.SH,"""招商银行"" - Google 新闻",王小青拟任招商银行第五任行长 - 东方财富,"<a href=""https://news.google.com/rss/articles/CBMiYEFVX3lxTE50TDlGTV84TEI1aE1ZRFZINnFiYUg5ajVfYkdYMlRqWFJma0VIMk91eU9IV2pBc0ZNYmFSSTI5TklpcERSZkRWNTd6NlZTVnhpN05wVE40Ny01R1NtR1B0YQ?oc=5"" target=""_blank"">王小青拟任招商银行第五任行长</a>&nbsp;&nbsp;<font color=""#6f6f6f"">东方财富</font>",https://news.google.com/rss/articles/CBMiYEFVX3lxTE50TDlGTV84TEI1aE1ZRFZINnFiYUg5ajVfYkdYMlRqWFJma0VIMk91eU9IV2pBc0ZNYmFSSTI5TklpcERSZkRWNTd6NlZTVnhpN05wVE40Ny01R1NtR1B0YQ?oc=5,招商银行,"王小青拟任招商银行第五任行长 - 东方财富. <a href=""https://news.google.com/rss/articles/CBMiYEFVX3lxTE50TDlGTV84TEI1aE1ZRFZINnFiYUg5ajVfYkdYMlRqWFJma0VIMk91eU9IV2pBc0ZNYmFSSTI5TklpcERSZkRWNTd6NlZTVnhpN05wVE40Ny01R1NtR1B0YQ?oc=5"" target=""_blank"">王小青拟任招商银行第五任行长</a>&nbsp;&nbsp;<font color=""#6f6f6f"">东方财富</font>",neutral,0.004191216
2026-04-30,2026-04-30T13:26:22+00:00,600036.SH,"""China Merchants Bank"" - Google News",China Merchants Bank Names Wang Xiaoqing as New President - TipRanks,"<a href=""https://news.google.com/rss/articles/CBMirgFBVV95cUxPbjJseHZhM2tsRkR4Q0c5VGdNRjB5UldJdmY0Q2ZtN2V3bncxY09xLW0zeGtpRUlwQ2Fjb1hGTkRmT1VsYWZaVGQ2VFZPbUp6SWpxSGRkUjRDVEt0b2xLUGtPMElmQ1MwNl9tQkVGV2ZqQTYtNlBuVkZOM3JMb2YwZm52NjJkVHdlRFNnUVFMRDBSY0x6bXU3Mzh4V3FJMXVpa0c5Ri1UMVdlOXJ5Q3c?oc=5"" target=""_blank"">China Merchants Bank Names Wang Xiaoqing as New President</a>&nbsp;&nbsp;<font color=""#6f6f6f"">TipRanks</font>",https://news.google.com/rss/articles/CBMirgFBVV95cUxPbjJseHZhM2tsRkR4Q0c5VGdNRjB5UldJdmY0Q2ZtN2V3bncxY09xLW0zeGtpRUlwQ2Fjb1hGTkRmT1VsYWZaVGQ2VFZPbUp6SWpxSGRkUjRDVEt0b2xLUGtPMElmQ1MwNl9tQkVGV2ZqQTYtNlBuVkZOM3JMb2YwZm52NjJkVHdlRFNnUVFMRDBSY0x6bXU3Mzh4V3FJMXVpa0c5Ri1UMVdlOXJ5Q3c?oc=5,China Merchants Bank,"China Merchants Bank Names Wang Xiaoqing as New President - TipRanks. <a href=""https://news.google.com/rss/articles/CBMirgFBVV95cUxPbjJseHZhM2tsRkR4Q0c5VGdNRjB5UldJdmY0Q2ZtN2V3bncxY09xLW0zeGtpRUlwQ2Fjb1hGTkRmT1VsYWZaVGQ2VFZPbUp6SWpxSGRkUjRDVEt0b2xLUGtPMElmQ1MwNl9tQkVGV2ZqQTYtNlBuVkZOM3JMb2YwZm52NjJkVHdlRFNnUVFMRDBSY0x6bXU3Mzh4V3FJMXVpa0c5Ri1UMVdlOXJ5Q3c?oc=5"" target=""_blank"">China Merchants Bank Names Wang Xiaoqing as New President</a>&nbsp;&nbsp;<font color=""#6f6f6f"">TipRanks</font>",neutral,0.04025367
2026-04-30,2026-04-30T14:26:24+00:00,600036.SH,"""招商银行"" - Google 新闻",首位资管出身行长诞生？13.5万亿招商银行换帅：70后王小青接棒王良，曾任人保资产副总裁 - 新浪财经,"<a href=""https://news.google.com/rss/articles/CBMilgJBVV95cUxQLTNRaDJnSGJXNHAzc2ZUcEY1Z0ZieWwxWUJGZFNscmVMWTlHdTQ2Yk1jd2xtaE5BQXFpZHRxMXNJdXYxN1BBSVpSaG9xSThUNWs4dWF5eUVieUx1enFPSTNPM3pMV1pXeEs2STB2RFpRUmtfcXNTVUQwQUJ3Nm11YldiaWtpSW1fd1pQY1RyTDVLUmk2cDZjUHV0RUNQckpJZWhXMEZObExVUy1KOWhiYm52OVJuQjVfakJkYXMtWnVXVExQeXhuZTlJUUlaTldIU0MyejJTZ0JRWS13UVctT01TU2dDbFpfWVZxa2VDSWxySW1tLVlFU3BLbHpNbmM2d0MwVlR3SkhPOGtUQkFtZjlRLUE2dw?oc=5"" target=""_blank"">首位资管出身行长诞生？13.5万亿招商银行换帅：70后王小青接棒王良，曾任人保资产副总裁</a>&nbsp;&nbsp;<font color=""#6f6f6f"">新浪财经</font>",https://news.google.com/rss/articles/CBMilgJBVV95cUxQLTNRaDJnSGJXNHAzc2ZUcEY1Z0ZieWwxWUJGZFNscmVMWTlHdTQ2Yk1jd2xtaE5BQXFpZHRxMXNJdXYxN1BBSVpSaG9xSThUNWs4dWF5eUVieUx1enFPSTNPM3pMV1pXeEs2STB2RFpRUmtfcXNTVUQwQUJ3Nm11YldiaWtpSW1fd1pQY1RyTDVLUmk2cDZjUHV0RUNQckpJZWhXMEZObExVUy1KOWhiYm52OVJuQjVfakJkYXMtWnVXVExQeXhuZTlJUUlaTldIU0MyejJTZ0JRWS13UVctT01TU2dDbFpfWVZxa2VDSWxySW1tLVlFU3BLbHpNbmM2d0MwVlR3SkhPOGtUQkFtZjlRLUE2dw?oc=5,招商银行,"首位资管出身行长诞生？13.5万亿招商银行换帅：70后王小青接棒王良，曾任人保资产副总裁 - 新浪财经. <a href=""https://news.google.com/rss/articles/CBMilgJBVV95cUxQLTNRaDJnSGJXNHAzc2ZUcEY1Z0ZieWwxWUJGZFNscmVMWTlHdTQ2Yk1jd2xtaE5BQXFpZHRxMXNJdXYxN1BBSVpSaG9xSThUNWs4dWF5eUVieUx1enFPSTNPM3pMV1pXeEs2STB2RFpRUmtfcXNTVUQwQUJ3Nm11YldiaWtpSW1fd1pQY1RyTDVLUmk2cDZjUHV0RUNQckpJZWhXMEZObExVUy1KOWhiYm52OVJuQjVfakJkYXMtWnVXVExQeXhuZTlJUUlaTldIU0MyejJTZ0JRWS13UVctT01TU2dDbFpfWVZxa2VDSWxySW1tLVlFU3BLbHpNbmM2d0MwVlR3SkhPOGtUQkFtZjlRLUE2dw?oc=5"" target=""_blank"">首位资管出身行长诞生？13.5万亿招商银行换帅：70后王小青接棒王良，曾任人保资产副总裁</a>&nbsp;&nbsp;<font color=""#6f6f6f"">新浪财经</font>",neutral,0.019464858
2026-04-30,2026-04-30T14:43:22+00:00,600036.SH,"""China Merchants Bank"" - Google News",China Merchants Bank president Wang Liang resigns - marketscreener.com,"<a href=""https://news.google.com/rss/articles/CBMipAFBVV95cUxQV2pYVUhWdkc4RzJkZWRzYjBndzgxbjJLOHFPbnVVekc1akVGMS1iNTRJR0Vjc1p2bGVSZV9NSjZkekR2TjlaRWxPeS1ieGtrS1A4T1paR3RiNHpOUFVVZ0w3WWJfU2pmSzF0eVVtWWMzTlR3S29jWXhST1R3MDlQbmV1OElGMXNZdkNhWlk5anpQYzNSc2ljbGlKUzRnQUFmbFJMVQ?oc=5"" target=""_blank"">China Merchants Bank president Wang Liang resigns</a>&nbsp;&nbsp;<font color=""#6f6f6f"">marketscreener.com</font>",https://news.google.com/rss/articles/CBMipAFBVV95cUxQV2pYVUhWdkc4RzJkZWRzYjBndzgxbjJLOHFPbnVVekc1akVGMS1iNTRJR0Vjc1p2bGVSZV9NSjZkekR2TjlaRWxPeS1ieGtrS1A4T1paR3RiNHpOUFVVZ0w3WWJfU2pmSzF0eVVtWWMzTlR3S29jWXhST1R3MDlQbmV1OElGMXNZdkNhWlk5anpQYzNSc2ljbGlKUzRnQUFmbFJMVQ?oc=5,China Merchants Bank,"China Merchants Bank president Wang Liang resigns - marketscreener.com. <a href=""https://news.google.com/rss/articles/CBMipAFBVV95cUxQV2pYVUhWdkc4RzJkZWRzYjBndzgxbjJLOHFPbnVVekc1akVGMS1iNTRJR0Vjc1p2bGVSZV9NSjZkekR2TjlaRWxPeS1ieGtrS1A4T1paR3RiNHpOUFVVZ0w3WWJfU2pmSzF0eVVtWWMzTlR3S29jWXhST1R3MDlQbmV1OElGMXNZdkNhWlk5anpQYzNSc2ljbGlKUzRnQUFmbFJMVQ?oc=5"" target=""_blank"">China Merchants Bank president Wang Liang resigns</a>&nbsp;&nbsp;<font color=""#6f6f6f"">marketscreener.com</font>",negative,-0.7798252
2026-04-30,2026-04-30T15:53:26+00:00,600036.SH,"""招商银行"" - Google 新闻",招商银行高层更迭：行长王良到龄退休，王小青接棒 - 东方财富,"<a href=""https://news.google.com/rss/articles/CBMiYEFVX3lxTE1RR0p1bjVQMzlMd2NFWEtENGc1aUlEX0U2dFVXV3FwZ2dnVHFNQlhYTXoweGlOdWFVX0paTklnSm1Na3BtLVp0QVhnMk5zOHRUa1ZqVGRCeXJTNURzREJWYw?oc=5"" target=""_blank"">招商银行高层更迭：行长王良到龄退休，王小青接棒</a>&nbsp;&nbsp;<font color=""#6f6f6f"">东方财富</font>",https://news.google.com/rss/articles/CBMiYEFVX3lxTE1RR0p1bjVQMzlMd2NFWEtENGc1aUlEX0U2dFVXV3FwZ2dnVHFNQlhYTXoweGlOdWFVX0paTklnSm1Na3BtLVp0QVhnMk5zOHRUa1ZqVGRCeXJTNURzREJWYw?oc=5,招商银行,"招商银行高层更迭：行长王良到龄退休，王小青接棒 - 东方财富. <a href=""https://news.google.com/rss/articles/CBMiYEFVX3lxTE1RR0p1bjVQMzlMd2NFWEtENGc1aUlEX0U2dFVXV3FwZ2dnVHFNQlhYTXoweGlOdWFVX0paTklnSm1Na3BtLVp0QVhnMk5zOHRUa1ZqVGRCeXJTNURzREJWYw?oc=5"" target=""_blank"">招商银行高层更迭：行长王良到龄退休，王小青接棒</a>&nbsp;&nbsp;<font color=""#6f6f6f"">东方财富</font>",neutral,0.016625345
2026-04-30,2026-04-30T17:13:49+00:00,600036.SH,"""China Merchants Bank"" - Google 新闻",全球资本峰会暨金曜奖评选 - 新浪财经,"<a href=""https://news.google.com/rss/articles/CBMi9gNBVV95cUxQR1RoSnlPVFZQVVdyNlBSN3E3R1BFYVRpRUhmVVU1UWw1aFJnZzRTOE1zQWZMYUtELUFOVUY5RTJIWVFLckh2U0hTU0h4aEQtY3o3V3RDNFR2aE0xaUVHa05NX1k1X0oydjFGOXI3clN4aHQ2RjlPNXJ2RzRySUJ5WFo2eU5lYWQyeG9paG9lUVdNZ21JN2FtV01WcnJmUWJWdVFGTnp0MzhoaFV5OTZEMzR2eDlHdzAydUhVWlhsWDlNN2UzVC1kbGZIMXZKT0YwZDQ1Mzk3aTFMN052TWh1NERKZXFVM01RVXBsOG50enVlcDBzX1BHMkY0c1dPSmNIU1Y1enpKQlRoamhhMGt6NGUzZkZJS2t1eVk1OGI2TEk4T1lyd3VKbjdXNnZqampOWElCRmlvSnhjVFVaTENXUC0xQk9Ea2xCLU9mQ3FHMXRIcUE2X3RySnRoeHN2azVpYk5QSGhSajVhNERXdUdnNFloM2NnTml0eU9wUjNtb3htNndkMUEyWF8xLURhVjdUZFQxZmNUaHJYem5RbGU4b2xfX3RTVEFZSzV4N29sQ1h6SmlVOVF5eUVWLThKLVNPNU13a09VTkktSXlrRWVpSXZyT1ZQeTdpQlVqSUZwZnBTWTJZZklPMVFpV3RoS2pCVldqVS1n?oc=5"" target=""_blank"">全球资本峰会暨金曜奖评选</a>&nbsp;&nbsp;<font color=""#6f6f6f"">新浪财经</font>",https://news.google.com/rss/articles/CBMi9gNBVV95cUxQR1RoSnlPVFZQVVdyNlBSN3E3R1BFYVRpRUhmVVU1UWw1aFJnZzRTOE1zQWZMYUtELUFOVUY5RTJIWVFLckh2U0hTU0h4aEQtY3o3V3RDNFR2aE0xaUVHa05NX1k1X0oydjFGOXI3clN4aHQ2RjlPNXJ2RzRySUJ5WFo2eU5lYWQyeG9paG9lUVdNZ21JN2FtV01WcnJmUWJWdVFGTnp0MzhoaFV5OTZEMzR2eDlHdzAydUhVWlhsWDlNN2UzVC1kbGZIMXZKT0YwZDQ1Mzk3aTFMN052TWh1NERKZXFVM01RVXBsOG50enVlcDBzX1BHMkY0c1dPSmNIU1Y1enpKQlRoamhhMGt6NGUzZkZJS2t1eVk1OGI2TEk4T1lyd3VKbjdXNnZqampOWElCRmlvSnhjVFVaTENXUC0xQk9Ea2xCLU9mQ3FHMXRIcUE2X3RySnRoeHN2azVpYk5QSGhSajVhNERXdUdnNFloM2NnTml0eU9wUjNtb3htNndkMUEyWF8xLURhVjdUZFQxZmNUaHJYem5RbGU4b2xfX3RTVEFZSzV4N29sQ1h6SmlVOVF5eUVWLThKLVNPNU13a09VTkktSXlrRWVpSXZyT1ZQeTdpQlVqSUZwZnBTWTJZZklPMVFpV3RoS2pCVldqVS1n?oc=5,China Merchants Bank,"全球资本峰会暨金曜奖评选 - 新浪财经. <a href=""https://news.google.com/rss/articles/CBMi9gNBVV95cUxQR1RoSnlPVFZQVVdyNlBSN3E3R1BFYVRpRUhmVVU1UWw1aFJnZzRTOE1zQWZMYUtELUFOVUY5RTJIWVFLckh2U0hTU0h4aEQtY3o3V3RDNFR2aE0xaUVHa05NX1k1X0oydjFGOXI3clN4aHQ2RjlPNXJ2RzRySUJ5WFo2eU5lYWQyeG9paG9lUVdNZ21JN2FtV01WcnJmUWJWdVFGTnp0MzhoaFV5OTZEMzR2eDlHdzAydUhVWlhsWDlNN2UzVC1kbGZIMXZKT0YwZDQ1Mzk3aTFMN052TWh1NERKZXFVM01RVXBsOG50enVlcDBzX1BHMkY0c1dPSmNIU1Y1enpKQlRoamhhMGt6NGUzZkZJS2t1eVk1OGI2TEk4T1lyd3VKbjdXNnZqampOWElCRmlvSnhjVFVaTENXUC0xQk9Ea2xCLU9mQ3FHMXRIcUE2X3RySnRoeHN2azVpYk5QSGhSajVhNERXdUdnNFloM2NnTml0eU9wUjNtb3htNndkMUEyWF8xLURhVjdUZFQxZmNUaHJYem5RbGU4b2xfX3RTVEFZSzV4N29sQ1h6SmlVOVF5eUVWLThKLVNPNU13a09VTkktSXlrRWVpSXZyT1ZQeTdpQlVqSUZwZnBTWTJZZklPMVFpV3RoS2pCVldqVS1n?oc=5"" target=""_blank"">全球资本峰会暨金曜奖评选</a>&nbsp;&nbsp;<font color=""#6f6f6f"">新浪财经</font>",neutral,0.016503617
2026-04-30,2026-04-30T23:26:15+00:00,600036.SH,"""招商银行"" - Google 新闻",招商银行换帅！“新掌门”王小青履历“银证保基”全覆盖 - 新浪财经,"<a href=""https://news.google.com/rss/articles/CBMioAJBVV95cUxPM1ZpVkIza1B1OHBUcndUSW9PSjRPdmw5Qmd5SWY0TFBGbVpWeDlGQWZjcXRDM25Odk9TX0tuZS1Ib09xcERRLV9vSFp0SVFwY2UwcnRMc0NicjlidndTMl9RWm1PMlFqSUpjWUhlcDlJenBUb2kzaHVLOTNKN2V5bVUxZ3E2YnJhNGoyOVlLVV9zdWI1WF9YOEpzbldjeVBPRmxkR24zLXFsb19tM0NQdkd4QXBNdkJ6TWRpRkZRNE80Uk5tQ1FBVG9RdHlXRjJ4RmZsMERVcC1uQkg3OExKS0pvNG9xNVN4eDZpOHQ2UC1COUtSQWhmc3hRX2MzcUFxU3pONnRxS213NDJvV04zN21kZnhuWl8wazNTazBZU00?oc=5"" target=""_blank"">招商银行换帅！“新掌门”王小青履历“银证保基”全覆盖</a>&nbsp;&nbsp;<font color=""#6f6f6f"">新浪财经</font>",https://news.google.com/rss/articles/CBMioAJBVV95cUxPM1ZpVkIza1B1OHBUcndUSW9PSjRPdmw5Qmd5SWY0TFBGbVpWeDlGQWZjcXRDM25Odk9TX0tuZS1Ib09xcERRLV9vSFp0SVFwY2UwcnRMc0NicjlidndTMl9RWm1PMlFqSUpjWUhlcDlJenBUb2kzaHVLOTNKN2V5bVUxZ3E2YnJhNGoyOVlLVV9zdWI1WF9YOEpzbldjeVBPRmxkR24zLXFsb19tM0NQdkd4QXBNdkJ6TWRpRkZRNE80Uk5tQ1FBVG9RdHlXRjJ4RmZsMERVcC1uQkg3OExKS0pvNG9xNVN4eDZpOHQ2UC1COUtSQWhmc3hRX2MzcUFxU3pONnRxS213NDJvV04zN21kZnhuWl8wazNTazBZU00?oc=5,招商银行,"招商银行换帅！“新掌门”王小青履历“银证保基”全覆盖 - 新浪财经. <a href=""https://news.google.com/rss/articles/CBMioAJBVV95cUxPM1ZpVkIza1B1OHBUcndUSW9PSjRPdmw5Qmd5SWY0TFBGbVpWeDlGQWZjcXRDM25Odk9TX0tuZS1Ib09xcERRLV9vSFp0SVFwY2UwcnRMc0NicjlidndTMl9RWm1PMlFqSUpjWUhlcDlJenBUb2kzaHVLOTNKN2V5bVUxZ3E2YnJhNGoyOVlLVV9zdWI1WF9YOEpzbldjeVBPRmxkR24zLXFsb19tM0NQdkd4QXBNdkJ6TWRpRkZRNE80Uk5tQ1FBVG9RdHlXRjJ4RmZsMERVcC1uQkg3OExKS0pvNG9xNVN4eDZpOHQ2UC1COUtSQWhmc3hRX2MzcUFxU3pONnRxS213NDJvV04zN21kZnhuWl8wazNTazBZU00?oc=5"" target=""_blank"">招商银行换帅！“新掌门”王小青履历“银证保基”全覆盖</a>&nbsp;&nbsp;<font color=""#6f6f6f"">新浪财经</font>",neutral,0.046719875
2026-05-01,2026-05-01T00:56:00+00:00,600036.SH,"""China Merchants Bank"" - Google News",Citi Sticks to Their Buy Rating for China Merchants Bank Co (CIHHF) - The Globe and Mail,"<a href=""https://news.google.com/rss/articles/CBMi5gFBVV95cUxNQjZNNnl6SlpJNFJsVVVmUTZiMTF1dnhWWVJ4dVdON0lXZVc1SmVoVUZUaWhxZkRVU0RCV3JGWDRRUzMwQ0Z3aGFMb0VEQUR0OUQwaTNMWkJyWkdNVFJqNEdlZlYyV3lsdFBpcXJvd1BJSkc1QllKSjRSSUpJeXdqeUFQOHQwekluMDRfMExKUzhLTTRkVmtBd1J2enRFS3NDbUdTWEpUZGpJTWNrcVZ4TkJwQW5EcXRldWt5RWs0NGFHWkZyemdqakI5cHNCWmxkcEtZa3VMNGhndmx0b2w0UFI4Sk02QQ?oc=5"" target=""_blank"">Citi Sticks to Their Buy Rating for China Merchants Bank Co (CIHHF)</a>&nbsp;&nbsp;<font color=""#6f6f6f"">The Globe and Mail</font>",https://news.google.com/rss/articles/CBMi5gFBVV95cUxNQjZNNnl6SlpJNFJsVVVmUTZiMTF1dnhWWVJ4dVdON0lXZVc1SmVoVUZUaWhxZkRVU0RCV3JGWDRRUzMwQ0Z3aGFMb0VEQUR0OUQwaTNMWkJyWkdNVFJqNEdlZlYyV3lsdFBpcXJvd1BJSkc1QllKSjRSSUpJeXdqeUFQOHQwekluMDRfMExKUzhLTTRkVmtBd1J2enRFS3NDbUdTWEpUZGpJTWNrcVZ4TkJwQW5EcXRldWt5RWs0NGFHWkZyemdqakI5cHNCWmxkcEtZa3VMNGhndmx0b2w0UFI4Sk02QQ?oc=5,China Merchants Bank,"Citi Sticks to Their Buy Rating for China Merchants Bank Co (CIHHF) - The Globe and Mail. <a href=""https://news.google.com/rss/articles/CBMi5gFBVV95cUxNQjZNNnl6SlpJNFJsVVVmUTZiMTF1dnhWWVJ4dVdON0lXZVc1SmVoVUZUaWhxZkRVU0RCV3JGWDRRUzMwQ0Z3aGFMb0VEQUR0OUQwaTNMWkJyWkdNVFJqNEdlZlYyV3lsdFBpcXJvd1BJSkc1QllKSjRSSUpJeXdqeUFQOHQwekluMDRfMExKUzhLTTRkVmtBd1J2enRFS3NDbUdTWEpUZGpJTWNrcVZ4TkJwQW5EcXRldWt5RWs0NGFHWkZyemdqakI5cHNCWmxkcEtZa3VMNGhndmx0b2w0UFI4Sk02QQ?oc=5"" target=""_blank"">Citi Sticks to Their Buy Rating for China Merchants Bank Co (CIHHF)</a>&nbsp;&nbsp;<font color=""#6f6f6f"">The Globe and Mail</font>",neutral,0.04603266
2026-05-01,2026-05-01T02:39:22+00:00,600036.SH,"""China Merchants Bank"" - Google News",China Merchants Bank (03968.HK) has appointed Wang Xiaoqing as its president. - 富途牛牛,"<a href=""https://news.google.com/rss/articles/CBMiowFBVV95cUxQenQtRm14N0pta3Fsem1FQUJHRl82NDg5UTBqSmJxUXNUZkZvbHF1ajdGd0FyVlp5VzFDTm9JY2NUQ0JIYXMtYk1iOUQwQnlxSGJPMFU0Z1NadWlHZ1ZwMTJ1MGZHeHBrUTgwLVM1REZHUXQyTlB4aUpvYllDN1ZSOWtmcjZSM2RCVUs4Ykc1Y2stcWIyamppWlJPSXFKT3lhdDZz?oc=5"" target=""_blank"">China Merchants Bank (03968.HK) has appointed Wang Xiaoqing as its president.</a>&nbsp;&nbsp;<font color=""#6f6f6f"">富途牛牛</font>",https://news.google.com/rss/articles/CBMiowFBVV95cUxQenQtRm14N0pta3Fsem1FQUJHRl82NDg5UTBqSmJxUXNUZkZvbHF1ajdGd0FyVlp5VzFDTm9JY2NUQ0JIYXMtYk1iOUQwQnlxSGJPMFU0Z1NadWlHZ1ZwMTJ1MGZHeHBrUTgwLVM1REZHUXQyTlB4aUpvYllDN1ZSOWtmcjZSM2RCVUs4Ykc1Y2stcWIyamppWlJPSXFKT3lhdDZz?oc=5,China Merchants Bank,"China Merchants Bank (03968.HK) has appointed Wang Xiaoqing as its president. - 富途牛牛. <a href=""https://news.google.com/rss/articles/CBMiowFBVV95cUxQenQtRm14N0pta3Fsem1FQUJHRl82NDg5UTBqSmJxUXNUZkZvbHF1ajdGd0FyVlp5VzFDTm9JY2NUQ0JIYXMtYk1iOUQwQnlxSGJPMFU0Z1NadWlHZ1ZwMTJ1MGZHeHBrUTgwLVM1REZHUXQyTlB4aUpvYllDN1ZSOWtmcjZSM2RCVUs4Ykc1Y2stcWIyamppWlJPSXFKT3lhdDZz?oc=5"" target=""_blank"">China Merchants Bank (03968.HK) has appointed Wang Xiaoqing as its president.</a>&nbsp;&nbsp;<font color=""#6f6f6f"">富途牛牛</font>",neutral,0.08438672
2026-05-01,2026-05-01T02:42:53+00:00,600036.SH,"""招商银行"" - Google 新闻",13万亿招商银行换帅！30年老将退场，“70后”全能手接棒 - 新浪财经,"<a href=""https://news.google.com/rss/articles/CBMiqAJBVV95cUxNeFdiY1F4ODZ3MzFJdWVYNzd6NUZYT3pjc0VmR1hVSXBpY0gwdWg1Rmx2WTRjaU1Za1ZSelhTUmIwazZRUFFzUjJwVjRQcHZ5R2xNZmxpWXJ2Y2NFSHJVUXMxLWcyeDQ1em9yX1Q3WUZVUmlraWVVZnBkcEdpMk9aQnBEOS1aLWpQbW9TOGVpanU2QlhyWW5ELWVvYUFqc3d6M0JSeVBTSzA5Y0xJQkE5ZlhrS1ZnTTY4dllQWDZvWFhFLTNWeklocGEtY3JRYnVHa0hiVkpjSTZDTlZkVEJqaTBPb2ZPeWRaUGVpX2JKMkpBNEIxX3NfdVBkc3U3a0NIZ0RnYVRfMDdXcTBnTUo3NUZSTUpQWGFMQlp0aG51a3RDa0FMMTVvLQ?oc=5"" target=""_blank"">13万亿招商银行换帅！30年老将退场，“70后”全能手接棒</a>&nbsp;&nbsp;<font color=""#6f6f6f"">新浪财经</font>",https://news.google.com/rss/articles/CBMiqAJBVV95cUxNeFdiY1F4ODZ3MzFJdWVYNzd6NUZYT3pjc0VmR1hVSXBpY0gwdWg1Rmx2WTRjaU1Za1ZSelhTUmIwazZRUFFzUjJwVjRQcHZ5R2xNZmxpWXJ2Y2NFSHJVUXMxLWcyeDQ1em9yX1Q3WUZVUmlraWVVZnBkcEdpMk9aQnBEOS1aLWpQbW9TOGVpanU2QlhyWW5ELWVvYUFqc3d6M0JSeVBTSzA5Y0xJQkE5ZlhrS1ZnTTY4dllQWDZvWFhFLTNWeklocGEtY3JRYnVHa0hiVkpjSTZDTlZkVEJqaTBPb2ZPeWRaUGVpX2JKMkpBNEIxX3NfdVBkc3U3a0NIZ0RnYVRfMDdXcTBnTUo3NUZSTUpQWGFMQlp0aG51a3RDa0FMMTVvLQ?oc=5,招商银行,"13万亿招商银行换帅！30年老将退场，“70后”全能手接棒 - 新浪财经. <a href=""https://news.google.com/rss/articles/CBMiqAJBVV95cUxNeFdiY1F4ODZ3MzFJdWVYNzd6NUZYT3pjc0VmR1hVSXBpY0gwdWg1Rmx2WTRjaU1Za1ZSelhTUmIwazZRUFFzUjJwVjRQcHZ5R2xNZmxpWXJ2Y2NFSHJVUXMxLWcyeDQ1em9yX1Q3WUZVUmlraWVVZnBkcEdpMk9aQnBEOS1aLWpQbW9TOGVpanU2QlhyWW5ELWVvYUFqc3d6M0JSeVBTSzA5Y0xJQkE5ZlhrS1ZnTTY4dllQWDZvWFhFLTNWeklocGEtY3JRYnVHa0hiVkpjSTZDTlZkVEJqaTBPb2ZPeWRaUGVpX2JKMkpBNEIxX3NfdVBkc3U3a0NIZ0RnYVRfMDdXcTBnTUo3NUZSTUpQWGFMQlp0aG51a3RDa0FMMTVvLQ?oc=5"" target=""_blank"">13万亿招商银行换帅！30年老将退场，“70后”全能手接棒</a>&nbsp;&nbsp;<font color=""#6f6f6f"">新浪财经</font>",neutral,0.05241932
2026-05-01,2026-05-01T04:40:13+00:00,600036.SH,"""招商银行"" - Google 新闻",“零售之王”招商银行交棒：王良到龄退休，王小青掌舵 - 新浪财经,"<a href=""https://news.google.com/rss/articles/CBMieEFVX3lxTE9NR1Brcm95Q0tTVHFjNjdlQ2N2bkh3QWtqdUZuVktMcFQzZ1dqb0xKOVN2XzlSSnBDblA0Vnc0aHdfdFBGXzhIZHo1N0hLd0xFY2syZ0p3ckk2QVNkbEdjVHBsRjZDZ09lOEpwZk9IdHlsOFVsY2lLOQ?oc=5"" target=""_blank"">“零售之王”招商银行交棒：王良到龄退休，王小青掌舵</a>&nbsp;&nbsp;<font color=""#6f6f6f"">新浪财经</font>",https://news.google.com/rss/articles/CBMieEFVX3lxTE9NR1Brcm95Q0tTVHFjNjdlQ2N2bkh3QWtqdUZuVktMcFQzZ1dqb0xKOVN2XzlSSnBDblA0Vnc0aHdfdFBGXzhIZHo1N0hLd0xFY2syZ0p3ckk2QVNkbEdjVHBsRjZDZ09lOEpwZk9IdHlsOFVsY2lLOQ?oc=5,招商银行,"“零售之王”招商银行交棒：王良到龄退休，王小青掌舵 - 新浪财经. <a href=""https://news.google.com/rss/articles/CBMieEFVX3lxTE9NR1Brcm95Q0tTVHFjNjdlQ2N2bkh3QWtqdUZuVktMcFQzZ1dqb0xKOVN2XzlSSnBDblA0Vnc0aHdfdFBGXzhIZHo1N0hLd0xFY2syZ0p3ckk2QVNkbEdjVHBsRjZDZ09lOEpwZk9IdHlsOFVsY2lLOQ?oc=5"" target=""_blank"">“零售之王”招商银行交棒：王良到龄退休，王小青掌舵</a>&nbsp;&nbsp;<font color=""#6f6f6f"">新浪财经</font>",neutral,0.036508113
2026-05-01,2026-05-01T04:45:24+00:00,600036.SH,"""招商银行"" - Google 新闻",招商银行王良到龄退休，王小青接任第五任行长 - 新浪财经,"<a href=""https://news.google.com/rss/articles/CBMieEFVX3lxTE1KX05wd3JoZFBVUU5hNmp2djZGSXJHaHJYZUl3NjVLb0hXRkM4NlpHaFNFSVhSRU5UUEZYUzRLbDl2NWhzc0lsTFk4b1ZzT29RWFd3cG1NMFN3SWhvbHNFRWxFNGhleGJGM191bXcxNmxuS1p6VGRLRA?oc=5"" target=""_blank"">招商银行王良到龄退休，王小青接任第五任行长</a>&nbsp;&nbsp;<font color=""#6f6f6f"">新浪财经</font>",https://news.google.com/rss/articles/CBMieEFVX3lxTE1KX05wd3JoZFBVUU5hNmp2djZGSXJHaHJYZUl3NjVLb0hXRkM4NlpHaFNFSVhSRU5UUEZYUzRLbDl2NWhzc0lsTFk4b1ZzT29RWFd3cG1NMFN3SWhvbHNFRWxFNGhleGJGM191bXcxNmxuS1p6VGRLRA?oc=5,招商银行,"招商银行王良到龄退休，王小青接任第五任行长 - 新浪财经. <a href=""https://news.google.com/rss/articles/CBMieEFVX3lxTE1KX05wd3JoZFBVUU5hNmp2djZGSXJHaHJYZUl3NjVLb0hXRkM4NlpHaFNFSVhSRU5UUEZYUzRLbDl2NWhzc0lsTFk4b1ZzT29RWFd3cG1NMFN3SWhvbHNFRWxFNGhleGJGM191bXcxNmxuS1p6VGRLRA?oc=5"" target=""_blank"">招商银行王良到龄退休，王小青接任第五任行长</a>&nbsp;&nbsp;<font color=""#6f6f6f"">新浪财经</font>",neutral,0.02677856
2026-05-01,2026-05-01T05:19:57+00:00,600036.SH,"""招商银行"" - Google 新闻",13万亿招商银行“换帅”！一季度日赚4.2亿，花旗称业绩令人失望 - 新浪财经,"<a href=""https://news.google.com/rss/articles/CBMirwJBVV95cUxQUTVsVmdyWWk1QXkxa3N6alliV0xydFI3dTJlT3ZIaHZsOThVRk5mbl9UZ0Jkb2Uwek0waXJVbkcwOUFKZzNYM1BneW9oNWVFZm45eGRTMjVOX0k0SzJJNXZkWXFXTHRUSTJLTUZEQ0RDZXFaNVExX3FjRzY1ajFzM0ptTWp0QlFOQVFVM2VCWGtEYi16X2g5MkhfRjVnMFEweWxyY09idXNxOVI0SzRCSVZRa3dFNXRkOGV1Z2xVRmRhamNMcEc4WDNXbEkyX0d6ZklQSmVVQy11bmgxeThYLUZ5dHlMVlZmTmdvUEc2eVYza2VKZXZQUVJHSnRFLU9pMHFNZV9abGRiUVJPc1kwRzdMTVVINkt5U2Exd0JJQmVRWXhjaFBFaE1DQ1ZIdVk?oc=5"" target=""_blank"">13万亿招商银行“换帅”！一季度日赚4.2亿，花旗称业绩令人失望</a>&nbsp;&nbsp;<font color=""#6f6f6f"">新浪财经</font>",https://news.google.com/rss/articles/CBMirwJBVV95cUxQUTVsVmdyWWk1QXkxa3N6alliV0xydFI3dTJlT3ZIaHZsOThVRk5mbl9UZ0Jkb2Uwek0waXJVbkcwOUFKZzNYM1BneW9oNWVFZm45eGRTMjVOX0k0SzJJNXZkWXFXTHRUSTJLTUZEQ0RDZXFaNVExX3FjRzY1ajFzM0ptTWp0QlFOQVFVM2VCWGtEYi16X2g5MkhfRjVnMFEweWxyY09idXNxOVI0SzRCSVZRa3dFNXRkOGV1Z2xVRmRhamNMcEc4WDNXbEkyX0d6ZklQSmVVQy11bmgxeThYLUZ5dHlMVlZmTmdvUEc2eVYza2VKZXZQUVJHSnRFLU9pMHFNZV9abGRiUVJPc1kwRzdMTVVINkt5U2Exd0JJQmVRWXhjaFBFaE1DQ1ZIdVk?oc=5,招商银行,"13万亿招商银行“换帅”！一季度日赚4.2亿，花旗称业绩令人失望 - 新浪财经. <a href=""https://news.google.com/rss/articles/CBMirwJBVV95cUxQUTVsVmdyWWk1QXkxa3N6alliV0xydFI3dTJlT3ZIaHZsOThVRk5mbl9UZ0Jkb2Uwek0waXJVbkcwOUFKZzNYM1BneW9oNWVFZm45eGRTMjVOX0k0SzJJNXZkWXFXTHRUSTJLTUZEQ0RDZXFaNVExX3FjRzY1ajFzM0ptTWp0QlFOQVFVM2VCWGtEYi16X2g5MkhfRjVnMFEweWxyY09idXNxOVI0SzRCSVZRa3dFNXRkOGV1Z2xVRmRhamNMcEc4WDNXbEkyX0d6ZklQSmVVQy11bmgxeThYLUZ5dHlMVlZmTmdvUEc2eVYza2VKZXZQUVJHSnRFLU9pMHFNZV9abGRiUVJPc1kwRzdMTVVINkt5U2Exd0JJQmVRWXhjaFBFaE1DQ1ZIdVk?oc=5"" target=""_blank"">13万亿招商银行“换帅”！一季度日赚4.2亿，花旗称业绩令人失望</a>&nbsp;&nbsp;<font color=""#6f6f6f"">新浪财经</font>",neutral,0.022951368
2026-05-01,2026-05-01T06:21:00+00:00,600036.SH,"""招商银行"" - Google 新闻",招行发布公告：王小青任招商银行行长 - QQ News,"<a href=""https://news.google.com/rss/articles/CBMiV0FVX3lxTE1ydHhZb3FaTHNqT0kyYzhzbHRaTlJ2TUFGS0JaZHYyVlVTUzV4NXJpaFBmZkt3V2xQX0ZVTExqR2lkRXhNNmlmTUVFVmlVdWdBREZmcTRMdw?oc=5"" target=""_blank"">招行发布公告：王小青任招商银行行长</a>&nbsp;&nbsp;<font color=""#6f6f6f"">QQ News</font>",https://news.google.com/rss/articles/CBMiV0FVX3lxTE1ydHhZb3FaTHNqT0kyYzhzbHRaTlJ2TUFGS0JaZHYyVlVTUzV4NXJpaFBmZkt3V2xQX0ZVTExqR2lkRXhNNmlmTUVFVmlVdWdBREZmcTRMdw?oc=5,招商银行,"招行发布公告：王小青任招商银行行长 - QQ News. <a href=""https://news.google.com/rss/articles/CBMiV0FVX3lxTE1ydHhZb3FaTHNqT0kyYzhzbHRaTlJ2TUFGS0JaZHYyVlVTUzV4NXJpaFBmZkt3V2xQX0ZVTExqR2lkRXhNNmlmTUVFVmlVdWdBREZmcTRMdw?oc=5"" target=""_blank"">招行发布公告：王小青任招商银行行长</a>&nbsp;&nbsp;<font color=""#6f6f6f"">QQ News</font>",neutral,0.014552396
2026-05-01,2026-05-01T10:08:47+00:00,600036.SH,"""招商银行"" - Google 新闻",招商银行：融资净偿还2.13亿元，融资余额119.97亿元 - 东方财富,"<a href=""https://news.google.com/rss/articles/CBMiYEFVX3lxTE1ERXBsQ3d3emtzWnJsWmdISHByRnFReFQ1cy1pMmRTZzdNaWlCMFozMkhMdmhvRkRLc3RVaE9WeTdUUGVEaV9PVUR2dkpRcXYtQTY2UmRVSVZHUjBnWXNGRA?oc=5"" target=""_blank"">招商银行：融资净偿还2.13亿元，融资余额119.97亿元</a>&nbsp;&nbsp;<font color=""#6f6f6f"">东方财富</font>",https://news.google.com/rss/articles/CBMiYEFVX3lxTE1ERXBsQ3d3emtzWnJsWmdISHByRnFReFQ1cy1pMmRTZzdNaWlCMFozMkhMdmhvRkRLc3RVaE9WeTdUUGVEaV9PVUR2dkpRcXYtQTY2UmRVSVZHUjBnWXNGRA?oc=5,招商银行,"招商银行：融资净偿还2.13亿元，融资余额119.97亿元 - 东方财富. <a href=""https://news.google.com/rss/articles/CBMiYEFVX3lxTE1ERXBsQ3d3emtzWnJsWmdISHByRnFReFQ1cy1pMmRTZzdNaWlCMFozMkhMdmhvRkRLc3RVaE9WeTdUUGVEaV9PVUR2dkpRcXYtQTY2UmRVSVZHUjBnWXNGRA?oc=5"" target=""_blank"">招商银行：融资净偿还2.13亿元，融资余额119.97亿元</a>&nbsp;&nbsp;<font color=""#6f6f6f"">东方财富</font>",neutral,0.018172767
2026-05-02,2026-05-02T02:31:07+00:00,600036.SH,"""600036"" - Google 新闻",每周股票复盘：招商银行（600036）招行一季报净利增1.52%_股市要闻_市场 - 中金在线,"<a href=""https://news.google.com/rss/articles/CBMibkFVX3lxTE5GMWVOd0dNQ1c4MEs2aDM1NGdUZ1kwQzdYQU5WVjUzOG5CQm1SSVVFc0dyMFFhcEd0TG1rWXphNHk0OUxMaURjc09xMm52VzJxNjhwelZaY1YwOVhiMGJRWThKOFUwREtpbUt5UGpR?oc=5"" target=""_blank"">每周股票复盘：招商银行（600036）招行一季报净利增1.52%_股市要闻_市场</a>&nbsp;&nbsp;<font color=""#6f6f6f"">中金在线</font>",https://news.google.com/rss/articles/CBMibkFVX3lxTE5GMWVOd0dNQ1c4MEs2aDM1NGdUZ1kwQzdYQU5WVjUzOG5CQm1SSVVFc0dyMFFhcEd0TG1rWXphNHk0OUxMaURjc09xMm52VzJxNjhwelZaY1YwOVhiMGJRWThKOFUwREtpbUt5UGpR?oc=5,600036,"每周股票复盘：招商银行（600036）招行一季报净利增1.52%_股市要闻_市场 - 中金在线. <a href=""https://news.google.com/rss/articles/CBMibkFVX3lxTE5GMWVOd0dNQ1c4MEs2aDM1NGdUZ1kwQzdYQU5WVjUzOG5CQm1SSVVFc0dyMFFhcEd0TG1rWXphNHk0OUxMaURjc09xMm52VzJxNjhwelZaY1YwOVhiMGJRWThKOFUwREtpbUt5UGpR?oc=5"" target=""_blank"">每周股票复盘：招商银行（600036）招行一季报净利增1.52%_股市要闻_市场</a>&nbsp;&nbsp;<font color=""#6f6f6f"">中金在线</font>",neutral,0.020377547
2026-05-03,2026-05-03T03:00:41+00:00,600036.SH,招商银行 - Bing新聞,招商银行，还值得上车吗？,耐心等待机会 ...,http://www.bing.com/news/apiclick.aspx?ref=FexRss&aid=&tid=69fb16b8ebf44eb2bfbfea81a15c48c4&url=https%3a%2f%2fwww.msn.cn%2fzh-cn%2fmoney%2f%25E7%25BB%258F%25E6%25B5%258E%2f%25E6%258B%259B%25E5%2595%2586%25E9%2593%25B6%25E8%25A1%258C-%25E8%25BF%2598%25E5%2580%25BC%25E5%25BE%2597%25E4%25B8%258A%25E8%25BD%25A6%25E5%2590%2597%2far-AA22hhIl&c=16521179283992879809&mkt=zh-tw,招商银行,招商银行，还值得上车吗？. 耐心等待机会 ...,neutral,0.020212024
2026-05-03,2026-05-03T09:40:00+00:00,600036.SH,"""招商银行"" - Google 新闻",招商银行，还值得上车吗？ - 新浪财经,"<a href=""https://news.google.com/rss/articles/CBMidkFVX3lxTE5VY0xVbFhpRGN4WnBrZTdNRVZSbnRuSXViZXlLaHhHZ25zcWVTNTlOczNwazJ5eHdyLU1GT21wM21YTmFPblB2OFZuRUlYdnU4VWNmOHVyS2QzblJHSHNtY1dHUk9mR2t3MHpQUWl0S3hvanVXR2c?oc=5"" target=""_blank"">招商银行，还值得上车吗？</a>&nbsp;&nbsp;<font color=""#6f6f6f"">新浪财经</font>",https://news.google.com/rss/articles/CBMidkFVX3lxTE5VY0xVbFhpRGN4WnBrZTdNRVZSbnRuSXViZXlLaHhHZ25zcWVTNTlOczNwazJ5eHdyLU1GT21wM21YTmFPblB2OFZuRUlYdnU4VWNmOHVyS2QzblJHSHNtY1dHUk9mR2t3MHpQUWl0S3hvanVXR2c?oc=5,招商银行,"招商银行，还值得上车吗？ - 新浪财经. <a href=""https://news.google.com/rss/articles/CBMidkFVX3lxTE5VY0xVbFhpRGN4WnBrZTdNRVZSbnRuSXViZXlLaHhHZ25zcWVTNTlOczNwazJ5eHdyLU1GT21wM21YTmFPblB2OFZuRUlYdnU4VWNmOHVyS2QzblJHSHNtY1dHUk9mR2t3MHpQUWl0S3hvanVXR2c?oc=5"" target=""_blank"">招商银行，还值得上车吗？</a>&nbsp;&nbsp;<font color=""#6f6f6f"">新浪财经</font>",neutral,0.0100382455
2026-05-03,2026-05-03T09:40:00+00:00,600036.SH,"""招商银行"" - Google 新闻",招商银行，还值得上车吗？ - Sohu,"<a href=""https://news.google.com/rss/articles/CBMijAFBVV95cUxORXdfTjhpeHBKS3RGamFpNFBZeHhUQjRldlpMcUwyMUxNSWJiR3VoSkpZLTV5ZllTZjBMWGdUdXFUbjlUWm5LQkhkODZfOGhWSDBRT1RKNTJEdzJpQi1hMkVVNkJHNG1PNmRReWVtdXBEVGRMbWZsaWJIamJQSTJMRkNIeFRpNFlxYkpZNg?oc=5"" target=""_blank"">招商银行，还值得上车吗？</a>&nbsp;&nbsp;<font color=""#6f6f6f"">Sohu</font>",https://news.google.com/rss/articles/CBMijAFBVV95cUxORXdfTjhpeHBKS3RGamFpNFBZeHhUQjRldlpMcUwyMUxNSWJiR3VoSkpZLTV5ZllTZjBMWGdUdXFUbjlUWm5LQkhkODZfOGhWSDBRT1RKNTJEdzJpQi1hMkVVNkJHNG1PNmRReWVtdXBEVGRMbWZsaWJIamJQSTJMRkNIeFRpNFlxYkpZNg?oc=5,招商银行,"招商银行，还值得上车吗？ - Sohu. <a href=""https://news.google.com/rss/articles/CBMijAFBVV95cUxORXdfTjhpeHBKS3RGamFpNFBZeHhUQjRldlpMcUwyMUxNSWJiR3VoSkpZLTV5ZllTZjBMWGdUdXFUbjlUWm5LQkhkODZfOGhWSDBRT1RKNTJEdzJpQi1hMkVVNkJHNG1PNmRReWVtdXBEVGRMbWZsaWJIamJQSTJMRkNIeFRpNFlxYkpZNg?oc=5"" target=""_blank"">招商银行，还值得上车吗？</a>&nbsp;&nbsp;<font color=""#6f6f6f"">Sohu</font>",neutral,0.003728103
2026-05-03,2026-05-03T09:53:00+00:00,600036.SH,"""招商银行"" - Google News",招商銀行(03968.HK)行長王良辭任 審議王小青接任 - AASTOCKS.com,"<a href=""https://news.google.com/rss/articles/CBMijAFBVV95cUxNdFB1SHY1XzEya0JleGZNbHNCb0dJYUM2eDFaWDY2cHI2em9TVDlzWHhFOHhOY0VtNHA2YndRY2QwM25fd0tfR3NNTDh0TlZSTWJCX0swdFBqdWNJN29jSWkyd3I4ZDZRWWFuV09WTV92dW5YM1EzdFU3cGF3MU9YLTNDbU5LSGVNODE5ZQ?oc=5"" target=""_blank"">招商銀行(03968.HK)行長王良辭任 審議王小青接任</a>&nbsp;&nbsp;<font color=""#6f6f6f"">AASTOCKS.com</font>",https://news.google.com/rss/articles/CBMijAFBVV95cUxNdFB1SHY1XzEya0JleGZNbHNCb0dJYUM2eDFaWDY2cHI2em9TVDlzWHhFOHhOY0VtNHA2YndRY2QwM25fd0tfR3NNTDh0TlZSTWJCX0swdFBqdWNJN29jSWkyd3I4ZDZRWWFuV09WTV92dW5YM1EzdFU3cGF3MU9YLTNDbU5LSGVNODE5ZQ?oc=5,招商银行,"招商銀行(03968.HK)行長王良辭任 審議王小青接任 - AASTOCKS.com. <a href=""https://news.google.com/rss/articles/CBMijAFBVV95cUxNdFB1SHY1XzEya0JleGZNbHNCb0dJYUM2eDFaWDY2cHI2em9TVDlzWHhFOHhOY0VtNHA2YndRY2QwM25fd0tfR3NNTDh0TlZSTWJCX0swdFBqdWNJN29jSWkyd3I4ZDZRWWFuV09WTV92dW5YM1EzdFU3cGF3MU9YLTNDbU5LSGVNODE5ZQ?oc=5"" target=""_blank"">招商銀行(03968.HK)行長王良辭任 審議王小青接任</a>&nbsp;&nbsp;<font color=""#6f6f6f"">AASTOCKS.com</font>",neutral,0.008270528
2026-05-03,2026-05-03T09:53:00+00:00,600036.SH,"""招商银行"" - Google 新闻",招商银行(03968.HK)行长王良辞任 审议王小青接任 - AASTOCKS.com,"<a href=""https://news.google.com/rss/articles/CBMiggFBVV95cUxNNmVDNGlBLTJkVWluc1RpNUlXWk9TTzlQa3NjMkJuckdmRU5aYm1KRjkzSDVhdUJpd0VaTUotRmFNaFZqY0RQWTdqZDlYdDFmT0hYbUdCcjRtRUt1VXFQMi1SZ0RVYUpCTkFzODlZTWw0MUFaMzQ0MnRPeXJSTjJqVDFn?oc=5"" target=""_blank"">招商银行(03968.HK)行长王良辞任 审议王小青接任</a>&nbsp;&nbsp;<font color=""#6f6f6f"">AASTOCKS.com</font>",https://news.google.com/rss/articles/CBMiggFBVV95cUxNNmVDNGlBLTJkVWluc1RpNUlXWk9TTzlQa3NjMkJuckdmRU5aYm1KRjkzSDVhdUJpd0VaTUotRmFNaFZqY0RQWTdqZDlYdDFmT0hYbUdCcjRtRUt1VXFQMi1SZ0RVYUpCTkFzODlZTWw0MUFaMzQ0MnRPeXJSTjJqVDFn?oc=5,招商银行,"招商银行(03968.HK)行长王良辞任 审议王小青接任 - AASTOCKS.com. <a href=""https://news.google.com/rss/articles/CBMiggFBVV95cUxNNmVDNGlBLTJkVWluc1RpNUlXWk9TTzlQa3NjMkJuckdmRU5aYm1KRjkzSDVhdUJpd0VaTUotRmFNaFZqY0RQWTdqZDlYdDFmT0hYbUdCcjRtRUt1VXFQMi1SZ0RVYUpCTkFzODlZTWw0MUFaMzQ0MnRPeXJSTjJqVDFn?oc=5"" target=""_blank"">招商银行(03968.HK)行长王良辞任 审议王小青接任</a>&nbsp;&nbsp;<font color=""#6f6f6f"">AASTOCKS.com</font>",neutral,0.0049488097
2026-05-03,2026-05-03T09:53:00+00:00,600036.SH,"""招商银行"" - Google 新闻",招商银行(03968.HK)行长王良辞任 审议王小青接任 - AASTOCKS.com,"<a href=""https://news.google.com/rss/articles/CBMib0FVX3lxTE96RTZKQ1BXTVUwY0FldXZ2SHN5TzRGQ3ZnSWRQdzd3VnZzZk81SGt4RXBCeHFpSkRYVHdFeXZVUHFucW95X1ptbXJqcGtKZ19DYWV0QXZySU5oQkx2VEdYSC11X1draVUtcmQ0Q1RObw?oc=5"" target=""_blank"">招商银行(03968.HK)行长王良辞任 审议王小青接任</a>&nbsp;&nbsp;<font color=""#6f6f6f"">AASTOCKS.com</font>",https://news.google.com/rss/articles/CBMib0FVX3lxTE96RTZKQ1BXTVUwY0FldXZ2SHN5TzRGQ3ZnSWRQdzd3VnZzZk81SGt4RXBCeHFpSkRYVHdFeXZVUHFucW95X1ptbXJqcGtKZ19DYWV0QXZySU5oQkx2VEdYSC11X1draVUtcmQ0Q1RObw?oc=5,招商银行,"招商银行(03968.HK)行长王良辞任 审议王小青接任 - AASTOCKS.com. <a href=""https://news.google.com/rss/articles/CBMib0FVX3lxTE96RTZKQ1BXTVUwY0FldXZ2SHN5TzRGQ3ZnSWRQdzd3VnZzZk81SGt4RXBCeHFpSkRYVHdFeXZVUHFucW95X1ptbXJqcGtKZ19DYWV0QXZySU5oQkx2VEdYSC11X1draVUtcmQ0Q1RObw?oc=5"" target=""_blank"">招商银行(03968.HK)行长王良辞任 审议王小青接任</a>&nbsp;&nbsp;<font color=""#6f6f6f"">AASTOCKS.com</font>",neutral,0.0049488097
2026-05-03,2026-05-03T10:00:41+00:00,600036.SH,"""China Merchants Bank"" - Google 新闻",招商银行，还值得上车吗？ - Moomoo,"<a href=""https://news.google.com/rss/articles/CBMiU0FVX3lxTE5RQU43MFRuN1JwWVhwcTVjUXFVbzBmZUNENGI2R1lKcERZajZiTTVwdjNRMy1OeEJyWGRXRF9UYzBIa0xwaXlUam95SkIwenBpMHVB?oc=5"" target=""_blank"">招商银行，还值得上车吗？</a>&nbsp;&nbsp;<font color=""#6f6f6f"">Moomoo</font>",https://news.google.com/rss/articles/CBMiU0FVX3lxTE5RQU43MFRuN1JwWVhwcTVjUXFVbzBmZUNENGI2R1lKcERZajZiTTVwdjNRMy1OeEJyWGRXRF9UYzBIa0xwaXlUam95SkIwenBpMHVB?oc=5,China Merchants Bank,"招商银行，还值得上车吗？ - Moomoo. <a href=""https://news.google.com/rss/articles/CBMiU0FVX3lxTE5RQU43MFRuN1JwWVhwcTVjUXFVbzBmZUNENGI2R1lKcERZajZiTTVwdjNRMy1OeEJyWGRXRF9UYzBIa0xwaXlUam95SkIwenBpMHVB?oc=5"" target=""_blank"">招商银行，还值得上车吗？</a>&nbsp;&nbsp;<font color=""#6f6f6f"">Moomoo</font>",neutral,-0.008755907
2026-05-03,2026-05-03T10:09:27+00:00,600036.SH,"""China Merchants Bank"" - Google News",Is China Merchants Bank still worth investing in? - 富途牛牛,"<a href=""https://news.google.com/rss/articles/CBMikwFBVV95cUxOYU9fb2tiUFAzT2pyT3BhaUdJUjJjbDBZNnJzZHZtMnJjQU1VclBiMTFzZTAtd3pRNEkzX040N01Sd3F3dDZmb20wSHJ2NWV5MURqTGNMeS1jWUdrUkRTZkRWVHhvcDhtVFl4VkFwUi0wODQzckcxTTZiUTNZRGpjbnU2MExfLXFta1dtLXcxUDlJb0U?oc=5"" target=""_blank"">Is China Merchants Bank still worth investing in?</a>&nbsp;&nbsp;<font color=""#6f6f6f"">富途牛牛</font>",https://news.google.com/rss/articles/CBMikwFBVV95cUxOYU9fb2tiUFAzT2pyT3BhaUdJUjJjbDBZNnJzZHZtMnJjQU1VclBiMTFzZTAtd3pRNEkzX040N01Sd3F3dDZmb20wSHJ2NWV5MURqTGNMeS1jWUdrUkRTZkRWVHhvcDhtVFl4VkFwUi0wODQzckcxTTZiUTNZRGpjbnU2MExfLXFta1dtLXcxUDlJb0U?oc=5,China Merchants Bank,"Is China Merchants Bank still worth investing in? - 富途牛牛. <a href=""https://news.google.com/rss/articles/CBMikwFBVV95cUxOYU9fb2tiUFAzT2pyT3BhaUdJUjJjbDBZNnJzZHZtMnJjQU1VclBiMTFzZTAtd3pRNEkzX040N01Sd3F3dDZmb20wSHJ2NWV5MURqTGNMeS1jWUdrUkRTZkRWVHhvcDhtVFl4VkFwUi0wODQzckcxTTZiUTNZRGpjbnU2MExfLXFta1dtLXcxUDlJb0U?oc=5"" target=""_blank"">Is China Merchants Bank still worth investing in?</a>&nbsp;&nbsp;<font color=""#6f6f6f"">富途牛牛</font>",neutral,0.052594993
2026-05-03,2026-05-03T17:58:52+00:00,600036.SH,"""招商银行"" - Google 新闻",年薪297万的王良卸任，招商银行新行长浮出水面 - MSN,"<a href=""https://news.google.com/rss/articles/CBMixwJBVV95cUxOam5RaWVmQnhrbEZuTmZOT1BKNVZJTEF3cWd3NGhxSHVHelhHcUstQjBUXzNvS1FnVFV4ZThrWXRzQ2JoOHl4VTRoazFnYnZIbWdTTzN3OTNYOTNxOTRIRWV4QS13ZHNWdEtSN2pOMkptUXlxa3pYdF9lemVtTzE3QmlzVUE5OEo3bk1FcDVGNmFaZDZCY05GM0Eyb2ViQU9zdC1PZlNtZFI2UXhVV3JLcUlBbm83YjN2RHM2N2QwNHdLRUtRUEJmTU14X2E2bFpTZy1VN0tDdzhlX0hKcHBpVXRDVHczcXFPdXB4NjEwdWs0N1ZzRFBnNHhxVjZIa19Ocm1qSVpBRHcwOVM5Q3pEVnE1Yk9PZEI0NGxZTkp5bFB6Wl9rZEtYZzZuUDkyWGtLRXdKUFMwelVMN1RBOFBySFJiRjF0Mlk?oc=5"" target=""_blank"">年薪297万的王良卸任，招商银行新行长浮出水面</a>&nbsp;&nbsp;<font color=""#6f6f6f"">MSN</font>",https://news.google.com/rss/articles/CBMixwJBVV95cUxOam5RaWVmQnhrbEZuTmZOT1BKNVZJTEF3cWd3NGhxSHVHelhHcUstQjBUXzNvS1FnVFV4ZThrWXRzQ2JoOHl4VTRoazFnYnZIbWdTTzN3OTNYOTNxOTRIRWV4QS13ZHNWdEtSN2pOMkptUXlxa3pYdF9lemVtTzE3QmlzVUE5OEo3bk1FcDVGNmFaZDZCY05GM0Eyb2ViQU9zdC1PZlNtZFI2UXhVV3JLcUlBbm83YjN2RHM2N2QwNHdLRUtRUEJmTU14X2E2bFpTZy1VN0tDdzhlX0hKcHBpVXRDVHczcXFPdXB4NjEwdWs0N1ZzRFBnNHhxVjZIa19Ocm1qSVpBRHcwOVM5Q3pEVnE1Yk9PZEI0NGxZTkp5bFB6Wl9rZEtYZzZuUDkyWGtLRXdKUFMwelVMN1RBOFBySFJiRjF0Mlk?oc=5,招商银行,"年薪297万的王良卸任，招商银行新行长浮出水面 - MSN. <a href=""https://news.google.com/rss/articles/CBMixwJBVV95cUxOam5RaWVmQnhrbEZuTmZOT1BKNVZJTEF3cWd3NGhxSHVHelhHcUstQjBUXzNvS1FnVFV4ZThrWXRzQ2JoOHl4VTRoazFnYnZIbWdTTzN3OTNYOTNxOTRIRWV4QS13ZHNWdEtSN2pOMkptUXlxa3pYdF9lemVtTzE3QmlzVUE5OEo3bk1FcDVGNmFaZDZCY05GM0Eyb2ViQU9zdC1PZlNtZFI2UXhVV3JLcUlBbm83YjN2RHM2N2QwNHdLRUtRUEJmTU14X2E2bFpTZy1VN0tDdzhlX0hKcHBpVXRDVHczcXFPdXB4NjEwdWs0N1ZzRFBnNHhxVjZIa19Ocm1qSVpBRHcwOVM5Q3pEVnE1Yk9PZEI0NGxZTkp5bFB6Wl9rZEtYZzZuUDkyWGtLRXdKUFMwelVMN1RBOFBySFJiRjF0Mlk?oc=5"" target=""_blank"">年薪297万的王良卸任，招商银行新行长浮出水面</a>&nbsp;&nbsp;<font color=""#6f6f6f"">MSN</font>",neutral,0.028835997
2026-05-04,2026-05-04T06:17:00+00:00,600036.SH,"""China Merchants Bank"" - Google 新闻",China Merchants Bank's Asset Quality Outlook Remains Challenging -- Market Talk - 富途牛牛,"<a href=""https://news.google.com/rss/articles/CBMirgFBVV95cUxOd29CdnhfcEh2MTZpT2FGN1Zoc2N0bXBqbkNjUzFGWFBxZmJqZ2pMd2ltelZDRUg2UGF3X05IRkFQd1RaV0Q2WWRPQkladjIwNmdUZi0xbTRUaUxFeDhlZ3h4ZTdvRlo4RGpzUGpxeVNPdk5FUVVRbjBqcGVrVU5OYWREdW4tQnRIekh2bENyMlNRN2U2QjFjdjBfc3BVQkJBSDV2eVl1UUxwZTZlS0E?oc=5"" target=""_blank"">China Merchants Bank's Asset Quality Outlook Remains Challenging -- Market Talk</a>&nbsp;&nbsp;<font color=""#6f6f6f"">富途牛牛</font>",https://news.google.com/rss/articles/CBMirgFBVV95cUxOd29CdnhfcEh2MTZpT2FGN1Zoc2N0bXBqbkNjUzFGWFBxZmJqZ2pMd2ltelZDRUg2UGF3X05IRkFQd1RaV0Q2WWRPQkladjIwNmdUZi0xbTRUaUxFeDhlZ3h4ZTdvRlo4RGpzUGpxeVNPdk5FUVVRbjBqcGVrVU5OYWREdW4tQnRIekh2bENyMlNRN2U2QjFjdjBfc3BVQkJBSDV2eVl1UUxwZTZlS0E?oc=5,China Merchants Bank,"China Merchants Bank's Asset Quality Outlook Remains Challenging -- Market Talk - 富途牛牛. <a href=""https://news.google.com/rss/articles/CBMirgFBVV95cUxOd29CdnhfcEh2MTZpT2FGN1Zoc2N0bXBqbkNjUzFGWFBxZmJqZ2pMd2ltelZDRUg2UGF3X05IRkFQd1RaV0Q2WWRPQkladjIwNmdUZi0xbTRUaUxFeDhlZ3h4ZTdvRlo4RGpzUGpxeVNPdk5FUVVRbjBqcGVrVU5OYWREdW4tQnRIekh2bENyMlNRN2U2QjFjdjBfc3BVQkJBSDV2eVl1UUxwZTZlS0E?oc=5"" target=""_blank"">China Merchants Bank's Asset Quality Outlook Remains Challenging -- Market Talk</a>&nbsp;&nbsp;<font color=""#6f6f6f"">富途牛牛</font>",negative,-0.901131
2026-05-04,2026-05-04T06:48:00+00:00,600036.SH,"""招商银行"" - Google 新闻",股市走强助推客户净值攀升，上市银行私人银行“20万户”、“10万户”俱乐部一季末均扩容 - 财联社,"<a href=""https://news.google.com/rss/articles/CBMiSEFVX3lxTE5PS0ZVR3R2blQ2RlNpeUJjOEIwVlBjZ2JFdUdOMmRfcHd1UlZMYVdFQjd3Wlg5ZWNnNjFHZ0dlLUM0ZC0wWjNDUg?oc=5"" target=""_blank"">股市走强助推客户净值攀升，上市银行私人银行“20万户”、“10万户”俱乐部一季末均扩容</a>&nbsp;&nbsp;<font color=""#6f6f6f"">财联社</font>",https://news.google.com/rss/articles/CBMiSEFVX3lxTE5PS0ZVR3R2blQ2RlNpeUJjOEIwVlBjZ2JFdUdOMmRfcHd1UlZMYVdFQjd3Wlg5ZWNnNjFHZ0dlLUM0ZC0wWjNDUg?oc=5,招商银行,"股市走强助推客户净值攀升，上市银行私人银行“20万户”、“10万户”俱乐部一季末均扩容 - 财联社. <a href=""https://news.google.com/rss/articles/CBMiSEFVX3lxTE5PS0ZVR3R2blQ2RlNpeUJjOEIwVlBjZ2JFdUdOMmRfcHd1UlZMYVdFQjd3Wlg5ZWNnNjFHZ0dlLUM0ZC0wWjNDUg?oc=5"" target=""_blank"">股市走强助推客户净值攀升，上市银行私人银行“20万户”、“10万户”俱乐部一季末均扩容</a>&nbsp;&nbsp;<font color=""#6f6f6f"">财联社</font>",neutral,0.041830845
2026-05-04,2026-05-04T20:55:00+00:00,600036.SH,招商银行 - Bing新聞,东海证券：给予招商银行买入评级,东海证券股份有限公司王鸿行近期对招商银行进行研究并发布了研究报告《公司简评报告：息差下行趋缓，出清弹性渐显》，给予招商银行买入评级。 招商银行(600036) 投资要点 事件：公司公布2026年一季度报告。2026Q1，公司实现营业收入869.40亿元，同比增长3.81%；实现归母净利润378.52亿元，同比增长1.52%。 对公与投资支撑扩表，零售仍在等待需求修复。2026Q1末，公司总资产13 ...,http://www.bing.com/news/apiclick.aspx?ref=FexRss&aid=&tid=69fb16b8ebf44eb2bfbfea81a15c48c4&url=https%3a%2f%2fstock.stockstar.com%2fRB2026050500003157.shtml&c=13670766151668193105&mkt=zh-tw,招商银行,东海证券：给予招商银行买入评级. 东海证券股份有限公司王鸿行近期对招商银行进行研究并发布了研究报告《公司简评报告：息差下行趋缓，出清弹性渐显》，给予招商银行买入评级。 招商银行(600036) 投资要点 事件：公司公布2026年一季度报告。2026Q1，公司实现营业收入869.40亿元，同比增长3.81%；实现归母净利润378.52亿元，同比增长1.52%。 对公与投资支撑扩表，零售仍在等待需求修复。2026Q1末，公司总资产13 ...,neutral,0.055184424
2026-05-04,2026-05-04T23:46:00+00:00,600036.SH,"""China Merchants Bank"" - Google News",招商银行(600036)：如何理解业绩的预期与分歧？ - Futubull - 富途牛牛,"<a href=""https://news.google.com/rss/articles/CBMiqwFBVV95cUxQOFpnbWZuVDc4QVhwQnBDMTl0M1kzRzE3dFowcVdDdXMwcHJlR2pyTFVCVTQwRWJoQ29IdlNHNnNFajBhdTlQNnZNcUlFZmRoS2p5ZXVDMlVEWVdfR3Q0TnNwVHdSZjhwYkpuMXdWdVN5azBqRnlXdFFWZGdueEw4Z3E1eUx6T0RhNDlzNS1BTm9KNm1pbGJ1bXRYeUVRdzJkM05HY2pOTjhuV28?oc=5"" target=""_blank"">招商银行(600036)：如何理解业绩的预期与分歧？ - Futubull</a>&nbsp;&nbsp;<font color=""#6f6f6f"">富途牛牛</font>",https://news.google.com/rss/articles/CBMiqwFBVV95cUxQOFpnbWZuVDc4QVhwQnBDMTl0M1kzRzE3dFowcVdDdXMwcHJlR2pyTFVCVTQwRWJoQ29IdlNHNnNFajBhdTlQNnZNcUlFZmRoS2p5ZXVDMlVEWVdfR3Q0TnNwVHdSZjhwYkpuMXdWdVN5azBqRnlXdFFWZGdueEw4Z3E1eUx6T0RhNDlzNS1BTm9KNm1pbGJ1bXRYeUVRdzJkM05HY2pOTjhuV28?oc=5,China Merchants Bank,"招商银行(600036)：如何理解业绩的预期与分歧？ - Futubull - 富途牛牛. <a href=""https://news.google.com/rss/articles/CBMiqwFBVV95cUxQOFpnbWZuVDc4QVhwQnBDMTl0M1kzRzE3dFowcVdDdXMwcHJlR2pyTFVCVTQwRWJoQ29IdlNHNnNFajBhdTlQNnZNcUlFZmRoS2p5ZXVDMlVEWVdfR3Q0TnNwVHdSZjhwYkpuMXdWdVN5azBqRnlXdFFWZGdueEw4Z3E1eUx6T0RhNDlzNS1BTm9KNm1pbGJ1bXRYeUVRdzJkM05HY2pOTjhuV28?oc=5"" target=""_blank"">招商银行(600036)：如何理解业绩的预期与分歧？ - Futubull</a>&nbsp;&nbsp;<font color=""#6f6f6f"">富途牛牛</font>",neutral,0.01710045
2026-05-05,2026-05-05T03:55:16+00:00,600036.SH,"""招商银行"" - Google 新闻",东海证券：给予招商银行买入评级_券商研报_数据解析 - 证券之星,"<a href=""https://news.google.com/rss/articles/CBMiYkFVX3lxTFA0LVVFLXkya1I4WldIY1l5RkxQZFkzNFp3TTZZQkV6ZzlJOWJpTUh4d05zWnBwUlo4LXQ4VTRpMjBRQVNPLW82RmlIZGUtLXVYR0JCbV9zbVpZYTJOV01OX3l3?oc=5"" target=""_blank"">东海证券：给予招商银行买入评级_券商研报_数据解析</a>&nbsp;&nbsp;<font color=""#6f6f6f"">证券之星</font>",https://news.google.com/rss/articles/CBMiYkFVX3lxTFA0LVVFLXkya1I4WldIY1l5RkxQZFkzNFp3TTZZQkV6ZzlJOWJpTUh4d05zWnBwUlo4LXQ4VTRpMjBRQVNPLW82RmlIZGUtLXVYR0JCbV9zbVpZYTJOV01OX3l3?oc=5,招商银行,"东海证券：给予招商银行买入评级_券商研报_数据解析 - 证券之星. <a href=""https://news.google.com/rss/articles/CBMiYkFVX3lxTFA0LVVFLXkya1I4WldIY1l5RkxQZFkzNFp3TTZZQkV6ZzlJOWJpTUh4d05zWnBwUlo4LXQ4VTRpMjBRQVNPLW82RmlIZGUtLXVYR0JCbV9zbVpZYTJOV01OX3l3?oc=5"" target=""_blank"">东海证券：给予招商银行买入评级_券商研报_数据解析</a>&nbsp;&nbsp;<font color=""#6f6f6f"">证券之星</font>",neutral,0.022464175
2026-05-05,2026-05-05T06:34:21+00:00,600036.SH,"""600036"" - Google 新闻",招商银行 - MSN,"<a href=""https://news.google.com/rss/articles/CBMiwgFBVV95cUxNYnduMWpBQjd0MlN1Sk5jX2UxZHl1VFk4OWNPeHN6YXRnS2VwclVZZ0ZOcXdZN0t1WGJHYk9wVF96Z0REOG1oVmZXTkNoTFZFelpyd0Jhem1yUW0wRGcwVXJuak94SU0yWDZ1UThJSWtlc183WnJFWWdzbmNuUnpNbER4czVlTk9Sb0RtcmFPT1ktX2NOUzlEZjMwYm40Ujk5dVpyZUg1NTJmQWpEbHE3UmkyV3pma0ZmekVsS1Y5aVRNZw?oc=5"" target=""_blank"">招商银行</a>&nbsp;&nbsp;<font color=""#6f6f6f"">MSN</font>",https://news.google.com/rss/articles/CBMiwgFBVV95cUxNYnduMWpBQjd0MlN1Sk5jX2UxZHl1VFk4OWNPeHN6YXRnS2VwclVZZ0ZOcXdZN0t1WGJHYk9wVF96Z0REOG1oVmZXTkNoTFZFelpyd0Jhem1yUW0wRGcwVXJuak94SU0yWDZ1UThJSWtlc183WnJFWWdzbmNuUnpNbER4czVlTk9Sb0RtcmFPT1ktX2NOUzlEZjMwYm40Ujk5dVpyZUg1NTJmQWpEbHE3UmkyV3pma0ZmekVsS1Y5aVRNZw?oc=5,600036,"招商银行 - MSN. <a href=""https://news.google.com/rss/articles/CBMiwgFBVV95cUxNYnduMWpBQjd0MlN1Sk5jX2UxZHl1VFk4OWNPeHN6YXRnS2VwclVZZ0ZOcXdZN0t1WGJHYk9wVF96Z0REOG1oVmZXTkNoTFZFelpyd0Jhem1yUW0wRGcwVXJuak94SU0yWDZ1UThJSWtlc183WnJFWWdzbmNuUnpNbER4czVlTk9Sb0RtcmFPT1ktX2NOUzlEZjMwYm40Ujk5dVpyZUg1NTJmQWpEbHE3UmkyV3pma0ZmekVsS1Y5aVRNZw?oc=5"" target=""_blank"">招商银行</a>&nbsp;&nbsp;<font color=""#6f6f6f"">MSN</font>",neutral,-0.012736194
2026-05-05,2026-05-05T18:00:00+00:00,600036.SH,招商银行 - Bing新聞,招商银行第一季归母净利仅增1.5% 信用卡贷款减少386亿不良率达1.9%,4月28日，摩根大通报告指出，该行首季收入按年增长4%，纯利按年增长2%，收入较该行预期高出2%，纯利则低1%。瑞银研报显示，招商银行首季归母净利润同比增长1.5%，略低于该行预期。,http://www.bing.com/news/apiclick.aspx?ref=FexRss&aid=&tid=69fb16b8ebf44eb2bfbfea81a15c48c4&url=https%3a%2f%2ffinance.sina.com.cn%2froll%2f2026-05-06%2fdoc-inhwxhnr3489275.shtml&c=1210277419555550758&mkt=zh-tw,招商银行,招商银行第一季归母净利仅增1.5% 信用卡贷款减少386亿不良率达1.9%. 4月28日，摩根大通报告指出，该行首季收入按年增长4%，纯利按年增长2%，收入较该行预期高出2%，纯利则低1%。瑞银研报显示，招商银行首季归母净利润同比增长1.5%，略低于该行预期。,neutral,-0.006235227
2026-05-05,2026-05-05T19:46:00+00:00,600036.SH,招商银行 - Bing新聞,银行财眼｜招商银行行长王良因年龄原因辞任 聘任王小青为行长,凤凰网财经讯 招商银行近日发布公告称，该行董事会收到执行董事、行长王良的辞任函。王良因年龄原因，向该行董事会提请辞去执行董事、董事会战略与可持续发展委员会委员、董事会提名委员会委员、行长、《香港联合交易所有限公司证券上市规则》第3.05条项下的授权代表 (简称授权代表)等职务。王良的辞任自2026年4月30日起生效。,http://www.bing.com/news/apiclick.aspx?ref=FexRss&aid=&tid=69fb16b8ebf44eb2bfbfea81a15c48c4&url=https%3a%2f%2ffinance.ifeng.com%2fc%2f8stxlBecnoV&c=12157501527586249056&mkt=zh-tw,招商银行,银行财眼｜招商银行行长王良因年龄原因辞任 聘任王小青为行长. 凤凰网财经讯 招商银行近日发布公告称，该行董事会收到执行董事、行长王良的辞任函。王良因年龄原因，向该行董事会提请辞去执行董事、董事会战略与可持续发展委员会委员、董事会提名委员会委员、行长、《香港联合交易所有限公司证券上市规则》第3.05条项下的授权代表 (简称授权代表)等职务。王良的辞任自2026年4月30日起生效。,neutral,0.061916426
2026-05-05,2026-05-05T23:26:00+00:00,600036.SH,"""招商银行"" - Google 新闻",招商银行第一季归母净利仅增1.5% 信用卡贷款减少386亿不良率达1.9% - 新浪财经,"<a href=""https://news.google.com/rss/articles/CBMieEFVX3lxTE9WYlpMaVUySGVGR3dYRi1TQmRKcnZoS2hOcUFMYnktX0I5OWlIWko0ZVRxc3BEcmo0ZnFEZWdTT0VfbHRzemVfWnE5ODI0MU5ScFBJczFJRTF1MGxFS2dOYkwtb3BtblRDN3F2Nzl2cERRQV9rNnhPMg?oc=5"" target=""_blank"">招商银行第一季归母净利仅增1.5% 信用卡贷款减少386亿不良率达1.9%</a>&nbsp;&nbsp;<font color=""#6f6f6f"">新浪财经</font>",https://news.google.com/rss/articles/CBMieEFVX3lxTE9WYlpMaVUySGVGR3dYRi1TQmRKcnZoS2hOcUFMYnktX0I5OWlIWko0ZVRxc3BEcmo0ZnFEZWdTT0VfbHRzemVfWnE5ODI0MU5ScFBJczFJRTF1MGxFS2dOYkwtb3BtblRDN3F2Nzl2cERRQV9rNnhPMg?oc=5,招商银行,"招商银行第一季归母净利仅增1.5% 信用卡贷款减少386亿不良率达1.9% - 新浪财经. <a href=""https://news.google.com/rss/articles/CBMieEFVX3lxTE9WYlpMaVUySGVGR3dYRi1TQmRKcnZoS2hOcUFMYnktX0I5OWlIWko0ZVRxc3BEcmo0ZnFEZWdTT0VfbHRzemVfWnE5ODI0MU5ScFBJczFJRTF1MGxFS2dOYkwtb3BtblRDN3F2Nzl2cERRQV9rNnhPMg?oc=5"" target=""_blank"">招商银行第一季归母净利仅增1.5% 信用卡贷款减少386亿不良率达1.9%</a>&nbsp;&nbsp;<font color=""#6f6f6f"">新浪财经</font>",neutral,0.027400889
2026-05-06,2026-05-06T00:51:44+00:00,600036.SH,招商银行 - Bing新聞,王小青任招商银行行长，曾在银行、保险、基金、资管等领域任职,近日，招商银行（600036.SH）发布公告称，该行董事会审议通过了《关于聘任王小青先生为招商银行行长的议案》，同意聘任王小青先生为招商银行行长，任期自公司收到国家金融监督管理总局任职资格批复之日起，至第十三届董事会届满之日止。,http://www.bing.com/news/apiclick.aspx?ref=FexRss&aid=&tid=69fb16b8ebf44eb2bfbfea81a15c48c4&url=https%3a%2f%2fwww.msn.cn%2fzh-cn%2fmoney%2fother%2f%25E7%258E%258B%25E5%25B0%258F%25E9%259D%2592%25E4%25BB%25BB%25E6%258B%259B%25E5%2595%2586%25E9%2593%25B6%25E8%25A1%258C%25E8%25A1%258C%25E9%2595%25BF-%25E6%259B%25BE%25E5%259C%25A8%25E9%2593%25B6%25E8%25A1%258C-%25E4%25BF%259D%25E9%2599%25A9-%25E5%259F%25BA%25E9%2587%2591-%25E8%25B5%2584%25E7%25AE%25A1%25E7%25AD%2589%25E9%25A2%2586%25E5%259F%259F%25E4%25BB%25BB%25E8%2581%258C%2far-AA22v8Qq&c=11044624006027171510&mkt=zh-tw,招商银行,王小青任招商银行行长，曾在银行、保险、基金、资管等领域任职. 近日，招商银行（600036.SH）发布公告称，该行董事会审议通过了《关于聘任王小青先生为招商银行行长的议案》，同意聘任王小青先生为招商银行行长，任期自公司收到国家金融监督管理总局任职资格批复之日起，至第十三届董事会届满之日止。,neutral,0.09285334
2026-05-06,2026-05-06T01:35:00+00:00,600036.SH,"""招商银行"" - Google 新闻",金融地产ETF华夏（510650）开盘跌0.32%，重仓股中国平安涨0.02%，招商银行涨0.05% - 新浪财经,"<a href=""https://news.google.com/rss/articles/CBMimAFBVV95cUxQQURaWi1NeXRpY2hIQlJBSkpLcWdNbUt6cFlKWjdnNHZKaGNoVnJqdG9meHlrQ1IyWEk4S2VDUDRCQXBNT1BDQlc1d2xWcDVUd2UycGVnVzU4ZV9Zb0lXR21mNC1sb1RkR2tNak9LWlYtYWlESGRJUWxPNWdCLTdHTkdYS2tSS2pLQmtyanlaV2hCVXhoaXJLUw?oc=5"" target=""_blank"">金融地产ETF华夏（510650）开盘跌0.32%，重仓股中国平安涨0.02%，招商银行涨0.05%</a>&nbsp;&nbsp;<font color=""#6f6f6f"">新浪财经</font>",https://news.google.com/rss/articles/CBMimAFBVV95cUxQQURaWi1NeXRpY2hIQlJBSkpLcWdNbUt6cFlKWjdnNHZKaGNoVnJqdG9meHlrQ1IyWEk4S2VDUDRCQXBNT1BDQlc1d2xWcDVUd2UycGVnVzU4ZV9Zb0lXR21mNC1sb1RkR2tNak9LWlYtYWlESGRJUWxPNWdCLTdHTkdYS2tSS2pLQmtyanlaV2hCVXhoaXJLUw?oc=5,招商银行,"金融地产ETF华夏（510650）开盘跌0.32%，重仓股中国平安涨0.02%，招商银行涨0.05% - 新浪财经. <a href=""https://news.google.com/rss/articles/CBMimAFBVV95cUxQQURaWi1NeXRpY2hIQlJBSkpLcWdNbUt6cFlKWjdnNHZKaGNoVnJqdG9meHlrQ1IyWEk4S2VDUDRCQXBNT1BDQlc1d2xWcDVUd2UycGVnVzU4ZV9Zb0lXR21mNC1sb1RkR2tNak9LWlYtYWlESGRJUWxPNWdCLTdHTkdYS2tSS2pLQmtyanlaV2hCVXhoaXJLUw?oc=5"" target=""_blank"">金融地产ETF华夏（510650）开盘跌0.32%，重仓股中国平安涨0.02%，招商银行涨0.05%</a>&nbsp;&nbsp;<font color=""#6f6f6f"">新浪财经</font>",neutral,0.0038294755
2026-05-06,2026-05-06T01:49:26+00:00,600036.SH,"""招商银行"" - Google 新闻",落马的招商银行原副行长，去年在齐鲁银行兼职领薪22万 - 凤凰网财经,"<a href=""https://news.google.com/rss/articles/CBMiUEFVX3lxTE9zTjk3Q2FIMmVwV1I1UUN0TzV1T3JlaWR1eks5bWcwR1lfTXA3RmRkSjlHMnBzMkdBN0Y5SWx2ZlFQNDhiU3BSQ3g5aENKaWpL?oc=5"" target=""_blank"">落马的招商银行原副行长，去年在齐鲁银行兼职领薪22万</a>&nbsp;&nbsp;<font color=""#6f6f6f"">凤凰网财经</font>",https://news.google.com/rss/articles/CBMiUEFVX3lxTE9zTjk3Q2FIMmVwV1I1UUN0TzV1T3JlaWR1eks5bWcwR1lfTXA3RmRkSjlHMnBzMkdBN0Y5SWx2ZlFQNDhiU3BSQ3g5aENKaWpL?oc=5,招商银行,"落马的招商银行原副行长，去年在齐鲁银行兼职领薪22万 - 凤凰网财经. <a href=""https://news.google.com/rss/articles/CBMiUEFVX3lxTE9zTjk3Q2FIMmVwV1I1UUN0TzV1T3JlaWR1eks5bWcwR1lfTXA3RmRkSjlHMnBzMkdBN0Y5SWx2ZlFQNDhiU3BSQ3g5aENKaWpL?oc=5"" target=""_blank"">落马的招商银行原副行长，去年在齐鲁银行兼职领薪22万</a>&nbsp;&nbsp;<font color=""#6f6f6f"">凤凰网财经</font>",neutral,0.022020433
2026-05-06,2026-05-06T02:53:11+00:00,600036.SH,"""招商银行"" - Google 新闻",银行财眼｜招商银行行长王良因年龄原因辞任 聘任王小青为行长 - 凤凰网,"<a href=""https://news.google.com/rss/articles/CBMiSEFVX3lxTE8xNWpNSHF0OXRzX242NXVRWUM5eFh0dnMwaGRETXEyVG5LaklYeURMZmZCUmxxaEZsMU1EaHkzVDZTYlJDSXBGUQ?oc=5"" target=""_blank"">银行财眼｜招商银行行长王良因年龄原因辞任 聘任王小青为行长</a>&nbsp;&nbsp;<font color=""#6f6f6f"">凤凰网</font>",https://news.google.com/rss/articles/CBMiSEFVX3lxTE8xNWpNSHF0OXRzX242NXVRWUM5eFh0dnMwaGRETXEyVG5LaklYeURMZmZCUmxxaEZsMU1EaHkzVDZTYlJDSXBGUQ?oc=5,招商银行,"银行财眼｜招商银行行长王良因年龄原因辞任 聘任王小青为行长 - 凤凰网. <a href=""https://news.google.com/rss/articles/CBMiSEFVX3lxTE8xNWpNSHF0OXRzX242NXVRWUM5eFh0dnMwaGRETXEyVG5LaklYeURMZmZCUmxxaEZsMU1EaHkzVDZTYlJDSXBGUQ?oc=5"" target=""_blank"">银行财眼｜招商银行行长王良因年龄原因辞任 聘任王小青为行长</a>&nbsp;&nbsp;<font color=""#6f6f6f"">凤凰网</font>",neutral,0.012802921
2026-05-06,2026-05-06T04:27:26+00:00,600036.SH,"""招商银行"" - Google 新闻",银行业绿色金融实践观察：招商银行绿色金融的独特路径 - 新浪财经,"<a href=""https://news.google.com/rss/articles/CBMibkFVX3lxTE4zM0lfQWZjYWFfSkJOWUJvNDRsMmZqaHpvcG5UWDI0bWh4NWEwMWp6dGJlMWtZemIxX21EaGNNVWlDdzNjdk5BSEtfb19Sdlo0emdnaHh5aTM1VDdEbWRJRG9mM3ZHWkt4MGdqSlBR?oc=5"" target=""_blank"">银行业绿色金融实践观察：招商银行绿色金融的独特路径</a>&nbsp;&nbsp;<font color=""#6f6f6f"">新浪财经</font>",https://news.google.com/rss/articles/CBMibkFVX3lxTE4zM0lfQWZjYWFfSkJOWUJvNDRsMmZqaHpvcG5UWDI0bWh4NWEwMWp6dGJlMWtZemIxX21EaGNNVWlDdzNjdk5BSEtfb19Sdlo0emdnaHh5aTM1VDdEbWRJRG9mM3ZHWkt4MGdqSlBR?oc=5,招商银行,"银行业绿色金融实践观察：招商银行绿色金融的独特路径 - 新浪财经. <a href=""https://news.google.com/rss/articles/CBMibkFVX3lxTE4zM0lfQWZjYWFfSkJOWUJvNDRsMmZqaHpvcG5UWDI0bWh4NWEwMWp6dGJlMWtZemIxX21EaGNNVWlDdzNjdk5BSEtfb19Sdlo0emdnaHh5aTM1VDdEbWRJRG9mM3ZHWkt4MGdqSlBR?oc=5"" target=""_blank"">银行业绿色金融实践观察：招商银行绿色金融的独特路径</a>&nbsp;&nbsp;<font color=""#6f6f6f"">新浪财经</font>",neutral,0.027023714
2026-05-06,2026-05-06T05:22:35+00:00,600036.SH,"""招商银行"" - Google 新闻",招商银行(03968)出现大手卖出12.25万股，成交价$46.96，涉资575.26万 - AASTOCKS.com,"<a href=""https://news.google.com/rss/articles/CBMickFVX3lxTE5VU3VWNEI4dTFRWWd0Y25kU2cxMHdzM215WnAwY3R2QWxSZzFWYzFod3IzMENBMXhTMnpNV3BXTGJEYm5XZVRvWFV6VVE0WkVmdUp2Y3djTGZIM2g5MEdrdU1XbGpPT2JtRThhVEE4TVMzdw?oc=5"" target=""_blank"">招商银行(03968)出现大手卖出12.25万股，成交价$46.96，涉资575.26万</a>&nbsp;&nbsp;<font color=""#6f6f6f"">AASTOCKS.com</font>",https://news.google.com/rss/articles/CBMickFVX3lxTE5VU3VWNEI4dTFRWWd0Y25kU2cxMHdzM215WnAwY3R2QWxSZzFWYzFod3IzMENBMXhTMnpNV3BXTGJEYm5XZVRvWFV6VVE0WkVmdUp2Y3djTGZIM2g5MEdrdU1XbGpPT2JtRThhVEE4TVMzdw?oc=5,招商银行,"招商银行(03968)出现大手卖出12.25万股，成交价$46.96，涉资575.26万 - AASTOCKS.com. <a href=""https://news.google.com/rss/articles/CBMickFVX3lxTE5VU3VWNEI4dTFRWWd0Y25kU2cxMHdzM215WnAwY3R2QWxSZzFWYzFod3IzMENBMXhTMnpNV3BXTGJEYm5XZVRvWFV6VVE0WkVmdUp2Y3djTGZIM2g5MEdrdU1XbGpPT2JtRThhVEE4TVMzdw?oc=5"" target=""_blank"">招商银行(03968)出现大手卖出12.25万股，成交价$46.96，涉资575.26万</a>&nbsp;&nbsp;<font color=""#6f6f6f"">AASTOCKS.com</font>",neutral,0.013657285
2026-05-06,2026-05-06T07:57:07+00:00,600036.SH,"""招商银行"" - Google 新闻",王小青任招商银行行长，曾在银行、保险、基金、资管等领域任职 - Sohu,"<a href=""https://news.google.com/rss/articles/CBMijAFBVV95cUxQNTE1RFgtTWJFVDN3ODBfaExLSTBpWWtxU0dCSE1XSmhmcm1BZWJDWkZWQUV0U1c1Qy1iLXNJcHc2d2V4Nlk0UHlYOW4yUHVMZUI4bFV2bHU0VWctSHJtNEVGMHNPUEpNVm1FREVvMnllN1ZtSGpmM1dKMV9pTUlaR0oyZGYxY2hFckJobA?oc=5"" target=""_blank"">王小青任招商银行行长，曾在银行、保险、基金、资管等领域任职</a>&nbsp;&nbsp;<font color=""#6f6f6f"">Sohu</font>",https://news.google.com/rss/articles/CBMijAFBVV95cUxQNTE1RFgtTWJFVDN3ODBfaExLSTBpWWtxU0dCSE1XSmhmcm1BZWJDWkZWQUV0U1c1Qy1iLXNJcHc2d2V4Nlk0UHlYOW4yUHVMZUI4bFV2bHU0VWctSHJtNEVGMHNPUEpNVm1FREVvMnllN1ZtSGpmM1dKMV9pTUlaR0oyZGYxY2hFckJobA?oc=5,招商银行,"王小青任招商银行行长，曾在银行、保险、基金、资管等领域任职 - Sohu. <a href=""https://news.google.com/rss/articles/CBMijAFBVV95cUxQNTE1RFgtTWJFVDN3ODBfaExLSTBpWWtxU0dCSE1XSmhmcm1BZWJDWkZWQUV0U1c1Qy1iLXNJcHc2d2V4Nlk0UHlYOW4yUHVMZUI4bFV2bHU0VWctSHJtNEVGMHNPUEpNVm1FREVvMnllN1ZtSGpmM1dKMV9pTUlaR0oyZGYxY2hFckJobA?oc=5"" target=""_blank"">王小青任招商银行行长，曾在银行、保险、基金、资管等领域任职</a>&nbsp;&nbsp;<font color=""#6f6f6f"">Sohu</font>",neutral,0.022846743
2026-05-06,2026-05-06T08:32:50+00:00,600036.SH,"""招商银行"" - Google 新闻",招行助力鄂赣湘联动消费，为假期再添烟火气 - Sohu,"<a href=""https://news.google.com/rss/articles/CBMiiAFBVV95cUxOcTZlNjhWWGJtQkF0czlBUS1PRDBSMlE4U2w0dFAwMW1TWmhXQ0xEMXNpS2k4cjE5MnVsWERYX3kteXN6dmNVYUwzbDFsUnMwX3V4X21hXzU2dzVrYzBEV0xTWUFjSU0tXy1hRmZaUFlDTzN4R05SV3U5YUtfYUM1bG5VVC0zcERF?oc=5"" target=""_blank"">招行助力鄂赣湘联动消费，为假期再添烟火气</a>&nbsp;&nbsp;<font color=""#6f6f6f"">Sohu</font>",https://news.google.com/rss/articles/CBMiiAFBVV95cUxOcTZlNjhWWGJtQkF0czlBUS1PRDBSMlE4U2w0dFAwMW1TWmhXQ0xEMXNpS2k4cjE5MnVsWERYX3kteXN6dmNVYUwzbDFsUnMwX3V4X21hXzU2dzVrYzBEV0xTWUFjSU0tXy1hRmZaUFlDTzN4R05SV3U5YUtfYUM1bG5VVC0zcERF?oc=5,招商银行,"招行助力鄂赣湘联动消费，为假期再添烟火气 - Sohu. <a href=""https://news.google.com/rss/articles/CBMiiAFBVV95cUxOcTZlNjhWWGJtQkF0czlBUS1PRDBSMlE4U2w0dFAwMW1TWmhXQ0xEMXNpS2k4cjE5MnVsWERYX3kteXN6dmNVYUwzbDFsUnMwX3V4X21hXzU2dzVrYzBEV0xTWUFjSU0tXy1hRmZaUFlDTzN4R05SV3U5YUtfYUM1bG5VVC0zcERF?oc=5"" target=""_blank"">招行助力鄂赣湘联动消费，为假期再添烟火气</a>&nbsp;&nbsp;<font color=""#6f6f6f"">Sohu</font>",neutral,0.025578313
2026-05-06,2026-05-06T08:37:07+00:00,600036.SH,"""招商银行"" - Google 新闻",银行行业资金流出榜:招商银行等5股净流出资金超5000万元 - Moomoo,"<a href=""https://news.google.com/rss/articles/CBMiWkFVX3lxTE1WLVFSY29NYlp0V1FkNlJWdG9IRm4ybUt2dVNyQ3JGdzlkdXlJRjFlU3B6RnJRcWU2cjFVdWdaS3JBWi1IUnFoNXRZUGZPZXdtSkw0R1UyM1VtZw?oc=5"" target=""_blank"">银行行业资金流出榜:招商银行等5股净流出资金超5000万元</a>&nbsp;&nbsp;<font color=""#6f6f6f"">Moomoo</font>",https://news.google.com/rss/articles/CBMiWkFVX3lxTE1WLVFSY29NYlp0V1FkNlJWdG9IRm4ybUt2dVNyQ3JGdzlkdXlJRjFlU3B6RnJRcWU2cjFVdWdaS3JBWi1IUnFoNXRZUGZPZXdtSkw0R1UyM1VtZw?oc=5,招商银行,"银行行业资金流出榜:招商银行等5股净流出资金超5000万元 - Moomoo. <a href=""https://news.google.com/rss/articles/CBMiWkFVX3lxTE1WLVFSY29NYlp0V1FkNlJWdG9IRm4ybUt2dVNyQ3JGdzlkdXlJRjFlU3B6RnJRcWU2cjFVdWdaS3JBWi1IUnFoNXRZUGZPZXdtSkw0R1UyM1VtZw?oc=5"" target=""_blank"">银行行业资金流出榜:招商银行等5股净流出资金超5000万元</a>&nbsp;&nbsp;<font color=""#6f6f6f"">Moomoo</font>",neutral,0.022346653
2026-05-06,2026-05-06T09:09:02+00:00,600036.SH,"""招商银行"" - Google 新闻",监管批复！林城就任招商银行福州片区分行副行长 - Sohu,"<a href=""https://news.google.com/rss/articles/CBMiiAFBVV95cUxPZjRJUEV6MklvUU5NNzhrcEhodnVaQ0dsaTJWcWFGUGV5NFpPaHM3QnZFcXFxaVg5UDlmdWRIbVI1QmZxdE5IT2NyRHhmNkZON09JVlJMNTY4aU5YeEJqcnNXTHRjYndVWWJNOWp5THlvaWdzWmdOODFocFR6b0k4RzdnVWV3TG96?oc=5"" target=""_blank"">监管批复！林城就任招商银行福州片区分行副行长</a>&nbsp;&nbsp;<font color=""#6f6f6f"">Sohu</font>",https://news.google.com/rss/articles/CBMiiAFBVV95cUxPZjRJUEV6MklvUU5NNzhrcEhodnVaQ0dsaTJWcWFGUGV5NFpPaHM3QnZFcXFxaVg5UDlmdWRIbVI1QmZxdE5IT2NyRHhmNkZON09JVlJMNTY4aU5YeEJqcnNXTHRjYndVWWJNOWp5THlvaWdzWmdOODFocFR6b0k4RzdnVWV3TG96?oc=5,招商银行,"监管批复！林城就任招商银行福州片区分行副行长 - Sohu. <a href=""https://news.google.com/rss/articles/CBMiiAFBVV95cUxPZjRJUEV6MklvUU5NNzhrcEhodnVaQ0dsaTJWcWFGUGV5NFpPaHM3QnZFcXFxaVg5UDlmdWRIbVI1QmZxdE5IT2NyRHhmNkZON09JVlJMNTY4aU5YeEJqcnNXTHRjYndVWWJNOWp5THlvaWdzWmdOODFocFR6b0k4RzdnVWV3TG96?oc=5"" target=""_blank"">监管批复！林城就任招商银行福州片区分行副行长</a>&nbsp;&nbsp;<font color=""#6f6f6f"">Sohu</font>",neutral,0.024610255
2024-06-02,2024-06-02T07:00:00+00:00,600519.SH,"""600519"" - Google 新闻",贵州茅台(600519)：坚持长期主义 兼顾发展质量 - 新浪财经,"<a href=""https://news.google.com/rss/articles/CBMieEFVX3lxTE5VOWZESkR6T3BTZkNuTDBheWlqbXFNamNwM3JPZ185LXM5M3J6MmF5SWhRZWpGRDJkY0p0bjU0U21yNERmWlg1TV84V1A4b0thT1N4TGZvdkc3OS1PSVhVNkxIVTF1TlBNbUJPbWNYc2tQZG15V0J2aA?oc=5"" target=""_blank"">贵州茅台(600519)：坚持长期主义 兼顾发展质量</a>&nbsp;&nbsp;<font color=""#6f6f6f"">新浪财经</font>",https://news.google.com/rss/articles/CBMieEFVX3lxTE5VOWZESkR6T3BTZkNuTDBheWlqbXFNamNwM3JPZ185LXM5M3J6MmF5SWhRZWpGRDJkY0p0bjU0U21yNERmWlg1TV84V1A4b0thT1N4TGZvdkc3OS1PSVhVNkxIVTF1TlBNbUJPbWNYc2tQZG15V0J2aA?oc=5,600519,"贵州茅台(600519)：坚持长期主义 兼顾发展质量 - 新浪财经. <a href=""https://news.google.com/rss/articles/CBMieEFVX3lxTE5VOWZESkR6T3BTZkNuTDBheWlqbXFNamNwM3JPZ185LXM5M3J6MmF5SWhRZWpGRDJkY0p0bjU0U21yNERmWlg1TV84V1A4b0thT1N4TGZvdkc3OS1PSVhVNkxIVTF1TlBNbUJPbWNYc2tQZG15V0J2aA?oc=5"" target=""_blank"">贵州茅台(600519)：坚持长期主义 兼顾发展质量</a>&nbsp;&nbsp;<font color=""#6f6f6f"">新浪财经</font>",neutral,0.009365357
2024-06-27,2024-06-27T07:00:00+00:00,600519.SH,"""Kweichow Moutai"" - Google News",Who shaved $250bn from Kweichow Moutai’s market value? - The Economist,"<a href=""https://news.google.com/rss/articles/CBMingFBVV95cUxOZHVuT3ZrU2FTVkczZy1TNVgxeTAwM0dieG50U1NNbXdSUFk3Y0d2SHlrdmJ5YjllSmI0QnJrUUFFSmgwTlZlWlA2OXlzSWpKdENwY3ZWcDJJSk1rZHZweXRDZHYyVjJ0YXFQZjZ5dWQxUV9qSUFUdFBETC1aSGs5dW1yeVRTbUtpWWZVTkJ5RzN3QnoyU25kMGlDUUtzdw?oc=5"" target=""_blank"">Who shaved $250bn from Kweichow Moutai’s market value?</a>&nbsp;&nbsp;<font color=""#6f6f6f"">The Economist</font>",https://news.google.com/rss/articles/CBMingFBVV95cUxOZHVuT3ZrU2FTVkczZy1TNVgxeTAwM0dieG50U1NNbXdSUFk3Y0d2SHlrdmJ5YjllSmI0QnJrUUFFSmgwTlZlWlA2OXlzSWpKdENwY3ZWcDJJSk1rZHZweXRDZHYyVjJ0YXFQZjZ5dWQxUV9qSUFUdFBETC1aSGs5dW1yeVRTbUtpWWZVTkJ5RzN3QnoyU25kMGlDUUtzdw?oc=5,Kweichow Moutai,"Who shaved $250bn from Kweichow Moutai’s market value? - The Economist. <a href=""https://news.google.com/rss/articles/CBMingFBVV95cUxOZHVuT3ZrU2FTVkczZy1TNVgxeTAwM0dieG50U1NNbXdSUFk3Y0d2SHlrdmJ5YjllSmI0QnJrUUFFSmgwTlZlWlA2OXlzSWpKdENwY3ZWcDJJSk1rZHZweXRDZHYyVjJ0YXFQZjZ5dWQxUV9qSUFUdFBETC1aSGs5dW1yeVRTbUtpWWZVTkJ5RzN3QnoyU25kMGlDUUtzdw?oc=5"" target=""_blank"">Who shaved $250bn from Kweichow Moutai’s market value?</a>&nbsp;&nbsp;<font color=""#6f6f6f"">The Economist</font>",neutral,0.07987744
2024-08-14,2024-08-14T07:00:00+00:00,600519.SH,"""Kweichow Moutai"" - Google News",Why Moutai is Investing in Semiconductors - ChinaTalk | Jordan Schneider,"<a href=""https://news.google.com/rss/articles/CBMie0FVX3lxTE5KLV9fanlGREtPRnNTZFlHZ0xJUUxNUUluanV1NkUtd3RSYllEY3lnM2tLb1Bja3FTQ0FUTmh6Vll4WmZ4NlQ2bW44Rmo1Njc4amVYOTNYSWM0TjBUblNJT1pYcEd6VHY4Y0owWjE2bjhaUDFBaVZpaC00TQ?oc=5"" target=""_blank"">Why Moutai is Investing in Semiconductors</a>&nbsp;&nbsp;<font color=""#6f6f6f"">ChinaTalk | Jordan Schneider</font>",https://news.google.com/rss/articles/CBMie0FVX3lxTE5KLV9fanlGREtPRnNTZFlHZ0xJUUxNUUluanV1NkUtd3RSYllEY3lnM2tLb1Bja3FTQ0FUTmh6Vll4WmZ4NlQ2bW44Rmo1Njc4amVYOTNYSWM0TjBUblNJT1pYcEd6VHY4Y0owWjE2bjhaUDFBaVZpaC00TQ?oc=5,Kweichow Moutai,"Why Moutai is Investing in Semiconductors - ChinaTalk | Jordan Schneider. <a href=""https://news.google.com/rss/articles/CBMie0FVX3lxTE5KLV9fanlGREtPRnNTZFlHZ0xJUUxNUUluanV1NkUtd3RSYllEY3lnM2tLb1Bja3FTQ0FUTmh6Vll4WmZ4NlQ2bW44Rmo1Njc4amVYOTNYSWM0TjBUblNJT1pYcEd6VHY4Y0owWjE2bjhaUDFBaVZpaC00TQ?oc=5"" target=""_blank"">Why Moutai is Investing in Semiconductors</a>&nbsp;&nbsp;<font color=""#6f6f6f"">ChinaTalk | Jordan Schneider</font>",neutral,0.02849068
2024-09-13,2024-09-13T07:00:00+00:00,600519.SH,"""600519"" - Google 新闻",9月14号贵州茅台600519 - 雪球,"<a href=""https://news.google.com/rss/articles/CBMiUEFVX3lxTFBSRkVOUW04akJXeE0yRG1XRGFteWZLUjg1WjA3cENTWG9oUXotUklzMUEzUGZxV2hWLW1nQ0p3TkcyQmF0WmdObklkTndUbUZ2?oc=5"" target=""_blank"">9月14号贵州茅台600519</a>&nbsp;&nbsp;<font color=""#6f6f6f"">雪球</font>",https://news.google.com/rss/articles/CBMiUEFVX3lxTFBSRkVOUW04akJXeE0yRG1XRGFteWZLUjg1WjA3cENTWG9oUXotUklzMUEzUGZxV2hWLW1nQ0p3TkcyQmF0WmdObklkTndUbUZ2?oc=5,600519,"9月14号贵州茅台600519 - 雪球. <a href=""https://news.google.com/rss/articles/CBMiUEFVX3lxTFBSRkVOUW04akJXeE0yRG1XRGFteWZLUjg1WjA3cENTWG9oUXotUklzMUEzUGZxV2hWLW1nQ0p3TkcyQmF0WmdObklkTndUbUZ2?oc=5"" target=""_blank"">9月14号贵州茅台600519</a>&nbsp;&nbsp;<font color=""#6f6f6f"">雪球</font>",neutral,-0.012434624
2024-09-17,2024-09-17T07:00:00+00:00,600519.SH,"""贵州茅台"" - Google News",Overcapacity; National security; Japan and chip controls; Moutai; Big food concept - Sinocism | Bill Bishop,"<a href=""https://news.google.com/rss/articles/CBMia0FVX3lxTFBGdHZKQ0xicENwMENKZHBzTjRVb2tlMXp5WmtVTzF1MDExa2tBYjNOamV3YkF4aDRNckRGYTNjeTBSbGltRVpSYnNlYld5Wm9mR1REV29VZ25xQ3FZWU5ud1czSjhHSDVVZm1N?oc=5"" target=""_blank"">Overcapacity; National security; Japan and chip controls; Moutai; Big food concept</a>&nbsp;&nbsp;<font color=""#6f6f6f"">Sinocism | Bill Bishop</font>",https://news.google.com/rss/articles/CBMia0FVX3lxTFBGdHZKQ0xicENwMENKZHBzTjRVb2tlMXp5WmtVTzF1MDExa2tBYjNOamV3YkF4aDRNckRGYTNjeTBSbGltRVpSYnNlYld5Wm9mR1REV29VZ25xQ3FZWU5ud1czSjhHSDVVZm1N?oc=5,贵州茅台,"Overcapacity; National security; Japan and chip controls; Moutai; Big food concept - Sinocism | Bill Bishop. <a href=""https://news.google.com/rss/articles/CBMia0FVX3lxTFBGdHZKQ0xicENwMENKZHBzTjRVb2tlMXp5WmtVTzF1MDExa2tBYjNOamV3YkF4aDRNckRGYTNjeTBSbGltRVpSYnNlYld5Wm9mR1REV29VZ25xQ3FZWU5ud1czSjhHSDVVZm1N?oc=5"" target=""_blank"">Overcapacity; National security; Japan and chip controls; Moutai; Big food concept</a>&nbsp;&nbsp;<font color=""#6f6f6f"">Sinocism | Bill Bishop</font>",neutral,0.02952255
2024-11-19,2024-11-19T08:00:00+00:00,600519.SH,"""600519"" - Google 新闻",ROE=净利润/净资产，用一个更接地气的比喻就是：你投给公司一块钱，它能帮你赚回几毛甚至几块。一般来说，ROE超过15%... - 雪球,"<a href=""https://news.google.com/rss/articles/CBMiUEFVX3lxTE5ZU3RuVkhpTjhoVXFBMDJJaFZDOWp6T0l0VXhRcVFlME9QT1J5ZHBWUm5BYVZHZFVaUXNWWThYbnBrbVNJNW5BbjNJWk5Reks2?oc=5"" target=""_blank"">ROE=净利润/净资产，用一个更接地气的比喻就是：你投给公司一块钱，它能帮你赚回几毛甚至几块。一般来说，ROE超过15%...</a>&nbsp;&nbsp;<font color=""#6f6f6f"">雪球</font>",https://news.google.com/rss/articles/CBMiUEFVX3lxTE5ZU3RuVkhpTjhoVXFBMDJJaFZDOWp6T0l0VXhRcVFlME9QT1J5ZHBWUm5BYVZHZFVaUXNWWThYbnBrbVNJNW5BbjNJWk5Reks2?oc=5,600519,"ROE=净利润/净资产，用一个更接地气的比喻就是：你投给公司一块钱，它能帮你赚回几毛甚至几块。一般来说，ROE超过15%... - 雪球. <a href=""https://news.google.com/rss/articles/CBMiUEFVX3lxTE5ZU3RuVkhpTjhoVXFBMDJJaFZDOWp6T0l0VXhRcVFlME9QT1J5ZHBWUm5BYVZHZFVaUXNWWThYbnBrbVNJNW5BbjNJWk5Reks2?oc=5"" target=""_blank"">ROE=净利润/净资产，用一个更接地气的比喻就是：你投给公司一块钱，它能帮你赚回几毛甚至几块。一般来说，ROE超过15%...</a>&nbsp;&nbsp;<font color=""#6f6f6f"">雪球</font>",neutral,0.017245833
2024-12-04,2024-12-04T08:00:00+00:00,600519.SH,"""600519"" - Google 新闻",贵州茅台：2024年至2026年常规分红比例提至75% - banyuetan.org,"<a href=""https://news.google.com/rss/articles/CBMikAFBVV95cUxPdHpOZ2RucEp2T2ZOLVpuVHBPaFd3d2hRb3FuYzhXLUh2bGZwbFp4X0pfOUZvLUFPNWRUYlpLekRfV1VpQ3JsdkNWSmRsdUFvMFRPYUpERGpYMW4yaUFjNU41OXpOQ3ZVM1l1WDk3QmM3dmpreG9Td1dMVGM4bklJREgtby1PcjlFRXBBYmxzMUI?oc=5"" target=""_blank"">贵州茅台：2024年至2026年常规分红比例提至75%</a>&nbsp;&nbsp;<font color=""#6f6f6f"">banyuetan.org</font>",https://news.google.com/rss/articles/CBMikAFBVV95cUxPdHpOZ2RucEp2T2ZOLVpuVHBPaFd3d2hRb3FuYzhXLUh2bGZwbFp4X0pfOUZvLUFPNWRUYlpLekRfV1VpQ3JsdkNWSmRsdUFvMFRPYUpERGpYMW4yaUFjNU41OXpOQ3ZVM1l1WDk3QmM3dmpreG9Td1dMVGM4bklJREgtby1PcjlFRXBBYmxzMUI?oc=5,600519,"贵州茅台：2024年至2026年常规分红比例提至75% - banyuetan.org. <a href=""https://news.google.com/rss/articles/CBMikAFBVV95cUxPdHpOZ2RucEp2T2ZOLVpuVHBPaFd3d2hRb3FuYzhXLUh2bGZwbFp4X0pfOUZvLUFPNWRUYlpLekRfV1VpQ3JsdkNWSmRsdUFvMFRPYUpERGpYMW4yaUFjNU41OXpOQ3ZVM1l1WDk3QmM3dmpreG9Td1dMVGM4bklJREgtby1PcjlFRXBBYmxzMUI?oc=5"" target=""_blank"">贵州茅台：2024年至2026年常规分红比例提至75%</a>&nbsp;&nbsp;<font color=""#6f6f6f"">banyuetan.org</font>",neutral,0.03392959
2024-12-13,2024-12-13T08:00:00+00:00,600519.SH,"""600519"" - Google 新闻",【中期分红300亿元！#贵州茅台宣布每股派发红利23.882元#】贵州茅台通过2024年中期利润分配方案。12月13日晚间，贵州茅台酒股份有限公司（贵州茅台，600519.SH）发布2024年中期权益分派实施的公告。公告指出，本次利润分配以方案实施前的公司总股本12.56 - 新浪网,"<a href=""https://news.google.com/rss/articles/CBMiY0FVX3lxTE11SkdreThwM1JxbzJING44WnRhZXVzZzNnVjRBcUc5UXhuOG1CTTJ1Tl9TRkxtaGsyQk9xR1o5allqYklKeFJjRnozdlZRdDhCLW5KRTBkN1BYODBVdm91eWd1Zw?oc=5"" target=""_blank"">【中期分红300亿元！#贵州茅台宣布每股派发红利23.882元#】贵州茅台通过2024年中期利润分配方案。12月13日晚间，贵州茅台酒股份有限公司（贵州茅台，600519.SH）发布2024年中期权益分派实施的公告。公告指出，本次利润分配以方案实施前的公司总股本12.56</a>&nbsp;&nbsp;<font color=""#6f6f6f"">新浪网</font>",https://news.google.com/rss/articles/CBMiY0FVX3lxTE11SkdreThwM1JxbzJING44WnRhZXVzZzNnVjRBcUc5UXhuOG1CTTJ1Tl9TRkxtaGsyQk9xR1o5allqYklKeFJjRnozdlZRdDhCLW5KRTBkN1BYODBVdm91eWd1Zw?oc=5,600519,"【中期分红300亿元！#贵州茅台宣布每股派发红利23.882元#】贵州茅台通过2024年中期利润分配方案。12月13日晚间，贵州茅台酒股份有限公司（贵州茅台，600519.SH）发布2024年中期权益分派实施的公告。公告指出，本次利润分配以方案实施前的公司总股本12.56 - 新浪网. <a href=""https://news.google.com/rss/articles/CBMiY0FVX3lxTE11SkdreThwM1JxbzJING44WnRhZXVzZzNnVjRBcUc5UXhuOG1CTTJ1Tl9TRkxtaGsyQk9xR1o5allqYklKeFJjRnozdlZRdDhCLW5KRTBkN1BYODBVdm91eWd1Zw?oc=5"" target=""_blank"">【中期分红300亿元！#贵州茅台宣布每股派发红利23.882元#】贵州茅台通过2024年中期利润分配方案。12月13日晚间，贵州茅台酒股份有限公司（贵州茅台，600519.SH）发布2024年中期权益分派实施的公告。公告指出，本次利润分配以方案实施前的公司总股本12.56</a>&nbsp;&nbsp;<font color=""#6f6f6f"">新浪网</font>",neutral,0.025156684
2024-12-19,2024-12-19T08:00:00+00:00,600519.SH,"""600519"" - Google 新闻",600519召开2024年第三季度业绩说明会；问答纪要；小结 - 雪球,"<a href=""https://news.google.com/rss/articles/CBMiUEFVX3lxTFB3cHg4RFFleHBXb3c2OElTamVPb2wwZG81YVJJWEQyZ1NvY0g1SnJGZlpmazU3NVlaTlo5T1RCTFBOUkUtT2dXaWhEWHJ0a0Fp?oc=5"" target=""_blank"">600519召开2024年第三季度业绩说明会；问答纪要；小结</a>&nbsp;&nbsp;<font color=""#6f6f6f"">雪球</font>",https://news.google.com/rss/articles/CBMiUEFVX3lxTFB3cHg4RFFleHBXb3c2OElTamVPb2wwZG81YVJJWEQyZ1NvY0g1SnJGZlpmazU3NVlaTlo5T1RCTFBOUkUtT2dXaWhEWHJ0a0Fp?oc=5,600519,"600519召开2024年第三季度业绩说明会；问答纪要；小结 - 雪球. <a href=""https://news.google.com/rss/articles/CBMiUEFVX3lxTFB3cHg4RFFleHBXb3c2OElTamVPb2wwZG81YVJJWEQyZ1NvY0g1SnJGZlpmazU3NVlaTlo5T1RCTFBOUkUtT2dXaWhEWHJ0a0Fp?oc=5"" target=""_blank"">600519召开2024年第三季度业绩说明会；问答纪要；小结</a>&nbsp;&nbsp;<font color=""#6f6f6f"">雪球</font>",neutral,0.020256478
2025-01-02,2025-01-02T08:00:00+00:00,600519.SH,"""Kweichow Moutai"" - Google News",Breakingviews - Moutai will raise a glass to its LVMH moment - Reuters,"<a href=""https://news.google.com/rss/articles/CBMikwFBVV95cUxQQ2ViQ09jYUxGU0JvZThxT2xSV2FQTDhIRlZjUDVPUDJMdXJPLTBGb0Y4QmhlOXExeWdvVl9RZTY3NUtZNVZ4UDhpazNLZjNtcFdwUTBNelJ5bkRabHJDZ3RRWjhMMExoZEh4MnV5ekFZQ2RRazRnajdfc0QxQnN1eWRrMEMyVEQ0MTluMmhaMVNuODA?oc=5"" target=""_blank"">Breakingviews - Moutai will raise a glass to its LVMH moment</a>&nbsp;&nbsp;<font color=""#6f6f6f"">Reuters</font>",https://news.google.com/rss/articles/CBMikwFBVV95cUxQQ2ViQ09jYUxGU0JvZThxT2xSV2FQTDhIRlZjUDVPUDJMdXJPLTBGb0Y4QmhlOXExeWdvVl9RZTY3NUtZNVZ4UDhpazNLZjNtcFdwUTBNelJ5bkRabHJDZ3RRWjhMMExoZEh4MnV5ekFZQ2RRazRnajdfc0QxQnN1eWRrMEMyVEQ0MTluMmhaMVNuODA?oc=5,Kweichow Moutai,"Breakingviews - Moutai will raise a glass to its LVMH moment - Reuters. <a href=""https://news.google.com/rss/articles/CBMikwFBVV95cUxQQ2ViQ09jYUxGU0JvZThxT2xSV2FQTDhIRlZjUDVPUDJMdXJPLTBGb0Y4QmhlOXExeWdvVl9RZTY3NUtZNVZ4UDhpazNLZjNtcFdwUTBNelJ5bkRabHJDZ3RRWjhMMExoZEh4MnV5ekFZQ2RRazRnajdfc0QxQnN1eWRrMEMyVEQ0MTluMmhaMVNuODA?oc=5"" target=""_blank"">Breakingviews - Moutai will raise a glass to its LVMH moment</a>&nbsp;&nbsp;<font color=""#6f6f6f"">Reuters</font>",neutral,0.20981283
2025-01-02,2025-01-02T08:00:00+00:00,600519.SH,"""Kweichow Moutai"" - Google News",Kweichow Moutai Expects to Meet Revenue Growth Target Despite China Market Woes - WSJ,"<a href=""https://news.google.com/rss/articles/CBMixAFBVV95cUxOQ3FpVDdPZ01qTXducE83Tkp6T3dINTNzSFVtUTZHSzBvdzdZRElPSzlwNXZDYXEzYzA2NXlVaHowOFZKWlk5SEdKc2VlVEp5VjF6Mi14Sm9fYVNVdXBkQ1MyN1JtOGxuck5ycXRTX184M1hRRGNndHhPLVhzcTA0VzE3bDhXRWxDMzc0SW5MdnBDM05haGdLem9WLVlDM0F3T2JQX3lMN05oSDRnYTh2dUppaTdCdklfdEJtZVVNaV96clZU?oc=5"" target=""_blank"">Kweichow Moutai Expects to Meet Revenue Growth Target Despite China Market Woes</a>&nbsp;&nbsp;<font color=""#6f6f6f"">WSJ</font>",https://news.google.com/rss/articles/CBMixAFBVV95cUxOQ3FpVDdPZ01qTXducE83Tkp6T3dINTNzSFVtUTZHSzBvdzdZRElPSzlwNXZDYXEzYzA2NXlVaHowOFZKWlk5SEdKc2VlVEp5VjF6Mi14Sm9fYVNVdXBkQ1MyN1JtOGxuck5ycXRTX184M1hRRGNndHhPLVhzcTA0VzE3bDhXRWxDMzc0SW5MdnBDM05haGdLem9WLVlDM0F3T2JQX3lMN05oSDRnYTh2dUppaTdCdklfdEJtZVVNaV96clZU?oc=5,Kweichow Moutai,"Kweichow Moutai Expects to Meet Revenue Growth Target Despite China Market Woes - WSJ. <a href=""https://news.google.com/rss/articles/CBMixAFBVV95cUxOQ3FpVDdPZ01qTXducE83Tkp6T3dINTNzSFVtUTZHSzBvdzdZRElPSzlwNXZDYXEzYzA2NXlVaHowOFZKWlk5SEdKc2VlVEp5VjF6Mi14Sm9fYVNVdXBkQ1MyN1JtOGxuck5ycXRTX184M1hRRGNndHhPLVhzcTA0VzE3bDhXRWxDMzc0SW5MdnBDM05haGdLem9WLVlDM0F3T2JQX3lMN05oSDRnYTh2dUppaTdCdklfdEJtZVVNaV96clZU?oc=5"" target=""_blank"">Kweichow Moutai Expects to Meet Revenue Growth Target Despite China Market Woes</a>&nbsp;&nbsp;<font color=""#6f6f6f"">WSJ</font>",positive,0.92178196
2025-01-02,2025-01-02T08:00:00+00:00,600519.SH,"""600519"" - Google 新闻",贵州茅台(600519.SH)：2024年度生产茅台酒基酒约5.63万吨，系列酒基酒约4.81万吨_公司新闻 - 证券之星,"<a href=""https://news.google.com/rss/articles/CBMiYkFVX3lxTE9ROHVldmVfSzduWGwtQ1FSekdpNWx5TUFzTG9FYWRQYzR6THNMMTVQZWc5X3JualBrNEQwaU1GZkE0YWNBdTdsTUpBaXY2a1E5RTE0b2llaW9mUXRfZE42VWFB?oc=5"" target=""_blank"">贵州茅台(600519.SH)：2024年度生产茅台酒基酒约5.63万吨，系列酒基酒约4.81万吨_公司新闻</a>&nbsp;&nbsp;<font color=""#6f6f6f"">证券之星</font>",https://news.google.com/rss/articles/CBMiYkFVX3lxTE9ROHVldmVfSzduWGwtQ1FSekdpNWx5TUFzTG9FYWRQYzR6THNMMTVQZWc5X3JualBrNEQwaU1GZkE0YWNBdTdsTUpBaXY2a1E5RTE0b2llaW9mUXRfZE42VWFB?oc=5,600519,"贵州茅台(600519.SH)：2024年度生产茅台酒基酒约5.63万吨，系列酒基酒约4.81万吨_公司新闻 - 证券之星. <a href=""https://news.google.com/rss/articles/CBMiYkFVX3lxTE9ROHVldmVfSzduWGwtQ1FSekdpNWx5TUFzTG9FYWRQYzR6THNMMTVQZWc5X3JualBrNEQwaU1GZkE0YWNBdTdsTUpBaXY2a1E5RTE0b2llaW9mUXRfZE42VWFB?oc=5"" target=""_blank"">贵州茅台(600519.SH)：2024年度生产茅台酒基酒约5.63万吨，系列酒基酒约4.81万吨_公司新闻</a>&nbsp;&nbsp;<font color=""#6f6f6f"">证券之星</font>",neutral,0.019485397
2025-01-08,2025-01-08T08:00:00+00:00,600519.SH,"""Kweichow Moutai"" - Google News",How China's national liquor greased the wheels of corruption among Communist elites - VOA - Voice of America English News,"<a href=""https://news.google.com/rss/articles/CBMivAFBVV95cUxPQjhNbXMwb3VmcGg0NGFaVVpmU3hUeE94cWtBWTc5UzAySHBadDZ3V3VVSHV2Y3NKNFNCcGVLZWtTNnJZcnl4VEJXbmU0QVlXc293dF9TMk9QSUt3NGtLUmxpZU5Sc3kwWHhYeERIQjl1Q3psdE0wbnZZV1ppa1daSGthbkJwbkRoV3lPV2dLemNsZlo4WTVlaWk3bnlLSW9XWlVJNThDZTdsTXg2Sm9zNDRiTXpaU0pSVjBLTNIBvwFBVV95cUxQTllidlJPOGt0QXBhRVFVYzllcF8xQzVFTWRyN2tPNFNBai1lMlp0cVRuM2IxdWhYWnZqSjJWQVVNbUh4U2ZtMDh4T2V5bl9RaVVfUkI4SWlGb0ZDV25wVms2WkNTNm83RnNXb0M3NXJSbFNiOXZhbUNiSko3d0p2OFhyUExqNDEtMklkejBqSFEtX3NDNFNWbFY4c1ZmODdaSnNBMXpESHJDUk1vSmlXVkRsU2pmMWdHNml4MGxMYw?oc=5"" target=""_blank"">How China's national liquor greased the wheels of corruption among Communist elites</a>&nbsp;&nbsp;<font color=""#6f6f6f"">VOA - Voice of America English News</font>",https://news.google.com/rss/articles/CBMivAFBVV95cUxPQjhNbXMwb3VmcGg0NGFaVVpmU3hUeE94cWtBWTc5UzAySHBadDZ3V3VVSHV2Y3NKNFNCcGVLZWtTNnJZcnl4VEJXbmU0QVlXc293dF9TMk9QSUt3NGtLUmxpZU5Sc3kwWHhYeERIQjl1Q3psdE0wbnZZV1ppa1daSGthbkJwbkRoV3lPV2dLemNsZlo4WTVlaWk3bnlLSW9XWlVJNThDZTdsTXg2Sm9zNDRiTXpaU0pSVjBLTNIBvwFBVV95cUxQTllidlJPOGt0QXBhRVFVYzllcF8xQzVFTWRyN2tPNFNBai1lMlp0cVRuM2IxdWhYWnZqSjJWQVVNbUh4U2ZtMDh4T2V5bl9RaVVfUkI4SWlGb0ZDV25wVms2WkNTNm83RnNXb0M3NXJSbFNiOXZhbUNiSko3d0p2OFhyUExqNDEtMklkejBqSFEtX3NDNFNWbFY4c1ZmODdaSnNBMXpESHJDUk1vSmlXVkRsU2pmMWdHNml4MGxMYw?oc=5,Kweichow Moutai,"How China's national liquor greased the wheels of corruption among Communist elites - VOA - Voice of America English News. <a href=""https://news.google.com/rss/articles/CBMivAFBVV95cUxPQjhNbXMwb3VmcGg0NGFaVVpmU3hUeE94cWtBWTc5UzAySHBadDZ3V3VVSHV2Y3NKNFNCcGVLZWtTNnJZcnl4VEJXbmU0QVlXc293dF9TMk9QSUt3NGtLUmxpZU5Sc3kwWHhYeERIQjl1Q3psdE0wbnZZV1ppa1daSGthbkJwbkRoV3lPV2dLemNsZlo4WTVlaWk3bnlLSW9XWlVJNThDZTdsTXg2Sm9zNDRiTXpaU0pSVjBLTNIBvwFBVV95cUxQTllidlJPOGt0QXBhRVFVYzllcF8xQzVFTWRyN2tPNFNBai1lMlp0cVRuM2IxdWhYWnZqSjJWQVVNbUh4U2ZtMDh4T2V5bl9RaVVfUkI4SWlGb0ZDV25wVms2WkNTNm83RnNXb0M3NXJSbFNiOXZhbUNiSko3d0p2OFhyUExqNDEtMklkejBqSFEtX3NDNFNWbFY4c1ZmODdaSnNBMXpESHJDUk1vSmlXVkRsU2pmMWdHNml4MGxMYw?oc=5"" target=""_blank"">How China's national liquor greased the wheels of corruption among Communist elites</a>&nbsp;&nbsp;<font color=""#6f6f6f"">VOA - Voice of America English News</font>",neutral,-0.005601801
2025-01-14,2025-01-14T08:00:00+00:00,600519.SH,"""600519"" - Google News",BRIEF: Moutai shelves ice cream as hype fades - thebambooworks.com,"<a href=""https://news.google.com/rss/articles/CBMidEFVX3lxTE8wZEZFNGxWUk50WW9lUVhKb3I0SnlBb1lSeUFmVHlKbUYxYzNXMzZScHp6UkV6bG1FNW04TVlyWFBFbFFnanIxNmN4VGw0WU1oLXZDN3pFTlB3ampRMm1xdU5uSElHeDNHVjk5Y1Q5QnEtVFNh?oc=5"" target=""_blank"">BRIEF: Moutai shelves ice cream as hype fades</a>&nbsp;&nbsp;<font color=""#6f6f6f"">thebambooworks.com</font>",https://news.google.com/rss/articles/CBMidEFVX3lxTE8wZEZFNGxWUk50WW9lUVhKb3I0SnlBb1lSeUFmVHlKbUYxYzNXMzZScHp6UkV6bG1FNW04TVlyWFBFbFFnanIxNmN4VGw0WU1oLXZDN3pFTlB3ampRMm1xdU5uSElHeDNHVjk5Y1Q5QnEtVFNh?oc=5,600519,"BRIEF: Moutai shelves ice cream as hype fades - thebambooworks.com. <a href=""https://news.google.com/rss/articles/CBMidEFVX3lxTE8wZEZFNGxWUk50WW9lUVhKb3I0SnlBb1lSeUFmVHlKbUYxYzNXMzZScHp6UkV6bG1FNW04TVlyWFBFbFFnanIxNmN4VGw0WU1oLXZDN3pFTlB3ampRMm1xdU5uSElHeDNHVjk5Y1Q5QnEtVFNh?oc=5"" target=""_blank"">BRIEF: Moutai shelves ice cream as hype fades</a>&nbsp;&nbsp;<font color=""#6f6f6f"">thebambooworks.com</font>",neutral,-0.05234243
2025-01-24,2025-01-24T08:00:00+00:00,600519.SH,"""Kweichow Moutai"" - Google News",Kweichow Moutai Presents Chinese Enterprise’s ESG Insights at 2025 WEF - Business Wire,"<a href=""https://news.google.com/rss/articles/CBMixAFBVV95cUxQWlo4NXVicnNtYVNKSXZEZ1pOYXM1dkpQTlhJblZvc1czclBiUG5qeDRUWXJtWjc3LXoyUkVuUDFGSV83SjhvUFQ4Q0pkeHJRc2tSVk1XTFp1WmlpRmM0NTBxQ2gyNU1rNlY0T2tyblBPZUxQa0c2bDFrVlJPSmUteE5fMmJod0hyTVVNSlQ3Rmc3RjRnblFIeEhYbFRTQW5RSFk3Y3dvRENiU1VrNEVCc2ZHY2tEZEJHcnpKSTFTNHpIdE0t?oc=5"" target=""_blank"">Kweichow Moutai Presents Chinese Enterprise’s ESG Insights at 2025 WEF</a>&nbsp;&nbsp;<font color=""#6f6f6f"">Business Wire</font>",https://news.google.com/rss/articles/CBMixAFBVV95cUxQWlo4NXVicnNtYVNKSXZEZ1pOYXM1dkpQTlhJblZvc1czclBiUG5qeDRUWXJtWjc3LXoyUkVuUDFGSV83SjhvUFQ4Q0pkeHJRc2tSVk1XTFp1WmlpRmM0NTBxQ2gyNU1rNlY0T2tyblBPZUxQa0c2bDFrVlJPSmUteE5fMmJod0hyTVVNSlQ3Rmc3RjRnblFIeEhYbFRTQW5RSFk3Y3dvRENiU1VrNEVCc2ZHY2tEZEJHcnpKSTFTNHpIdE0t?oc=5,Kweichow Moutai,"Kweichow Moutai Presents Chinese Enterprise’s ESG Insights at 2025 WEF - Business Wire. <a href=""https://news.google.com/rss/articles/CBMixAFBVV95cUxQWlo4NXVicnNtYVNKSXZEZ1pOYXM1dkpQTlhJblZvc1czclBiUG5qeDRUWXJtWjc3LXoyUkVuUDFGSV83SjhvUFQ4Q0pkeHJRc2tSVk1XTFp1WmlpRmM0NTBxQ2gyNU1rNlY0T2tyblBPZUxQa0c2bDFrVlJPSmUteE5fMmJod0hyTVVNSlQ3Rmc3RjRnblFIeEhYbFRTQW5RSFk3Y3dvRENiU1VrNEVCc2ZHY2tEZEJHcnpKSTFTNHpIdE0t?oc=5"" target=""_blank"">Kweichow Moutai Presents Chinese Enterprise’s ESG Insights at 2025 WEF</a>&nbsp;&nbsp;<font color=""#6f6f6f"">Business Wire</font>",neutral,0.057167653
2025-02-11,2025-02-11T08:00:00+00:00,600519.SH,"""600519"" - Google News","BYD back in RMB trillion club, up over 25% in 6 trading days - CnEVPost","<a href=""https://news.google.com/rss/articles/CBMib0FVX3lxTE11ZHg4UzhVN0FYcWp0R1lzWEYtZlJtOXBBaTdGM0I4bFFmUXZvdmNXME9pWHJEQ2ZtdTJIeGN4STlPQmpwVm9tN1ZtMWUtTWFxQ0x1emdWUUp3OVA3YVUySGMzeE41eHRHSlVLVmUyUQ?oc=5"" target=""_blank"">BYD back in RMB trillion club, up over 25% in 6 trading days</a>&nbsp;&nbsp;<font color=""#6f6f6f"">CnEVPost</font>",https://news.google.com/rss/articles/CBMib0FVX3lxTE11ZHg4UzhVN0FYcWp0R1lzWEYtZlJtOXBBaTdGM0I4bFFmUXZvdmNXME9pWHJEQ2ZtdTJIeGN4STlPQmpwVm9tN1ZtMWUtTWFxQ0x1emdWUUp3OVA3YVUySGMzeE41eHRHSlVLVmUyUQ?oc=5,600519,"BYD back in RMB trillion club, up over 25% in 6 trading days - CnEVPost. <a href=""https://news.google.com/rss/articles/CBMib0FVX3lxTE11ZHg4UzhVN0FYcWp0R1lzWEYtZlJtOXBBaTdGM0I4bFFmUXZvdmNXME9pWHJEQ2ZtdTJIeGN4STlPQmpwVm9tN1ZtMWUtTWFxQ0x1emdWUUp3OVA3YVUySGMzeE41eHRHSlVLVmUyUQ?oc=5"" target=""_blank"">BYD back in RMB trillion club, up over 25% in 6 trading days</a>&nbsp;&nbsp;<font color=""#6f6f6f"">CnEVPost</font>",positive,0.9251992
2025-03-03,2025-03-03T08:00:00+00:00,600519.SH,"""Kweichow Moutai"" - Google News",Ebbing demand for China's favourite firewater adds to debt concerns - Reuters,"<a href=""https://news.google.com/rss/articles/CBMiqwFBVV95cUxPWU93TDhRX3BCZWdUUnZRZGpXNXNyaGRONkMtLVVtNWUwVUVTR3F0eEZXOUVOX1F5S0tROG44Z0tyaVBTQWJfdkJtY2ZJWGhtc2NBSTczY2I2emRfRmV2RnQyWEhXbERhUTNxakJaRWdROVpKUTdJNkRycVlvOFVNQWFVdUEtR3JFTkc5RnM3TnRmNFBDeS00di1IMXd6NGxEbGE2Y2lWTUNEeU0?oc=5"" target=""_blank"">Ebbing demand for China's favourite firewater adds to debt concerns</a>&nbsp;&nbsp;<font color=""#6f6f6f"">Reuters</font>",https://news.google.com/rss/articles/CBMiqwFBVV95cUxPWU93TDhRX3BCZWdUUnZRZGpXNXNyaGRONkMtLVVtNWUwVUVTR3F0eEZXOUVOX1F5S0tROG44Z0tyaVBTQWJfdkJtY2ZJWGhtc2NBSTczY2I2emRfRmV2RnQyWEhXbERhUTNxakJaRWdROVpKUTdJNkRycVlvOFVNQWFVdUEtR3JFTkc5RnM3TnRmNFBDeS00di1IMXd6NGxEbGE2Y2lWTUNEeU0?oc=5,Kweichow Moutai,"Ebbing demand for China's favourite firewater adds to debt concerns - Reuters. <a href=""https://news.google.com/rss/articles/CBMiqwFBVV95cUxPWU93TDhRX3BCZWdUUnZRZGpXNXNyaGRONkMtLVVtNWUwVUVTR3F0eEZXOUVOX1F5S0tROG44Z0tyaVBTQWJfdkJtY2ZJWGhtc2NBSTczY2I2emRfRmV2RnQyWEhXbERhUTNxakJaRWdROVpKUTdJNkRycVlvOFVNQWFVdUEtR3JFTkc5RnM3TnRmNFBDeS00di1IMXd6NGxEbGE2Y2lWTUNEeU0?oc=5"" target=""_blank"">Ebbing demand for China's favourite firewater adds to debt concerns</a>&nbsp;&nbsp;<font color=""#6f6f6f"">Reuters</font>",negative,-0.56120515
2025-04-02,2025-04-02T07:00:00+00:00,600519.SH,"""贵州茅台"" - Google News","In 2024, Moutai's total revenue is 170.9 billion, with a net income increase of 15.4% year-on-year, and the dividend amount has reached a new high | Earnings Reports insights. - Moomoo","<a href=""https://news.google.com/rss/articles/CBMikwFBVV95cUxOS3kyNHg0a0xvSjhXUTR2YmFDZzFBUGk2UlZuUlQtRERkQllZaFZldUJXYU9DUzdrbkxyVEJmZXcxVzZISFl0Tm5JdVExQTNKYlhXbkoyS203T2RkZ0VTYmlTTWpZSi1KZjlZWnlYSlNnRDNHMnY5M0VFZ3FIbE14Y1JXeXdBUnlfTnE3UFpMb1N3TGM?oc=5"" target=""_blank"">In 2024, Moutai's total revenue is 170.9 billion, with a net income increase of 15.4% year-on-year, and the dividend amount has reached a new high | Earnings Reports insights.</a>&nbsp;&nbsp;<font color=""#6f6f6f"">Moomoo</font>",https://news.google.com/rss/articles/CBMikwFBVV95cUxOS3kyNHg0a0xvSjhXUTR2YmFDZzFBUGk2UlZuUlQtRERkQllZaFZldUJXYU9DUzdrbkxyVEJmZXcxVzZISFl0Tm5JdVExQTNKYlhXbkoyS203T2RkZ0VTYmlTTWpZSi1KZjlZWnlYSlNnRDNHMnY5M0VFZ3FIbE14Y1JXeXdBUnlfTnE3UFpMb1N3TGM?oc=5,贵州茅台,"In 2024, Moutai's total revenue is 170.9 billion, with a net income increase of 15.4% year-on-year, and the dividend amount has reached a new high | Earnings Reports insights. - Moomoo. <a href=""https://news.google.com/rss/articles/CBMikwFBVV95cUxOS3kyNHg0a0xvSjhXUTR2YmFDZzFBUGk2UlZuUlQtRERkQllZaFZldUJXYU9DUzdrbkxyVEJmZXcxVzZISFl0Tm5JdVExQTNKYlhXbkoyS203T2RkZ0VTYmlTTWpZSi1KZjlZWnlYSlNnRDNHMnY5M0VFZ3FIbE14Y1JXeXdBUnlfTnE3UFpMb1N3TGM?oc=5"" target=""_blank"">In 2024, Moutai's total revenue is 170.9 billion, with a net income increase of 15.4% year-on-year, and the dividend amount has reached a new high | Earnings Reports insights.</a>&nbsp;&nbsp;<font color=""#6f6f6f"">Moomoo</font>",positive,0.8816466
2025-04-22,2025-04-22T09:29:20+00:00,600519.SH,"""Kweichow Moutai"" - Google 新闻",贵州茅台股价上涨趋势更明显，技术面好于可口可乐 - FOREX.com,"<a href=""https://news.google.com/rss/articles/CBMiiwFBVV95cUxPTVNhckE2cThEQWNvYndELXRDT1prOXVOUnlEeVBoemtCLXJMZzBmb3FLOWpmUGFtN0hGZkFGOWlCT0M3QkhaY0FkRGl3SVpHbVQtQXVmQzdkVFVkZnZJSG4ybzRScGJTZzNzNDNXZGozNVVST2RRWDFHZVM1VFI5WDM2Sk0tZU9ma1U00gGXAUFVX3lxTE1mQ09uSlNrQnp3Z1VwdGt4UU16MWlHcjZtbm5PMUQ3STN0a1JYekFJc2EwTDBvZkFiWHU1aWtaWTlFSlZhZ1ZQZERmeGFJWGRTOEFub3V3YTZRYld6emI5UDllNFVLVnBhQ1BrdWQ4S3V1bi05Nm9ORWEtUHZTdnludGZhV2NaY0M4b2g5cGgtSThsX0kyR2M?oc=5"" target=""_blank"">贵州茅台股价上涨趋势更明显，技术面好于可口可乐</a>&nbsp;&nbsp;<font color=""#6f6f6f"">FOREX.com</font>",https://news.google.com/rss/articles/CBMiiwFBVV95cUxPTVNhckE2cThEQWNvYndELXRDT1prOXVOUnlEeVBoemtCLXJMZzBmb3FLOWpmUGFtN0hGZkFGOWlCT0M3QkhaY0FkRGl3SVpHbVQtQXVmQzdkVFVkZnZJSG4ybzRScGJTZzNzNDNXZGozNVVST2RRWDFHZVM1VFI5WDM2Sk0tZU9ma1U00gGXAUFVX3lxTE1mQ09uSlNrQnp3Z1VwdGt4UU16MWlHcjZtbm5PMUQ3STN0a1JYekFJc2EwTDBvZkFiWHU1aWtaWTlFSlZhZ1ZQZERmeGFJWGRTOEFub3V3YTZRYld6emI5UDllNFVLVnBhQ1BrdWQ4S3V1bi05Nm9ORWEtUHZTdnludGZhV2NaY0M4b2g5cGgtSThsX0kyR2M?oc=5,Kweichow Moutai,"贵州茅台股价上涨趋势更明显，技术面好于可口可乐 - FOREX.com. <a href=""https://news.google.com/rss/articles/CBMiiwFBVV95cUxPTVNhckE2cThEQWNvYndELXRDT1prOXVOUnlEeVBoemtCLXJMZzBmb3FLOWpmUGFtN0hGZkFGOWlCT0M3QkhaY0FkRGl3SVpHbVQtQXVmQzdkVFVkZnZJSG4ybzRScGJTZzNzNDNXZGozNVVST2RRWDFHZVM1VFI5WDM2Sk0tZU9ma1U00gGXAUFVX3lxTE1mQ09uSlNrQnp3Z1VwdGt4UU16MWlHcjZtbm5PMUQ3STN0a1JYekFJc2EwTDBvZkFiWHU1aWtaWTlFSlZhZ1ZQZERmeGFJWGRTOEFub3V3YTZRYld6emI5UDllNFVLVnBhQ1BrdWQ4S3V1bi05Nm9ORWEtUHZTdnludGZhV2NaY0M4b2g5cGgtSThsX0kyR2M?oc=5"" target=""_blank"">贵州茅台股价上涨趋势更明显，技术面好于可口可乐</a>&nbsp;&nbsp;<font color=""#6f6f6f"">FOREX.com</font>",neutral,0.0072407313
2025-05-08,2025-05-08T07:00:00+00:00,600519.SH,"""600519"" - Google 新闻",贵州茅台（600519）公司将于2025年05月19日召开2024年度股东大会。$贵州茅台(SH600519)$ - 雪球,"<a href=""https://news.google.com/rss/articles/CBMiUEFVX3lxTE9nclNTYlgyTmxRX18tU2lpdGE4azJkaDBQQkppdzFkTS1wOTNRRE40cXRobmEzeWk3SDFWdGhNNm80dXNDbVdOLVN5RE1pY0Jr?oc=5"" target=""_blank"">贵州茅台（600519）公司将于2025年05月19日召开2024年度股东大会。$贵州茅台(SH600519)$</a>&nbsp;&nbsp;<font color=""#6f6f6f"">雪球</font>",https://news.google.com/rss/articles/CBMiUEFVX3lxTE9nclNTYlgyTmxRX18tU2lpdGE4azJkaDBQQkppdzFkTS1wOTNRRE40cXRobmEzeWk3SDFWdGhNNm80dXNDbVdOLVN5RE1pY0Jr?oc=5,600519,"贵州茅台（600519）公司将于2025年05月19日召开2024年度股东大会。$贵州茅台(SH600519)$ - 雪球. <a href=""https://news.google.com/rss/articles/CBMiUEFVX3lxTE9nclNTYlgyTmxRX18tU2lpdGE4azJkaDBQQkppdzFkTS1wOTNRRE40cXRobmEzeWk3SDFWdGhNNm80dXNDbVdOLVN5RE1pY0Jr?oc=5"" target=""_blank"">贵州茅台（600519）公司将于2025年05月19日召开2024年度股东大会。$贵州茅台(SH600519)$</a>&nbsp;&nbsp;<font color=""#6f6f6f"">雪球</font>",neutral,0.03424813
2025-05-14,2025-05-14T07:00:00+00:00,600519.SH,"""Kweichow Moutai"" - Google News",Moutai Price Falls to Four-Year Low as Business Gifting Declines - Vino Joy News,"<a href=""https://news.google.com/rss/articles/CBMingFBVV95cUxQNm8yMzNuRmkyOGF6WjlfSTQ3YzJ5WUxFY2NXbER2eEE0NlRzeGtITGw4MDY3SGlXanNVdjhSRnU3eUdzX1hmTU50dEdaVlVUbXlQU08zdTRNTGhxZGMtYVZlWl91SVhSQ19ULUdLbzR5Y2h6RHhEY05aU2tobVdTMXVoamE2dlc5THNpSE9GcHFPbWwxYWdIQWJ0ejlsdw?oc=5"" target=""_blank"">Moutai Price Falls to Four-Year Low as Business Gifting Declines</a>&nbsp;&nbsp;<font color=""#6f6f6f"">Vino Joy News</font>",https://news.google.com/rss/articles/CBMingFBVV95cUxQNm8yMzNuRmkyOGF6WjlfSTQ3YzJ5WUxFY2NXbER2eEE0NlRzeGtITGw4MDY3SGlXanNVdjhSRnU3eUdzX1hmTU50dEdaVlVUbXlQU08zdTRNTGhxZGMtYVZlWl91SVhSQ19ULUdLbzR5Y2h6RHhEY05aU2tobVdTMXVoamE2dlc5THNpSE9GcHFPbWwxYWdIQWJ0ejlsdw?oc=5,Kweichow Moutai,"Moutai Price Falls to Four-Year Low as Business Gifting Declines - Vino Joy News. <a href=""https://news.google.com/rss/articles/CBMingFBVV95cUxQNm8yMzNuRmkyOGF6WjlfSTQ3YzJ5WUxFY2NXbER2eEE0NlRzeGtITGw4MDY3SGlXanNVdjhSRnU3eUdzX1hmTU50dEdaVlVUbXlQU08zdTRNTGhxZGMtYVZlWl91SVhSQ19ULUdLbzR5Y2h6RHhEY05aU2tobVdTMXVoamE2dlc5THNpSE9GcHFPbWwxYWdIQWJ0ejlsdw?oc=5"" target=""_blank"">Moutai Price Falls to Four-Year Low as Business Gifting Declines</a>&nbsp;&nbsp;<font color=""#6f6f6f"">Vino Joy News</font>",negative,-0.9620696
2025-06-11,2025-06-11T07:00:00+00:00,600519.SH,"""Kweichow Moutai"" - Google News",China’s booze business looks smashed - The Economist,"<a href=""https://news.google.com/rss/articles/CBMihAFBVV95cUxNcXU1eFdHeWk2dWFYSWxvdVZCQnJzX2FzWWw1RGlrWHRDaDFnc1ltblFuQmp0dm4yX3M3UHJtcXp3ejRhekZyU2NEbXJzaUFOa0pJV0hDR2cyZDdTYnB3RmJjZmExSnJYLVdxU2NfcUs1TUZlQ3FpSjNoSHgzVjNxNEhWcmU?oc=5"" target=""_blank"">China’s booze business looks smashed</a>&nbsp;&nbsp;<font color=""#6f6f6f"">The Economist</font>",https://news.google.com/rss/articles/CBMihAFBVV95cUxNcXU1eFdHeWk2dWFYSWxvdVZCQnJzX2FzWWw1RGlrWHRDaDFnc1ltblFuQmp0dm4yX3M3UHJtcXp3ejRhekZyU2NEbXJzaUFOa0pJV0hDR2cyZDdTYnB3RmJjZmExSnJYLVdxU2NfcUs1TUZlQ3FpSjNoSHgzVjNxNEhWcmU?oc=5,Kweichow Moutai,"China’s booze business looks smashed - The Economist. <a href=""https://news.google.com/rss/articles/CBMihAFBVV95cUxNcXU1eFdHeWk2dWFYSWxvdVZCQnJzX2FzWWw1RGlrWHRDaDFnc1ltblFuQmp0dm4yX3M3UHJtcXp3ejRhekZyU2NEbXJzaUFOa0pJV0hDR2cyZDdTYnB3RmJjZmExSnJYLVdxU2NfcUs1TUZlQ3FpSjNoSHgzVjNxNEhWcmU?oc=5"" target=""_blank"">China’s booze business looks smashed</a>&nbsp;&nbsp;<font color=""#6f6f6f"">The Economist</font>",negative,-0.82849914
2025-06-13,2025-06-13T07:00:00+00:00,600519.SH,"""Kweichow Moutai"" - Google News",China’s top baijiu maker faces sobering reality as austerity trims profits - South China Morning Post,"<a href=""https://news.google.com/rss/articles/CBMiywFBVV95cUxPRjVpTVNFNGhRbFFPc0Y0bDdTb2ZxVXRDNjhjMnp3RDctQzF5ajEzVnJZVkdsRFVUNlI5M2ZvVURrdl9KTW9VcWwzZDUybG9jTmUtVGJEWmp4eUQtSWk1UUtHNW5pcEZPZWQxZ1lJMmFEdWNuMDM0MnhSVjB1ZjBEVlEwSE8zMUlWSFpoc1JCU3Q2dFpKRzd4SXhvdVBFUFVBeWlVWVIxa1FORDN0U3hQRjNfTlBsU2ZnWmtKS1R0Vnd6Q3JGNlFnSXpoZ9IBywFBVV95cUxNY2lRVWZ4NWoySGJoYmdEcWl2MUN6YzNUdjlQaXd1Qy10aXRPR25wZk0xVHFSVzZaQmJJX1o5VGFrS1JqNEVWMS1kdVoxNmFsRDFQNU1RLU1ZNVlIZ0pSY0ZYYjF6NHBGbGNxV2FvNDR3NS1aX0laTUZZdW5nQWdnQkQ2azlTQm1NVlJfZjlVYlVTLVBfb3NEU2R5VXpvdzNLY1I2cnI2cUt0bUlzdE1MZEU4b3V3V0hNVmNVS3pMVUgyOFBWUUFfQ2V6UQ?oc=5"" target=""_blank"">China’s top baijiu maker faces sobering reality as austerity trims profits</a>&nbsp;&nbsp;<font color=""#6f6f6f"">South China Morning Post</font>",https://news.google.com/rss/articles/CBMiywFBVV95cUxPRjVpTVNFNGhRbFFPc0Y0bDdTb2ZxVXRDNjhjMnp3RDctQzF5ajEzVnJZVkdsRFVUNlI5M2ZvVURrdl9KTW9VcWwzZDUybG9jTmUtVGJEWmp4eUQtSWk1UUtHNW5pcEZPZWQxZ1lJMmFEdWNuMDM0MnhSVjB1ZjBEVlEwSE8zMUlWSFpoc1JCU3Q2dFpKRzd4SXhvdVBFUFVBeWlVWVIxa1FORDN0U3hQRjNfTlBsU2ZnWmtKS1R0Vnd6Q3JGNlFnSXpoZ9IBywFBVV95cUxNY2lRVWZ4NWoySGJoYmdEcWl2MUN6YzNUdjlQaXd1Qy10aXRPR25wZk0xVHFSVzZaQmJJX1o5VGFrS1JqNEVWMS1kdVoxNmFsRDFQNU1RLU1ZNVlIZ0pSY0ZYYjF6NHBGbGNxV2FvNDR3NS1aX0laTUZZdW5nQWdnQkQ2azlTQm1NVlJfZjlVYlVTLVBfb3NEU2R5VXpvdzNLY1I2cnI2cUt0bUlzdE1MZEU4b3V3V0hNVmNVS3pMVUgyOFBWUUFfQ2V6UQ?oc=5,Kweichow Moutai,"China’s top baijiu maker faces sobering reality as austerity trims profits - South China Morning Post. <a href=""https://news.google.com/rss/articles/CBMiywFBVV95cUxPRjVpTVNFNGhRbFFPc0Y0bDdTb2ZxVXRDNjhjMnp3RDctQzF5ajEzVnJZVkdsRFVUNlI5M2ZvVURrdl9KTW9VcWwzZDUybG9jTmUtVGJEWmp4eUQtSWk1UUtHNW5pcEZPZWQxZ1lJMmFEdWNuMDM0MnhSVjB1ZjBEVlEwSE8zMUlWSFpoc1JCU3Q2dFpKRzd4SXhvdVBFUFVBeWlVWVIxa1FORDN0U3hQRjNfTlBsU2ZnWmtKS1R0Vnd6Q3JGNlFnSXpoZ9IBywFBVV95cUxNY2lRVWZ4NWoySGJoYmdEcWl2MUN6YzNUdjlQaXd1Qy10aXRPR25wZk0xVHFSVzZaQmJJX1o5VGFrS1JqNEVWMS1kdVoxNmFsRDFQNU1RLU1ZNVlIZ0pSY0ZYYjF6NHBGbGNxV2FvNDR3NS1aX0laTUZZdW5nQWdnQkQ2azlTQm1NVlJfZjlVYlVTLVBfb3NEU2R5VXpvdzNLY1I2cnI2cUt0bUlzdE1MZEU4b3V3V0hNVmNVS3pMVUgyOFBWUUFfQ2V6UQ?oc=5"" target=""_blank"">China’s top baijiu maker faces sobering reality as austerity trims profits</a>&nbsp;&nbsp;<font color=""#6f6f6f"">South China Morning Post</font>",positive,0.5791479
2025-06-18,2025-06-18T07:00:00+00:00,600519.SH,"""Kweichow Moutai"" - Google News",China curbs luxury liquor spending - The Drinks Business,"<a href=""https://news.google.com/rss/articles/CBMigwFBVV95cUxOT0ZhQVF6NXBSWjN5MDJ2R1FUa0xMdEdrV1dmWW8teVNfQ2JwOWxLRm9uUlg3ekhqOGFzMld4Q1lsNjJObmxjaVZyTXh0clUyMDk5Znk4d0ttbmpkbUFkWFAySmVJUTV3dll0dmNTaW1ubjcwN0t4ZHZOTG5yVFlDZVdkQQ?oc=5"" target=""_blank"">China curbs luxury liquor spending</a>&nbsp;&nbsp;<font color=""#6f6f6f"">The Drinks Business</font>",https://news.google.com/rss/articles/CBMigwFBVV95cUxOT0ZhQVF6NXBSWjN5MDJ2R1FUa0xMdEdrV1dmWW8teVNfQ2JwOWxLRm9uUlg3ekhqOGFzMld4Q1lsNjJObmxjaVZyTXh0clUyMDk5Znk4d0ttbmpkbUFkWFAySmVJUTV3dll0dmNTaW1ubjcwN0t4ZHZOTG5yVFlDZVdkQQ?oc=5,Kweichow Moutai,"China curbs luxury liquor spending - The Drinks Business. <a href=""https://news.google.com/rss/articles/CBMigwFBVV95cUxOT0ZhQVF6NXBSWjN5MDJ2R1FUa0xMdEdrV1dmWW8teVNfQ2JwOWxLRm9uUlg3ekhqOGFzMld4Q1lsNjJObmxjaVZyTXh0clUyMDk5Znk4d0ttbmpkbUFkWFAySmVJUTV3dll0dmNTaW1ubjcwN0t4ZHZOTG5yVFlDZVdkQQ?oc=5"" target=""_blank"">China curbs luxury liquor spending</a>&nbsp;&nbsp;<font color=""#6f6f6f"">The Drinks Business</font>",neutral,-0.022029132
2025-06-18,2025-06-18T07:00:00+00:00,600519.SH,"""Kweichow Moutai"" - Google News",China’s luxury liquor market contracts as economic slowdown and anti-corruption drive reshape demand - Vinetur,"<a href=""https://news.google.com/rss/articles/CBMi3gFBVV95cUxNcWZTeEw0d0paN3NXOGxqM21nZE5MU2x2My13UTJ4NjI3U0luSnkyNEtOSFMzb2tXUy11WGkwME5OeTFza0MyeUhjRTd5MVplRHEzTkp6WElvUjFVUjNXeF9NTnVDakVXRmhnNUV3Y3VXNnd2cmJZQUdkQjhCV1JIbmNyWFdPYmdmZ0lrOGFGd0JoLV9wVllGSHJnSHpTOUc3dEUwY1NsbDBteHU5ZGYzRkdlR2Y5bzdqNzV4enZUdUp6Yl9ib25BaWVva1hkck1QRDlOa0dUT1cyUk41UWfSAeMBQVVfeXFMTUF0cDk1cHh3X0ZNZ1FGYjIwYi04NncxNkR0THpQbU1VakJWeDZTblBqcXROWm9sTjdSejFZX0NOalpMbVFVdDd4dWYxSkNJWHh3NkNqTUFuWHVmRUtBOFhBMVVPS24yN2t1S3d0TkQ0S2h5bWNhRDA3V2NyZXFSNGpfeDl1UTRLU2U0c3lpQk1vUXJHcE9lcXlFNWQyMjE0dFA4Q014MFdoNjdnMF9BVm9BZTV0Q05XYkdDVEh1eGRQYTZsdVJPOUhCNlU3Sk9TUGVZVGh4aEZiWFhsN2NjOWV6blU?oc=5"" target=""_blank"">China’s luxury liquor market contracts as economic slowdown and anti-corruption drive reshape demand</a>&nbsp;&nbsp;<font color=""#6f6f6f"">Vinetur</font>",https://news.google.com/rss/articles/CBMi3gFBVV95cUxNcWZTeEw0d0paN3NXOGxqM21nZE5MU2x2My13UTJ4NjI3U0luSnkyNEtOSFMzb2tXUy11WGkwME5OeTFza0MyeUhjRTd5MVplRHEzTkp6WElvUjFVUjNXeF9NTnVDakVXRmhnNUV3Y3VXNnd2cmJZQUdkQjhCV1JIbmNyWFdPYmdmZ0lrOGFGd0JoLV9wVllGSHJnSHpTOUc3dEUwY1NsbDBteHU5ZGYzRkdlR2Y5bzdqNzV4enZUdUp6Yl9ib25BaWVva1hkck1QRDlOa0dUT1cyUk41UWfSAeMBQVVfeXFMTUF0cDk1cHh3X0ZNZ1FGYjIwYi04NncxNkR0THpQbU1VakJWeDZTblBqcXROWm9sTjdSejFZX0NOalpMbVFVdDd4dWYxSkNJWHh3NkNqTUFuWHVmRUtBOFhBMVVPS24yN2t1S3d0TkQ0S2h5bWNhRDA3V2NyZXFSNGpfeDl1UTRLU2U0c3lpQk1vUXJHcE9lcXlFNWQyMjE0dFA4Q014MFdoNjdnMF9BVm9BZTV0Q05XYkdDVEh1eGRQYTZsdVJPOUhCNlU3Sk9TUGVZVGh4aEZiWFhsN2NjOWV6blU?oc=5,Kweichow Moutai,"China’s luxury liquor market contracts as economic slowdown and anti-corruption drive reshape demand - Vinetur. <a href=""https://news.google.com/rss/articles/CBMi3gFBVV95cUxNcWZTeEw0d0paN3NXOGxqM21nZE5MU2x2My13UTJ4NjI3U0luSnkyNEtOSFMzb2tXUy11WGkwME5OeTFza0MyeUhjRTd5MVplRHEzTkp6WElvUjFVUjNXeF9NTnVDakVXRmhnNUV3Y3VXNnd2cmJZQUdkQjhCV1JIbmNyWFdPYmdmZ0lrOGFGd0JoLV9wVllGSHJnSHpTOUc3dEUwY1NsbDBteHU5ZGYzRkdlR2Y5bzdqNzV4enZUdUp6Yl9ib25BaWVva1hkck1QRDlOa0dUT1cyUk41UWfSAeMBQVVfeXFMTUF0cDk1cHh3X0ZNZ1FGYjIwYi04NncxNkR0THpQbU1VakJWeDZTblBqcXROWm9sTjdSejFZX0NOalpMbVFVdDd4dWYxSkNJWHh3NkNqTUFuWHVmRUtBOFhBMVVPS24yN2t1S3d0TkQ0S2h5bWNhRDA3V2NyZXFSNGpfeDl1UTRLU2U0c3lpQk1vUXJHcE9lcXlFNWQyMjE0dFA4Q014MFdoNjdnMF9BVm9BZTV0Q05XYkdDVEh1eGRQYTZsdVJPOUhCNlU3Sk9TUGVZVGh4aEZiWFhsN2NjOWV6blU?oc=5"" target=""_blank"">China’s luxury liquor market contracts as economic slowdown and anti-corruption drive reshape demand</a>&nbsp;&nbsp;<font color=""#6f6f6f"">Vinetur</font>",neutral,0.27318206
2025-06-26,2025-06-26T07:00:00+00:00,600519.SH,"""Kweichow Moutai"" - Google News",Price of Moutai Liquor Slides Below Critical Threshold - Caixin Global,"<a href=""https://news.google.com/rss/articles/CBMirgFBVV95cUxORHVTZGptZ2VVQXJZTGhhSVVuV1UtcFlYRnlVb2s2MTRKX3VOLWl6RC1JTjR2ODZJa1E0R2hydHZtOTE3WTc2U0UzOTl3RHhGT1Q2Q0NuUm5ZUjhTSERkaXdDSDNCQXVnR3hheHpadnphdzlXdVhWakRuckcxeXVkekxmdmpBYVgxdk1MeExUUjJBYjZNRnN2cnpIUDF4YlR2VTJnM1RyMTVXSVctWGc?oc=5"" target=""_blank"">Price of Moutai Liquor Slides Below Critical Threshold</a>&nbsp;&nbsp;<font color=""#6f6f6f"">Caixin Global</font>",https://news.google.com/rss/articles/CBMirgFBVV95cUxORHVTZGptZ2VVQXJZTGhhSVVuV1UtcFlYRnlVb2s2MTRKX3VOLWl6RC1JTjR2ODZJa1E0R2hydHZtOTE3WTc2U0UzOTl3RHhGT1Q2Q0NuUm5ZUjhTSERkaXdDSDNCQXVnR3hheHpadnphdzlXdVhWakRuckcxeXVkekxmdmpBYVgxdk1MeExUUjJBYjZNRnN2cnpIUDF4YlR2VTJnM1RyMTVXSVctWGc?oc=5,Kweichow Moutai,"Price of Moutai Liquor Slides Below Critical Threshold - Caixin Global. <a href=""https://news.google.com/rss/articles/CBMirgFBVV95cUxORHVTZGptZ2VVQXJZTGhhSVVuV1UtcFlYRnlVb2s2MTRKX3VOLWl6RC1JTjR2ODZJa1E0R2hydHZtOTE3WTc2U0UzOTl3RHhGT1Q2Q0NuUm5ZUjhTSERkaXdDSDNCQXVnR3hheHpadnphdzlXdVhWakRuckcxeXVkekxmdmpBYVgxdk1MeExUUjJBYjZNRnN2cnpIUDF4YlR2VTJnM1RyMTVXSVctWGc?oc=5"" target=""_blank"">Price of Moutai Liquor Slides Below Critical Threshold</a>&nbsp;&nbsp;<font color=""#6f6f6f"">Caixin Global</font>",negative,-0.23200265
2025-07-18,2025-07-18T14:58:31+00:00,600519.SH,"""Kweichow Moutai"" - Google News",The spirit of harmony: How Daoist philosophy shapes every drop of Moutai - Financial Times,"<a href=""https://news.google.com/rss/articles/CBMiuAFBVV95cUxONkd1VndlLXdwSjR4M2J1bDRYdXFIelNta3ZJQ1ExUDVseU4wSGRsanNfQU0tSm0xTmMtMmlYeng2Ml9OdmhqS3ZEbW4yMTBvMUxHUjl2WU5zV3Q3MFBSVndrSGg1T2hyeFA5VGVXTVJzcjJlb1YtLXpOeElKWWZYSVZLNlFyRVlXSjJDcHF3bG5ZTlUyR3Nla2RzMkpKY1FTcm1xTVNzSXUwUlJQUFJyNGRwZnVVdndi?oc=5"" target=""_blank"">The spirit of harmony: How Daoist philosophy shapes every drop of Moutai</a>&nbsp;&nbsp;<font color=""#6f6f6f"">Financial Times</font>",https://news.google.com/rss/articles/CBMiuAFBVV95cUxONkd1VndlLXdwSjR4M2J1bDRYdXFIelNta3ZJQ1ExUDVseU4wSGRsanNfQU0tSm0xTmMtMmlYeng2Ml9OdmhqS3ZEbW4yMTBvMUxHUjl2WU5zV3Q3MFBSVndrSGg1T2hyeFA5VGVXTVJzcjJlb1YtLXpOeElKWWZYSVZLNlFyRVlXSjJDcHF3bG5ZTlUyR3Nla2RzMkpKY1FTcm1xTVNzSXUwUlJQUFJyNGRwZnVVdndi?oc=5,Kweichow Moutai,"The spirit of harmony: How Daoist philosophy shapes every drop of Moutai - Financial Times. <a href=""https://news.google.com/rss/articles/CBMiuAFBVV95cUxONkd1VndlLXdwSjR4M2J1bDRYdXFIelNta3ZJQ1ExUDVseU4wSGRsanNfQU0tSm0xTmMtMmlYeng2Ml9OdmhqS3ZEbW4yMTBvMUxHUjl2WU5zV3Q3MFBSVndrSGg1T2hyeFA5VGVXTVJzcjJlb1YtLXpOeElKWWZYSVZLNlFyRVlXSjJDcHF3bG5ZTlUyR3Nla2RzMkpKY1FTcm1xTVNzSXUwUlJQUFJyNGRwZnVVdndi?oc=5"" target=""_blank"">The spirit of harmony: How Daoist philosophy shapes every drop of Moutai</a>&nbsp;&nbsp;<font color=""#6f6f6f"">Financial Times</font>",neutral,0.030627009
2025-08-01,2025-08-01T07:00:00+00:00,600519.SH,"""Kweichow Moutai"" - Google News",Chinese alcohol brands reach record global value as Moutai leads spirits market - Vinetur,"<a href=""https://news.google.com/rss/articles/CBMiwwFBVV95cUxQeVRJR3dtdmlDd3NuR3BqVXdxcTNjc3ZkSGRWQ042bEdObzloOUNvX0FZcTI4V091MnV6TF9tV3gwV2ljTUhWMUt2V3dfeHM5VlBhU3c4MVhPZGRaWnZ3V1g1QmFsX1hyRHpMYTNGcjVQTWRyblpNdjNfc015REp1VVlVanFhQzVfSnkyMFpkb1BZd1hnNWV4QUl1YktDU2EzekRQZUhhc2FFMGRkTDBYMWpkTWpGRWFrUlRraXFZaFlxajjSAcgBQVVfeXFMTUZSSDZKZE12eDhqNjFrMzU4MUJaOGs4RTYtdG81RlRCaUR0Rk5UZ25RaGNRTktGSVVseUVEdG91dzZNWTVZME1GeVl0dnZJeWFpSFVJb3l5cEcwVjlXV3U1bUJ6dGhTMG13MDc0ZnVqNmpZcmNUVWh1RGEzQUM1NGgyX19VdWpsS3liOWVoTFZJRi1VLUtsNWI0c2doYUM4Und4YnczMWRzM3lkREpXTXR5OWxZVTd0UVI0Nk5ENmI3VHpaTW5VLTE?oc=5"" target=""_blank"">Chinese alcohol brands reach record global value as Moutai leads spirits market</a>&nbsp;&nbsp;<font color=""#6f6f6f"">Vinetur</font>",https://news.google.com/rss/articles/CBMiwwFBVV95cUxQeVRJR3dtdmlDd3NuR3BqVXdxcTNjc3ZkSGRWQ042bEdObzloOUNvX0FZcTI4V091MnV6TF9tV3gwV2ljTUhWMUt2V3dfeHM5VlBhU3c4MVhPZGRaWnZ3V1g1QmFsX1hyRHpMYTNGcjVQTWRyblpNdjNfc015REp1VVlVanFhQzVfSnkyMFpkb1BZd1hnNWV4QUl1YktDU2EzekRQZUhhc2FFMGRkTDBYMWpkTWpGRWFrUlRraXFZaFlxajjSAcgBQVVfeXFMTUZSSDZKZE12eDhqNjFrMzU4MUJaOGs4RTYtdG81RlRCaUR0Rk5UZ25RaGNRTktGSVVseUVEdG91dzZNWTVZME1GeVl0dnZJeWFpSFVJb3l5cEcwVjlXV3U1bUJ6dGhTMG13MDc0ZnVqNmpZcmNUVWh1RGEzQUM1NGgyX19VdWpsS3liOWVoTFZJRi1VLUtsNWI0c2doYUM4Und4YnczMWRzM3lkREpXTXR5OWxZVTd0UVI0Nk5ENmI3VHpaTW5VLTE?oc=5,Kweichow Moutai,"Chinese alcohol brands reach record global value as Moutai leads spirits market - Vinetur. <a href=""https://news.google.com/rss/articles/CBMiwwFBVV95cUxQeVRJR3dtdmlDd3NuR3BqVXdxcTNjc3ZkSGRWQ042bEdObzloOUNvX0FZcTI4V091MnV6TF9tV3gwV2ljTUhWMUt2V3dfeHM5VlBhU3c4MVhPZGRaWnZ3V1g1QmFsX1hyRHpMYTNGcjVQTWRyblpNdjNfc015REp1VVlVanFhQzVfSnkyMFpkb1BZd1hnNWV4QUl1YktDU2EzekRQZUhhc2FFMGRkTDBYMWpkTWpGRWFrUlRraXFZaFlxajjSAcgBQVVfeXFMTUZSSDZKZE12eDhqNjFrMzU4MUJaOGs4RTYtdG81RlRCaUR0Rk5UZ25RaGNRTktGSVVseUVEdG91dzZNWTVZME1GeVl0dnZJeWFpSFVJb3l5cEcwVjlXV3U1bUJ6dGhTMG13MDc0ZnVqNmpZcmNUVWh1RGEzQUM1NGgyX19VdWpsS3liOWVoTFZJRi1VLUtsNWI0c2doYUM4Und4YnczMWRzM3lkREpXTXR5OWxZVTd0UVI0Nk5ENmI3VHpaTW5VLTE?oc=5"" target=""_blank"">Chinese alcohol brands reach record global value as Moutai leads spirits market</a>&nbsp;&nbsp;<font color=""#6f6f6f"">Vinetur</font>",positive,0.8333243
2025-08-08,2025-08-08T07:00:00+00:00,600519.SH,"""Kweichow Moutai"" - Google News",Moutai: from Red Sorghum Field to a Revitalized and Sustainable Future - Caixin Global,"<a href=""https://news.google.com/rss/articles/CBMiwgFBVV95cUxQWHZlSHRleUcta043OVNtb0hSUlVjZy1wQ0UtWmtDdjU0TmF3S1pSdUZUb0liNERFd094SExyNndvVHVHWlVPUG1UWlhWS2ZrM0hjeDdXbTVzUElxYWFCZ0pnSktqRXhEaGVFb1d2X3luTWpkY2w1ajdhOGJLc2tDMFNtSkZYUTdDZXdmUW9laXRSUm04WU5YYjRWWklHa29WdEZ2dnpOMUV4NTVaSFlEMWhtQXF5NzVWSl9XVTNhOVJkUQ?oc=5"" target=""_blank"">Moutai: from Red Sorghum Field to a Revitalized and Sustainable Future</a>&nbsp;&nbsp;<font color=""#6f6f6f"">Caixin Global</font>",https://news.google.com/rss/articles/CBMiwgFBVV95cUxQWHZlSHRleUcta043OVNtb0hSUlVjZy1wQ0UtWmtDdjU0TmF3S1pSdUZUb0liNERFd094SExyNndvVHVHWlVPUG1UWlhWS2ZrM0hjeDdXbTVzUElxYWFCZ0pnSktqRXhEaGVFb1d2X3luTWpkY2w1ajdhOGJLc2tDMFNtSkZYUTdDZXdmUW9laXRSUm04WU5YYjRWWklHa29WdEZ2dnpOMUV4NTVaSFlEMWhtQXF5NzVWSl9XVTNhOVJkUQ?oc=5,Kweichow Moutai,"Moutai: from Red Sorghum Field to a Revitalized and Sustainable Future - Caixin Global. <a href=""https://news.google.com/rss/articles/CBMiwgFBVV95cUxQWHZlSHRleUcta043OVNtb0hSUlVjZy1wQ0UtWmtDdjU0TmF3S1pSdUZUb0liNERFd094SExyNndvVHVHWlVPUG1UWlhWS2ZrM0hjeDdXbTVzUElxYWFCZ0pnSktqRXhEaGVFb1d2X3luTWpkY2w1ajdhOGJLc2tDMFNtSkZYUTdDZXdmUW9laXRSUm04WU5YYjRWWklHa29WdEZ2dnpOMUV4NTVaSFlEMWhtQXF5NzVWSl9XVTNhOVJkUQ?oc=5"" target=""_blank"">Moutai: from Red Sorghum Field to a Revitalized and Sustainable Future</a>&nbsp;&nbsp;<font color=""#6f6f6f"">Caixin Global</font>",positive,0.63944465
2025-08-08,2025-08-08T07:00:00+00:00,600519.SH,"""Kweichow Moutai"" - Google News",Here’s Why Cat Bite Club’s Moutai Cocktails Aren’t Kitten Around! - DANAMIC,"<a href=""https://news.google.com/rss/articles/CBMimAFBVV95cUxPNnhDazFVX2VCQ3dLUW5JSUZBX3JVRDlKRFRTajh6U2VNRWtYUmdkTFdaWkdxVDFaWmY4VUJvXzN2eGEtbnota1RzV3pYR0xXcjhUN3N5OGlQazZEdk9mMmJoWk1jYW1CUkNUVFFLVjF2dU5PSTVZcTBsWmc3Q3MzdTJ1d3RjLVdCaGxxWm1ucVYyM1lvY1FTUQ?oc=5"" target=""_blank"">Here’s Why Cat Bite Club’s Moutai Cocktails Aren’t Kitten Around!</a>&nbsp;&nbsp;<font color=""#6f6f6f"">DANAMIC</font>",https://news.google.com/rss/articles/CBMimAFBVV95cUxPNnhDazFVX2VCQ3dLUW5JSUZBX3JVRDlKRFRTajh6U2VNRWtYUmdkTFdaWkdxVDFaWmY4VUJvXzN2eGEtbnota1RzV3pYR0xXcjhUN3N5OGlQazZEdk9mMmJoWk1jYW1CUkNUVFFLVjF2dU5PSTVZcTBsWmc3Q3MzdTJ1d3RjLVdCaGxxWm1ucVYyM1lvY1FTUQ?oc=5,Kweichow Moutai,"Here’s Why Cat Bite Club’s Moutai Cocktails Aren’t Kitten Around! - DANAMIC. <a href=""https://news.google.com/rss/articles/CBMimAFBVV95cUxPNnhDazFVX2VCQ3dLUW5JSUZBX3JVRDlKRFRTajh6U2VNRWtYUmdkTFdaWkdxVDFaWmY4VUJvXzN2eGEtbnota1RzV3pYR0xXcjhUN3N5OGlQazZEdk9mMmJoWk1jYW1CUkNUVFFLVjF2dU5PSTVZcTBsWmc3Q3MzdTJ1d3RjLVdCaGxxWm1ucVYyM1lvY1FTUQ?oc=5"" target=""_blank"">Here’s Why Cat Bite Club’s Moutai Cocktails Aren’t Kitten Around!</a>&nbsp;&nbsp;<font color=""#6f6f6f"">DANAMIC</font>",neutral,-0.029189212
2025-08-12,2025-08-12T07:00:00+00:00,600519.SH,"""Kweichow Moutai"" - Google News",Moutai Posts Worst Growth in Years as Chinese Cut Back on Liquor - Bloomberg,"<a href=""https://news.google.com/rss/articles/CBMitgFBVV95cUxOQ0Faa3A4Q2tYNTMxdG5GamRiMkJmb1FiVEIyZFJzV3VzUGZvM0IxVWlxLUQyVWdwQ3Y5ZW1hdHVKWEtMR2c4NDBQV3AwNTJWSXZuTTJkYVgtYkdCNFFiZWx6eHJZR1JWdVZ5T3lfMy1WQmJFMUhVeFhqaWNoc1lieldTSTFpMUdhd3c4VnYwMWdqRklpZjNUT3p5dTNxRDVuWVpsZEZ6QTBaYmxuQkxOS3phTVlfUQ?oc=5"" target=""_blank"">Moutai Posts Worst Growth in Years as Chinese Cut Back on Liquor</a>&nbsp;&nbsp;<font color=""#6f6f6f"">Bloomberg</font>",https://news.google.com/rss/articles/CBMitgFBVV95cUxOQ0Faa3A4Q2tYNTMxdG5GamRiMkJmb1FiVEIyZFJzV3VzUGZvM0IxVWlxLUQyVWdwQ3Y5ZW1hdHVKWEtMR2c4NDBQV3AwNTJWSXZuTTJkYVgtYkdCNFFiZWx6eHJZR1JWdVZ5T3lfMy1WQmJFMUhVeFhqaWNoc1lieldTSTFpMUdhd3c4VnYwMWdqRklpZjNUT3p5dTNxRDVuWVpsZEZ6QTBaYmxuQkxOS3phTVlfUQ?oc=5,Kweichow Moutai,"Moutai Posts Worst Growth in Years as Chinese Cut Back on Liquor - Bloomberg. <a href=""https://news.google.com/rss/articles/CBMitgFBVV95cUxOQ0Faa3A4Q2tYNTMxdG5GamRiMkJmb1FiVEIyZFJzV3VzUGZvM0IxVWlxLUQyVWdwQ3Y5ZW1hdHVKWEtMR2c4NDBQV3AwNTJWSXZuTTJkYVgtYkdCNFFiZWx6eHJZR1JWdVZ5T3lfMy1WQmJFMUhVeFhqaWNoc1lieldTSTFpMUdhd3c4VnYwMWdqRklpZjNUT3p5dTNxRDVuWVpsZEZ6QTBaYmxuQkxOS3phTVlfUQ?oc=5"" target=""_blank"">Moutai Posts Worst Growth in Years as Chinese Cut Back on Liquor</a>&nbsp;&nbsp;<font color=""#6f6f6f"">Bloomberg</font>",negative,-0.95240927
2025-08-13,2025-08-13T09:09:00+00:00,600519.SH,Kweichow Moutai - Bing新聞,"MT Instashopping, Kweichow Moutai Maotai-Flavor Liquor Launch In-depth Co-op w/ 1K+ Stores Available in 1st Batch","KWEICHOW MOUTAI (600519.SH)'s Kweichow Moutai Maotai-Flavor Liquor Marketing Co., Ltd. (literal translation of ""貴州茅台醬香酒營銷有限公司"") announced the launch of in-depth partnership with MT Instashopping. The ...",http://www.bing.com/news/apiclick.aspx?ref=FexRss&aid=&tid=69fb16c4161b414c91e7ba69502d545a&url=https%3a%2f%2fwww.aastocks.com%2fen%2fmobile%2fnews.aspx%3fnewsid%3dNOW.1460703%26newssource%3dAAFN&c=15971368388650839175&mkt=zh-tw,Kweichow Moutai,"MT Instashopping, Kweichow Moutai Maotai-Flavor Liquor Launch In-depth Co-op w/ 1K+ Stores Available in 1st Batch. KWEICHOW MOUTAI (600519.SH)'s Kweichow Moutai Maotai-Flavor Liquor Marketing Co., Ltd. (literal translation of ""貴州茅台醬香酒營銷有限公司"") announced the launch of in-depth partnership with MT Instashopping. The ...",neutral,0.15512674
2025-08-14,2025-08-14T07:00:00+00:00,600519.SH,"""贵州茅台"" - Google 新闻",上半年实现净利润454亿元 贵州茅台仍是基金“心头好” - 新华网,"<a href=""https://news.google.com/rss/articles/CBMigAFBVV95cUxPWXVmRFFnN09QSFRmQzRadTFmMU1obENGVldLcXZ0ZHdkbG1qYkw1dmdfR1dwREpUY3JKODhTbWg5WHRGSkNsdi1jYmlOTmF2U3ZfNzh0dnFtNkZDQkxTc3NwNkhwWnE3SnR6WjdtWXFibGZlekp2bWR1VGtQVkd2Yw?oc=5"" target=""_blank"">上半年实现净利润454亿元 贵州茅台仍是基金“心头好”</a>&nbsp;&nbsp;<font color=""#6f6f6f"">新华网</font>",https://news.google.com/rss/articles/CBMigAFBVV95cUxPWXVmRFFnN09QSFRmQzRadTFmMU1obENGVldLcXZ0ZHdkbG1qYkw1dmdfR1dwREpUY3JKODhTbWg5WHRGSkNsdi1jYmlOTmF2U3ZfNzh0dnFtNkZDQkxTc3NwNkhwWnE3SnR6WjdtWXFibGZlekp2bWR1VGtQVkd2Yw?oc=5,贵州茅台,"上半年实现净利润454亿元 贵州茅台仍是基金“心头好” - 新华网. <a href=""https://news.google.com/rss/articles/CBMigAFBVV95cUxPWXVmRFFnN09QSFRmQzRadTFmMU1obENGVldLcXZ0ZHdkbG1qYkw1dmdfR1dwREpUY3JKODhTbWg5WHRGSkNsdi1jYmlOTmF2U3ZfNzh0dnFtNkZDQkxTc3NwNkhwWnE3SnR6WjdtWXFibGZlekp2bWR1VGtQVkd2Yw?oc=5"" target=""_blank"">上半年实现净利润454亿元 贵州茅台仍是基金“心头好”</a>&nbsp;&nbsp;<font color=""#6f6f6f"">新华网</font>",neutral,0.04140134
2025-08-15,2025-08-15T07:00:00+00:00,600519.SH,"""Kweichow Moutai"" - Google News",China’s Moutai Reports Slowest Profit Growth Since 2015 - Vino Joy News,"<a href=""https://news.google.com/rss/articles/CBMikAFBVV95cUxONG5WMnlzX04tcVJ4aHYwMU8wd0g5eGY5OTFZYVNLYjNyMWdOU2hRVjQ0bEFXUDFZdkxHZXlqOWdWQjNmdXpTQ3FpZEdQZ092dmtHOFVTaHlWYW1iOXJ1S0V0VkpQTWMwSDZDcVRXT0NsX2FaWTd4ZDRhMFc3RnJhMW04dnV0NGZweVdEWlFNdEc?oc=5"" target=""_blank"">China’s Moutai Reports Slowest Profit Growth Since 2015</a>&nbsp;&nbsp;<font color=""#6f6f6f"">Vino Joy News</font>",https://news.google.com/rss/articles/CBMikAFBVV95cUxONG5WMnlzX04tcVJ4aHYwMU8wd0g5eGY5OTFZYVNLYjNyMWdOU2hRVjQ0bEFXUDFZdkxHZXlqOWdWQjNmdXpTQ3FpZEdQZ092dmtHOFVTaHlWYW1iOXJ1S0V0VkpQTWMwSDZDcVRXT0NsX2FaWTd4ZDRhMFc3RnJhMW04dnV0NGZweVdEWlFNdEc?oc=5,Kweichow Moutai,"China’s Moutai Reports Slowest Profit Growth Since 2015 - Vino Joy News. <a href=""https://news.google.com/rss/articles/CBMikAFBVV95cUxONG5WMnlzX04tcVJ4aHYwMU8wd0g5eGY5OTFZYVNLYjNyMWdOU2hRVjQ0bEFXUDFZdkxHZXlqOWdWQjNmdXpTQ3FpZEdQZ092dmtHOFVTaHlWYW1iOXJ1S0V0VkpQTWMwSDZDcVRXT0NsX2FaWTd4ZDRhMFc3RnJhMW04dnV0NGZweVdEWlFNdEc?oc=5"" target=""_blank"">China’s Moutai Reports Slowest Profit Growth Since 2015</a>&nbsp;&nbsp;<font color=""#6f6f6f"">Vino Joy News</font>",negative,-0.9131633
2025-08-18,2025-08-18T07:00:00+00:00,600519.SH,"""Kweichow Moutai"" - Google News",Kweichow Moutai posts slowest profit growth since 2015 - The Drinks Business,"<a href=""https://news.google.com/rss/articles/CBMingFBVV95cUxOS3V3VzFTbFI3Tk9jR1FBeW9JRXRyWGx4OEpCT1lFQkFsLURJSDJBS1RyaVVOZXFqYldvaVRuNGFhWWpjRW5Ba00wVnlIZFBzUHNGUjNaSWZpSU9EUHBnN0drV3NwdkQ5VnotdnJXWnZaT2NCNkltSkREcTdza0ctaWItQzVMaFdWODdiVkc3SmdwVU1paEN5bkpsZDc1dw?oc=5"" target=""_blank"">Kweichow Moutai posts slowest profit growth since 2015</a>&nbsp;&nbsp;<font color=""#6f6f6f"">The Drinks Business</font>",https://news.google.com/rss/articles/CBMingFBVV95cUxOS3V3VzFTbFI3Tk9jR1FBeW9JRXRyWGx4OEpCT1lFQkFsLURJSDJBS1RyaVVOZXFqYldvaVRuNGFhWWpjRW5Ba00wVnlIZFBzUHNGUjNaSWZpSU9EUHBnN0drV3NwdkQ5VnotdnJXWnZaT2NCNkltSkREcTdza0ctaWItQzVMaFdWODdiVkc3SmdwVU1paEN5bkpsZDc1dw?oc=5,Kweichow Moutai,"Kweichow Moutai posts slowest profit growth since 2015 - The Drinks Business. <a href=""https://news.google.com/rss/articles/CBMingFBVV95cUxOS3V3VzFTbFI3Tk9jR1FBeW9JRXRyWGx4OEpCT1lFQkFsLURJSDJBS1RyaVVOZXFqYldvaVRuNGFhWWpjRW5Ba00wVnlIZFBzUHNGUjNaSWZpSU9EUHBnN0drV3NwdkQ5VnotdnJXWnZaT2NCNkltSkREcTdza0ctaWItQzVMaFdWODdiVkc3SmdwVU1paEN5bkpsZDc1dw?oc=5"" target=""_blank"">Kweichow Moutai posts slowest profit growth since 2015</a>&nbsp;&nbsp;<font color=""#6f6f6f"">The Drinks Business</font>",negative,-0.9479936
2025-08-22,2025-08-22T07:00:00+00:00,600519.SH,"""600519"" - Google News","""Umeleta nuks"": Kenyans tell Nyamu after crushing on Harambee Stars captain - Tuko News","<a href=""https://news.google.com/rss/articles/CBMi0wFBVV95cUxPR0RvZElUVHpMcDdpYmZ0X2NKOEdpekpqazZkcXY5Z0JubGQyTGFsMWxNR01LbUJseTU1YWVWQmxsVWRSZTlLWDVBX2JibTZIWmRNRDV2OGlkTHVpd3dERnQ2ZGw4R1ZMbXJCWDZtZGRhQjVfODZkUzlhdmdlc3B0S29neVkzMTAwdjQ0bEtmN1Y4ZWJfOWNSYy1WeXJ4MW9kYWJsa2FLbm81VmJUMEdiZXVHMXR4NVRPbjB6TDJnSkN0eWh6Q3Rhb3BDNkdnWEg5cFZV?oc=5"" target=""_blank"">""Umeleta nuks"": Kenyans tell Nyamu after crushing on Harambee Stars captain</a>&nbsp;&nbsp;<font color=""#6f6f6f"">Tuko News</font>",https://news.google.com/rss/articles/CBMi0wFBVV95cUxPR0RvZElUVHpMcDdpYmZ0X2NKOEdpekpqazZkcXY5Z0JubGQyTGFsMWxNR01LbUJseTU1YWVWQmxsVWRSZTlLWDVBX2JibTZIWmRNRDV2OGlkTHVpd3dERnQ2ZGw4R1ZMbXJCWDZtZGRhQjVfODZkUzlhdmdlc3B0S29neVkzMTAwdjQ0bEtmN1Y4ZWJfOWNSYy1WeXJ4MW9kYWJsa2FLbm81VmJUMEdiZXVHMXR4NVRPbjB6TDJnSkN0eWh6Q3Rhb3BDNkdnWEg5cFZV?oc=5,600519,"""Umeleta nuks"": Kenyans tell Nyamu after crushing on Harambee Stars captain - Tuko News. <a href=""https://news.google.com/rss/articles/CBMi0wFBVV95cUxPR0RvZElUVHpMcDdpYmZ0X2NKOEdpekpqazZkcXY5Z0JubGQyTGFsMWxNR01LbUJseTU1YWVWQmxsVWRSZTlLWDVBX2JibTZIWmRNRDV2OGlkTHVpd3dERnQ2ZGw4R1ZMbXJCWDZtZGRhQjVfODZkUzlhdmdlc3B0S29neVkzMTAwdjQ0bEtmN1Y4ZWJfOWNSYy1WeXJ4MW9kYWJsa2FLbm81VmJUMEdiZXVHMXR4NVRPbjB6TDJnSkN0eWh6Q3Rhb3BDNkdnWEg5cFZV?oc=5"" target=""_blank"">""Umeleta nuks"": Kenyans tell Nyamu after crushing on Harambee Stars captain</a>&nbsp;&nbsp;<font color=""#6f6f6f"">Tuko News</font>",neutral,0.0012307726
2025-08-25,2025-08-25T07:00:00+00:00,600519.SH,"""Kweichow Moutai"" - Google News",AI Chipmaker Cambricon Inches Closer to Becoming China’s Priciest Stock - Caixin Global,"<a href=""https://news.google.com/rss/articles/CBMiwwFBVV95cUxPNE1KbTJFUmRsTjJLY1UwZThpU3ZjMTQ3SGY5QU5oQXZ6VlpKZzVIMHFYV0RTdzItOVVnMGp6XzRhdW1FUkJocDlLYnlFWXhOUE1jdFM0QzRMZlh4eHpEejRkY1B1M2VmeWhvVFQ1a0ZDZm9HOVJhY2pKcjJFeDR1SWJydWxFcGxLczNZNXVMNVNaVE9UNDJCVWVoMzRESzdVOFhHUjV2LVVTeWZTLVlueEJMU1hta291UlRiZXNCTklsVUU?oc=5"" target=""_blank"">AI Chipmaker Cambricon Inches Closer to Becoming China’s Priciest Stock</a>&nbsp;&nbsp;<font color=""#6f6f6f"">Caixin Global</font>",https://news.google.com/rss/articles/CBMiwwFBVV95cUxPNE1KbTJFUmRsTjJLY1UwZThpU3ZjMTQ3SGY5QU5oQXZ6VlpKZzVIMHFYV0RTdzItOVVnMGp6XzRhdW1FUkJocDlLYnlFWXhOUE1jdFM0QzRMZlh4eHpEejRkY1B1M2VmeWhvVFQ1a0ZDZm9HOVJhY2pKcjJFeDR1SWJydWxFcGxLczNZNXVMNVNaVE9UNDJCVWVoMzRESzdVOFhHUjV2LVVTeWZTLVlueEJMU1hta291UlRiZXNCTklsVUU?oc=5,Kweichow Moutai,"AI Chipmaker Cambricon Inches Closer to Becoming China’s Priciest Stock - Caixin Global. <a href=""https://news.google.com/rss/articles/CBMiwwFBVV95cUxPNE1KbTJFUmRsTjJLY1UwZThpU3ZjMTQ3SGY5QU5oQXZ6VlpKZzVIMHFYV0RTdzItOVVnMGp6XzRhdW1FUkJocDlLYnlFWXhOUE1jdFM0QzRMZlh4eHpEejRkY1B1M2VmeWhvVFQ1a0ZDZm9HOVJhY2pKcjJFeDR1SWJydWxFcGxLczNZNXVMNVNaVE9UNDJCVWVoMzRESzdVOFhHUjV2LVVTeWZTLVlueEJMU1hta291UlRiZXNCTklsVUU?oc=5"" target=""_blank"">AI Chipmaker Cambricon Inches Closer to Becoming China’s Priciest Stock</a>&nbsp;&nbsp;<font color=""#6f6f6f"">Caixin Global</font>",positive,0.6985695
2025-08-27,2025-08-27T07:00:00+00:00,600519.SH,"""Kweichow Moutai"" - Google News",Cambricon’s stock briefly replaces Kweichow Moutai as China’s most expensive onshore stock on Wed following 4000% growth in H1 revenue - Global Times,"<a href=""https://news.google.com/rss/articles/CBMiYkFVX3lxTE9INHpMY0dwV04wcWExZVBCQzdkUkp5UFphVm5FQklzQ19rZHVHd3AyXzg4a0JMWFpLTFotZnMyaHExYVhza1hKY0dsc0FKYkVMZ0lrMlFvV01OOG1uT1YyZlZR?oc=5"" target=""_blank"">Cambricon’s stock briefly replaces Kweichow Moutai as China’s most expensive onshore stock on Wed following 4000% growth in H1 revenue</a>&nbsp;&nbsp;<font color=""#6f6f6f"">Global Times</font>",https://news.google.com/rss/articles/CBMiYkFVX3lxTE9INHpMY0dwV04wcWExZVBCQzdkUkp5UFphVm5FQklzQ19rZHVHd3AyXzg4a0JMWFpLTFotZnMyaHExYVhza1hKY0dsc0FKYkVMZ0lrMlFvV01OOG1uT1YyZlZR?oc=5,Kweichow Moutai,"Cambricon’s stock briefly replaces Kweichow Moutai as China’s most expensive onshore stock on Wed following 4000% growth in H1 revenue - Global Times. <a href=""https://news.google.com/rss/articles/CBMiYkFVX3lxTE9INHpMY0dwV04wcWExZVBCQzdkUkp5UFphVm5FQklzQ19rZHVHd3AyXzg4a0JMWFpLTFotZnMyaHExYVhza1hKY0dsc0FKYkVMZ0lrMlFvV01OOG1uT1YyZlZR?oc=5"" target=""_blank"">Cambricon’s stock briefly replaces Kweichow Moutai as China’s most expensive onshore stock on Wed following 4000% growth in H1 revenue</a>&nbsp;&nbsp;<font color=""#6f6f6f"">Global Times</font>",neutral,-0.018379703
2025-08-30,2025-08-30T07:00:00+00:00,600519.SH,"""600519"" - Google News",10 Beverage Stocks Tapping Into a $3 Trillion Market - TIKR.com,"<a href=""https://news.google.com/rss/articles/CBMigwFBVV95cUxPeEprbTdYem5XeGlxT1ZyWmU5UDdOZk1vdzZraVpMY3Z2Q0dlR1V1Q05TUUFEZWtaWFpRUC1ZRGZkNmpJY0tHempKX2Jid3llNjZjcWw5WXFyRGpqcjdkc2FDOG11SC1DYXA4eWNPc3ByeGpscGJuakN5NUVSR21GQk5sRQ?oc=5"" target=""_blank"">10 Beverage Stocks Tapping Into a $3 Trillion Market</a>&nbsp;&nbsp;<font color=""#6f6f6f"">TIKR.com</font>",https://news.google.com/rss/articles/CBMigwFBVV95cUxPeEprbTdYem5XeGlxT1ZyWmU5UDdOZk1vdzZraVpMY3Z2Q0dlR1V1Q05TUUFEZWtaWFpRUC1ZRGZkNmpJY0tHempKX2Jid3llNjZjcWw5WXFyRGpqcjdkc2FDOG11SC1DYXA4eWNPc3ByeGpscGJuakN5NUVSR21GQk5sRQ?oc=5,600519,"10 Beverage Stocks Tapping Into a $3 Trillion Market - TIKR.com. <a href=""https://news.google.com/rss/articles/CBMigwFBVV95cUxPeEprbTdYem5XeGlxT1ZyWmU5UDdOZk1vdzZraVpMY3Z2Q0dlR1V1Q05TUUFEZWtaWFpRUC1ZRGZkNmpJY0tHempKX2Jid3llNjZjcWw5WXFyRGpqcjdkc2FDOG11SC1DYXA4eWNPc3ByeGpscGJuakN5NUVSR21GQk5sRQ?oc=5"" target=""_blank"">10 Beverage Stocks Tapping Into a $3 Trillion Market</a>&nbsp;&nbsp;<font color=""#6f6f6f"">TIKR.com</font>",neutral,0.075073406
2025-09-02,2025-09-02T07:00:00+00:00,600519.SH,"""Kweichow Moutai"" - Google News",Distiller has spirited approach to circular economy - China Daily,"<a href=""https://news.google.com/rss/articles/CBMifkFVX3lxTE1JXy1LeGpQS2w2RHUtZ1lmQlVMTFg1azVlSUZBczdzc1JSb2JkV2J4dDMwbHBiNkZBT0NmZWJyVmtBM1F1VUVOMEo5ZnBqVWdRbjNzb3huN0JKTlZ0THUwLTdxOWlZWmJsLTRfOERHa2FCZDFLR1lXM1gwU21TUQ?oc=5"" target=""_blank"">Distiller has spirited approach to circular economy</a>&nbsp;&nbsp;<font color=""#6f6f6f"">China Daily</font>",https://news.google.com/rss/articles/CBMifkFVX3lxTE1JXy1LeGpQS2w2RHUtZ1lmQlVMTFg1azVlSUZBczdzc1JSb2JkV2J4dDMwbHBiNkZBT0NmZWJyVmtBM1F1VUVOMEo5ZnBqVWdRbjNzb3huN0JKTlZ0THUwLTdxOWlZWmJsLTRfOERHa2FCZDFLR1lXM1gwU21TUQ?oc=5,Kweichow Moutai,"Distiller has spirited approach to circular economy - China Daily. <a href=""https://news.google.com/rss/articles/CBMifkFVX3lxTE1JXy1LeGpQS2w2RHUtZ1lmQlVMTFg1azVlSUZBczdzc1JSb2JkV2J4dDMwbHBiNkZBT0NmZWJyVmtBM1F1VUVOMEo5ZnBqVWdRbjNzb3huN0JKTlZ0THUwLTdxOWlZWmJsLTRfOERHa2FCZDFLR1lXM1gwU21TUQ?oc=5"" target=""_blank"">Distiller has spirited approach to circular economy</a>&nbsp;&nbsp;<font color=""#6f6f6f"">China Daily</font>",neutral,0.16814736
2025-09-05,2025-09-05T07:00:00+00:00,600519.SH,"""Kweichow Moutai"" - Google News","Nearly 15% Drop: The ""Moutai Curse"" Strikes the ""Cold King"" - Is It Just the Start? - eu.36kr.com","<a href=""https://news.google.com/rss/articles/CBMiU0FVX3lxTE9yTDgwN0FOd2tuN09OaWx5T1E0eUFaWTZSdlFaLWlhd0pRTkpJWUpOaElRMV93dmYzT19IUWNhWlIyWWQ4dmJTcXIwMEgzcG96UUxN?oc=5"" target=""_blank"">Nearly 15% Drop: The ""Moutai Curse"" Strikes the ""Cold King"" - Is It Just the Start?</a>&nbsp;&nbsp;<font color=""#6f6f6f"">eu.36kr.com</font>",https://news.google.com/rss/articles/CBMiU0FVX3lxTE9yTDgwN0FOd2tuN09OaWx5T1E0eUFaWTZSdlFaLWlhd0pRTkpJWUpOaElRMV93dmYzT19IUWNhWlIyWWQ4dmJTcXIwMEgzcG96UUxN?oc=5,Kweichow Moutai,"Nearly 15% Drop: The ""Moutai Curse"" Strikes the ""Cold King"" - Is It Just the Start? - eu.36kr.com. <a href=""https://news.google.com/rss/articles/CBMiU0FVX3lxTE9yTDgwN0FOd2tuN09OaWx5T1E0eUFaWTZSdlFaLWlhd0pRTkpJWUpOaElRMV93dmYzT19IUWNhWlIyWWQ4dmJTcXIwMEgzcG96UUxN?oc=5"" target=""_blank"">Nearly 15% Drop: The ""Moutai Curse"" Strikes the ""Cold King"" - Is It Just the Start?</a>&nbsp;&nbsp;<font color=""#6f6f6f"">eu.36kr.com</font>",negative,-0.9431546
2025-09-06,2025-09-06T07:00:00+00:00,600519.SH,"""贵州茅台"" - Google News",#240: Chinese AI chip maker briefly overtakes Moutai to become China’s most valuable listed company - RealTime Mandarin,"<a href=""https://news.google.com/rss/articles/CBMid0FVX3lxTE96MHB5ZEs2SXNrMWN0c3ZwWUZ6YkUwV0l2MUNVX2ZSUlFaUF9wajZNS1BkZVNjSER2OEg1RG1aTlIwY3Z5UjlOMGNfU1dJQUdzWHFiNmhBSG5vdTg3Wk4yRjVqb3RwYUJBUEdIRTN2d19sOTZqQi0w?oc=5"" target=""_blank"">#240: Chinese AI chip maker briefly overtakes Moutai to become China’s most valuable listed company</a>&nbsp;&nbsp;<font color=""#6f6f6f"">RealTime Mandarin</font>",https://news.google.com/rss/articles/CBMid0FVX3lxTE96MHB5ZEs2SXNrMWN0c3ZwWUZ6YkUwV0l2MUNVX2ZSUlFaUF9wajZNS1BkZVNjSER2OEg1RG1aTlIwY3Z5UjlOMGNfU1dJQUdzWHFiNmhBSG5vdTg3Wk4yRjVqb3RwYUJBUEdIRTN2d19sOTZqQi0w?oc=5,贵州茅台,"#240: Chinese AI chip maker briefly overtakes Moutai to become China’s most valuable listed company - RealTime Mandarin. <a href=""https://news.google.com/rss/articles/CBMid0FVX3lxTE96MHB5ZEs2SXNrMWN0c3ZwWUZ6YkUwV0l2MUNVX2ZSUlFaUF9wajZNS1BkZVNjSER2OEg1RG1aTlIwY3Z5UjlOMGNfU1dJQUdzWHFiNmhBSG5vdTg3Wk4yRjVqb3RwYUJBUEdIRTN2d19sOTZqQi0w?oc=5"" target=""_blank"">#240: Chinese AI chip maker briefly overtakes Moutai to become China’s most valuable listed company</a>&nbsp;&nbsp;<font color=""#6f6f6f"">RealTime Mandarin</font>",positive,0.7604388
2025-09-21,2025-09-21T07:00:00+00:00,600519.SH,"""Kweichow Moutai"" - Google News","Moutai City, Renowned for the Best Liquor, a Must-See - Khmer Times","<a href=""https://news.google.com/rss/articles/CBMilgFBVV95cUxNdEpBVjZlVFAzVHVJM2JpRlNRV2Q3bVJSMXVsVVU0UzJNUUZVYzlmZk9KUk9YdTVBcDZqdnZDVTVZVDBuWHhxTVVCc2JrYWNRT3o3b2l2TEczV3FvNzNPZmlFZlJ5d1VIZDVlLVRqZVN1SUZEVlhtSlhsc1hvN0NBdHYtSDEwc0JEVDZzMXZsV1JPRXlGdHc?oc=5"" target=""_blank"">Moutai City, Renowned for the Best Liquor, a Must-See</a>&nbsp;&nbsp;<font color=""#6f6f6f"">Khmer Times</font>",https://news.google.com/rss/articles/CBMilgFBVV95cUxNdEpBVjZlVFAzVHVJM2JpRlNRV2Q3bVJSMXVsVVU0UzJNUUZVYzlmZk9KUk9YdTVBcDZqdnZDVTVZVDBuWHhxTVVCc2JrYWNRT3o3b2l2TEczV3FvNzNPZmlFZlJ5d1VIZDVlLVRqZVN1SUZEVlhtSlhsc1hvN0NBdHYtSDEwc0JEVDZzMXZsV1JPRXlGdHc?oc=5,Kweichow Moutai,"Moutai City, Renowned for the Best Liquor, a Must-See - Khmer Times. <a href=""https://news.google.com/rss/articles/CBMilgFBVV95cUxNdEpBVjZlVFAzVHVJM2JpRlNRV2Q3bVJSMXVsVVU0UzJNUUZVYzlmZk9KUk9YdTVBcDZqdnZDVTVZVDBuWHhxTVVCc2JrYWNRT3o3b2l2TEczV3FvNzNPZmlFZlJ5d1VIZDVlLVRqZVN1SUZEVlhtSlhsc1hvN0NBdHYtSDEwc0JEVDZzMXZsV1JPRXlGdHc?oc=5"" target=""_blank"">Moutai City, Renowned for the Best Liquor, a Must-See</a>&nbsp;&nbsp;<font color=""#6f6f6f"">Khmer Times</font>",neutral,0.29766843
2025-09-22,2025-09-22T07:00:00+00:00,600519.SH,"""Kweichow Moutai"" - Google News",The ‘Moutai barometer’: Chinese economy feels sting of booze ban targeting elite - SMH.com.au,"<a href=""https://news.google.com/rss/articles/CBMixAFBVV95cUxPMFRuTXY3T3NpTHpZUTk2dEJIMUItVGYwY01TZWRMVWFxNFpabTAtQ2M2Skg1RXVxdTNIZWJkOHA5VjVodVl1ejBrWnBWVEItWU1vdFdCanJkdkNwSU1GUlhBNmUtbWlsbGVUN1NWRlhLcDdhYmRoYWEtRmdIcHBiaWxhYWdnU0ZnNUk2TTF3SXhqN1A3RFV1T2Uwd2c3dXlyNXBNd1ZqZlp0OEhaN29OVm5Ldk9zbmNxR1VLQU13dC1leGdL?oc=5"" target=""_blank"">The ‘Moutai barometer’: Chinese economy feels sting of booze ban targeting elite</a>&nbsp;&nbsp;<font color=""#6f6f6f"">SMH.com.au</font>",https://news.google.com/rss/articles/CBMixAFBVV95cUxPMFRuTXY3T3NpTHpZUTk2dEJIMUItVGYwY01TZWRMVWFxNFpabTAtQ2M2Skg1RXVxdTNIZWJkOHA5VjVodVl1ejBrWnBWVEItWU1vdFdCanJkdkNwSU1GUlhBNmUtbWlsbGVUN1NWRlhLcDdhYmRoYWEtRmdIcHBiaWxhYWdnU0ZnNUk2TTF3SXhqN1A3RFV1T2Uwd2c3dXlyNXBNd1ZqZlp0OEhaN29OVm5Ldk9zbmNxR1VLQU13dC1leGdL?oc=5,Kweichow Moutai,"The ‘Moutai barometer’: Chinese economy feels sting of booze ban targeting elite - SMH.com.au. <a href=""https://news.google.com/rss/articles/CBMixAFBVV95cUxPMFRuTXY3T3NpTHpZUTk2dEJIMUItVGYwY01TZWRMVWFxNFpabTAtQ2M2Skg1RXVxdTNIZWJkOHA5VjVodVl1ejBrWnBWVEItWU1vdFdCanJkdkNwSU1GUlhBNmUtbWlsbGVUN1NWRlhLcDdhYmRoYWEtRmdIcHBiaWxhYWdnU0ZnNUk2TTF3SXhqN1A3RFV1T2Uwd2c3dXlyNXBNd1ZqZlp0OEhaN29OVm5Ldk9zbmNxR1VLQU13dC1leGdL?oc=5"" target=""_blank"">The ‘Moutai barometer’: Chinese economy feels sting of booze ban targeting elite</a>&nbsp;&nbsp;<font color=""#6f6f6f"">SMH.com.au</font>",neutral,-0.22658072
2025-09-25,2025-09-25T07:00:00+00:00,600519.SH,"""Kweichow Moutai"" - Google News",CATL surpasses Kweichow Moutai to become China’s third-largest stock by market value - Seeking Alpha,"<a href=""https://news.google.com/rss/articles/CBMivgFBVV95cUxPaktGTXVvVWZzUVBWVV93cmVmanJvVGFqb1FTSmZNTF9HODdJYXdFbVJUdVBGTDhyZTBZc3ZUaXJIM05sNTNWSmVpM081QTdNcE5la0prd3Y0bTJkQ2RNb21MZFdSb1dqcFd4dTVqeGdTMVR1QmNXWlpWejg2SEhOYTFzYTg4a1FWcWRreFMta3Z2SllvQW9QUjJ0REJ4ZFZCYlUwTUVrdV9NTlN5U0JRMmpTbzVrNVpPSS1zQ0RB?oc=5"" target=""_blank"">CATL surpasses Kweichow Moutai to become China’s third-largest stock by market value</a>&nbsp;&nbsp;<font color=""#6f6f6f"">Seeking Alpha</font>",https://news.google.com/rss/articles/CBMivgFBVV95cUxPaktGTXVvVWZzUVBWVV93cmVmanJvVGFqb1FTSmZNTF9HODdJYXdFbVJUdVBGTDhyZTBZc3ZUaXJIM05sNTNWSmVpM081QTdNcE5la0prd3Y0bTJkQ2RNb21MZFdSb1dqcFd4dTVqeGdTMVR1QmNXWlpWejg2SEhOYTFzYTg4a1FWcWRreFMta3Z2SllvQW9QUjJ0REJ4ZFZCYlUwTUVrdV9NTlN5U0JRMmpTbzVrNVpPSS1zQ0RB?oc=5,Kweichow Moutai,"CATL surpasses Kweichow Moutai to become China’s third-largest stock by market value - Seeking Alpha. <a href=""https://news.google.com/rss/articles/CBMivgFBVV95cUxPaktGTXVvVWZzUVBWVV93cmVmanJvVGFqb1FTSmZNTF9HODdJYXdFbVJUdVBGTDhyZTBZc3ZUaXJIM05sNTNWSmVpM081QTdNcE5la0prd3Y0bTJkQ2RNb21MZFdSb1dqcFd4dTVqeGdTMVR1QmNXWlpWejg2SEhOYTFzYTg4a1FWcWRreFMta3Z2SllvQW9QUjJ0REJ4ZFZCYlUwTUVrdV9NTlN5U0JRMmpTbzVrNVpPSS1zQ0RB?oc=5"" target=""_blank"">CATL surpasses Kweichow Moutai to become China’s third-largest stock by market value</a>&nbsp;&nbsp;<font color=""#6f6f6f"">Seeking Alpha</font>",positive,0.8897506
2025-09-26,2025-09-26T07:00:00+00:00,600519.SH,"""贵州茅台"" - Google 新闻",贵州茅台酒秋季十六省市场调研在青海收官 - 新华网,"<a href=""https://news.google.com/rss/articles/CBMihAFBVV95cUxQV0VaNHpQbU9JYldXNkRlYThfMlV0OUViTHo5M2J2bGV6MkdQaVRJVllnMDhlTnZwOW9hZ2RkVGQ2dEdrMFVyeFFmc2xhbUVxRFhYWFVveVd3UDdncTh6RjMxYzFKaFdmWVJsYjVFbnZMZmVlUUNDQm55VTlBaGdmX2R6akg?oc=5"" target=""_blank"">贵州茅台酒秋季十六省市场调研在青海收官</a>&nbsp;&nbsp;<font color=""#6f6f6f"">新华网</font>",https://news.google.com/rss/articles/CBMihAFBVV95cUxQV0VaNHpQbU9JYldXNkRlYThfMlV0OUViTHo5M2J2bGV6MkdQaVRJVllnMDhlTnZwOW9hZ2RkVGQ2dEdrMFVyeFFmc2xhbUVxRFhYWFVveVd3UDdncTh6RjMxYzFKaFdmWVJsYjVFbnZMZmVlUUNDQm55VTlBaGdmX2R6akg?oc=5,贵州茅台,"贵州茅台酒秋季十六省市场调研在青海收官 - 新华网. <a href=""https://news.google.com/rss/articles/CBMihAFBVV95cUxQV0VaNHpQbU9JYldXNkRlYThfMlV0OUViTHo5M2J2bGV6MkdQaVRJVllnMDhlTnZwOW9hZ2RkVGQ2dEdrMFVyeFFmc2xhbUVxRFhYWFVveVd3UDdncTh6RjMxYzFKaFdmWVJsYjVFbnZMZmVlUUNDQm55VTlBaGdmX2R6akg?oc=5"" target=""_blank"">贵州茅台酒秋季十六省市场调研在青海收官</a>&nbsp;&nbsp;<font color=""#6f6f6f"">新华网</font>",neutral,0.028070271
2025-10-04,2025-10-04T09:22:14+00:00,600519.SH,"""600519"" - Google 新闻",贵州茅台 股票行情、股价、新闻与分析 - 长桥证券 - Longbridge,"<a href=""https://news.google.com/rss/articles/CBMiV0FVX3lxTFA3RldOZkk0c1pxeTdNWC1ZSDQ4Q2oyX2ZhbGFNTW5yM200NmZ5dE15Y3lnYmpURHdIVFRLVHJuOVhrVmxuQzhKR2tUSFhxNnBJcXpFRWp3QQ?oc=5"" target=""_blank"">贵州茅台 股票行情、股价、新闻与分析 - 长桥证券</a>&nbsp;&nbsp;<font color=""#6f6f6f"">Longbridge</font>",https://news.google.com/rss/articles/CBMiV0FVX3lxTFA3RldOZkk0c1pxeTdNWC1ZSDQ4Q2oyX2ZhbGFNTW5yM200NmZ5dE15Y3lnYmpURHdIVFRLVHJuOVhrVmxuQzhKR2tUSFhxNnBJcXpFRWp3QQ?oc=5,600519,"贵州茅台 股票行情、股价、新闻与分析 - 长桥证券 - Longbridge. <a href=""https://news.google.com/rss/articles/CBMiV0FVX3lxTFA3RldOZkk0c1pxeTdNWC1ZSDQ4Q2oyX2ZhbGFNTW5yM200NmZ5dE15Y3lnYmpURHdIVFRLVHJuOVhrVmxuQzhKR2tUSFhxNnBJcXpFRWp3QQ?oc=5"" target=""_blank"">贵州茅台 股票行情、股价、新闻与分析 - 长桥证券</a>&nbsp;&nbsp;<font color=""#6f6f6f"">Longbridge</font>",neutral,0.041390724
2025-10-13,2025-10-13T07:00:00+00:00,600519.SH,"""贵州茅台"" - Google News",段永平再次发声：“今天买了点茅台！” - Tiger Brokers,"<a href=""https://news.google.com/rss/articles/CBMiT0FVX3lxTFBzb1JLVWlxYXJqX05GZV95amd6WHFSd2kzaTlsTlhpbGFlZHlHbDBMc08tREtmT09LVERsQUVjVWRFX0RmNjl6Q0JkS2xFYU0?oc=5"" target=""_blank"">段永平再次发声：“今天买了点茅台！”</a>&nbsp;&nbsp;<font color=""#6f6f6f"">Tiger Brokers</font>",https://news.google.com/rss/articles/CBMiT0FVX3lxTFBzb1JLVWlxYXJqX05GZV95amd6WHFSd2kzaTlsTlhpbGFlZHlHbDBMc08tREtmT09LVERsQUVjVWRFX0RmNjl6Q0JkS2xFYU0?oc=5,贵州茅台,"段永平再次发声：“今天买了点茅台！” - Tiger Brokers. <a href=""https://news.google.com/rss/articles/CBMiT0FVX3lxTFBzb1JLVWlxYXJqX05GZV95amd6WHFSd2kzaTlsTlhpbGFlZHlHbDBMc08tREtmT09LVERsQUVjVWRFX0RmNjl6Q0JkS2xFYU0?oc=5"" target=""_blank"">段永平再次发声：“今天买了点茅台！”</a>&nbsp;&nbsp;<font color=""#6f6f6f"">Tiger Brokers</font>",neutral,0.028341588
2025-10-17,2025-10-17T07:00:00+00:00,600519.SH,"""Kweichow Moutai"" - Google News",China’s Baijiu Exports Up 4.7% - Vino Joy News,"<a href=""https://news.google.com/rss/articles/CBMibkFVX3lxTE5jUjMzWjBkLXQxNmdxVHFEWjF5cTcySVJIa2xuWjk1RmtiSERNU0xWSE1PbTM1QTY2b09uTTlzZTc4VHFhMkFxWktxeFFRVlI0R0RVbXRVNTRHTllfYkVYNEZyNDRHclJqUTJRU05n?oc=5"" target=""_blank"">China’s Baijiu Exports Up 4.7%</a>&nbsp;&nbsp;<font color=""#6f6f6f"">Vino Joy News</font>",https://news.google.com/rss/articles/CBMibkFVX3lxTE5jUjMzWjBkLXQxNmdxVHFEWjF5cTcySVJIa2xuWjk1RmtiSERNU0xWSE1PbTM1QTY2b09uTTlzZTc4VHFhMkFxWktxeFFRVlI0R0RVbXRVNTRHTllfYkVYNEZyNDRHclJqUTJRU05n?oc=5,Kweichow Moutai,"China’s Baijiu Exports Up 4.7% - Vino Joy News. <a href=""https://news.google.com/rss/articles/CBMibkFVX3lxTE5jUjMzWjBkLXQxNmdxVHFEWjF5cTcySVJIa2xuWjk1RmtiSERNU0xWSE1PbTM1QTY2b09uTTlzZTc4VHFhMkFxWktxeFFRVlI0R0RVbXRVNTRHTllfYkVYNEZyNDRHclJqUTJRU05n?oc=5"" target=""_blank"">China’s Baijiu Exports Up 4.7%</a>&nbsp;&nbsp;<font color=""#6f6f6f"">Vino Joy News</font>",positive,0.91325104
2025-10-26,2025-10-26T07:00:00+00:00,600519.SH,"""600519"" - Google 新闻",每周股票复盘：10月21日贵州茅台（600519）发生大宗交易成交1462.26万元_每周复盘_数据解析 - 证券之星,"<a href=""https://news.google.com/rss/articles/CBMiYEFVX3lxTE5QNk1LUXRhSXQ3aWlmYUJMQzNweTc3Q1BKMmk1dFZmM3pKckZJU296Zi1QWFA3S1pGNDFSaG1CLWE5VVllVV95NFJFOTJjZlZVMFlHeW9wWGZ6NHA0elQ3UA?oc=5"" target=""_blank"">每周股票复盘：10月21日贵州茅台（600519）发生大宗交易成交1462.26万元_每周复盘_数据解析</a>&nbsp;&nbsp;<font color=""#6f6f6f"">证券之星</font>",https://news.google.com/rss/articles/CBMiYEFVX3lxTE5QNk1LUXRhSXQ3aWlmYUJMQzNweTc3Q1BKMmk1dFZmM3pKckZJU296Zi1QWFA3S1pGNDFSaG1CLWE5VVllVV95NFJFOTJjZlZVMFlHeW9wWGZ6NHA0elQ3UA?oc=5,600519,"每周股票复盘：10月21日贵州茅台（600519）发生大宗交易成交1462.26万元_每周复盘_数据解析 - 证券之星. <a href=""https://news.google.com/rss/articles/CBMiYEFVX3lxTE5QNk1LUXRhSXQ3aWlmYUJMQzNweTc3Q1BKMmk1dFZmM3pKckZJU296Zi1QWFA3S1pGNDFSaG1CLWE5VVllVV95NFJFOTJjZlZVMFlHeW9wWGZ6NHA0elQ3UA?oc=5"" target=""_blank"">每周股票复盘：10月21日贵州茅台（600519）发生大宗交易成交1462.26万元_每周复盘_数据解析</a>&nbsp;&nbsp;<font color=""#6f6f6f"">证券之星</font>",neutral,0.024088278
2025-10-27,2025-10-27T07:00:00+00:00,600519.SH,"""Kweichow Moutai"" - Google News",Chinese Distiller Kweichow Moutai Taps Energy Bureau Chief as Fourth Chairman in Five Years - Yicai Global,"<a href=""https://news.google.com/rss/articles/CBMi0wFBVV95cUxQdTNKUlBINFd2NS1JNDRfZjJHVU9GSDhLOWlZN2tCcWFMZWpHQzdTbnBPMWw5X25VSkdZckc4dmlhX2ZhcXd3eHByakIwVUd0T0FZYkRiNDVKVEJBU01sUFljY1puRDRtOTF0UHhlOG1ZQkZxSEw2aDBRRWp2SHBRQjJyRk5qZDNBdW1MTF92WXVFZ2xScDBQcDhpeldNcHdMZU5OTl9jVDB3RWNBRnZSal9CUHBibm0zckdWSTlUQVRrZTJFY2dOM1lWUW9fVUlsRDVR?oc=5"" target=""_blank"">Chinese Distiller Kweichow Moutai Taps Energy Bureau Chief as Fourth Chairman in Five Years</a>&nbsp;&nbsp;<font color=""#6f6f6f"">Yicai Global</font>",https://news.google.com/rss/articles/CBMi0wFBVV95cUxQdTNKUlBINFd2NS1JNDRfZjJHVU9GSDhLOWlZN2tCcWFMZWpHQzdTbnBPMWw5X25VSkdZckc4dmlhX2ZhcXd3eHByakIwVUd0T0FZYkRiNDVKVEJBU01sUFljY1puRDRtOTF0UHhlOG1ZQkZxSEw2aDBRRWp2SHBRQjJyRk5qZDNBdW1MTF92WXVFZ2xScDBQcDhpeldNcHdMZU5OTl9jVDB3RWNBRnZSal9CUHBibm0zckdWSTlUQVRrZTJFY2dOM1lWUW9fVUlsRDVR?oc=5,Kweichow Moutai,"Chinese Distiller Kweichow Moutai Taps Energy Bureau Chief as Fourth Chairman in Five Years - Yicai Global. <a href=""https://news.google.com/rss/articles/CBMi0wFBVV95cUxQdTNKUlBINFd2NS1JNDRfZjJHVU9GSDhLOWlZN2tCcWFMZWpHQzdTbnBPMWw5X25VSkdZckc4dmlhX2ZhcXd3eHByakIwVUd0T0FZYkRiNDVKVEJBU01sUFljY1puRDRtOTF0UHhlOG1ZQkZxSEw2aDBRRWp2SHBRQjJyRk5qZDNBdW1MTF92WXVFZ2xScDBQcDhpeldNcHdMZU5OTl9jVDB3RWNBRnZSal9CUHBibm0zckdWSTlUQVRrZTJFY2dOM1lWUW9fVUlsRDVR?oc=5"" target=""_blank"">Chinese Distiller Kweichow Moutai Taps Energy Bureau Chief as Fourth Chairman in Five Years</a>&nbsp;&nbsp;<font color=""#6f6f6f"">Yicai Global</font>",positive,0.5243646
2025-10-27,2025-10-27T07:00:00+00:00,600519.SH,"""Kweichow Moutai"" - Google News",BRIEF-Kweichow Moutai's Chairman Resigns Due To Change In Job Role - The Sunday Guardian,"<a href=""https://news.google.com/rss/articles/CBMirwFBVV95cUxQZ1V2MW1OLXRONjQwMmVyUTE4cUItdTNjOG8tMFJwSk43WUoyZW9ZOWdMSy11SW5QU1ZVM0dUNUM2SkoyUklvdW15bmVDeUNUTDVYZ2Nla01RanFuUmpPMkRmdTF2RDhJVUdzWTFqTWFCNFdDeTl0aU0zRllNN21XSVBIb0xkemtiS0U3Y3dNblBLdHNTdnduVXBKNl9nUDM3TkhaLU94U0J1NThUSjRB?oc=5"" target=""_blank"">BRIEF-Kweichow Moutai's Chairman Resigns Due To Change In Job Role</a>&nbsp;&nbsp;<font color=""#6f6f6f"">The Sunday Guardian</font>",https://news.google.com/rss/articles/CBMirwFBVV95cUxQZ1V2MW1OLXRONjQwMmVyUTE4cUItdTNjOG8tMFJwSk43WUoyZW9ZOWdMSy11SW5QU1ZVM0dUNUM2SkoyUklvdW15bmVDeUNUTDVYZ2Nla01RanFuUmpPMkRmdTF2RDhJVUdzWTFqTWFCNFdDeTl0aU0zRllNN21XSVBIb0xkemtiS0U3Y3dNblBLdHNTdnduVXBKNl9nUDM3TkhaLU94U0J1NThUSjRB?oc=5,Kweichow Moutai,"BRIEF-Kweichow Moutai's Chairman Resigns Due To Change In Job Role - The Sunday Guardian. <a href=""https://news.google.com/rss/articles/CBMirwFBVV95cUxQZ1V2MW1OLXRONjQwMmVyUTE4cUItdTNjOG8tMFJwSk43WUoyZW9ZOWdMSy11SW5QU1ZVM0dUNUM2SkoyUklvdW15bmVDeUNUTDVYZ2Nla01RanFuUmpPMkRmdTF2RDhJVUdzWTFqTWFCNFdDeTl0aU0zRllNN21XSVBIb0xkemtiS0U3Y3dNblBLdHNTdnduVXBKNl9nUDM3TkhaLU94U0J1NThUSjRB?oc=5"" target=""_blank"">BRIEF-Kweichow Moutai's Chairman Resigns Due To Change In Job Role</a>&nbsp;&nbsp;<font color=""#6f6f6f"">The Sunday Guardian</font>",negative,-0.79679596
2025-10-29,2025-10-29T07:00:00+00:00,600519.SH,"""600519"" - Google 新闻",股票行情快报：贵州茅台（600519）10月29日主力资金净卖出9.30亿元_主力研究 - 证券之星,"<a href=""https://news.google.com/rss/articles/CBMiYkFVX3lxTFBwcFk2ekN2QjgwcUhtclc2V1J1YV80ZTYzV05hRTdTa2d1XzlyVmZzSGNvTE9MZjdGU2Zsc1NCRWFsV2hJZzVtTE9VVUZjYXBDakJ2bm1vQWRvZGtmcFBXaTBn?oc=5"" target=""_blank"">股票行情快报：贵州茅台（600519）10月29日主力资金净卖出9.30亿元_主力研究</a>&nbsp;&nbsp;<font color=""#6f6f6f"">证券之星</font>",https://news.google.com/rss/articles/CBMiYkFVX3lxTFBwcFk2ekN2QjgwcUhtclc2V1J1YV80ZTYzV05hRTdTa2d1XzlyVmZzSGNvTE9MZjdGU2Zsc1NCRWFsV2hJZzVtTE9VVUZjYXBDakJ2bm1vQWRvZGtmcFBXaTBn?oc=5,600519,"股票行情快报：贵州茅台（600519）10月29日主力资金净卖出9.30亿元_主力研究 - 证券之星. <a href=""https://news.google.com/rss/articles/CBMiYkFVX3lxTFBwcFk2ekN2QjgwcUhtclc2V1J1YV80ZTYzV05hRTdTa2d1XzlyVmZzSGNvTE9MZjdGU2Zsc1NCRWFsV2hJZzVtTE9VVUZjYXBDakJ2bm1vQWRvZGtmcFBXaTBn?oc=5"" target=""_blank"">股票行情快报：贵州茅台（600519）10月29日主力资金净卖出9.30亿元_主力研究</a>&nbsp;&nbsp;<font color=""#6f6f6f"">证券之星</font>",neutral,0.020524098
2025-10-29,2025-10-29T07:00:00+00:00,600519.SH,"""600519"" - Google 新闻",贵州茅台前三季度营收净利润均增长约6%，抗周期能力凸显 - 蓝鲸财经,"<a href=""https://news.google.com/rss/articles/CBMiW0FVX3lxTE52YTJHdFR5V1Bta2otYmhzbkhjLXpEc050bmwxd1JIMG04THNXQU1MVVBfd040Q1NTVTdLQWc3aTNrSVU4a1FNY21nM2JYOVNCSDFKVERmR0dMV1U?oc=5"" target=""_blank"">贵州茅台前三季度营收净利润均增长约6%，抗周期能力凸显</a>&nbsp;&nbsp;<font color=""#6f6f6f"">蓝鲸财经</font>",https://news.google.com/rss/articles/CBMiW0FVX3lxTE52YTJHdFR5V1Bta2otYmhzbkhjLXpEc050bmwxd1JIMG04THNXQU1MVVBfd040Q1NTVTdLQWc3aTNrSVU4a1FNY21nM2JYOVNCSDFKVERmR0dMV1U?oc=5,600519,"贵州茅台前三季度营收净利润均增长约6%，抗周期能力凸显 - 蓝鲸财经. <a href=""https://news.google.com/rss/articles/CBMiW0FVX3lxTE52YTJHdFR5V1Bta2otYmhzbkhjLXpEc050bmwxd1JIMG04THNXQU1MVVBfd040Q1NTVTdLQWc3aTNrSVU4a1FNY21nM2JYOVNCSDFKVERmR0dMV1U?oc=5"" target=""_blank"">贵州茅台前三季度营收净利润均增长约6%，抗周期能力凸显</a>&nbsp;&nbsp;<font color=""#6f6f6f"">蓝鲸财经</font>",neutral,0.027137816
2025-10-31,2025-10-31T07:00:00+00:00,600519.SH,"""600519"" - Google 新闻",贵州茅台（600519）2025年三季报简析：营收净利润同比双双增长-腾讯新闻 - 腾讯新闻,"<a href=""https://news.google.com/rss/articles/CBMiVkFVX3lxTE50aDhzOEI5X1BHLXRySTF2RU8yMTRqNThpakM1c3ZweE44V0ZtSUJ6bVdIWEV3QkpVVVVpNmVULUh4Y3NJeVk4UVIwV2lrTTFMZUg2Y1BR?oc=5"" target=""_blank"">贵州茅台（600519）2025年三季报简析：营收净利润同比双双增长-腾讯新闻</a>&nbsp;&nbsp;<font color=""#6f6f6f"">腾讯新闻</font>",https://news.google.com/rss/articles/CBMiVkFVX3lxTE50aDhzOEI5X1BHLXRySTF2RU8yMTRqNThpakM1c3ZweE44V0ZtSUJ6bVdIWEV3QkpVVVVpNmVULUh4Y3NJeVk4UVIwV2lrTTFMZUg2Y1BR?oc=5,600519,"贵州茅台（600519）2025年三季报简析：营收净利润同比双双增长-腾讯新闻 - 腾讯新闻. <a href=""https://news.google.com/rss/articles/CBMiVkFVX3lxTE50aDhzOEI5X1BHLXRySTF2RU8yMTRqNThpakM1c3ZweE44V0ZtSUJ6bVdIWEV3QkpVVVVpNmVULUh4Y3NJeVk4UVIwV2lrTTFMZUg2Y1BR?oc=5"" target=""_blank"">贵州茅台（600519）2025年三季报简析：营收净利润同比双双增长-腾讯新闻</a>&nbsp;&nbsp;<font color=""#6f6f6f"">腾讯新闻</font>",neutral,0.034218043
2025-11-04,2025-11-04T08:00:00+00:00,600519.SH,"""Kweichow Moutai"" - Google News",China's traditional liquor brewing industry embraces digital transformation - Xinhua,"<a href=""https://news.google.com/rss/articles/CBMifEFVX3lxTE05ZzVaNlMtQnRXdi0wS0d4bUZxck53akpTQWFYWHJDbm5Hcm9lZFpmcXFxLVBlTDFmZzRCb2JPMk1WR2FIM2FWSkJ1UHZYSnUtTzdfa2FOaVFSWWlTTUhHNjJLMzh5UjdQYWc5eEtfYjlDZzhaeFl4dlN0Mnc?oc=5"" target=""_blank"">China's traditional liquor brewing industry embraces digital transformation</a>&nbsp;&nbsp;<font color=""#6f6f6f"">Xinhua</font>",https://news.google.com/rss/articles/CBMifEFVX3lxTE05ZzVaNlMtQnRXdi0wS0d4bUZxck53akpTQWFYWHJDbm5Hcm9lZFpmcXFxLVBlTDFmZzRCb2JPMk1WR2FIM2FWSkJ1UHZYSnUtTzdfa2FOaVFSWWlTTUhHNjJLMzh5UjdQYWc5eEtfYjlDZzhaeFl4dlN0Mnc?oc=5,Kweichow Moutai,"China's traditional liquor brewing industry embraces digital transformation - Xinhua. <a href=""https://news.google.com/rss/articles/CBMifEFVX3lxTE05ZzVaNlMtQnRXdi0wS0d4bUZxck53akpTQWFYWHJDbm5Hcm9lZFpmcXFxLVBlTDFmZzRCb2JPMk1WR2FIM2FWSkJ1UHZYSnUtTzdfa2FOaVFSWWlTTUhHNjJLMzh5UjdQYWc5eEtfYjlDZzhaeFl4dlN0Mnc?oc=5"" target=""_blank"">China's traditional liquor brewing industry embraces digital transformation</a>&nbsp;&nbsp;<font color=""#6f6f6f"">Xinhua</font>",neutral,0.3599226
2025-11-05,2025-11-05T08:00:00+00:00,600519.SH,"""Kweichow Moutai"" - Google News",China’s Kweichow Moutai Plans Another Buyback as Shares Falter - Bloomberg,"<a href=""https://news.google.com/rss/articles/CBMiswFBVV95cUxNSmczcVhnM0tnbXhrWFNPNFhOUTBYdkoyQkFKYXpYODF4MFd2T254OUdYd2dDdHVwZWZtR0Y1a3Y1U3NYSlFIZkR5VF8xbWtmMEd3Wi0zbjl6cV9sVk9MWms1VzI0VUJXdWhDblJubkxTQ2FoeFBpdkZuMzlqdXJnSXNidTlTT19qdmpVbm51TWRSaHZacEJOWGRkN3draXM2a2JaZnJKS1ZQR0toVmh6R19Naw?oc=5"" target=""_blank"">China’s Kweichow Moutai Plans Another Buyback as Shares Falter</a>&nbsp;&nbsp;<font color=""#6f6f6f"">Bloomberg</font>",https://news.google.com/rss/articles/CBMiswFBVV95cUxNSmczcVhnM0tnbXhrWFNPNFhOUTBYdkoyQkFKYXpYODF4MFd2T254OUdYd2dDdHVwZWZtR0Y1a3Y1U3NYSlFIZkR5VF8xbWtmMEd3Wi0zbjl6cV9sVk9MWms1VzI0VUJXdWhDblJubkxTQ2FoeFBpdkZuMzlqdXJnSXNidTlTT19qdmpVbm51TWRSaHZacEJOWGRkN3draXM2a2JaZnJKS1ZQR0toVmh6R19Naw?oc=5,Kweichow Moutai,"China’s Kweichow Moutai Plans Another Buyback as Shares Falter - Bloomberg. <a href=""https://news.google.com/rss/articles/CBMiswFBVV95cUxNSmczcVhnM0tnbXhrWFNPNFhOUTBYdkoyQkFKYXpYODF4MFd2T254OUdYd2dDdHVwZWZtR0Y1a3Y1U3NYSlFIZkR5VF8xbWtmMEd3Wi0zbjl6cV9sVk9MWms1VzI0VUJXdWhDblJubkxTQ2FoeFBpdkZuMzlqdXJnSXNidTlTT19qdmpVbm51TWRSaHZacEJOWGRkN3draXM2a2JaZnJKS1ZQR0toVmh6R19Naw?oc=5"" target=""_blank"">China’s Kweichow Moutai Plans Another Buyback as Shares Falter</a>&nbsp;&nbsp;<font color=""#6f6f6f"">Bloomberg</font>",negative,-0.8791613
2025-11-07,2025-11-07T08:00:00+00:00,600519.SH,"""Kweichow Moutai"" - Google News",Joybuy Unveiled as Kweichow Moutai’s Official UK Retailer - JD Corporate Blog,"<a href=""https://news.google.com/rss/articles/CBMijgFBVV95cUxNbXdyZHJzbUlLQXVxaHo0LXJVcWhTNWphbkxWRGE0amxWUzVDQ2RRRnRhNXhkLVBXeEtKUjViSjZVZm5UWmpYc1RPRUpHdkJTZU1yMzNRVHBibGo2d2NlN3h4eVdCTjV4M0xqZ2Z3RnBndThmWFFWNWxhVmhscUdVdXRVcFJhc0VsTWpUbDd3?oc=5"" target=""_blank"">Joybuy Unveiled as Kweichow Moutai’s Official UK Retailer</a>&nbsp;&nbsp;<font color=""#6f6f6f"">JD Corporate Blog</font>",https://news.google.com/rss/articles/CBMijgFBVV95cUxNbXdyZHJzbUlLQXVxaHo0LXJVcWhTNWphbkxWRGE0amxWUzVDQ2RRRnRhNXhkLVBXeEtKUjViSjZVZm5UWmpYc1RPRUpHdkJTZU1yMzNRVHBibGo2d2NlN3h4eVdCTjV4M0xqZ2Z3RnBndThmWFFWNWxhVmhscUdVdXRVcFJhc0VsTWpUbDd3?oc=5,Kweichow Moutai,"Joybuy Unveiled as Kweichow Moutai’s Official UK Retailer - JD Corporate Blog. <a href=""https://news.google.com/rss/articles/CBMijgFBVV95cUxNbXdyZHJzbUlLQXVxaHo0LXJVcWhTNWphbkxWRGE0amxWUzVDQ2RRRnRhNXhkLVBXeEtKUjViSjZVZm5UWmpYc1RPRUpHdkJTZU1yMzNRVHBibGo2d2NlN3h4eVdCTjV4M0xqZ2Z3RnBndThmWFFWNWxhVmhscUdVdXRVcFJhc0VsTWpUbDd3?oc=5"" target=""_blank"">Joybuy Unveiled as Kweichow Moutai’s Official UK Retailer</a>&nbsp;&nbsp;<font color=""#6f6f6f"">JD Corporate Blog</font>",neutral,0.06896253
2025-11-10,2025-11-10T08:00:00+00:00,600519.SH,"""Kweichow Moutai"" - Google News",Kweichow Moutai announces UK partnership with Joybuy - The Drinks Business,"<a href=""https://news.google.com/rss/articles/CBMimwFBVV95cUxNZDF4RThUMGRDMk51QXV1Zndycm50bno0ekJ6cjl2eVJWTmVzR2tKLVdNWXN4UGRtWkI2dVB0bldfbUktZ1dXdXg3WF8yY3VidGYtZGhzZVJ0b3M2VXJuTFdaOUh1WndOMlNpMVIwVUJ3d21ZbWF3MWJXLVU4YnI3VFR4Qm9fZU5STHg0bWc3MVQ4bmZpeTd1V3M0aw?oc=5"" target=""_blank"">Kweichow Moutai announces UK partnership with Joybuy</a>&nbsp;&nbsp;<font color=""#6f6f6f"">The Drinks Business</font>",https://news.google.com/rss/articles/CBMimwFBVV95cUxNZDF4RThUMGRDMk51QXV1Zndycm50bno0ekJ6cjl2eVJWTmVzR2tKLVdNWXN4UGRtWkI2dVB0bldfbUktZ1dXdXg3WF8yY3VidGYtZGhzZVJ0b3M2VXJuTFdaOUh1WndOMlNpMVIwVUJ3d21ZbWF3MWJXLVU4YnI3VFR4Qm9fZU5STHg0bWc3MVQ4bmZpeTd1V3M0aw?oc=5,Kweichow Moutai,"Kweichow Moutai announces UK partnership with Joybuy - The Drinks Business. <a href=""https://news.google.com/rss/articles/CBMimwFBVV95cUxNZDF4RThUMGRDMk51QXV1Zndycm50bno0ekJ6cjl2eVJWTmVzR2tKLVdNWXN4UGRtWkI2dVB0bldfbUktZ1dXdXg3WF8yY3VidGYtZGhzZVJ0b3M2VXJuTFdaOUh1WndOMlNpMVIwVUJ3d21ZbWF3MWJXLVU4YnI3VFR4Qm9fZU5STHg0bWc3MVQ4bmZpeTd1V3M0aw?oc=5"" target=""_blank"">Kweichow Moutai announces UK partnership with Joybuy</a>&nbsp;&nbsp;<font color=""#6f6f6f"">The Drinks Business</font>",neutral,0.35284117
2025-11-10,2025-11-10T08:00:00+00:00,600519.SH,"""Kweichow Moutai"" - Google News",Beyond the green: How China’s most well-known liquor brand is embarking on a new era of expansion - The Straits Times,"<a href=""https://news.google.com/rss/articles/CBMitwFBVV95cUxPUktLYmZybDNLMlE4QWV6bHdkNTlSbVpQR0NhZ0NrVThyVURiMy1hMHZEYTU1aThqNTBOSlRTaE5JeXhFaFpSdHlZanFUNFREWEtKY04wS1Y5b1JicjJPdXE1UXROa1JsbElxZ2RrSjhCQmZsUFREdHRMdWJfajVxOHJuVXlKTm1KNzI0NEdUdlRnVVRNV09KRGxkR0xZVnZkNnlTT0ExVWxQbkEwc05mdFFhM2YzTkU?oc=5"" target=""_blank"">Beyond the green: How China’s most well-known liquor brand is embarking on a new era of expansion</a>&nbsp;&nbsp;<font color=""#6f6f6f"">The Straits Times</font>",https://news.google.com/rss/articles/CBMitwFBVV95cUxPUktLYmZybDNLMlE4QWV6bHdkNTlSbVpQR0NhZ0NrVThyVURiMy1hMHZEYTU1aThqNTBOSlRTaE5JeXhFaFpSdHlZanFUNFREWEtKY04wS1Y5b1JicjJPdXE1UXROa1JsbElxZ2RrSjhCQmZsUFREdHRMdWJfajVxOHJuVXlKTm1KNzI0NEdUdlRnVVRNV09KRGxkR0xZVnZkNnlTT0ExVWxQbkEwc05mdFFhM2YzTkU?oc=5,Kweichow Moutai,"Beyond the green: How China’s most well-known liquor brand is embarking on a new era of expansion - The Straits Times. <a href=""https://news.google.com/rss/articles/CBMitwFBVV95cUxPUktLYmZybDNLMlE4QWV6bHdkNTlSbVpQR0NhZ0NrVThyVURiMy1hMHZEYTU1aThqNTBOSlRTaE5JeXhFaFpSdHlZanFUNFREWEtKY04wS1Y5b1JicjJPdXE1UXROa1JsbElxZ2RrSjhCQmZsUFREdHRMdWJfajVxOHJuVXlKTm1KNzI0NEdUdlRnVVRNV09KRGxkR0xZVnZkNnlTT0ExVWxQbkEwc05mdFFhM2YzTkU?oc=5"" target=""_blank"">Beyond the green: How China’s most well-known liquor brand is embarking on a new era of expansion</a>&nbsp;&nbsp;<font color=""#6f6f6f"">The Straits Times</font>",neutral,0.26547807
2025-11-11,2025-11-11T08:00:00+00:00,600519.SH,"""Kweichow Moutai"" - Google News",China’s favourite tipple falls flat on alcohol bans and Gen Z’s changing tastes - AFR,"<a href=""https://news.google.com/rss/articles/CBMixAFBVV95cUxPcnhhWVppcmVJdWlQN1Y5S2k0TUpkSG9xWjRlSTlRYjVwXzVLSVo3OGd4RVI5ZkxETW5yci1aSVA3SkNZNndDcTg2R2JaWnI1UXd6c29vMktpSVQwbWxMZmNrbW13bGhIMVVNNDFkcVFjRHBsaWQ2Q250dG9kRE9qRmVBQmZXQ09naUZrT3EyakF6aGlqNlRZX0M0eWFHaGdvQ2luRTVBWmJwSmxHM1pJSWFfdktVVi1NZW5JX1hRZkpCY09C?oc=5"" target=""_blank"">China’s favourite tipple falls flat on alcohol bans and Gen Z’s changing tastes</a>&nbsp;&nbsp;<font color=""#6f6f6f"">AFR</font>",https://news.google.com/rss/articles/CBMixAFBVV95cUxPcnhhWVppcmVJdWlQN1Y5S2k0TUpkSG9xWjRlSTlRYjVwXzVLSVo3OGd4RVI5ZkxETW5yci1aSVA3SkNZNndDcTg2R2JaWnI1UXd6c29vMktpSVQwbWxMZmNrbW13bGhIMVVNNDFkcVFjRHBsaWQ2Q250dG9kRE9qRmVBQmZXQ09naUZrT3EyakF6aGlqNlRZX0M0eWFHaGdvQ2luRTVBWmJwSmxHM1pJSWFfdktVVi1NZW5JX1hRZkpCY09C?oc=5,Kweichow Moutai,"China’s favourite tipple falls flat on alcohol bans and Gen Z’s changing tastes - AFR. <a href=""https://news.google.com/rss/articles/CBMixAFBVV95cUxPcnhhWVppcmVJdWlQN1Y5S2k0TUpkSG9xWjRlSTlRYjVwXzVLSVo3OGd4RVI5ZkxETW5yci1aSVA3SkNZNndDcTg2R2JaWnI1UXd6c29vMktpSVQwbWxMZmNrbW13bGhIMVVNNDFkcVFjRHBsaWQ2Q250dG9kRE9qRmVBQmZXQ09naUZrT3EyakF6aGlqNlRZX0M0eWFHaGdvQ2luRTVBWmJwSmxHM1pJSWFfdktVVi1NZW5JX1hRZkpCY09C?oc=5"" target=""_blank"">China’s favourite tipple falls flat on alcohol bans and Gen Z’s changing tastes</a>&nbsp;&nbsp;<font color=""#6f6f6f"">AFR</font>",negative,-0.91698134
2025-11-13,2025-11-13T08:00:00+00:00,600519.SH,"""Kweichow Moutai"" - Google News","Worthless Moutai liquor, valuable Moutai stocks - eu.36kr.com","<a href=""https://news.google.com/rss/articles/CBMiU0FVX3lxTE5FUkRUbDFUYmxfd0w1XzVrTDBKZWNKZ2lGNGVBWHo5Rm1ZRjBQSUZYX1R0LTE2eUpUbHc1bTE2aG9GdnVOMmNLc0pqRUhLVHBGUXA0?oc=5"" target=""_blank"">Worthless Moutai liquor, valuable Moutai stocks</a>&nbsp;&nbsp;<font color=""#6f6f6f"">eu.36kr.com</font>",https://news.google.com/rss/articles/CBMiU0FVX3lxTE5FUkRUbDFUYmxfd0w1XzVrTDBKZWNKZ2lGNGVBWHo5Rm1ZRjBQSUZYX1R0LTE2eUpUbHc1bTE2aG9GdnVOMmNLc0pqRUhLVHBGUXA0?oc=5,Kweichow Moutai,"Worthless Moutai liquor, valuable Moutai stocks - eu.36kr.com. <a href=""https://news.google.com/rss/articles/CBMiU0FVX3lxTE5FUkRUbDFUYmxfd0w1XzVrTDBKZWNKZ2lGNGVBWHo5Rm1ZRjBQSUZYX1R0LTE2eUpUbHc1bTE2aG9GdnVOMmNLc0pqRUhLVHBGUXA0?oc=5"" target=""_blank"">Worthless Moutai liquor, valuable Moutai stocks</a>&nbsp;&nbsp;<font color=""#6f6f6f"">eu.36kr.com</font>",neutral,-0.06622078
2025-11-15,2025-11-15T08:00:00+00:00,600519.SH,"""Kweichow Moutai"" - Google News",China’s Top Baijiu Brand Moutai Showcases China's Green Progress in Manufacturing at COP30 - Business Wire,"<a href=""https://news.google.com/rss/articles/CBMi3gFBVV95cUxNSlViNENOeDh5V0szdU9LSFNpNEtpMjMzVGxlMXVNaG5fd0h3RENKSFpUTkphc25aQmIxSTlfQkdNVEZhNEt3RjZ5amthakQ4VlR3NzJMb3o0R2JBUTgyZ1JTc3JuR2pEZ1MtVER4M25kQWJxWDdaM3Q5SGhOZHBPd1NtUlRyT3lpMVVZVFVvZnZ4eG12Zk52MzZTLVFkNUFGc2FZV1ptelNsYkNVRFA0SFREUE0zekI0V0IxOFNyRlp3bjRIdFVlNFJ6YlB2dDZmWHZKOVhfMlloTUFnbHc?oc=5"" target=""_blank"">China’s Top Baijiu Brand Moutai Showcases China's Green Progress in Manufacturing at COP30</a>&nbsp;&nbsp;<font color=""#6f6f6f"">Business Wire</font>",https://news.google.com/rss/articles/CBMi3gFBVV95cUxNSlViNENOeDh5V0szdU9LSFNpNEtpMjMzVGxlMXVNaG5fd0h3RENKSFpUTkphc25aQmIxSTlfQkdNVEZhNEt3RjZ5amthakQ4VlR3NzJMb3o0R2JBUTgyZ1JTc3JuR2pEZ1MtVER4M25kQWJxWDdaM3Q5SGhOZHBPd1NtUlRyT3lpMVVZVFVvZnZ4eG12Zk52MzZTLVFkNUFGc2FZV1ptelNsYkNVRFA0SFREUE0zekI0V0IxOFNyRlp3bjRIdFVlNFJ6YlB2dDZmWHZKOVhfMlloTUFnbHc?oc=5,Kweichow Moutai,"China’s Top Baijiu Brand Moutai Showcases China's Green Progress in Manufacturing at COP30 - Business Wire. <a href=""https://news.google.com/rss/articles/CBMi3gFBVV95cUxNSlViNENOeDh5V0szdU9LSFNpNEtpMjMzVGxlMXVNaG5fd0h3RENKSFpUTkphc25aQmIxSTlfQkdNVEZhNEt3RjZ5amthakQ4VlR3NzJMb3o0R2JBUTgyZ1JTc3JuR2pEZ1MtVER4M25kQWJxWDdaM3Q5SGhOZHBPd1NtUlRyT3lpMVVZVFVvZnZ4eG12Zk52MzZTLVFkNUFGc2FZV1ptelNsYkNVRFA0SFREUE0zekI0V0IxOFNyRlp3bjRIdFVlNFJ6YlB2dDZmWHZKOVhfMlloTUFnbHc?oc=5"" target=""_blank"">China’s Top Baijiu Brand Moutai Showcases China's Green Progress in Manufacturing at COP30</a>&nbsp;&nbsp;<font color=""#6f6f6f"">Business Wire</font>",neutral,0.3703841
2025-11-16,2025-11-16T08:00:00+00:00,600519.SH,"""Kweichow Moutai"" - Google News",Beyond the green: How China's most well-known liquor brand is embarking on a new era of expansion - Yahoo Finance,"<a href=""https://news.google.com/rss/articles/CBMigAFBVV95cUxPYU9pUTJLbnN5SFhCTzgwYkxOUEdudXhYZWV1LXRaZUVLcHh5akRrU3MyMTduRFhNTE5yU2Nud21DQzhJLWdwV3RBOGpUb2Y3bnpHLVhvVWxPd2ViTUtxd0pKZ0cyQmtaTF9wQXFINERaYmFwa192MThEamprZTd1NQ?oc=5"" target=""_blank"">Beyond the green: How China's most well-known liquor brand is embarking on a new era of expansion</a>&nbsp;&nbsp;<font color=""#6f6f6f"">Yahoo Finance</font>",https://news.google.com/rss/articles/CBMigAFBVV95cUxPYU9pUTJLbnN5SFhCTzgwYkxOUEdudXhYZWV1LXRaZUVLcHh5akRrU3MyMTduRFhNTE5yU2Nud21DQzhJLWdwV3RBOGpUb2Y3bnpHLVhvVWxPd2ViTUtxd0pKZ0cyQmtaTF9wQXFINERaYmFwa192MThEamprZTd1NQ?oc=5,Kweichow Moutai,"Beyond the green: How China's most well-known liquor brand is embarking on a new era of expansion - Yahoo Finance. <a href=""https://news.google.com/rss/articles/CBMigAFBVV95cUxPYU9pUTJLbnN5SFhCTzgwYkxOUEdudXhYZWV1LXRaZUVLcHh5akRrU3MyMTduRFhNTE5yU2Nud21DQzhJLWdwV3RBOGpUb2Y3bnpHLVhvVWxPd2ViTUtxd0pKZ0cyQmtaTF9wQXFINERaYmFwa192MThEamprZTd1NQ?oc=5"" target=""_blank"">Beyond the green: How China's most well-known liquor brand is embarking on a new era of expansion</a>&nbsp;&nbsp;<font color=""#6f6f6f"">Yahoo Finance</font>",neutral,0.37095714
2025-11-19,2025-11-19T08:00:00+00:00,600519.SH,"""Kweichow Moutai"" - Google News",Shanghai Restaurant Staff Jailed After Swapping Customers’ Moutai Bottles for Fakes - Vino Joy News,"<a href=""https://news.google.com/rss/articles/CBMitgFBVV95cUxQdTd6c3N4dkJPZFl4NUFVT04zcjBFRE4tUnExSXRTclBUdUVTMU9oT1F2ZzFnMVNBUXItSUNZQ1MtVXB6NDYwZkRoUDdqM0dHcElqTENaTldQa2ZNbjQyVS1MaVh3Q2dGQXlrT0ladXhiXzI2N0U5aTIydDNfVlVHX01UWDkwMm9CN0xISWt4QlhrWC1YakM1bXRLd1hRNDdZdkwtdU40M09zNVdxckZOLVJpTktuQQ?oc=5"" target=""_blank"">Shanghai Restaurant Staff Jailed After Swapping Customers’ Moutai Bottles for Fakes</a>&nbsp;&nbsp;<font color=""#6f6f6f"">Vino Joy News</font>",https://news.google.com/rss/articles/CBMitgFBVV95cUxQdTd6c3N4dkJPZFl4NUFVT04zcjBFRE4tUnExSXRTclBUdUVTMU9oT1F2ZzFnMVNBUXItSUNZQ1MtVXB6NDYwZkRoUDdqM0dHcElqTENaTldQa2ZNbjQyVS1MaVh3Q2dGQXlrT0ladXhiXzI2N0U5aTIydDNfVlVHX01UWDkwMm9CN0xISWt4QlhrWC1YakM1bXRLd1hRNDdZdkwtdU40M09zNVdxckZOLVJpTktuQQ?oc=5,Kweichow Moutai,"Shanghai Restaurant Staff Jailed After Swapping Customers’ Moutai Bottles for Fakes - Vino Joy News. <a href=""https://news.google.com/rss/articles/CBMitgFBVV95cUxQdTd6c3N4dkJPZFl4NUFVT04zcjBFRE4tUnExSXRTclBUdUVTMU9oT1F2ZzFnMVNBUXItSUNZQ1MtVXB6NDYwZkRoUDdqM0dHcElqTENaTldQa2ZNbjQyVS1MaVh3Q2dGQXlrT0ladXhiXzI2N0U5aTIydDNfVlVHX01UWDkwMm9CN0xISWt4QlhrWC1YakM1bXRLd1hRNDdZdkwtdU40M09zNVdxckZOLVJpTktuQQ?oc=5"" target=""_blank"">Shanghai Restaurant Staff Jailed After Swapping Customers’ Moutai Bottles for Fakes</a>&nbsp;&nbsp;<font color=""#6f6f6f"">Vino Joy News</font>",negative,-0.92204875
2025-11-27,2025-11-27T08:00:00+00:00,600519.SH,"""Kweichow Moutai"" - Google News","Kweichow Moutai - Zhejiang Entrepreneurs Conference Singapore 2025 to Gather Global Leaders for a Deep Dive into AI, Web3 and Sustainable Growth - PR Newswire","<a href=""https://news.google.com/rss/articles/CBMirAJBVV95cUxPVXJZWWpxWWtpeXdVRF9lSDYyT2pidUdudzhuajkwektxbUV2MkE1SEtxQ19CdEstenpWbThpaVVyTFZMb2ZwUHprM0RCaXhoOGR5Q29oa0g5SWR0SVJYeHppYlB3Nm5OcmVvbDBUSFBEdVZKOWtGUFJPNGVUWnotWEY1bEoycTZob3hnNEFhQlJ0T0JCRVA1RVc1VU8xcWs3blJDak1Kd0RlRU0tVUExQXRKVGl2aUR3Z3VnbURidng1emt2Nlp4S3VjNElhWjRLQmhldFAzell3RlhQN0VrRGZYbnpYSV9pQ3ZvdVZoY2xWWHNZcUpuNTFJcFJndm9pNnR2MDJydEpLV0Y4d2lKSl9nNEhtRE5GTlF4TjYyT3plTTFHNlpnMUpoczM?oc=5"" target=""_blank"">Kweichow Moutai - Zhejiang Entrepreneurs Conference Singapore 2025 to Gather Global Leaders for a Deep Dive into AI, Web3 and Sustainable Growth</a>&nbsp;&nbsp;<font color=""#6f6f6f"">PR Newswire</font>",https://news.google.com/rss/articles/CBMirAJBVV95cUxPVXJZWWpxWWtpeXdVRF9lSDYyT2pidUdudzhuajkwektxbUV2MkE1SEtxQ19CdEstenpWbThpaVVyTFZMb2ZwUHprM0RCaXhoOGR5Q29oa0g5SWR0SVJYeHppYlB3Nm5OcmVvbDBUSFBEdVZKOWtGUFJPNGVUWnotWEY1bEoycTZob3hnNEFhQlJ0T0JCRVA1RVc1VU8xcWs3blJDak1Kd0RlRU0tVUExQXRKVGl2aUR3Z3VnbURidng1emt2Nlp4S3VjNElhWjRLQmhldFAzell3RlhQN0VrRGZYbnpYSV9pQ3ZvdVZoY2xWWHNZcUpuNTFJcFJndm9pNnR2MDJydEpLV0Y4d2lKSl9nNEhtRE5GTlF4TjYyT3plTTFHNlpnMUpoczM?oc=5,Kweichow Moutai,"Kweichow Moutai - Zhejiang Entrepreneurs Conference Singapore 2025 to Gather Global Leaders for a Deep Dive into AI, Web3 and Sustainable Growth - PR Newswire. <a href=""https://news.google.com/rss/articles/CBMirAJBVV95cUxPVXJZWWpxWWtpeXdVRF9lSDYyT2pidUdudzhuajkwektxbUV2MkE1SEtxQ19CdEstenpWbThpaVVyTFZMb2ZwUHprM0RCaXhoOGR5Q29oa0g5SWR0SVJYeHppYlB3Nm5OcmVvbDBUSFBEdVZKOWtGUFJPNGVUWnotWEY1bEoycTZob3hnNEFhQlJ0T0JCRVA1RVc1VU8xcWs3blJDak1Kd0RlRU0tVUExQXRKVGl2aUR3Z3VnbURidng1emt2Nlp4S3VjNElhWjRLQmhldFAzell3RlhQN0VrRGZYbnpYSV9pQ3ZvdVZoY2xWWHNZcUpuNTFJcFJndm9pNnR2MDJydEpLV0Y4d2lKSl9nNEhtRE5GTlF4TjYyT3plTTFHNlpnMUpoczM?oc=5"" target=""_blank"">Kweichow Moutai - Zhejiang Entrepreneurs Conference Singapore 2025 to Gather Global Leaders for a Deep Dive into AI, Web3 and Sustainable Growth</a>&nbsp;&nbsp;<font color=""#6f6f6f"">PR Newswire</font>",neutral,0.103944995
2025-11-27,2025-11-27T09:34:00+00:00,600519.SH,Kweichow Moutai - Bing新聞,"Kweichow Moutai - Zhejiang Entrepreneurs Conference Singapore 2025 to Gather Global Leaders for a Deep Dive into AI, Web3 and Sustainable Growth","SINGAPORE, Nov. 27, 2025 /PRNewswire/ -- As globalisation enters a period of profound restructuring, what pathways can Chinese enterprises take to break through with innovation and plan with long-term ...",http://www.bing.com/news/apiclick.aspx?ref=FexRss&aid=&tid=69fb16c4161b414c91e7ba69502d545a&url=https%3a%2f%2fwww.etnet.com.hk%2fwww%2ftc%2fnews%2fprnewswire_news_detail.php%3fnewsid%3d4834553_AE34553_0&c=10294439706123370405&mkt=zh-tw,Kweichow Moutai,"Kweichow Moutai - Zhejiang Entrepreneurs Conference Singapore 2025 to Gather Global Leaders for a Deep Dive into AI, Web3 and Sustainable Growth. SINGAPORE, Nov. 27, 2025 /PRNewswire/ -- As globalisation enters a period of profound restructuring, what pathways can Chinese enterprises take to break through with innovation and plan with long-term ...",neutral,0.22609277
2025-11-29,2025-11-29T08:00:00+00:00,600519.SH,"""Kweichow Moutai"" - Google News","Revenue of Kweichow Moutai 2014-2024, by segment - Statista","<a href=""https://news.google.com/rss/articles/CBMinAFBVV95cUxQZkhKNGhnYlpkcTZtOUNYdmMxOWdCWnE4QWlCNV9aNTF4cnJvYjhMMmlOdGtVX01Kek5UangxVHdpcnJTRGp2X0RGSkxCeWVwYllvSzNsVmpLeUJ6V3cyUVc5SHFHaWRoRUZEWnZKMDYtVko5TXFuVmFOTWJyUi10VTZpUmxsRWhmMHY1Sk0xZXEyZEluZFhZSEMyVng?oc=5"" target=""_blank"">Revenue of Kweichow Moutai 2014-2024, by segment</a>&nbsp;&nbsp;<font color=""#6f6f6f"">Statista</font>",https://news.google.com/rss/articles/CBMinAFBVV95cUxQZkhKNGhnYlpkcTZtOUNYdmMxOWdCWnE4QWlCNV9aNTF4cnJvYjhMMmlOdGtVX01Kek5UangxVHdpcnJTRGp2X0RGSkxCeWVwYllvSzNsVmpLeUJ6V3cyUVc5SHFHaWRoRUZEWnZKMDYtVko5TXFuVmFOTWJyUi10VTZpUmxsRWhmMHY1Sk0xZXEyZEluZFhZSEMyVng?oc=5,Kweichow Moutai,"Revenue of Kweichow Moutai 2014-2024, by segment - Statista. <a href=""https://news.google.com/rss/articles/CBMinAFBVV95cUxQZkhKNGhnYlpkcTZtOUNYdmMxOWdCWnE4QWlCNV9aNTF4cnJvYjhMMmlOdGtVX01Kek5UangxVHdpcnJTRGp2X0RGSkxCeWVwYllvSzNsVmpLeUJ6V3cyUVc5SHFHaWRoRUZEWnZKMDYtVko5TXFuVmFOTWJyUi10VTZpUmxsRWhmMHY1Sk0xZXEyZEluZFhZSEMyVng?oc=5"" target=""_blank"">Revenue of Kweichow Moutai 2014-2024, by segment</a>&nbsp;&nbsp;<font color=""#6f6f6f"">Statista</font>",neutral,0.05784032
2025-11-29,2025-11-29T08:00:00+00:00,600519.SH,"""Kweichow Moutai"" - Google News",Revenue of Kweichow Moutai 2014-2024 - Statista,"<a href=""https://news.google.com/rss/articles/CBMihgFBVV95cUxNQmdITzRrVzlWUUZzbXgzSTBPSFl4aWZKblV3VHJSTlRJbVQ3MkJmV3AyMzY3bUt5RkJpODk5cGJQd3pVOTZENnNTay1nc2RyN19VOHBQTG9Dc2pXUXQ4bXRFdU9ZVkMwLUR3R2NudVlYNzZUOUFEOEtlMnVHWUhsVzBVemx5QQ?oc=5"" target=""_blank"">Revenue of Kweichow Moutai 2014-2024</a>&nbsp;&nbsp;<font color=""#6f6f6f"">Statista</font>",https://news.google.com/rss/articles/CBMihgFBVV95cUxNQmdITzRrVzlWUUZzbXgzSTBPSFl4aWZKblV3VHJSTlRJbVQ3MkJmV3AyMzY3bUt5RkJpODk5cGJQd3pVOTZENnNTay1nc2RyN19VOHBQTG9Dc2pXUXQ4bXRFdU9ZVkMwLUR3R2NudVlYNzZUOUFEOEtlMnVHWUhsVzBVemx5QQ?oc=5,Kweichow Moutai,"Revenue of Kweichow Moutai 2014-2024 - Statista. <a href=""https://news.google.com/rss/articles/CBMihgFBVV95cUxNQmdITzRrVzlWUUZzbXgzSTBPSFl4aWZKblV3VHJSTlRJbVQ3MkJmV3AyMzY3bUt5RkJpODk5cGJQd3pVOTZENnNTay1nc2RyN19VOHBQTG9Dc2pXUXQ4bXRFdU9ZVkMwLUR3R2NudVlYNzZUOUFEOEtlMnVHWUhsVzBVemx5QQ?oc=5"" target=""_blank"">Revenue of Kweichow Moutai 2014-2024</a>&nbsp;&nbsp;<font color=""#6f6f6f"">Statista</font>",neutral,0.028310489
2025-12-03,2025-12-03T08:00:00+00:00,600519.SH,"""Kweichow Moutai"" - Google News","Kweichow Moutai-Zhejiang Entrepreneurs Conference Singapore 2025 Concludes Successfully, Bringing Together Global Leaders to Explore Technology Innovation and Sustainable Development - TNGlobal","<a href=""https://news.google.com/rss/articles/CBMiugJBVV95cUxQTnUxb0RXS0hCZk1iTU5kSnJobFNYN2VUXzdXdXdfWU5aZmhfWWJocUxPZG1FV2o4aFpXempnMENaTGZsTTNXUE1kWFYwY3A1NTYtZ05pNkJ2eVZqdUlmMVlzb2MxR2Q3Vm43SVF6TENoakdscnl6UG9LNElBaFNoNG9GTHhzc3RPcDFRVl9jRUQzYTZBc3ZVX1FIVElRUFlrZmR5NmZMeHZCTEk0eFFwNFBDNjBhM2w1Sm83dHhVQmE1R2lYT2JFMkx3dGpDaUt4WElPaTBsbHlVai1lNkNRaGFPMTkwcmVPU2dteDFDUVBENV9ES1dyMzFDTGZpREZ1VEU4NW1Lb3Y0RmtRT0FnWElCMlFIRWlrMFRETjhYcG0xNkR4YjBXQVZKejRueHA3X3E5S3BKY1ZYQQ?oc=5"" target=""_blank"">Kweichow Moutai-Zhejiang Entrepreneurs Conference Singapore 2025 Concludes Successfully, Bringing Together Global Leaders to Explore Technology Innovation and Sustainable Development</a>&nbsp;&nbsp;<font color=""#6f6f6f"">TNGlobal</font>",https://news.google.com/rss/articles/CBMiugJBVV95cUxQTnUxb0RXS0hCZk1iTU5kSnJobFNYN2VUXzdXdXdfWU5aZmhfWWJocUxPZG1FV2o4aFpXempnMENaTGZsTTNXUE1kWFYwY3A1NTYtZ05pNkJ2eVZqdUlmMVlzb2MxR2Q3Vm43SVF6TENoakdscnl6UG9LNElBaFNoNG9GTHhzc3RPcDFRVl9jRUQzYTZBc3ZVX1FIVElRUFlrZmR5NmZMeHZCTEk0eFFwNFBDNjBhM2w1Sm83dHhVQmE1R2lYT2JFMkx3dGpDaUt4WElPaTBsbHlVai1lNkNRaGFPMTkwcmVPU2dteDFDUVBENV9ES1dyMzFDTGZpREZ1VEU4NW1Lb3Y0RmtRT0FnWElCMlFIRWlrMFRETjhYcG0xNkR4YjBXQVZKejRueHA3X3E5S3BKY1ZYQQ?oc=5,Kweichow Moutai,"Kweichow Moutai-Zhejiang Entrepreneurs Conference Singapore 2025 Concludes Successfully, Bringing Together Global Leaders to Explore Technology Innovation and Sustainable Development - TNGlobal. <a href=""https://news.google.com/rss/articles/CBMiugJBVV95cUxQTnUxb0RXS0hCZk1iTU5kSnJobFNYN2VUXzdXdXdfWU5aZmhfWWJocUxPZG1FV2o4aFpXempnMENaTGZsTTNXUE1kWFYwY3A1NTYtZ05pNkJ2eVZqdUlmMVlzb2MxR2Q3Vm43SVF6TENoakdscnl6UG9LNElBaFNoNG9GTHhzc3RPcDFRVl9jRUQzYTZBc3ZVX1FIVElRUFlrZmR5NmZMeHZCTEk0eFFwNFBDNjBhM2w1Sm83dHhVQmE1R2lYT2JFMkx3dGpDaUt4WElPaTBsbHlVai1lNkNRaGFPMTkwcmVPU2dteDFDUVBENV9ES1dyMzFDTGZpREZ1VEU4NW1Lb3Y0RmtRT0FnWElCMlFIRWlrMFRETjhYcG0xNkR4YjBXQVZKejRueHA3X3E5S3BKY1ZYQQ?oc=5"" target=""_blank"">Kweichow Moutai-Zhejiang Entrepreneurs Conference Singapore 2025 Concludes Successfully, Bringing Together Global Leaders to Explore Technology Innovation and Sustainable Development</a>&nbsp;&nbsp;<font color=""#6f6f6f"">TNGlobal</font>",positive,0.7001904
2025-12-18,2025-12-18T15:59:00+00:00,600519.SH,Kweichow Moutai - Bing新聞,貴州茅台 (600519.SS),"截止 -- 為止的金額，現金賠償則計算至上一個財政年度末為止。薪資是指薪俸、獎金等。已行使價是指財政年度期間已行使的期權價值。貨幣為CNY。 Kweichow Moutai Co., Ltd., together with its subsidiaries ...",http://www.bing.com/news/apiclick.aspx?ref=FexRss&aid=&tid=69fb16c4161b414c91e7ba69502d545a&url=https%3a%2f%2fhk.finance.yahoo.com%2fquote%2f600519.SS%2fprofile%2f&c=12451579187732800430&mkt=zh-tw,Kweichow Moutai,"貴州茅台 (600519.SS). 截止 -- 為止的金額，現金賠償則計算至上一個財政年度末為止。薪資是指薪俸、獎金等。已行使價是指財政年度期間已行使的期權價值。貨幣為CNY。 Kweichow Moutai Co., Ltd., together with its subsidiaries ...",neutral,0.036669504
2025-12-25,2025-12-25T08:00:00+00:00,600519.SH,"""Kweichow Moutai"" - Google News",Moutai sales no longer soaring? - ThinkChina,"<a href=""https://news.google.com/rss/articles/CBMickFVX3lxTE8tTGl5UUtzXzByZWM0T2ppVTNPcmw0VnRwZGtWODZPbXE0RjhsbVozSURqOHhZNmFWZEdHdURScHBNOG1WaThYaDBHbTVKcjhlZ29RSG1WQzhzNkViREtNUjE2UVZteVpUdGdtbERfRDdldw?oc=5"" target=""_blank"">Moutai sales no longer soaring?</a>&nbsp;&nbsp;<font color=""#6f6f6f"">ThinkChina</font>",https://news.google.com/rss/articles/CBMickFVX3lxTE8tTGl5UUtzXzByZWM0T2ppVTNPcmw0VnRwZGtWODZPbXE0RjhsbVozSURqOHhZNmFWZEdHdURScHBNOG1WaThYaDBHbTVKcjhlZ29RSG1WQzhzNkViREtNUjE2UVZteVpUdGdtbERfRDdldw?oc=5,Kweichow Moutai,"Moutai sales no longer soaring? - ThinkChina. <a href=""https://news.google.com/rss/articles/CBMickFVX3lxTE8tTGl5UUtzXzByZWM0T2ppVTNPcmw0VnRwZGtWODZPbXE0RjhsbVozSURqOHhZNmFWZEdHdURScHBNOG1WaThYaDBHbTVKcjhlZ29RSG1WQzhzNkViREtNUjE2UVZteVpUdGdtbERfRDdldw?oc=5"" target=""_blank"">Moutai sales no longer soaring?</a>&nbsp;&nbsp;<font color=""#6f6f6f"">ThinkChina</font>",neutral,-0.06926619
2025-12-30,2025-12-30T08:00:00+00:00,600519.SH,"""Kweichow Moutai"" - Google News",It’s a Good Time to Enjoy China’s Fanciest Liquor - Bloomberg,"<a href=""https://news.google.com/rss/articles/CBMisAFBVV95cUxPZ2NsM0VVTW1ZN0NHQlhYeGFCbm8xbUFHOWNjdUtYTnA4aWJLam5BOUtJWXFDXzhuVkhZQUh0cVVoVDNYQUxIeXpHWEN5WFhMc045T1RXcEdkLTFLS0hkYlloSThaWDRRakxVbWFGTktyZW80WmhIeWNKMG0xT0VjYjhQa3N3ZFdUb0x4VnYxSnpqbF81eldrajlXWFJFMFJ5YmVuZTNQYVFJRWtUZlNhLQ?oc=5"" target=""_blank"">It’s a Good Time to Enjoy China’s Fanciest Liquor</a>&nbsp;&nbsp;<font color=""#6f6f6f"">Bloomberg</font>",https://news.google.com/rss/articles/CBMisAFBVV95cUxPZ2NsM0VVTW1ZN0NHQlhYeGFCbm8xbUFHOWNjdUtYTnA4aWJLam5BOUtJWXFDXzhuVkhZQUh0cVVoVDNYQUxIeXpHWEN5WFhMc045T1RXcEdkLTFLS0hkYlloSThaWDRRakxVbWFGTktyZW80WmhIeWNKMG0xT0VjYjhQa3N3ZFdUb0x4VnYxSnpqbF81eldrajlXWFJFMFJ5YmVuZTNQYVFJRWtUZlNhLQ?oc=5,Kweichow Moutai,"It’s a Good Time to Enjoy China’s Fanciest Liquor - Bloomberg. <a href=""https://news.google.com/rss/articles/CBMisAFBVV95cUxPZ2NsM0VVTW1ZN0NHQlhYeGFCbm8xbUFHOWNjdUtYTnA4aWJLam5BOUtJWXFDXzhuVkhZQUh0cVVoVDNYQUxIeXpHWEN5WFhMc045T1RXcEdkLTFLS0hkYlloSThaWDRRakxVbWFGTktyZW80WmhIeWNKMG0xT0VjYjhQa3N3ZFdUb0x4VnYxSnpqbF81eldrajlXWFJFMFJ5YmVuZTNQYVFJRWtUZlNhLQ?oc=5"" target=""_blank"">It’s a Good Time to Enjoy China’s Fanciest Liquor</a>&nbsp;&nbsp;<font color=""#6f6f6f"">Bloomberg</font>",neutral,0.31271443
2026-01-01,2026-01-01T08:00:00+00:00,600519.SH,"""Kweichow Moutai"" - Google News",Commentary: Moutai hangover – why China’s fanciest liquor is in a slump - CNA,"<a href=""https://news.google.com/rss/articles/CBMilAFBVV95cUxPOU11V1pIamE4S0pCdDZYQjFPbHNXOG1CWlk1cGltMXBHb21vV0J6cnQ0T3RBQjZ1d2NqS1MwTFQ0YUp2REttQjVyX3VraV90VzAtOFFoQVV3akRkbVNITkRuT0ptTTkyNmNGN1lkbFZpVXhmaFJTOXY2QUthT1Z2ZFBFSU1IOExySEhfMzFwTGdPN0hu?oc=5"" target=""_blank"">Commentary: Moutai hangover – why China’s fanciest liquor is in a slump</a>&nbsp;&nbsp;<font color=""#6f6f6f"">CNA</font>",https://news.google.com/rss/articles/CBMilAFBVV95cUxPOU11V1pIamE4S0pCdDZYQjFPbHNXOG1CWlk1cGltMXBHb21vV0J6cnQ0T3RBQjZ1d2NqS1MwTFQ0YUp2REttQjVyX3VraV90VzAtOFFoQVV3akRkbVNITkRuT0ptTTkyNmNGN1lkbFZpVXhmaFJTOXY2QUthT1Z2ZFBFSU1IOExySEhfMzFwTGdPN0hu?oc=5,Kweichow Moutai,"Commentary: Moutai hangover – why China’s fanciest liquor is in a slump - CNA. <a href=""https://news.google.com/rss/articles/CBMilAFBVV95cUxPOU11V1pIamE4S0pCdDZYQjFPbHNXOG1CWlk1cGltMXBHb21vV0J6cnQ0T3RBQjZ1d2NqS1MwTFQ0YUp2REttQjVyX3VraV90VzAtOFFoQVV3akRkbVNITkRuT0ptTTkyNmNGN1lkbFZpVXhmaFJTOXY2QUthT1Z2ZFBFSU1IOExySEhfMzFwTGdPN0hu?oc=5"" target=""_blank"">Commentary: Moutai hangover – why China’s fanciest liquor is in a slump</a>&nbsp;&nbsp;<font color=""#6f6f6f"">CNA</font>",negative,-0.7984156
2026-01-04,2026-01-04T08:00:00+00:00,600519.SH,"""Kweichow Moutai"" - Google News",New Move by Kweichow Maotai: Establishment of a Digital Technology Company - Moomoo,"<a href=""https://news.google.com/rss/articles/CBMiqwFBVV95cUxOVk54RGdOZTJnQnJzZjZlR0w1cjFNdEhTYWE4V1QwM1EtVlE4cE1OdWFQSXBDX3BPdEpUY1VGamNNQkQ0Y3RhUHRXU2N3SnRtUUdWdUI0Qi1hUk5qQ1FwTEtIWFZVellGZVFvTUQ5RlhUZ1J6WFVraFZpSkUxNWxmaHgtYmx6NmM5Q2dVWlVFTzhHaVo2X3ZFbXFHTGFzVXJ1RmVRd3ItcDBpZ3M?oc=5"" target=""_blank"">New Move by Kweichow Maotai: Establishment of a Digital Technology Company</a>&nbsp;&nbsp;<font color=""#6f6f6f"">Moomoo</font>",https://news.google.com/rss/articles/CBMiqwFBVV95cUxOVk54RGdOZTJnQnJzZjZlR0w1cjFNdEhTYWE4V1QwM1EtVlE4cE1OdWFQSXBDX3BPdEpUY1VGamNNQkQ0Y3RhUHRXU2N3SnRtUUdWdUI0Qi1hUk5qQ1FwTEtIWFZVellGZVFvTUQ5RlhUZ1J6WFVraFZpSkUxNWxmaHgtYmx6NmM5Q2dVWlVFTzhHaVo2X3ZFbXFHTGFzVXJ1RmVRd3ItcDBpZ3M?oc=5,Kweichow Moutai,"New Move by Kweichow Maotai: Establishment of a Digital Technology Company - Moomoo. <a href=""https://news.google.com/rss/articles/CBMiqwFBVV95cUxOVk54RGdOZTJnQnJzZjZlR0w1cjFNdEhTYWE4V1QwM1EtVlE4cE1OdWFQSXBDX3BPdEpUY1VGamNNQkQ0Y3RhUHRXU2N3SnRtUUdWdUI0Qi1hUk5qQ1FwTEtIWFZVellGZVFvTUQ5RlhUZ1J6WFVraFZpSkUxNWxmaHgtYmx6NmM5Q2dVWlVFTzhHaVo2X3ZFbXFHTGFzVXJ1RmVRd3ItcDBpZ3M?oc=5"" target=""_blank"">New Move by Kweichow Maotai: Establishment of a Digital Technology Company</a>&nbsp;&nbsp;<font color=""#6f6f6f"">Moomoo</font>",neutral,0.14118922
2026-01-04,2026-01-04T08:00:00+00:00,600519.SH,"""贵州茅台"" - Google 新闻",贵州茅台重大改革，新周期从此开始！ 12月28日，2026年贵州茅台酒全国经销商联谊会召开，会议的主题是“坚持以消费者为中心，全面推进茅台酒营销市场化转型”... - 雪球,"<a href=""https://news.google.com/rss/articles/CBMiUEFVX3lxTE95d2M4LXNxVVdVSjJXdXIzeHJkQXBjVERRTFdmeVAtZEpxc3oxOHRxU3pMcDM4Y2lXTThabm9wWU9abk1PcWtzbFN5dHliSmdx?oc=5"" target=""_blank"">贵州茅台重大改革，新周期从此开始！ 12月28日，2026年贵州茅台酒全国经销商联谊会召开，会议的主题是“坚持以消费者为中心，全面推进茅台酒营销市场化转型”...</a>&nbsp;&nbsp;<font color=""#6f6f6f"">雪球</font>",https://news.google.com/rss/articles/CBMiUEFVX3lxTE95d2M4LXNxVVdVSjJXdXIzeHJkQXBjVERRTFdmeVAtZEpxc3oxOHRxU3pMcDM4Y2lXTThabm9wWU9abk1PcWtzbFN5dHliSmdx?oc=5,贵州茅台,"贵州茅台重大改革，新周期从此开始！ 12月28日，2026年贵州茅台酒全国经销商联谊会召开，会议的主题是“坚持以消费者为中心，全面推进茅台酒营销市场化转型”... - 雪球. <a href=""https://news.google.com/rss/articles/CBMiUEFVX3lxTE95d2M4LXNxVVdVSjJXdXIzeHJkQXBjVERRTFdmeVAtZEpxc3oxOHRxU3pMcDM4Y2lXTThabm9wWU9abk1PcWtzbFN5dHliSmdx?oc=5"" target=""_blank"">贵州茅台重大改革，新周期从此开始！ 12月28日，2026年贵州茅台酒全国经销商联谊会召开，会议的主题是“坚持以消费者为中心，全面推进茅台酒营销市场化转型”...</a>&nbsp;&nbsp;<font color=""#6f6f6f"">雪球</font>",neutral,0.029594885
2026-01-10,2026-01-10T08:00:00+00:00,600519.SH,"""Kweichow Moutai"" - Google News",Horse power: brands in China seek sales boost with Lunar New Year items - South China Morning Post,"<a href=""https://news.google.com/rss/articles/CBMiwAFBVV95cUxQbmhQR0NnN3RVelpIMVlrVTZpbWltaTlIMWxIUzFyb19qbVpkM0c5QUkwUmpEZ3U3M3RBS2o0eVhBeEFwR1RHQWtnNk1hMmJCSzBCMTcxaVdmS0FmTFBFbTFBZmFqVGhsMDRLTW1qSG9sZmdyMXltTEdJanNNcEx3YjNJMkVfbjRDV0FDM2VPM3pRV2J4SFd2SjNtYjNHSy1LMTVuZTRPT1BtUjVlb1htWHNwSEthUWNBQjEtV1RvV3LSAcABQVVfeXFMTUVMankwMWRDMXJaZlFFVUZ3RkhZbnB6VjIzZjVRWDVDNmw2RUc5cUc2RkktcDkwcXpnOV9fbGh0aHJuNGlMVnRaVjVhbTZwQmtaTFlnMklRS21zWTNJdkFMT3JWNU52aGJwRnotVVBodnlOVm00Y3FGY2YzNDdlRjJiNXlhMDFOdDBJU1dlMnJVUnFjMEFpWThselFneTZUV0VYMy1DdVN5REVRcUpvelo5SUdtMURBWUxEbFd0My14?oc=5"" target=""_blank"">Horse power: brands in China seek sales boost with Lunar New Year items</a>&nbsp;&nbsp;<font color=""#6f6f6f"">South China Morning Post</font>",https://news.google.com/rss/articles/CBMiwAFBVV95cUxQbmhQR0NnN3RVelpIMVlrVTZpbWltaTlIMWxIUzFyb19qbVpkM0c5QUkwUmpEZ3U3M3RBS2o0eVhBeEFwR1RHQWtnNk1hMmJCSzBCMTcxaVdmS0FmTFBFbTFBZmFqVGhsMDRLTW1qSG9sZmdyMXltTEdJanNNcEx3YjNJMkVfbjRDV0FDM2VPM3pRV2J4SFd2SjNtYjNHSy1LMTVuZTRPT1BtUjVlb1htWHNwSEthUWNBQjEtV1RvV3LSAcABQVVfeXFMTUVMankwMWRDMXJaZlFFVUZ3RkhZbnB6VjIzZjVRWDVDNmw2RUc5cUc2RkktcDkwcXpnOV9fbGh0aHJuNGlMVnRaVjVhbTZwQmtaTFlnMklRS21zWTNJdkFMT3JWNU52aGJwRnotVVBodnlOVm00Y3FGY2YzNDdlRjJiNXlhMDFOdDBJU1dlMnJVUnFjMEFpWThselFneTZUV0VYMy1DdVN5REVRcUpvelo5SUdtMURBWUxEbFd0My14?oc=5,Kweichow Moutai,"Horse power: brands in China seek sales boost with Lunar New Year items - South China Morning Post. <a href=""https://news.google.com/rss/articles/CBMiwAFBVV95cUxQbmhQR0NnN3RVelpIMVlrVTZpbWltaTlIMWxIUzFyb19qbVpkM0c5QUkwUmpEZ3U3M3RBS2o0eVhBeEFwR1RHQWtnNk1hMmJCSzBCMTcxaVdmS0FmTFBFbTFBZmFqVGhsMDRLTW1qSG9sZmdyMXltTEdJanNNcEx3YjNJMkVfbjRDV0FDM2VPM3pRV2J4SFd2SjNtYjNHSy1LMTVuZTRPT1BtUjVlb1htWHNwSEthUWNBQjEtV1RvV3LSAcABQVVfeXFMTUVMankwMWRDMXJaZlFFVUZ3RkhZbnB6VjIzZjVRWDVDNmw2RUc5cUc2RkktcDkwcXpnOV9fbGh0aHJuNGlMVnRaVjVhbTZwQmtaTFlnMklRS21zWTNJdkFMT3JWNU52aGJwRnotVVBodnlOVm00Y3FGY2YzNDdlRjJiNXlhMDFOdDBJU1dlMnJVUnFjMEFpWThselFneTZUV0VYMy1DdVN5REVRcUpvelo5SUdtMURBWUxEbFd0My14?oc=5"" target=""_blank"">Horse power: brands in China seek sales boost with Lunar New Year items</a>&nbsp;&nbsp;<font color=""#6f6f6f"">South China Morning Post</font>",positive,0.91665316
2026-01-11,2026-01-11T08:00:00+00:00,600519.SH,"""Kweichow Moutai"" - Google News","Kweichow Moutai establishes iMoutai Digital Technology Company, involving blockchain-related software and services - Bitget","<a href=""https://news.google.com/rss/articles/CBMiXkFVX3lxTE50TUt0Tm9XbGlMX0tJX0JSdWxGbEczbllRbUwtN01DSFAtckFCeFdFT1llZEZnSHRNQmR4TTdEZkR2UnQzOXVmZVZweC1MYWYzc0FZaTZUaXRsLXJqWFHSAWNBVV95cUxPMDFrdmJNT3ZlcnJGX3hjdUNlNWNUMVFxS2FEMUdvVXFXRkZ2cjBnMEpsNnFsS1RCTzZWa1N1RTUwMS11ODJnX0VPU0toYWFxVmRuLVJXSUJHNEhhcUFNaEdDV2s?oc=5"" target=""_blank"">Kweichow Moutai establishes iMoutai Digital Technology Company, involving blockchain-related software and services</a>&nbsp;&nbsp;<font color=""#6f6f6f"">Bitget</font>",https://news.google.com/rss/articles/CBMiXkFVX3lxTE50TUt0Tm9XbGlMX0tJX0JSdWxGbEczbllRbUwtN01DSFAtckFCeFdFT1llZEZnSHRNQmR4TTdEZkR2UnQzOXVmZVZweC1MYWYzc0FZaTZUaXRsLXJqWFHSAWNBVV95cUxPMDFrdmJNT3ZlcnJGX3hjdUNlNWNUMVFxS2FEMUdvVXFXRkZ2cjBnMEpsNnFsS1RCTzZWa1N1RTUwMS11ODJnX0VPU0toYWFxVmRuLVJXSUJHNEhhcUFNaEdDV2s?oc=5,Kweichow Moutai,"Kweichow Moutai establishes iMoutai Digital Technology Company, involving blockchain-related software and services - Bitget. <a href=""https://news.google.com/rss/articles/CBMiXkFVX3lxTE50TUt0Tm9XbGlMX0tJX0JSdWxGbEczbllRbUwtN01DSFAtckFCeFdFT1llZEZnSHRNQmR4TTdEZkR2UnQzOXVmZVZweC1MYWYzc0FZaTZUaXRsLXJqWFHSAWNBVV95cUxPMDFrdmJNT3ZlcnJGX3hjdUNlNWNUMVFxS2FEMUdvVXFXRkZ2cjBnMEpsNnFsS1RCTzZWa1N1RTUwMS11ODJnX0VPU0toYWFxVmRuLVJXSUJHNEhhcUFNaEdDV2s?oc=5"" target=""_blank"">Kweichow Moutai establishes iMoutai Digital Technology Company, involving blockchain-related software and services</a>&nbsp;&nbsp;<font color=""#6f6f6f"">Bitget</font>",neutral,0.081763946
2026-01-11,2026-01-11T08:00:00+00:00,600519.SH,"""Kweichow Moutai"" - Google News","Why Kweichow Moutai Co., Ltd. Class A stock (600519) is in focus: iMoutai restock and a fresh target cut - TechStock²","<a href=""https://news.google.com/rss/articles/CBMiuwFBVV95cUxQZHBWU1ZoVEVpcXV2THVMUnRMSDB6QVNNTDJxSjRGclpYMVJPOEJNYnM5UUdOVWVaSHpXc1ZqMS1SVVZwX1kyWl9kZFpPWlZ0aTdXUWhBOE5TcmdZQTMwOXJraE5BN3JpNE5fVDlaeVg5T3dwcHZMUS1jejZfWkhtMy1xMTBiXzEzb1p5RjhOOGtZOHh2TWRIMk1RSlNBT2RnQ1ZpVUZlQVhlWFR2Q2FCVDg4RzVXcmtRalNB?oc=5"" target=""_blank"">Why Kweichow Moutai Co., Ltd. Class A stock (600519) is in focus: iMoutai restock and a fresh target cut</a>&nbsp;&nbsp;<font color=""#6f6f6f"">TechStock²</font>",https://news.google.com/rss/articles/CBMiuwFBVV95cUxQZHBWU1ZoVEVpcXV2THVMUnRMSDB6QVNNTDJxSjRGclpYMVJPOEJNYnM5UUdOVWVaSHpXc1ZqMS1SVVZwX1kyWl9kZFpPWlZ0aTdXUWhBOE5TcmdZQTMwOXJraE5BN3JpNE5fVDlaeVg5T3dwcHZMUS1jejZfWkhtMy1xMTBiXzEzb1p5RjhOOGtZOHh2TWRIMk1RSlNBT2RnQ1ZpVUZlQVhlWFR2Q2FCVDg4RzVXcmtRalNB?oc=5,Kweichow Moutai,"Why Kweichow Moutai Co., Ltd. Class A stock (600519) is in focus: iMoutai restock and a fresh target cut - TechStock². <a href=""https://news.google.com/rss/articles/CBMiuwFBVV95cUxQZHBWU1ZoVEVpcXV2THVMUnRMSDB6QVNNTDJxSjRGclpYMVJPOEJNYnM5UUdOVWVaSHpXc1ZqMS1SVVZwX1kyWl9kZFpPWlZ0aTdXUWhBOE5TcmdZQTMwOXJraE5BN3JpNE5fVDlaeVg5T3dwcHZMUS1jejZfWkhtMy1xMTBiXzEzb1p5RjhOOGtZOHh2TWRIMk1RSlNBT2RnQ1ZpVUZlQVhlWFR2Q2FCVDg4RzVXcmtRalNB?oc=5"" target=""_blank"">Why Kweichow Moutai Co., Ltd. Class A stock (600519) is in focus: iMoutai restock and a fresh target cut</a>&nbsp;&nbsp;<font color=""#6f6f6f"">TechStock²</font>",neutral,-0.24528593
2026-01-13,2026-01-13T08:00:00+00:00,600519.SH,"""贵州茅台"" - Google 新闻",打破传统意义的“出厂价”，贵州茅台公告构建全新零售价格体系 - 新华网,"<a href=""https://news.google.com/rss/articles/CBMihAFBVV95cUxORERZcmtYY244Zlp2NVNFd1hKd2pLcVN1NnFBcEpSdG1xdG5WZHM3aXVGMlBGTWtJYXZMcTBfNFhNUFZqOEtOSXI1Nk5KRDR3aUtYbUNtSWZnT0lpYUJ1Q2w5VmFDd3Q5a0h4UXdRMk95UG0wdmlvclotTU1YbFdicmRYeGw?oc=5"" target=""_blank"">打破传统意义的“出厂价”，贵州茅台公告构建全新零售价格体系</a>&nbsp;&nbsp;<font color=""#6f6f6f"">新华网</font>",https://news.google.com/rss/articles/CBMihAFBVV95cUxORERZcmtYY244Zlp2NVNFd1hKd2pLcVN1NnFBcEpSdG1xdG5WZHM3aXVGMlBGTWtJYXZMcTBfNFhNUFZqOEtOSXI1Nk5KRDR3aUtYbUNtSWZnT0lpYUJ1Q2w5VmFDd3Q5a0h4UXdRMk95UG0wdmlvclotTU1YbFdicmRYeGw?oc=5,贵州茅台,"打破传统意义的“出厂价”，贵州茅台公告构建全新零售价格体系 - 新华网. <a href=""https://news.google.com/rss/articles/CBMihAFBVV95cUxORERZcmtYY244Zlp2NVNFd1hKd2pLcVN1NnFBcEpSdG1xdG5WZHM3aXVGMlBGTWtJYXZMcTBfNFhNUFZqOEtOSXI1Nk5KRDR3aUtYbUNtSWZnT0lpYUJ1Q2w5VmFDd3Q5a0h4UXdRMk95UG0wdmlvclotTU1YbFdicmRYeGw?oc=5"" target=""_blank"">打破传统意义的“出厂价”，贵州茅台公告构建全新零售价格体系</a>&nbsp;&nbsp;<font color=""#6f6f6f"">新华网</font>",neutral,0.022490466
2026-01-22,2026-01-22T08:00:00+00:00,600519.SH,"""Kweichow Moutai"" - Google News","Kweichow Moutai confirms printing error on 2026 Year of the Horse packaging, offers exchanges - The Standard (HK)","<a href=""https://news.google.com/rss/articles/CBMi3AFBVV95cUxPUWgxMzFNQ1Q1eTI5TlB4VjdvQ2N3M0xYb09Vdng1ZDRCay1Fc3lMSFV1NWRSMjFySTNILVVuQ2Ryc1YtV1hGamZxZld6cTI0aWNkSFN0eUM1aHQydUFoaUlOT1ZNX0U2Mm1UY0o5bHhtLUNNSWE5clNEYlAyT2RXY0xCRkpkLXloQ1lZamxIbEQ0WHFZc0VyYWhhOFA3QVctc1dHbFBzTllYdjVxejhWaTNtcm5yUk1CWTZ3YW1NRGFyV3lOSU5JMHV0eUhPaEMxbzZsQzJTZGFTWk5Y?oc=5"" target=""_blank"">Kweichow Moutai confirms printing error on 2026 Year of the Horse packaging, offers exchanges</a>&nbsp;&nbsp;<font color=""#6f6f6f"">The Standard (HK)</font>",https://news.google.com/rss/articles/CBMi3AFBVV95cUxPUWgxMzFNQ1Q1eTI5TlB4VjdvQ2N3M0xYb09Vdng1ZDRCay1Fc3lMSFV1NWRSMjFySTNILVVuQ2Ryc1YtV1hGamZxZld6cTI0aWNkSFN0eUM1aHQydUFoaUlOT1ZNX0U2Mm1UY0o5bHhtLUNNSWE5clNEYlAyT2RXY0xCRkpkLXloQ1lZamxIbEQ0WHFZc0VyYWhhOFA3QVctc1dHbFBzTllYdjVxejhWaTNtcm5yUk1CWTZ3YW1NRGFyV3lOSU5JMHV0eUhPaEMxbzZsQzJTZGFTWk5Y?oc=5,Kweichow Moutai,"Kweichow Moutai confirms printing error on 2026 Year of the Horse packaging, offers exchanges - The Standard (HK). <a href=""https://news.google.com/rss/articles/CBMi3AFBVV95cUxPUWgxMzFNQ1Q1eTI5TlB4VjdvQ2N3M0xYb09Vdng1ZDRCay1Fc3lMSFV1NWRSMjFySTNILVVuQ2Ryc1YtV1hGamZxZld6cTI0aWNkSFN0eUM1aHQydUFoaUlOT1ZNX0U2Mm1UY0o5bHhtLUNNSWE5clNEYlAyT2RXY0xCRkpkLXloQ1lZamxIbEQ0WHFZc0VyYWhhOFA3QVctc1dHbFBzTllYdjVxejhWaTNtcm5yUk1CWTZ3YW1NRGFyV3lOSU5JMHV0eUhPaEMxbzZsQzJTZGFTWk5Y?oc=5"" target=""_blank"">Kweichow Moutai confirms printing error on 2026 Year of the Horse packaging, offers exchanges</a>&nbsp;&nbsp;<font color=""#6f6f6f"">The Standard (HK)</font>",neutral,-0.42793235
2026-01-22,2026-01-22T08:00:00+00:00,600519.SH,"""600519"" - Google 新闻",贵州茅台（600519）1月21日主力资金净卖出14.80亿元 - 手机网易网,"<a href=""https://news.google.com/rss/articles/CBMiYkFVX3lxTFB1V0RMSGNSeElscHJsbkhLNm5jbUpfY3dwOUx2SExQUVEzUWVsZmdRdGFva29yd0VjQXVwVlZEeERYczJOcjlTVVR4RVNRUklHajhyZFdfUFlLQ1NEbW9Da3ZR?oc=5"" target=""_blank"">贵州茅台（600519）1月21日主力资金净卖出14.80亿元</a>&nbsp;&nbsp;<font color=""#6f6f6f"">手机网易网</font>",https://news.google.com/rss/articles/CBMiYkFVX3lxTFB1V0RMSGNSeElscHJsbkhLNm5jbUpfY3dwOUx2SExQUVEzUWVsZmdRdGFva29yd0VjQXVwVlZEeERYczJOcjlTVVR4RVNRUklHajhyZFdfUFlLQ1NEbW9Da3ZR?oc=5,600519,"贵州茅台（600519）1月21日主力资金净卖出14.80亿元 - 手机网易网. <a href=""https://news.google.com/rss/articles/CBMiYkFVX3lxTFB1V0RMSGNSeElscHJsbkhLNm5jbUpfY3dwOUx2SExQUVEzUWVsZmdRdGFva29yd0VjQXVwVlZEeERYczJOcjlTVVR4RVNRUklHajhyZFdfUFlLQ1NEbW9Da3ZR?oc=5"" target=""_blank"">贵州茅台（600519）1月21日主力资金净卖出14.80亿元</a>&nbsp;&nbsp;<font color=""#6f6f6f"">手机网易网</font>",neutral,0.035534143
2026-01-28,2026-01-28T08:00:00+00:00,600519.SH,"""Kweichow Moutai"" - Google News",Moutai Leads Surge in Chinese Baijiu Shares on Holiday Demand - Bloomberg,"<a href=""https://news.google.com/rss/articles/CBMisgFBVV95cUxNdnE1MU9neGVGRDFMZ2otdzhrWUNKMmpSLWpLM3N1NzlmMWNMRmlSWDJ5ekphMml4UDhlV0FCZmozOU9ZRWtSMlVRdzZrY1ZDQUNnYnRPaF90SmVmdG5HZjVacXlJem0xSEVJRHFEQXJwQnpYOHhsYUhIdU5LUDMyMUgyOHJubE5TYVBWcnZDZGV0cGhadnB1NEtScnA2QTh3dXBwdWFvY1BvWUdMYTdlSXhn?oc=5"" target=""_blank"">Moutai Leads Surge in Chinese Baijiu Shares on Holiday Demand</a>&nbsp;&nbsp;<font color=""#6f6f6f"">Bloomberg</font>",https://news.google.com/rss/articles/CBMisgFBVV95cUxNdnE1MU9neGVGRDFMZ2otdzhrWUNKMmpSLWpLM3N1NzlmMWNMRmlSWDJ5ekphMml4UDhlV0FCZmozOU9ZRWtSMlVRdzZrY1ZDQUNnYnRPaF90SmVmdG5HZjVacXlJem0xSEVJRHFEQXJwQnpYOHhsYUhIdU5LUDMyMUgyOHJubE5TYVBWcnZDZGV0cGhadnB1NEtScnA2QTh3dXBwdWFvY1BvWUdMYTdlSXhn?oc=5,Kweichow Moutai,"Moutai Leads Surge in Chinese Baijiu Shares on Holiday Demand - Bloomberg. <a href=""https://news.google.com/rss/articles/CBMisgFBVV95cUxNdnE1MU9neGVGRDFMZ2otdzhrWUNKMmpSLWpLM3N1NzlmMWNMRmlSWDJ5ekphMml4UDhlV0FCZmozOU9ZRWtSMlVRdzZrY1ZDQUNnYnRPaF90SmVmdG5HZjVacXlJem0xSEVJRHFEQXJwQnpYOHhsYUhIdU5LUDMyMUgyOHJubE5TYVBWcnZDZGV0cGhadnB1NEtScnA2QTh3dXBwdWFvY1BvWUdMYTdlSXhn?oc=5"" target=""_blank"">Moutai Leads Surge in Chinese Baijiu Shares on Holiday Demand</a>&nbsp;&nbsp;<font color=""#6f6f6f"">Bloomberg</font>",positive,0.8398422
2026-01-29,2026-01-29T08:00:00+00:00,600519.SH,"""贵州茅台"" - Google 新闻",贵州茅台出资参与SpaceX上市A轮融资？不实！ - 东方财富,"<a href=""https://news.google.com/rss/articles/CBMiYEFVX3lxTFBBbEtDeHBqM0xTSUl5Z3JRcENRZ0NNYzd3SkxGTkRhMjY1UXlRRlNxaWNxeGRfRWMya2ZMUENFX0lheGhLTFBBcXUxUW9VdG1LM1pQVlUxR1ZWbjFWN2Q3Nw?oc=5"" target=""_blank"">贵州茅台出资参与SpaceX上市A轮融资？不实！</a>&nbsp;&nbsp;<font color=""#6f6f6f"">东方财富</font>",https://news.google.com/rss/articles/CBMiYEFVX3lxTFBBbEtDeHBqM0xTSUl5Z3JRcENRZ0NNYzd3SkxGTkRhMjY1UXlRRlNxaWNxeGRfRWMya2ZMUENFX0lheGhLTFBBcXUxUW9VdG1LM1pQVlUxR1ZWbjFWN2Q3Nw?oc=5,贵州茅台,"贵州茅台出资参与SpaceX上市A轮融资？不实！ - 东方财富. <a href=""https://news.google.com/rss/articles/CBMiYEFVX3lxTFBBbEtDeHBqM0xTSUl5Z3JRcENRZ0NNYzd3SkxGTkRhMjY1UXlRRlNxaWNxeGRfRWMya2ZMUENFX0lheGhLTFBBcXUxUW9VdG1LM1pQVlUxR1ZWbjFWN2Q3Nw?oc=5"" target=""_blank"">贵州茅台出资参与SpaceX上市A轮融资？不实！</a>&nbsp;&nbsp;<font color=""#6f6f6f"">东方财富</font>",neutral,0.021506209
2026-01-30,2026-01-30T08:00:00+00:00,600519.SH,"""Kweichow Moutai"" - Google News",Chinese Liquor Stocks Surge as Moutai Rebounds on Holiday Demand - Caixin Global,"<a href=""https://news.google.com/rss/articles/CBMiuwFBVV95cUxNdkIwY29ZcnV3Y0dNcl9fX3VDT2dQWXZlNXFPWmdySFpzbVBIV0JwamF4TzNFTEVmQnpWM2lLb3hIWGliQzJ1MVo0by1RNGVCS0JFX2ZPeTlwZV9VdXdoQks0bi0zdFJTem1mOE1BTTJ3SGdfTzJSZVJCNHR3cVJkUGR3WW4xZEpCQjFSNVhvOWFkMDdkdkxTUXRBb1ZiRWRfNURxYjc1Tk9rcFdqZElkWWZWQ0dOLUFOODVr?oc=5"" target=""_blank"">Chinese Liquor Stocks Surge as Moutai Rebounds on Holiday Demand</a>&nbsp;&nbsp;<font color=""#6f6f6f"">Caixin Global</font>",https://news.google.com/rss/articles/CBMiuwFBVV95cUxNdkIwY29ZcnV3Y0dNcl9fX3VDT2dQWXZlNXFPWmdySFpzbVBIV0JwamF4TzNFTEVmQnpWM2lLb3hIWGliQzJ1MVo0by1RNGVCS0JFX2ZPeTlwZV9VdXdoQks0bi0zdFJTem1mOE1BTTJ3SGdfTzJSZVJCNHR3cVJkUGR3WW4xZEpCQjFSNVhvOWFkMDdkdkxTUXRBb1ZiRWRfNURxYjc1Tk9rcFdqZElkWWZWQ0dOLUFOODVr?oc=5,Kweichow Moutai,"Chinese Liquor Stocks Surge as Moutai Rebounds on Holiday Demand - Caixin Global. <a href=""https://news.google.com/rss/articles/CBMiuwFBVV95cUxNdkIwY29ZcnV3Y0dNcl9fX3VDT2dQWXZlNXFPWmdySFpzbVBIV0JwamF4TzNFTEVmQnpWM2lLb3hIWGliQzJ1MVo0by1RNGVCS0JFX2ZPeTlwZV9VdXdoQks0bi0zdFJTem1mOE1BTTJ3SGdfTzJSZVJCNHR3cVJkUGR3WW4xZEpCQjFSNVhvOWFkMDdkdkxTUXRBb1ZiRWRfNURxYjc1Tk9rcFdqZElkWWZWQ0dOLUFOODVr?oc=5"" target=""_blank"">Chinese Liquor Stocks Surge as Moutai Rebounds on Holiday Demand</a>&nbsp;&nbsp;<font color=""#6f6f6f"">Caixin Global</font>",positive,0.75636744
2026-01-30,2026-01-30T08:00:00+00:00,600519.SH,"""Kweichow Moutai"" - Google News","Moutai Charts Sustainable Future, Champions Long-Termism at Davos - Caixin Global","<a href=""https://news.google.com/rss/articles/CBMiuwFBVV95cUxOSWQ4N09VenV4MjQyWFVxSXFPVFZrZXN1UlZrb213S202eWdyZS1IMU9CRVlDRmZNLWhHRll6MHhkOUtYazNpNDFXU1J2ZUxFd3hLWDN4WHZFSU42b0NUbExaNVJvNjdmeTVjY25UTnVIX2FqNlI3YmZrN1dDdkdLdnBhRWRYV3VfRXRYV1c2YjdGZzZIX1lJcDBNOFpiSXZySGNBSW9ITkJqNDZqanFEUmloWXZzc2Y0NHlR?oc=5"" target=""_blank"">Moutai Charts Sustainable Future, Champions Long-Termism at Davos</a>&nbsp;&nbsp;<font color=""#6f6f6f"">Caixin Global</font>",https://news.google.com/rss/articles/CBMiuwFBVV95cUxOSWQ4N09VenV4MjQyWFVxSXFPVFZrZXN1UlZrb213S202eWdyZS1IMU9CRVlDRmZNLWhHRll6MHhkOUtYazNpNDFXU1J2ZUxFd3hLWDN4WHZFSU42b0NUbExaNVJvNjdmeTVjY25UTnVIX2FqNlI3YmZrN1dDdkdLdnBhRWRYV3VfRXRYV1c2YjdGZzZIX1lJcDBNOFpiSXZySGNBSW9ITkJqNDZqanFEUmloWXZzc2Y0NHlR?oc=5,Kweichow Moutai,"Moutai Charts Sustainable Future, Champions Long-Termism at Davos - Caixin Global. <a href=""https://news.google.com/rss/articles/CBMiuwFBVV95cUxOSWQ4N09VenV4MjQyWFVxSXFPVFZrZXN1UlZrb213S202eWdyZS1IMU9CRVlDRmZNLWhHRll6MHhkOUtYazNpNDFXU1J2ZUxFd3hLWDN4WHZFSU42b0NUbExaNVJvNjdmeTVjY25UTnVIX2FqNlI3YmZrN1dDdkdLdnBhRWRYV3VfRXRYV1c2YjdGZzZIX1lJcDBNOFpiSXZySGNBSW9ITkJqNDZqanFEUmloWXZzc2Y0NHlR?oc=5"" target=""_blank"">Moutai Charts Sustainable Future, Champions Long-Termism at Davos</a>&nbsp;&nbsp;<font color=""#6f6f6f"">Caixin Global</font>",positive,0.6066064
2026-02-03,2026-02-03T08:00:00+00:00,600519.SH,"""600519"" - Google News",3 Asian Dividend Stocks Yielding Over 3.3% - simplywall.st,"<a href=""https://news.google.com/rss/articles/CBMixgFBVV95cUxOdUgxUTBNRU1FYTR1Z0dNM0M2U2d6OXZsbm03UTVVTGxCX08xbGZzRnktOXN2bmhvR0dncjFUaVR3QlZVN052b1BqNWl5R3pHTFNXQ3J6Q1hGYmtaQ1FkcEVRMk1jNFR5WmNEWEhBU1p5aWVDZ1l3ZnhxRTRtM3lYd0hHT25VSEdyOXNtZEswNGVYRDJET19rV3JDV0o0M3FMWl9TZTdmdjh4NkVmM3JCcmp0M2YwRWhHZWxYTnZtbkVDaktCVUHSAcsBQVVfeXFMUGdTQ253dlBqMmdMbkh2UXFUUy16VnNORVN0VmJlcEduWjY1U2JaUXpwSC1taXJ2UjU2MzZpc3ZUUEtkeXg4WG5yOGZadlBDc0R6eFRndDVJcnBvaHZtTWl0ZUdiaXpwS2p0bzhaOEhveFhnRFdTRGFMSVRWS0ZTTy1xRDMtZzVVUjFMNVJ2b29QekhjM21GZW84YXB5ZkhnX3V2cFJaeldRRVE2eWhzREh6eTJ0TWM2a0hveTQzVWZtQ2ZRWDBmTl9XVk0?oc=5"" target=""_blank"">3 Asian Dividend Stocks Yielding Over 3.3%</a>&nbsp;&nbsp;<font color=""#6f6f6f"">simplywall.st</font>",https://news.google.com/rss/articles/CBMixgFBVV95cUxOdUgxUTBNRU1FYTR1Z0dNM0M2U2d6OXZsbm03UTVVTGxCX08xbGZzRnktOXN2bmhvR0dncjFUaVR3QlZVN052b1BqNWl5R3pHTFNXQ3J6Q1hGYmtaQ1FkcEVRMk1jNFR5WmNEWEhBU1p5aWVDZ1l3ZnhxRTRtM3lYd0hHT25VSEdyOXNtZEswNGVYRDJET19rV3JDV0o0M3FMWl9TZTdmdjh4NkVmM3JCcmp0M2YwRWhHZWxYTnZtbkVDaktCVUHSAcsBQVVfeXFMUGdTQ253dlBqMmdMbkh2UXFUUy16VnNORVN0VmJlcEduWjY1U2JaUXpwSC1taXJ2UjU2MzZpc3ZUUEtkeXg4WG5yOGZadlBDc0R6eFRndDVJcnBvaHZtTWl0ZUdiaXpwS2p0bzhaOEhveFhnRFdTRGFMSVRWS0ZTTy1xRDMtZzVVUjFMNVJ2b29QekhjM21GZW84YXB5ZkhnX3V2cFJaeldRRVE2eWhzREh6eTJ0TWM2a0hveTQzVWZtQ2ZRWDBmTl9XVk0?oc=5,600519,"3 Asian Dividend Stocks Yielding Over 3.3% - simplywall.st. <a href=""https://news.google.com/rss/articles/CBMixgFBVV95cUxOdUgxUTBNRU1FYTR1Z0dNM0M2U2d6OXZsbm03UTVVTGxCX08xbGZzRnktOXN2bmhvR0dncjFUaVR3QlZVN052b1BqNWl5R3pHTFNXQ3J6Q1hGYmtaQ1FkcEVRMk1jNFR5WmNEWEhBU1p5aWVDZ1l3ZnhxRTRtM3lYd0hHT25VSEdyOXNtZEswNGVYRDJET19rV3JDV0o0M3FMWl9TZTdmdjh4NkVmM3JCcmp0M2YwRWhHZWxYTnZtbkVDaktCVUHSAcsBQVVfeXFMUGdTQ253dlBqMmdMbkh2UXFUUy16VnNORVN0VmJlcEduWjY1U2JaUXpwSC1taXJ2UjU2MzZpc3ZUUEtkeXg4WG5yOGZadlBDc0R6eFRndDVJcnBvaHZtTWl0ZUdiaXpwS2p0bzhaOEhveFhnRFdTRGFMSVRWS0ZTTy1xRDMtZzVVUjFMNVJ2b29QekhjM21GZW84YXB5ZkhnX3V2cFJaeldRRVE2eWhzREh6eTJ0TWM2a0hveTQzVWZtQ2ZRWDBmTl9XVk0?oc=5"" target=""_blank"">3 Asian Dividend Stocks Yielding Over 3.3%</a>&nbsp;&nbsp;<font color=""#6f6f6f"">simplywall.st</font>",neutral,0.04410798
2026-02-04,2026-02-04T08:00:00+00:00,600519.SH,"""Kweichow Moutai"" - Google News",The Truth About Kweichow Moutai Co Ltd: China’s $300 Billion Liquor Flex The US Is Sleeping On - AD HOC NEWS,"<a href=""https://news.google.com/rss/articles/CBMiyAFBVV95cUxPcGlySk5faVlUVXBOanc3NTRRZGZad2NjR2RBYWljcFcyX0N5WnNrWG02Q19qRXpNRVpCb3FIU2ZKZjdCQnVVREcyRy1ZRlVnbHpXcDV5QWhsYl9kbVlNaFdXenF6dDdmcjJPVVFnVHdTeDlueFFuOEE1RjZYUHk0RkU4dVNzQnJVb0JJTHlxX1BucGlCT3VlRzBWRXg4WHpaMmoxbVBWcm52NHVmZmlPc2pESnc0U0dTcFFqOUN5V1d0OHQxUHU2Yw?oc=5"" target=""_blank"">The Truth About Kweichow Moutai Co Ltd: China’s $300 Billion Liquor Flex The US Is Sleeping On</a>&nbsp;&nbsp;<font color=""#6f6f6f"">AD HOC NEWS</font>",https://news.google.com/rss/articles/CBMiyAFBVV95cUxPcGlySk5faVlUVXBOanc3NTRRZGZad2NjR2RBYWljcFcyX0N5WnNrWG02Q19qRXpNRVpCb3FIU2ZKZjdCQnVVREcyRy1ZRlVnbHpXcDV5QWhsYl9kbVlNaFdXenF6dDdmcjJPVVFnVHdTeDlueFFuOEE1RjZYUHk0RkU4dVNzQnJVb0JJTHlxX1BucGlCT3VlRzBWRXg4WHpaMmoxbVBWcm52NHVmZmlPc2pESnc0U0dTcFFqOUN5V1d0OHQxUHU2Yw?oc=5,Kweichow Moutai,"The Truth About Kweichow Moutai Co Ltd: China’s $300 Billion Liquor Flex The US Is Sleeping On - AD HOC NEWS. <a href=""https://news.google.com/rss/articles/CBMiyAFBVV95cUxPcGlySk5faVlUVXBOanc3NTRRZGZad2NjR2RBYWljcFcyX0N5WnNrWG02Q19qRXpNRVpCb3FIU2ZKZjdCQnVVREcyRy1ZRlVnbHpXcDV5QWhsYl9kbVlNaFdXenF6dDdmcjJPVVFnVHdTeDlueFFuOEE1RjZYUHk0RkU4dVNzQnJVb0JJTHlxX1BucGlCT3VlRzBWRXg4WHpaMmoxbVBWcm52NHVmZmlPc2pESnc0U0dTcFFqOUN5V1d0OHQxUHU2Yw?oc=5"" target=""_blank"">The Truth About Kweichow Moutai Co Ltd: China’s $300 Billion Liquor Flex The US Is Sleeping On</a>&nbsp;&nbsp;<font color=""#6f6f6f"">AD HOC NEWS</font>",neutral,0.021033997
2026-02-04,2026-02-04T08:00:00+00:00,600519.SH,"""600519"" - Google 新闻",段永平“抄底”成功，茅台股价5天上涨15% - 国际金融报,"<a href=""https://news.google.com/rss/articles/CBMiX0FVX3lxTE1PdGh6NnBpQ0t1dnVPVGlZb0hyRzl3SjEyRmpzNXB3anNaNDFkVjNfTHFPSGhFejlFbktyZ2FBTFV1WG9zcVNFWlktYUxoQXctdGlPX1ZMUkVFNHpaa3A0?oc=5"" target=""_blank"">段永平“抄底”成功，茅台股价5天上涨15%</a>&nbsp;&nbsp;<font color=""#6f6f6f"">国际金融报</font>",https://news.google.com/rss/articles/CBMiX0FVX3lxTE1PdGh6NnBpQ0t1dnVPVGlZb0hyRzl3SjEyRmpzNXB3anNaNDFkVjNfTHFPSGhFejlFbktyZ2FBTFV1WG9zcVNFWlktYUxoQXctdGlPX1ZMUkVFNHpaa3A0?oc=5,600519,"段永平“抄底”成功，茅台股价5天上涨15% - 国际金融报. <a href=""https://news.google.com/rss/articles/CBMiX0FVX3lxTE1PdGh6NnBpQ0t1dnVPVGlZb0hyRzl3SjEyRmpzNXB3anNaNDFkVjNfTHFPSGhFejlFbktyZ2FBTFV1WG9zcVNFWlktYUxoQXctdGlPX1ZMUkVFNHpaa3A0?oc=5"" target=""_blank"">段永平“抄底”成功，茅台股价5天上涨15%</a>&nbsp;&nbsp;<font color=""#6f6f6f"">国际金融报</font>",neutral,0.060587913
2026-02-10,2026-02-10T08:00:00+00:00,600519.SH,"""Kweichow Moutai"" - Google News",Best Platforms to Track Kweichow Moutai Stock and Digital Assets 2026 - Bitget,"<a href=""https://news.google.com/rss/articles/CBMiwgFBVV95cUxOOG1LWmtic0F1eTlienVjakl4Qm92dlM2cGVhanVTU2ZRQmF3TEdkSlhZeVRKOXVxN29Gb3pmdS1jY1ZoNTh0R0t0NW1rTnRVV2JfYlBaV0V4d0g3R2NXVHNibS02LU04djZqWXNDNmlaMmNNM0NGQUs3UEJrRm5RN2gzX045T3pZbXBFZ09STUFITUotVW00T1laQkFyZTdkby1uM3VONkZjeTktQi1MVDlEWnBBS0h0TGFJcFhoa2djZ9IBxwFBVV95cUxQMlNra1JMV3ZJblRXdTBDM2VlZVRFR1NMSmtPV1hYNGtYcW1lNk5TWXZ0YS1lcUpWLVN3dHZYaFpFS0dpUFhCZWZPb1ZxTDZDRFBYOV9ScnAydVNjN2xfY1FlQzFWQ1ZmejNMMEZBTG5tdXpsSWdJRTVyd3pMdDdtZ01ld3A5TEhVZXRCTFpjT3NwNzk3a0VqcjlkeEhBdEJlMldZNmc2U0pJczZpTUNhdHpFRURmVVJPRlRSUDFHU0J0QlVkUmo0?oc=5"" target=""_blank"">Best Platforms to Track Kweichow Moutai Stock and Digital Assets 2026</a>&nbsp;&nbsp;<font color=""#6f6f6f"">Bitget</font>",https://news.google.com/rss/articles/CBMiwgFBVV95cUxOOG1LWmtic0F1eTlienVjakl4Qm92dlM2cGVhanVTU2ZRQmF3TEdkSlhZeVRKOXVxN29Gb3pmdS1jY1ZoNTh0R0t0NW1rTnRVV2JfYlBaV0V4d0g3R2NXVHNibS02LU04djZqWXNDNmlaMmNNM0NGQUs3UEJrRm5RN2gzX045T3pZbXBFZ09STUFITUotVW00T1laQkFyZTdkby1uM3VONkZjeTktQi1MVDlEWnBBS0h0TGFJcFhoa2djZ9IBxwFBVV95cUxQMlNra1JMV3ZJblRXdTBDM2VlZVRFR1NMSmtPV1hYNGtYcW1lNk5TWXZ0YS1lcUpWLVN3dHZYaFpFS0dpUFhCZWZPb1ZxTDZDRFBYOV9ScnAydVNjN2xfY1FlQzFWQ1ZmejNMMEZBTG5tdXpsSWdJRTVyd3pMdDdtZ01ld3A5TEhVZXRCTFpjT3NwNzk3a0VqcjlkeEhBdEJlMldZNmc2U0pJczZpTUNhdHpFRURmVVJPRlRSUDFHU0J0QlVkUmo0?oc=5,Kweichow Moutai,"Best Platforms to Track Kweichow Moutai Stock and Digital Assets 2026 - Bitget. <a href=""https://news.google.com/rss/articles/CBMiwgFBVV95cUxOOG1LWmtic0F1eTlienVjakl4Qm92dlM2cGVhanVTU2ZRQmF3TEdkSlhZeVRKOXVxN29Gb3pmdS1jY1ZoNTh0R0t0NW1rTnRVV2JfYlBaV0V4d0g3R2NXVHNibS02LU04djZqWXNDNmlaMmNNM0NGQUs3UEJrRm5RN2gzX045T3pZbXBFZ09STUFITUotVW00T1laQkFyZTdkby1uM3VONkZjeTktQi1MVDlEWnBBS0h0TGFJcFhoa2djZ9IBxwFBVV95cUxQMlNra1JMV3ZJblRXdTBDM2VlZVRFR1NMSmtPV1hYNGtYcW1lNk5TWXZ0YS1lcUpWLVN3dHZYaFpFS0dpUFhCZWZPb1ZxTDZDRFBYOV9ScnAydVNjN2xfY1FlQzFWQ1ZmejNMMEZBTG5tdXpsSWdJRTVyd3pMdDdtZ01ld3A5TEhVZXRCTFpjT3NwNzk3a0VqcjlkeEhBdEJlMldZNmc2U0pJczZpTUNhdHpFRURmVVJPRlRSUDFHU0J0QlVkUmo0?oc=5"" target=""_blank"">Best Platforms to Track Kweichow Moutai Stock and Digital Assets 2026</a>&nbsp;&nbsp;<font color=""#6f6f6f"">Bitget</font>",positive,0.48966864
2026-02-14,2026-02-14T08:00:00+00:00,600519.SH,"""Kweichow Moutai"" - Google News","Moutai Sales, Prices Climb Ahead of Lunar New Year - Caixin Global","<a href=""https://news.google.com/rss/articles/CBMipwFBVV95cUxPczhhYlVWRWhQcWtVN0NSeTBuSGV3cVNuM014RzM0SE9jVDVxa3M5NV8wem9iMmtEYnhSMFVZTk1iZjBHa3A0T29HYVM1WFNJQnJPXzhXcUpWSFQtU0xub2QtRjJMQndtQXZsZ2NfNnFtaGFzOTE4VmpqUDJQRk1FTTNXVTQ5aUU2TVBjNDVkNWVSS3licEI3UmQzU2xtQ1YtcVVTbDJPWQ?oc=5"" target=""_blank"">Moutai Sales, Prices Climb Ahead of Lunar New Year</a>&nbsp;&nbsp;<font color=""#6f6f6f"">Caixin Global</font>",https://news.google.com/rss/articles/CBMipwFBVV95cUxPczhhYlVWRWhQcWtVN0NSeTBuSGV3cVNuM014RzM0SE9jVDVxa3M5NV8wem9iMmtEYnhSMFVZTk1iZjBHa3A0T29HYVM1WFNJQnJPXzhXcUpWSFQtU0xub2QtRjJMQndtQXZsZ2NfNnFtaGFzOTE4VmpqUDJQRk1FTTNXVTQ5aUU2TVBjNDVkNWVSS3licEI3UmQzU2xtQ1YtcVVTbDJPWQ?oc=5,Kweichow Moutai,"Moutai Sales, Prices Climb Ahead of Lunar New Year - Caixin Global. <a href=""https://news.google.com/rss/articles/CBMipwFBVV95cUxPczhhYlVWRWhQcWtVN0NSeTBuSGV3cVNuM014RzM0SE9jVDVxa3M5NV8wem9iMmtEYnhSMFVZTk1iZjBHa3A0T29HYVM1WFNJQnJPXzhXcUpWSFQtU0xub2QtRjJMQndtQXZsZ2NfNnFtaGFzOTE4VmpqUDJQRk1FTTNXVTQ5aUU2TVBjNDVkNWVSS3licEI3UmQzU2xtQ1YtcVVTbDJPWQ?oc=5"" target=""_blank"">Moutai Sales, Prices Climb Ahead of Lunar New Year</a>&nbsp;&nbsp;<font color=""#6f6f6f"">Caixin Global</font>",positive,0.7048085
2026-02-24,2026-02-24T08:00:00+00:00,600519.SH,"""Kweichow Moutai"" - Google News",Kweichow Moutai’s $300B Liquor Bet: Opportunity or Value Trap for US Money? - AD HOC NEWS,"<a href=""https://news.google.com/rss/articles/CBMiwwFBVV95cUxQemhjc1dzU3BpNW81YU5QVHdXY3gzLVZONWF0OWpLYzBSZi1FcWhFZDNZWmdoQlo4X3M3Y0xXZjVmUGVDMTlWMWZiVTU3cXd5MTVuQWcyTXA4OEJLLWZBOFFRbk05U3hMdVI4MkFqUnlOZmZSLU5QdUltN05XbjZqcDhocENTN1NmSjJubXZ1a3pDZkhsS1VFVEVsdjBxYmgzams4UjA5ZXdmVkMwVXFjUWlPWGlPS25tVHUyZTV1Ukw4RXc?oc=5"" target=""_blank"">Kweichow Moutai’s $300B Liquor Bet: Opportunity or Value Trap for US Money?</a>&nbsp;&nbsp;<font color=""#6f6f6f"">AD HOC NEWS</font>",https://news.google.com/rss/articles/CBMiwwFBVV95cUxQemhjc1dzU3BpNW81YU5QVHdXY3gzLVZONWF0OWpLYzBSZi1FcWhFZDNZWmdoQlo4X3M3Y0xXZjVmUGVDMTlWMWZiVTU3cXd5MTVuQWcyTXA4OEJLLWZBOFFRbk05U3hMdVI4MkFqUnlOZmZSLU5QdUltN05XbjZqcDhocENTN1NmSjJubXZ1a3pDZkhsS1VFVEVsdjBxYmgzams4UjA5ZXdmVkMwVXFjUWlPWGlPS25tVHUyZTV1Ukw4RXc?oc=5,Kweichow Moutai,"Kweichow Moutai’s $300B Liquor Bet: Opportunity or Value Trap for US Money? - AD HOC NEWS. <a href=""https://news.google.com/rss/articles/CBMiwwFBVV95cUxQemhjc1dzU3BpNW81YU5QVHdXY3gzLVZONWF0OWpLYzBSZi1FcWhFZDNZWmdoQlo4X3M3Y0xXZjVmUGVDMTlWMWZiVTU3cXd5MTVuQWcyTXA4OEJLLWZBOFFRbk05U3hMdVI4MkFqUnlOZmZSLU5QdUltN05XbjZqcDhocENTN1NmSjJubXZ1a3pDZkhsS1VFVEVsdjBxYmgzams4UjA5ZXdmVkMwVXFjUWlPWGlPS25tVHUyZTV1Ukw4RXc?oc=5"" target=""_blank"">Kweichow Moutai’s $300B Liquor Bet: Opportunity or Value Trap for US Money?</a>&nbsp;&nbsp;<font color=""#6f6f6f"">AD HOC NEWS</font>",neutral,0.05314865
2026-02-24,2026-02-24T08:00:00+00:00,600519.SH,"""600519"" - Google News","Heavy snowfall recorded in Whistler, B.C., and across southern part of province - Castanet","<a href=""https://news.google.com/rss/articles/CBMitwFBVV95cUxPeUtBYUQ1YlZ0ZEpzZDB4bFBOdWhJdU94bDJzVlBmZEg3YnVwd3ZwM1NmWW9wZUFZYk1nZ1cyQy1tMnZNd0xaQ3lneEhUOXJWLTJabkhLQzdnaGZUN3ZheVdNYldjakRiWWtFdFliUm5oZFF3R3hEdkFBTUdDSEpDMlZZZHpEbWNiUDBfUkpzNTNBWUtUQW5JNUNuV3UtWHJ0QWhtZ3BRVU9ydVZtdjZkMzhFNURVZk0?oc=5"" target=""_blank"">Heavy snowfall recorded in Whistler, B.C., and across southern part of province</a>&nbsp;&nbsp;<font color=""#6f6f6f"">Castanet</font>",https://news.google.com/rss/articles/CBMitwFBVV95cUxPeUtBYUQ1YlZ0ZEpzZDB4bFBOdWhJdU94bDJzVlBmZEg3YnVwd3ZwM1NmWW9wZUFZYk1nZ1cyQy1tMnZNd0xaQ3lneEhUOXJWLTJabkhLQzdnaGZUN3ZheVdNYldjakRiWWtFdFliUm5oZFF3R3hEdkFBTUdDSEpDMlZZZHpEbWNiUDBfUkpzNTNBWUtUQW5JNUNuV3UtWHJ0QWhtZ3BRVU9ydVZtdjZkMzhFNURVZk0?oc=5,600519,"Heavy snowfall recorded in Whistler, B.C., and across southern part of province - Castanet. <a href=""https://news.google.com/rss/articles/CBMitwFBVV95cUxPeUtBYUQ1YlZ0ZEpzZDB4bFBOdWhJdU94bDJzVlBmZEg3YnVwd3ZwM1NmWW9wZUFZYk1nZ1cyQy1tMnZNd0xaQ3lneEhUOXJWLTJabkhLQzdnaGZUN3ZheVdNYldjakRiWWtFdFliUm5oZFF3R3hEdkFBTUdDSEpDMlZZZHpEbWNiUDBfUkpzNTNBWUtUQW5JNUNuV3UtWHJ0QWhtZ3BRVU9ydVZtdjZkMzhFNURVZk0?oc=5"" target=""_blank"">Heavy snowfall recorded in Whistler, B.C., and across southern part of province</a>&nbsp;&nbsp;<font color=""#6f6f6f"">Castanet</font>",negative,-0.6864826
2026-02-25,2026-02-25T08:00:00+00:00,600519.SH,"""贵州茅台"" - Google 新闻",飞天茅台出厂价上调至1299元？贵州茅台回应 - 21财经,"<a href=""https://news.google.com/rss/articles/CBMijwFBVV95cUxNam5KYWIyOUhhMkJEbmhkdHZJNjBmdGJkbTlFM3V2cE5sTzlTbTd3ODhvcVp0cVZoOVFWWklNNjk1LXo5aHJqWHU3Wi1MLUZlMHZSeG1pNkIxT21TRExwRVpab3dQMUZpNzdkVWY3eTJ2c1dEM0NLRUZZSjdkNnJqcnZyRG9lSFNoVDFRU3JBSQ?oc=5"" target=""_blank"">飞天茅台出厂价上调至1299元？贵州茅台回应</a>&nbsp;&nbsp;<font color=""#6f6f6f"">21财经</font>",https://news.google.com/rss/articles/CBMijwFBVV95cUxNam5KYWIyOUhhMkJEbmhkdHZJNjBmdGJkbTlFM3V2cE5sTzlTbTd3ODhvcVp0cVZoOVFWWklNNjk1LXo5aHJqWHU3Wi1MLUZlMHZSeG1pNkIxT21TRExwRVpab3dQMUZpNzdkVWY3eTJ2c1dEM0NLRUZZSjdkNnJqcnZyRG9lSFNoVDFRU3JBSQ?oc=5,贵州茅台,"飞天茅台出厂价上调至1299元？贵州茅台回应 - 21财经. <a href=""https://news.google.com/rss/articles/CBMijwFBVV95cUxNam5KYWIyOUhhMkJEbmhkdHZJNjBmdGJkbTlFM3V2cE5sTzlTbTd3ODhvcVp0cVZoOVFWWklNNjk1LXo5aHJqWHU3Wi1MLUZlMHZSeG1pNkIxT21TRExwRVpab3dQMUZpNzdkVWY3eTJ2c1dEM0NLRUZZSjdkNnJqcnZyRG9lSFNoVDFRU3JBSQ?oc=5"" target=""_blank"">飞天茅台出厂价上调至1299元？贵州茅台回应</a>&nbsp;&nbsp;<font color=""#6f6f6f"">21财经</font>",neutral,0.021944314
2026-03-03,2026-03-03T08:00:00+00:00,600519.SH,"""Kweichow Moutai"" - Google News",Annual performance of Kweichow Moutai shares on SSE China 2011-2023 - Statista,"<a href=""https://news.google.com/rss/articles/CBMilgFBVV95cUxQVHk4a1hDdmU5YU9lYThMWTJzcTBLYWxHZUgyQzRRQkxkZUx4cUgwVVcwYjBnTk9Fdk5DelR6RWd2MUJXUFJRajBIR2VYZnRQVURJYTdCLXA2YzMtSzBxUW11bFhqZTdRXzBMVEpRSEF2S0ZVMEpfbVNna3NKYlZMVXRBQWFXdXZVbTJBWWJUOVFlYnV3Vnc?oc=5"" target=""_blank"">Annual performance of Kweichow Moutai shares on SSE China 2011-2023</a>&nbsp;&nbsp;<font color=""#6f6f6f"">Statista</font>",https://news.google.com/rss/articles/CBMilgFBVV95cUxQVHk4a1hDdmU5YU9lYThMWTJzcTBLYWxHZUgyQzRRQkxkZUx4cUgwVVcwYjBnTk9Fdk5DelR6RWd2MUJXUFJRajBIR2VYZnRQVURJYTdCLXA2YzMtSzBxUW11bFhqZTdRXzBMVEpRSEF2S0ZVMEpfbVNna3NKYlZMVXRBQWFXdXZVbTJBWWJUOVFlYnV3Vnc?oc=5,Kweichow Moutai,"Annual performance of Kweichow Moutai shares on SSE China 2011-2023 - Statista. <a href=""https://news.google.com/rss/articles/CBMilgFBVV95cUxQVHk4a1hDdmU5YU9lYThMWTJzcTBLYWxHZUgyQzRRQkxkZUx4cUgwVVcwYjBnTk9Fdk5DelR6RWd2MUJXUFJRajBIR2VYZnRQVURJYTdCLXA2YzMtSzBxUW11bFhqZTdRXzBMVEpRSEF2S0ZVMEpfbVNna3NKYlZMVXRBQWFXdXZVbTJBWWJUOVFlYnV3Vnc?oc=5"" target=""_blank"">Annual performance of Kweichow Moutai shares on SSE China 2011-2023</a>&nbsp;&nbsp;<font color=""#6f6f6f"">Statista</font>",neutral,0.29026797
2026-03-06,2026-03-06T08:00:00+00:00,600519.SH,"""Kweichow Moutai"" - Google News",‘Liquor Capital of China’ Is Trying to Save Its Fortunes - The New York Times,"<a href=""https://news.google.com/rss/articles/CBMihAFBVV95cUxQSVI5cHdzWVROb0ktRUJHcTVVMl9oLUxDNzFTR2lXRkE3OW9kNW5YeWY3SjBZNXYxRGZhR0Z2NVNVQ1RDVzBod3ZNSVFnbVhKY0w3LW1KSnZ2ZWlrT0FmNmN6T25Kb2tSQ0pXeVFuVXB6WjItbU5nVzFFVU83d0RzTW1iSmg?oc=5"" target=""_blank"">‘Liquor Capital of China’ Is Trying to Save Its Fortunes</a>&nbsp;&nbsp;<font color=""#6f6f6f"">The New York Times</font>",https://news.google.com/rss/articles/CBMihAFBVV95cUxQSVI5cHdzWVROb0ktRUJHcTVVMl9oLUxDNzFTR2lXRkE3OW9kNW5YeWY3SjBZNXYxRGZhR0Z2NVNVQ1RDVzBod3ZNSVFnbVhKY0w3LW1KSnZ2ZWlrT0FmNmN6T25Kb2tSQ0pXeVFuVXB6WjItbU5nVzFFVU83d0RzTW1iSmg?oc=5,Kweichow Moutai,"‘Liquor Capital of China’ Is Trying to Save Its Fortunes - The New York Times. <a href=""https://news.google.com/rss/articles/CBMihAFBVV95cUxQSVI5cHdzWVROb0ktRUJHcTVVMl9oLUxDNzFTR2lXRkE3OW9kNW5YeWY3SjBZNXYxRGZhR0Z2NVNVQ1RDVzBod3ZNSVFnbVhKY0w3LW1KSnZ2ZWlrT0FmNmN6T25Kb2tSQ0pXeVFuVXB6WjItbU5nVzFFVU83d0RzTW1iSmg?oc=5"" target=""_blank"">‘Liquor Capital of China’ Is Trying to Save Its Fortunes</a>&nbsp;&nbsp;<font color=""#6f6f6f"">The New York Times</font>",neutral,0.11046356
2026-03-10,2026-03-10T07:00:00+00:00,600519.SH,"""贵州茅台"" - Google 新闻",贵州茅台 以匠心铸品质，以责任筑未来 书写民族品牌高质量发展新篇章 - 人民网贵州,"<a href=""https://news.google.com/rss/articles/CBMiakFVX3lxTE5SWDRxSkFIR0dSdlhEampvYU5qWmx5WTdmeGZKa2NiZk5pNFVDbGdvd1ZtRVFnN3NvQlNBZERyQjlBS2pnQTRtUTdMWk1mM2ZWdGRhYThFbmxoWHBycHpwMmhzaVhLYURqeEE?oc=5"" target=""_blank"">贵州茅台 以匠心铸品质，以责任筑未来 书写民族品牌高质量发展新篇章</a>&nbsp;&nbsp;<font color=""#6f6f6f"">人民网贵州</font>",https://news.google.com/rss/articles/CBMiakFVX3lxTE5SWDRxSkFIR0dSdlhEampvYU5qWmx5WTdmeGZKa2NiZk5pNFVDbGdvd1ZtRVFnN3NvQlNBZERyQjlBS2pnQTRtUTdMWk1mM2ZWdGRhYThFbmxoWHBycHpwMmhzaVhLYURqeEE?oc=5,贵州茅台,"贵州茅台 以匠心铸品质，以责任筑未来 书写民族品牌高质量发展新篇章 - 人民网贵州. <a href=""https://news.google.com/rss/articles/CBMiakFVX3lxTE5SWDRxSkFIR0dSdlhEampvYU5qWmx5WTdmeGZKa2NiZk5pNFVDbGdvd1ZtRVFnN3NvQlNBZERyQjlBS2pnQTRtUTdMWk1mM2ZWdGRhYThFbmxoWHBycHpwMmhzaVhLYURqeEE?oc=5"" target=""_blank"">贵州茅台 以匠心铸品质，以责任筑未来 书写民族品牌高质量发展新篇章</a>&nbsp;&nbsp;<font color=""#6f6f6f"">人民网贵州</font>",neutral,0.016970191
2026-03-13,2026-03-13T07:00:00+00:00,600519.SH,"""贵州茅台"" - Google 新闻",贵州茅台董秘蒋焰严重违纪违法被留置 此前已被“带走” - 21财经,"<a href=""https://news.google.com/rss/articles/CBMijwFBVV95cUxOdERtODNPMzFWcUU1c1E2cy1lRHQzbE9VQ29iM291NWtqaEx2NURTeFYzd3pGM0lqck4wSU1wMVN6Yl82WkFRSXdZMExMbE1XdTE3b0dtNGp0SktCamc4cmc1d3lKSFRmdjM0a2tYbzFxaXlILVFuYUZYZ2xGcHF3XzFBWHZyNEpXUGZFeHN0TQ?oc=5"" target=""_blank"">贵州茅台董秘蒋焰严重违纪违法被留置 此前已被“带走”</a>&nbsp;&nbsp;<font color=""#6f6f6f"">21财经</font>",https://news.google.com/rss/articles/CBMijwFBVV95cUxOdERtODNPMzFWcUU1c1E2cy1lRHQzbE9VQ29iM291NWtqaEx2NURTeFYzd3pGM0lqck4wSU1wMVN6Yl82WkFRSXdZMExMbE1XdTE3b0dtNGp0SktCamc4cmc1d3lKSFRmdjM0a2tYbzFxaXlILVFuYUZYZ2xGcHF3XzFBWHZyNEpXUGZFeHN0TQ?oc=5,贵州茅台,"贵州茅台董秘蒋焰严重违纪违法被留置 此前已被“带走” - 21财经. <a href=""https://news.google.com/rss/articles/CBMijwFBVV95cUxOdERtODNPMzFWcUU1c1E2cy1lRHQzbE9VQ29iM291NWtqaEx2NURTeFYzd3pGM0lqck4wSU1wMVN6Yl82WkFRSXdZMExMbE1XdTE3b0dtNGp0SktCamc4cmc1d3lKSFRmdjM0a2tYbzFxaXlILVFuYUZYZ2xGcHF3XzFBWHZyNEpXUGZFeHN0TQ?oc=5"" target=""_blank"">贵州茅台董秘蒋焰严重违纪违法被留置 此前已被“带走”</a>&nbsp;&nbsp;<font color=""#6f6f6f"">21财经</font>",neutral,0.036851387
2026-03-13,2026-03-13T07:00:00+00:00,600519.SH,"""贵州茅台"" - Google 新闻",茅台董秘蒋焰被查！此前三任“一把手”接连落马，高管腐败何以接二连三？ - 证券时报,"<a href=""https://news.google.com/rss/articles/CBMiXEFVX3lxTFAzeVd4cF9YbTRndmlMOG44OW1CZUdPQXFpMmZxZHlsWFVYZ1puLVdhb0VFeUp5cjVfMDhDZHVNemlUci1lTnVHRnRsUHdISS10NktXSmtWRDJocXhS?oc=5"" target=""_blank"">茅台董秘蒋焰被查！此前三任“一把手”接连落马，高管腐败何以接二连三？</a>&nbsp;&nbsp;<font color=""#6f6f6f"">证券时报</font>",https://news.google.com/rss/articles/CBMiXEFVX3lxTFAzeVd4cF9YbTRndmlMOG44OW1CZUdPQXFpMmZxZHlsWFVYZ1puLVdhb0VFeUp5cjVfMDhDZHVNemlUci1lTnVHRnRsUHdISS10NktXSmtWRDJocXhS?oc=5,贵州茅台,"茅台董秘蒋焰被查！此前三任“一把手”接连落马，高管腐败何以接二连三？ - 证券时报. <a href=""https://news.google.com/rss/articles/CBMiXEFVX3lxTFAzeVd4cF9YbTRndmlMOG44OW1CZUdPQXFpMmZxZHlsWFVYZ1puLVdhb0VFeUp5cjVfMDhDZHVNemlUci1lTnVHRnRsUHdISS10NktXSmtWRDJocXhS?oc=5"" target=""_blank"">茅台董秘蒋焰被查！此前三任“一把手”接连落马，高管腐败何以接二连三？</a>&nbsp;&nbsp;<font color=""#6f6f6f"">证券时报</font>",neutral,0.039445825
2026-03-13,2026-03-13T07:00:00+00:00,600519.SH,"""贵州茅台"" - Google 新闻",突发！贵州茅台董秘蒋焰被查！ - 证券时报,"<a href=""https://news.google.com/rss/articles/CBMiXEFVX3lxTFBVT0szbUVUYVdXOFQtZjZxUWF3d2RRQ3ZNN2h4bXhwVHU4eFk2Ylk1M1NDeFdCUEJoQTdzb0xuVnJjXzlhX0xqT2Z1VHZuMjN5UkxXYzBLbmxBdm1T?oc=5"" target=""_blank"">突发！贵州茅台董秘蒋焰被查！</a>&nbsp;&nbsp;<font color=""#6f6f6f"">证券时报</font>",https://news.google.com/rss/articles/CBMiXEFVX3lxTFBVT0szbUVUYVdXOFQtZjZxUWF3d2RRQ3ZNN2h4bXhwVHU4eFk2Ylk1M1NDeFdCUEJoQTdzb0xuVnJjXzlhX0xqT2Z1VHZuMjN5UkxXYzBLbmxBdm1T?oc=5,贵州茅台,"突发！贵州茅台董秘蒋焰被查！ - 证券时报. <a href=""https://news.google.com/rss/articles/CBMiXEFVX3lxTFBVT0szbUVUYVdXOFQtZjZxUWF3d2RRQ3ZNN2h4bXhwVHU4eFk2Ylk1M1NDeFdCUEJoQTdzb0xuVnJjXzlhX0xqT2Z1VHZuMjN5UkxXYzBLbmxBdm1T?oc=5"" target=""_blank"">突发！贵州茅台董秘蒋焰被查！</a>&nbsp;&nbsp;<font color=""#6f6f6f"">证券时报</font>",neutral,0.004032545
2026-03-13,2026-03-13T07:00:00+00:00,600519.SH,"""贵州茅台"" - Google 新闻",涉嫌严重违纪违法，贵州茅台副总经理、财务总监、董秘蒋焰被实施留置 - 东方财富,"<a href=""https://news.google.com/rss/articles/CBMiYEFVX3lxTE5IVWNJdFM3RV95Nm9PU2xDR19MeVZTTnhZX2trN3M4dkRKc2ZZbFFkSmN3bUFtTUR1ZUxIdS1wVS0ySXpzenVfQk8zRzRGNlpjSHdJQVlfWXNYdjhxWGdJRg?oc=5"" target=""_blank"">涉嫌严重违纪违法，贵州茅台副总经理、财务总监、董秘蒋焰被实施留置</a>&nbsp;&nbsp;<font color=""#6f6f6f"">东方财富</font>",https://news.google.com/rss/articles/CBMiYEFVX3lxTE5IVWNJdFM3RV95Nm9PU2xDR19MeVZTTnhZX2trN3M4dkRKc2ZZbFFkSmN3bUFtTUR1ZUxIdS1wVS0ySXpzenVfQk8zRzRGNlpjSHdJQVlfWXNYdjhxWGdJRg?oc=5,贵州茅台,"涉嫌严重违纪违法，贵州茅台副总经理、财务总监、董秘蒋焰被实施留置 - 东方财富. <a href=""https://news.google.com/rss/articles/CBMiYEFVX3lxTE5IVWNJdFM3RV95Nm9PU2xDR19MeVZTTnhZX2trN3M4dkRKc2ZZbFFkSmN3bUFtTUR1ZUxIdS1wVS0ySXpzenVfQk8zRzRGNlpjSHdJQVlfWXNYdjhxWGdJRg?oc=5"" target=""_blank"">涉嫌严重违纪违法，贵州茅台副总经理、财务总监、董秘蒋焰被实施留置</a>&nbsp;&nbsp;<font color=""#6f6f6f"">东方财富</font>",neutral,0.021453543
2026-03-13,2026-03-13T07:00:00+00:00,600519.SH,"""贵州茅台"" - Google 新闻",贵州茅台董秘蒋焰被查 - 东方财富,"<a href=""https://news.google.com/rss/articles/CBMiYEFVX3lxTFBIOFpoYVVETllUcUdFLWNvS1Fsc25uQnpSeGNfUEw1TWdxOHFPQlcyMFlfc0lQSzU4TG41SHh4RjE2RzJyN0Z1WFBkTGI3VjIzR0haRG1ZQWNIWDNmaGROSQ?oc=5"" target=""_blank"">贵州茅台董秘蒋焰被查</a>&nbsp;&nbsp;<font color=""#6f6f6f"">东方财富</font>",https://news.google.com/rss/articles/CBMiYEFVX3lxTFBIOFpoYVVETllUcUdFLWNvS1Fsc25uQnpSeGNfUEw1TWdxOHFPQlcyMFlfc0lQSzU4TG41SHh4RjE2RzJyN0Z1WFBkTGI3VjIzR0haRG1ZQWNIWDNmaGROSQ?oc=5,贵州茅台,"贵州茅台董秘蒋焰被查 - 东方财富. <a href=""https://news.google.com/rss/articles/CBMiYEFVX3lxTFBIOFpoYVVETllUcUdFLWNvS1Fsc25uQnpSeGNfUEw1TWdxOHFPQlcyMFlfc0lQSzU4TG41SHh4RjE2RzJyN0Z1WFBkTGI3VjIzR0haRG1ZQWNIWDNmaGROSQ?oc=5"" target=""_blank"">贵州茅台董秘蒋焰被查</a>&nbsp;&nbsp;<font color=""#6f6f6f"">东方财富</font>",neutral,-0.00062117726
2026-03-19,2026-03-19T07:00:00+00:00,600519.SH,"""Kweichow Moutai"" - Google News",In Profile: Moutai CFO Probed as Anti-Graft Campaign Deepens - Caixin Global,"<a href=""https://news.google.com/rss/articles/CBMitAFBVV95cUxOczF5MnlKNnJGR1dFelRJRUFnWmRUQzUzUDYzbTM4aUdsZWMzbXpIcHlqbDFIY2dyejMtUnFiTmh5M09FM2gtMW4yT0dCZjY0MlUwd3Zqdy1wczJVMnVzSFp5Y1NoZmpCX3Mwc0Y3dU9rTVB0bTNRQ1VqM0lPRDNyZUtJMnpUdmpTX2NzbkJwRWdPX2YtVEFvT1RUX2lOaHVEendVYWRyR1FKYjMzYlJrZXNkbUk?oc=5"" target=""_blank"">In Profile: Moutai CFO Probed as Anti-Graft Campaign Deepens</a>&nbsp;&nbsp;<font color=""#6f6f6f"">Caixin Global</font>",https://news.google.com/rss/articles/CBMitAFBVV95cUxOczF5MnlKNnJGR1dFelRJRUFnWmRUQzUzUDYzbTM4aUdsZWMzbXpIcHlqbDFIY2dyejMtUnFiTmh5M09FM2gtMW4yT0dCZjY0MlUwd3Zqdy1wczJVMnVzSFp5Y1NoZmpCX3Mwc0Y3dU9rTVB0bTNRQ1VqM0lPRDNyZUtJMnpUdmpTX2NzbkJwRWdPX2YtVEFvT1RUX2lOaHVEendVYWRyR1FKYjMzYlJrZXNkbUk?oc=5,Kweichow Moutai,"In Profile: Moutai CFO Probed as Anti-Graft Campaign Deepens - Caixin Global. <a href=""https://news.google.com/rss/articles/CBMitAFBVV95cUxOczF5MnlKNnJGR1dFelRJRUFnWmRUQzUzUDYzbTM4aUdsZWMzbXpIcHlqbDFIY2dyejMtUnFiTmh5M09FM2gtMW4yT0dCZjY0MlUwd3Zqdy1wczJVMnVzSFp5Y1NoZmpCX3Mwc0Y3dU9rTVB0bTNRQ1VqM0lPRDNyZUtJMnpUdmpTX2NzbkJwRWdPX2YtVEFvT1RUX2lOaHVEendVYWRyR1FKYjMzYlJrZXNkbUk?oc=5"" target=""_blank"">In Profile: Moutai CFO Probed as Anti-Graft Campaign Deepens</a>&nbsp;&nbsp;<font color=""#6f6f6f"">Caixin Global</font>",neutral,0.035444684
2026-03-20,2026-03-20T07:00:00+00:00,600519.SH,"""Kweichow Moutai"" - Google News",Maotai Drifters: Work and Life in China’s Liquor Capital - The World of Chinese,"<a href=""https://news.google.com/rss/articles/CBMijwFBVV95cUxQOEN4WHdMenJtQ21qdmpkdzdMb3U1cXpwaDU4M0pkNVN0N3FiVDItYzFuV3Y4VU9IT0w2em9HOVpVY1RJUGlmcU0tM0UtdndiMXRwT3A4WmY1anNmczZubnNxS2w4TElmWFBfMlM1QWttVThld09KTlM4dW4zMVBfS3NRWUN3ekdBaW9uRzhkSQ?oc=5"" target=""_blank"">Maotai Drifters: Work and Life in China’s Liquor Capital</a>&nbsp;&nbsp;<font color=""#6f6f6f"">The World of Chinese</font>",https://news.google.com/rss/articles/CBMijwFBVV95cUxQOEN4WHdMenJtQ21qdmpkdzdMb3U1cXpwaDU4M0pkNVN0N3FiVDItYzFuV3Y4VU9IT0w2em9HOVpVY1RJUGlmcU0tM0UtdndiMXRwT3A4WmY1anNmczZubnNxS2w4TElmWFBfMlM1QWttVThld09KTlM4dW4zMVBfS3NRWUN3ekdBaW9uRzhkSQ?oc=5,Kweichow Moutai,"Maotai Drifters: Work and Life in China’s Liquor Capital - The World of Chinese. <a href=""https://news.google.com/rss/articles/CBMijwFBVV95cUxQOEN4WHdMenJtQ21qdmpkdzdMb3U1cXpwaDU4M0pkNVN0N3FiVDItYzFuV3Y4VU9IT0w2em9HOVpVY1RJUGlmcU0tM0UtdndiMXRwT3A4WmY1anNmczZubnNxS2w4TElmWFBfMlM1QWttVThld09KTlM4dW4zMVBfS3NRWUN3ekdBaW9uRzhkSQ?oc=5"" target=""_blank"">Maotai Drifters: Work and Life in China’s Liquor Capital</a>&nbsp;&nbsp;<font color=""#6f6f6f"">The World of Chinese</font>",neutral,-0.0012076572
2026-03-22,2026-03-22T07:00:00+00:00,600519.SH,"""Kweichow Moutai"" - Google News",KWEICHOW MOUTAI Holds 2026 International Distributor Conference - GlobeNewswire,"<a href=""https://news.google.com/rss/articles/CBMi0AFBVV95cUxOR3NWS3I2RUlyb3Q3aTVpWHhBbXRPUnJMSHA3cXVzd2VUOTVjU1JTX3ZtREMxanBCTkFZYVJGV19aVS1CUU9FdjRZWVhYdEN1eXdoRi0wNHl4Yk9DRm1nVTQ3bFVpLWxIZXhYbFVxa0k2bF9WWGthSlBpaUJjaWxSUFFHcEszdXdJeWlnQlBiUmd6TmZySUxONHFpSkRKSGZkb0d5aTRNTnQ5cmgydDR4RkowN2hLMmliNmJZVnQ4LUkwUEpOMmR5eW9wY1dBZ0t6?oc=5"" target=""_blank"">KWEICHOW MOUTAI Holds 2026 International Distributor Conference</a>&nbsp;&nbsp;<font color=""#6f6f6f"">GlobeNewswire</font>",https://news.google.com/rss/articles/CBMi0AFBVV95cUxOR3NWS3I2RUlyb3Q3aTVpWHhBbXRPUnJMSHA3cXVzd2VUOTVjU1JTX3ZtREMxanBCTkFZYVJGV19aVS1CUU9FdjRZWVhYdEN1eXdoRi0wNHl4Yk9DRm1nVTQ3bFVpLWxIZXhYbFVxa0k2bF9WWGthSlBpaUJjaWxSUFFHcEszdXdJeWlnQlBiUmd6TmZySUxONHFpSkRKSGZkb0d5aTRNTnQ5cmgydDR4RkowN2hLMmliNmJZVnQ4LUkwUEpOMmR5eW9wY1dBZ0t6?oc=5,Kweichow Moutai,"KWEICHOW MOUTAI Holds 2026 International Distributor Conference - GlobeNewswire. <a href=""https://news.google.com/rss/articles/CBMi0AFBVV95cUxOR3NWS3I2RUlyb3Q3aTVpWHhBbXRPUnJMSHA3cXVzd2VUOTVjU1JTX3ZtREMxanBCTkFZYVJGV19aVS1CUU9FdjRZWVhYdEN1eXdoRi0wNHl4Yk9DRm1nVTQ3bFVpLWxIZXhYbFVxa0k2bF9WWGthSlBpaUJjaWxSUFFHcEszdXdJeWlnQlBiUmd6TmZySUxONHFpSkRKSGZkb0d5aTRNTnQ5cmgydDR4RkowN2hLMmliNmJZVnQ4LUkwUEpOMmR5eW9wY1dBZ0t6?oc=5"" target=""_blank"">KWEICHOW MOUTAI Holds 2026 International Distributor Conference</a>&nbsp;&nbsp;<font color=""#6f6f6f"">GlobeNewswire</font>",neutral,-0.0023369044
2026-03-27,2026-03-27T07:00:00+00:00,600519.SH,"""600519"" - Google 新闻",股票行情快报：贵州茅台（600519）3月27日主力资金净买入3.44亿元_主力研究 - 证券之星,"<a href=""https://news.google.com/rss/articles/CBMiYkFVX3lxTFBjMTVDX0NZZHBYYmJ0ZmdPcHlTaE5LenFXVWt2emVTV0FHRV9NZW5nUl9LRFUtRkdJWUg3SHNnblVmZ1QyQVVzbkp3NUYxQUFDTmxUdW5fT2Q2QXFDUldhdVV3?oc=5"" target=""_blank"">股票行情快报：贵州茅台（600519）3月27日主力资金净买入3.44亿元_主力研究</a>&nbsp;&nbsp;<font color=""#6f6f6f"">证券之星</font>",https://news.google.com/rss/articles/CBMiYkFVX3lxTFBjMTVDX0NZZHBYYmJ0ZmdPcHlTaE5LenFXVWt2emVTV0FHRV9NZW5nUl9LRFUtRkdJWUg3SHNnblVmZ1QyQVVzbkp3NUYxQUFDTmxUdW5fT2Q2QXFDUldhdVV3?oc=5,600519,"股票行情快报：贵州茅台（600519）3月27日主力资金净买入3.44亿元_主力研究 - 证券之星. <a href=""https://news.google.com/rss/articles/CBMiYkFVX3lxTFBjMTVDX0NZZHBYYmJ0ZmdPcHlTaE5LenFXVWt2emVTV0FHRV9NZW5nUl9LRFUtRkdJWUg3SHNnblVmZ1QyQVVzbkp3NUYxQUFDTmxUdW5fT2Q2QXFDUldhdVV3?oc=5"" target=""_blank"">股票行情快报：贵州茅台（600519）3月27日主力资金净买入3.44亿元_主力研究</a>&nbsp;&nbsp;<font color=""#6f6f6f"">证券之星</font>",neutral,0.022716751
2026-03-29,2026-03-29T07:00:00+00:00,600519.SH,"""Kweichow Moutai"" - Google News",China baijiu boom town goes bust after Beijing's austerity order - Nikkei Asia,"<a href=""https://news.google.com/rss/articles/CBMisAFBVV95cUxPemRWRy1mT2NRRGZXNFg5YXRUTGR6cko3SFVJWnc1VjFRM0M1WlZWNFdJMWZHbFB2QjRDRkUzZXVBX1VBbDhyWHdXbEw0RktsdFFnbEJzVnlMbVVJTmF2SUxrbE9nN1ozRkVfTVo4TXdGU29aSE1PODQzemxKSjFaWkhFVXpmTC1Ea0Y2QXVQSU90eTU0RnBFR0VacFVvbUpHZzZNM3drX3dyaXZSU2Qwag?oc=5"" target=""_blank"">China baijiu boom town goes bust after Beijing's austerity order</a>&nbsp;&nbsp;<font color=""#6f6f6f"">Nikkei Asia</font>",https://news.google.com/rss/articles/CBMisAFBVV95cUxPemRWRy1mT2NRRGZXNFg5YXRUTGR6cko3SFVJWnc1VjFRM0M1WlZWNFdJMWZHbFB2QjRDRkUzZXVBX1VBbDhyWHdXbEw0RktsdFFnbEJzVnlMbVVJTmF2SUxrbE9nN1ozRkVfTVo4TXdGU29aSE1PODQzemxKSjFaWkhFVXpmTC1Ea0Y2QXVQSU90eTU0RnBFR0VacFVvbUpHZzZNM3drX3dyaXZSU2Qwag?oc=5,Kweichow Moutai,"China baijiu boom town goes bust after Beijing's austerity order - Nikkei Asia. <a href=""https://news.google.com/rss/articles/CBMisAFBVV95cUxPemRWRy1mT2NRRGZXNFg5YXRUTGR6cko3SFVJWnc1VjFRM0M1WlZWNFdJMWZHbFB2QjRDRkUzZXVBX1VBbDhyWHdXbEw0RktsdFFnbEJzVnlMbVVJTmF2SUxrbE9nN1ozRkVfTVo4TXdGU29aSE1PODQzemxKSjFaWkhFVXpmTC1Ea0Y2QXVQSU90eTU0RnBFR0VacFVvbUpHZzZNM3drX3dyaXZSU2Qwag?oc=5"" target=""_blank"">China baijiu boom town goes bust after Beijing's austerity order</a>&nbsp;&nbsp;<font color=""#6f6f6f"">Nikkei Asia</font>",negative,-0.7971196
2026-03-29,2026-03-29T07:00:00+00:00,600519.SH,"""600519"" - Google 新闻",贵州茅台2000万元项目的招标疑云：限高企业“过五关斩六将”，顺利中标！ - 东方财富,"<a href=""https://news.google.com/rss/articles/CBMiswFBVV95cUxOTk9BQU15WHR3dmNGM0NEc2lrSDVSUU5kQXhkR0tIVFJlOEREY2tkanlqTDNDdmxwUjhXOWo0TzZ5MnpzdW5LeTBMNk5KWEhsZ25xQm11cURNM0d4LWVIWHZIQ2hsanlHb3NtRG9fak9sbDRod2R4OXpQUXV0UmtLaHlncjEzN0hEc1dtbzViZmJPaGctb2VndDVNTkxPbzFtd3ZNdExlX0R3V2F5RnB1MkNkcw?oc=5"" target=""_blank"">贵州茅台2000万元项目的招标疑云：限高企业“过五关斩六将”，顺利中标！</a>&nbsp;&nbsp;<font color=""#6f6f6f"">东方财富</font>",https://news.google.com/rss/articles/CBMiswFBVV95cUxOTk9BQU15WHR3dmNGM0NEc2lrSDVSUU5kQXhkR0tIVFJlOEREY2tkanlqTDNDdmxwUjhXOWo0TzZ5MnpzdW5LeTBMNk5KWEhsZ25xQm11cURNM0d4LWVIWHZIQ2hsanlHb3NtRG9fak9sbDRod2R4OXpQUXV0UmtLaHlncjEzN0hEc1dtbzViZmJPaGctb2VndDVNTkxPbzFtd3ZNdExlX0R3V2F5RnB1MkNkcw?oc=5,600519,"贵州茅台2000万元项目的招标疑云：限高企业“过五关斩六将”，顺利中标！ - 东方财富. <a href=""https://news.google.com/rss/articles/CBMiswFBVV95cUxOTk9BQU15WHR3dmNGM0NEc2lrSDVSUU5kQXhkR0tIVFJlOEREY2tkanlqTDNDdmxwUjhXOWo0TzZ5MnpzdW5LeTBMNk5KWEhsZ25xQm11cURNM0d4LWVIWHZIQ2hsanlHb3NtRG9fak9sbDRod2R4OXpQUXV0UmtLaHlncjEzN0hEc1dtbzViZmJPaGctb2VndDVNTkxPbzFtd3ZNdExlX0R3V2F5RnB1MkNkcw?oc=5"" target=""_blank"">贵州茅台2000万元项目的招标疑云：限高企业“过五关斩六将”，顺利中标！</a>&nbsp;&nbsp;<font color=""#6f6f6f"">东方财富</font>",neutral,0.033567213
2026-03-30,2026-03-30T07:00:00+00:00,600519.SH,"""Kweichow Moutai"" - Google News",Moutai Shares Surge After It Hikes Price of Flagship Liquor - Bloomberg,"<a href=""https://news.google.com/rss/articles/CBMirwFBVV95cUxOMkoyRjhNUHJKZERrazNyb0NsdFloMzU1ZTVNQXRzRU9MSzNSTVdLcEZyQ0lCUHc2SE5MTWw5RlhvODhlU2lLUEp1Yy1QUFBNQnJTcjBBaHdoRUlnWmdsUFZKSkZjR1RqRGU4cmFyV09hMDlCV014cFNwb2VWMUV4RzRYamJsYkppVDVXVVV2RWxBbjFvYzl6RF9lWkVVYjNVaW1mWjR3WnpmeXpGZ01V?oc=5"" target=""_blank"">Moutai Shares Surge After It Hikes Price of Flagship Liquor</a>&nbsp;&nbsp;<font color=""#6f6f6f"">Bloomberg</font>",https://news.google.com/rss/articles/CBMirwFBVV95cUxOMkoyRjhNUHJKZERrazNyb0NsdFloMzU1ZTVNQXRzRU9MSzNSTVdLcEZyQ0lCUHc2SE5MTWw5RlhvODhlU2lLUEp1Yy1QUFBNQnJTcjBBaHdoRUlnWmdsUFZKSkZjR1RqRGU4cmFyV09hMDlCV014cFNwb2VWMUV4RzRYamJsYkppVDVXVVV2RWxBbjFvYzl6RF9lWkVVYjNVaW1mWjR3WnpmeXpGZ01V?oc=5,Kweichow Moutai,"Moutai Shares Surge After It Hikes Price of Flagship Liquor - Bloomberg. <a href=""https://news.google.com/rss/articles/CBMirwFBVV95cUxOMkoyRjhNUHJKZERrazNyb0NsdFloMzU1ZTVNQXRzRU9MSzNSTVdLcEZyQ0lCUHc2SE5MTWw5RlhvODhlU2lLUEp1Yy1QUFBNQnJTcjBBaHdoRUlnWmdsUFZKSkZjR1RqRGU4cmFyV09hMDlCV014cFNwb2VWMUV4RzRYamJsYkppVDVXVVV2RWxBbjFvYzl6RF9lWkVVYjNVaW1mWjR3WnpmeXpGZ01V?oc=5"" target=""_blank"">Moutai Shares Surge After It Hikes Price of Flagship Liquor</a>&nbsp;&nbsp;<font color=""#6f6f6f"">Bloomberg</font>",positive,0.83193576
2026-03-30,2026-03-30T07:00:00+00:00,600519.SH,"""贵州茅台"" - Google News",贵州茅台：免去蒋焰副总经理等职务 - TradingView,"<a href=""https://news.google.com/rss/articles/CBMia0FVX3lxTE9uWnlTRlFrb0pnYVlMRGlOakJfdFlHaEd0VURkSk5xNG9uSnFjT184RHRUVzlwYXR0b3RUZkZVd1ZfRnRoN08yXzh2elUwZ3pUSVZnb2hJQzR5Q0daR1l6Y3hiMmNkSHB0WGZZ?oc=5"" target=""_blank"">贵州茅台：免去蒋焰副总经理等职务</a>&nbsp;&nbsp;<font color=""#6f6f6f"">TradingView</font>",https://news.google.com/rss/articles/CBMia0FVX3lxTE9uWnlTRlFrb0pnYVlMRGlOakJfdFlHaEd0VURkSk5xNG9uSnFjT184RHRUVzlwYXR0b3RUZkZVd1ZfRnRoN08yXzh2elUwZ3pUSVZnb2hJQzR5Q0daR1l6Y3hiMmNkSHB0WGZZ?oc=5,贵州茅台,"贵州茅台：免去蒋焰副总经理等职务 - TradingView. <a href=""https://news.google.com/rss/articles/CBMia0FVX3lxTE9uWnlTRlFrb0pnYVlMRGlOakJfdFlHaEd0VURkSk5xNG9uSnFjT184RHRUVzlwYXR0b3RUZkZVd1ZfRnRoN08yXzh2elUwZ3pUSVZnb2hJQzR5Q0daR1l6Y3hiMmNkSHB0WGZZ?oc=5"" target=""_blank"">贵州茅台：免去蒋焰副总经理等职务</a>&nbsp;&nbsp;<font color=""#6f6f6f"">TradingView</font>",neutral,0.027926112
2026-03-30,2026-03-30T07:00:00+00:00,600519.SH,"""贵州茅台"" - Google 新闻",贵州茅台时隔近两年半再提价，飞天茅台自营体系零售价调整为1539元/瓶 - 东方财富,"<a href=""https://news.google.com/rss/articles/CBMiYEFVX3lxTFBkQ01JT1d5QWpCemVRUFA2VGFpbG85R1dhYmZBVlQ4MHNhbEI4WHN1dEg0WGVyYmNXSkNpQUR0SXlqNmZzaEZqbmg3OWxVeUdzbzB0Um9lYlZ6aHhsaFhtYQ?oc=5"" target=""_blank"">贵州茅台时隔近两年半再提价，飞天茅台自营体系零售价调整为1539元/瓶</a>&nbsp;&nbsp;<font color=""#6f6f6f"">东方财富</font>",https://news.google.com/rss/articles/CBMiYEFVX3lxTFBkQ01JT1d5QWpCemVRUFA2VGFpbG85R1dhYmZBVlQ4MHNhbEI4WHN1dEg0WGVyYmNXSkNpQUR0SXlqNmZzaEZqbmg3OWxVeUdzbzB0Um9lYlZ6aHhsaFhtYQ?oc=5,贵州茅台,"贵州茅台时隔近两年半再提价，飞天茅台自营体系零售价调整为1539元/瓶 - 东方财富. <a href=""https://news.google.com/rss/articles/CBMiYEFVX3lxTFBkQ01JT1d5QWpCemVRUFA2VGFpbG85R1dhYmZBVlQ4MHNhbEI4WHN1dEg0WGVyYmNXSkNpQUR0SXlqNmZzaEZqbmg3OWxVeUdzbzB0Um9lYlZ6aHhsaFhtYQ?oc=5"" target=""_blank"">贵州茅台时隔近两年半再提价，飞天茅台自营体系零售价调整为1539元/瓶</a>&nbsp;&nbsp;<font color=""#6f6f6f"">东方财富</font>",neutral,0.025799079
2026-03-30,2026-03-30T07:00:00+00:00,600519.SH,"""贵州茅台"" - Google 新闻",贵州茅台将上调飞天茅台价格，自营体系零售价调整为1539元/瓶 - 东方财富,"<a href=""https://news.google.com/rss/articles/CBMiYEFVX3lxTE13VXVZaGlHelRScURINldWY1cyRUg3VWdOVnhEUEZ2WXl6SWtDZHlJWmFSQUpScW1MSkVtejdFT1M3NGtGTU1PbE5qR25GNDBkQVkxZlVNUzBCTC00RldqLQ?oc=5"" target=""_blank"">贵州茅台将上调飞天茅台价格，自营体系零售价调整为1539元/瓶</a>&nbsp;&nbsp;<font color=""#6f6f6f"">东方财富</font>",https://news.google.com/rss/articles/CBMiYEFVX3lxTE13VXVZaGlHelRScURINldWY1cyRUg3VWdOVnhEUEZ2WXl6SWtDZHlJWmFSQUpScW1MSkVtejdFT1M3NGtGTU1PbE5qR25GNDBkQVkxZlVNUzBCTC00RldqLQ?oc=5,贵州茅台,"贵州茅台将上调飞天茅台价格，自营体系零售价调整为1539元/瓶 - 东方财富. <a href=""https://news.google.com/rss/articles/CBMiYEFVX3lxTE13VXVZaGlHelRScURINldWY1cyRUg3VWdOVnhEUEZ2WXl6SWtDZHlJWmFSQUpScW1MSkVtejdFT1M3NGtGTU1PbE5qR25GNDBkQVkxZlVNUzBCTC00RldqLQ?oc=5"" target=""_blank"">贵州茅台将上调飞天茅台价格，自营体系零售价调整为1539元/瓶</a>&nbsp;&nbsp;<font color=""#6f6f6f"">东方财富</font>",neutral,0.01951614
2026-03-30,2026-03-30T07:00:00+00:00,600519.SH,"""贵州茅台"" - Google 新闻",贵州茅台：53度飞天茅台自营体系零售价由1499元/瓶调整为1539元/瓶 - 新浪财经,"<a href=""https://news.google.com/rss/articles/CBMihwFBVV95cUxOMGw0cjRtSmF0bkN3NkRKbmNFazBOQWFIb0FLVThQT0hkRGgxRi1yUzlWcW9kMW9mOFd0b0xFcHRJdUNRN1dsZmJWc05lZkJuVmxSRlg3d3pvNzRFN1FpbnBnMTBucUNEYlpMZGh2c2czRHd4eWc5UjFlWms5R1VjekdoeXRuTjg?oc=5"" target=""_blank"">贵州茅台：53度飞天茅台自营体系零售价由1499元/瓶调整为1539元/瓶</a>&nbsp;&nbsp;<font color=""#6f6f6f"">新浪财经</font>",https://news.google.com/rss/articles/CBMihwFBVV95cUxOMGw0cjRtSmF0bkN3NkRKbmNFazBOQWFIb0FLVThQT0hkRGgxRi1yUzlWcW9kMW9mOFd0b0xFcHRJdUNRN1dsZmJWc05lZkJuVmxSRlg3d3pvNzRFN1FpbnBnMTBucUNEYlpMZGh2c2czRHd4eWc5UjFlWms5R1VjekdoeXRuTjg?oc=5,贵州茅台,"贵州茅台：53度飞天茅台自营体系零售价由1499元/瓶调整为1539元/瓶 - 新浪财经. <a href=""https://news.google.com/rss/articles/CBMihwFBVV95cUxOMGw0cjRtSmF0bkN3NkRKbmNFazBOQWFIb0FLVThQT0hkRGgxRi1yUzlWcW9kMW9mOFd0b0xFcHRJdUNRN1dsZmJWc05lZkJuVmxSRlg3d3pvNzRFN1FpbnBnMTBucUNEYlpMZGh2c2czRHd4eWc5UjFlWms5R1VjekdoeXRuTjg?oc=5"" target=""_blank"">贵州茅台：53度飞天茅台自营体系零售价由1499元/瓶调整为1539元/瓶</a>&nbsp;&nbsp;<font color=""#6f6f6f"">新浪财经</font>",neutral,0.022214873
2026-03-30,2026-03-30T07:00:00+00:00,600519.SH,"""600519"" - Google 新闻",贵州茅台(600519.SH)时隔2年再次涨价：飞天茅台涨至1539元/瓶 - 东方财富,"<a href=""https://news.google.com/rss/articles/CBMiswFBVV95cUxNX0FDSXZsaGFZeUZXeW5ZS1ZPejJ2bHNyNEZlR1o0WWNvdlh3MmV6TE1tcGFXWVZOMXRiZGlxTGNsUE5kYWU1WXJHTHZzWlhUYXZ2OW1NRmJtVW8ydGQ3NjY1RTVScFR1d2VxVFJrU1l0eGpJVnJPeTZpam5BSnY5VHo3Q3dOLXUtRHJOV3lYcWd6V2xOU0hsRUM4NzFicklUeXAza2hIQmdKc29aZW82cFlENA?oc=5"" target=""_blank"">贵州茅台(600519.SH)时隔2年再次涨价：飞天茅台涨至1539元/瓶</a>&nbsp;&nbsp;<font color=""#6f6f6f"">东方财富</font>",https://news.google.com/rss/articles/CBMiswFBVV95cUxNX0FDSXZsaGFZeUZXeW5ZS1ZPejJ2bHNyNEZlR1o0WWNvdlh3MmV6TE1tcGFXWVZOMXRiZGlxTGNsUE5kYWU1WXJHTHZzWlhUYXZ2OW1NRmJtVW8ydGQ3NjY1RTVScFR1d2VxVFJrU1l0eGpJVnJPeTZpam5BSnY5VHo3Q3dOLXUtRHJOV3lYcWd6V2xOU0hsRUM4NzFicklUeXAza2hIQmdKc29aZW82cFlENA?oc=5,600519,"贵州茅台(600519.SH)时隔2年再次涨价：飞天茅台涨至1539元/瓶 - 东方财富. <a href=""https://news.google.com/rss/articles/CBMiswFBVV95cUxNX0FDSXZsaGFZeUZXeW5ZS1ZPejJ2bHNyNEZlR1o0WWNvdlh3MmV6TE1tcGFXWVZOMXRiZGlxTGNsUE5kYWU1WXJHTHZzWlhUYXZ2OW1NRmJtVW8ydGQ3NjY1RTVScFR1d2VxVFJrU1l0eGpJVnJPeTZpam5BSnY5VHo3Q3dOLXUtRHJOV3lYcWd6V2xOU0hsRUM4NzFicklUeXAza2hIQmdKc29aZW82cFlENA?oc=5"" target=""_blank"">贵州茅台(600519.SH)时隔2年再次涨价：飞天茅台涨至1539元/瓶</a>&nbsp;&nbsp;<font color=""#6f6f6f"">东方财富</font>",neutral,0.022613266
2026-03-30,2026-03-30T17:01:00+00:00,600519.SH,Kweichow Moutai - Bing新聞,貴州茅臺 股票預測,我們的 Kweichow Moutai Co Ltd 普遍預期頁是基於分析師的一致預測，涵蓋了上市公司的每股收益和收入。 我們會提供給您貴州茅臺強買、強賣或持有的整體普遍預測，根據分析師的12個月的價格目標。,http://www.bing.com/news/apiclick.aspx?ref=FexRss&aid=&tid=69fb16c4161b414c91e7ba69502d545a&url=https%3a%2f%2fhk.investing.com%2fequities%2fmoutai-consensus-estimates&c=9457423092395248310&mkt=zh-tw,Kweichow Moutai,貴州茅臺 股票預測. 我們的 Kweichow Moutai Co Ltd 普遍預期頁是基於分析師的一致預測，涵蓋了上市公司的每股收益和收入。 我們會提供給您貴州茅臺強買、強賣或持有的整體普遍預測，根據分析師的12個月的價格目標。,neutral,0.040893603
2026-03-31,2026-03-31T07:00:00+00:00,600519.SH,"""Kweichow Moutai"" - Google News",Moutai Shares Jump 4.2% After Feitian Price Increase Announcemen - GuruFocus,"<a href=""https://news.google.com/rss/articles/CBMipAFBVV95cUxPQ1dlVkZLeFF5c01hMThCVHpmMlVJMW5LcjEtVFpuYXozRHM2ZTZWMThUT19Yc1dkczVlUjFkampicXhxMi1ZZWIxYktTRU9WUkcwSVRlc2R3UEdvVDlZVHFlcGoxS0puYzE0T3B5VDJjWkFRTEVrSTBqYjY5dDdRS1FXS1lRV0lXMXYzemhjRnRPZmVHbXhBVGlxa0xzeVR4cFNRYQ?oc=5"" target=""_blank"">Moutai Shares Jump 4.2% After Feitian Price Increase Announcemen</a>&nbsp;&nbsp;<font color=""#6f6f6f"">GuruFocus</font>",https://news.google.com/rss/articles/CBMipAFBVV95cUxPQ1dlVkZLeFF5c01hMThCVHpmMlVJMW5LcjEtVFpuYXozRHM2ZTZWMThUT19Yc1dkczVlUjFkampicXhxMi1ZZWIxYktTRU9WUkcwSVRlc2R3UEdvVDlZVHFlcGoxS0puYzE0T3B5VDJjWkFRTEVrSTBqYjY5dDdRS1FXS1lRV0lXMXYzemhjRnRPZmVHbXhBVGlxa0xzeVR4cFNRYQ?oc=5,Kweichow Moutai,"Moutai Shares Jump 4.2% After Feitian Price Increase Announcemen - GuruFocus. <a href=""https://news.google.com/rss/articles/CBMipAFBVV95cUxPQ1dlVkZLeFF5c01hMThCVHpmMlVJMW5LcjEtVFpuYXozRHM2ZTZWMThUT19Yc1dkczVlUjFkampicXhxMi1ZZWIxYktTRU9WUkcwSVRlc2R3UEdvVDlZVHFlcGoxS0puYzE0T3B5VDJjWkFRTEVrSTBqYjY5dDdRS1FXS1lRV0lXMXYzemhjRnRPZmVHbXhBVGlxa0xzeVR4cFNRYQ?oc=5"" target=""_blank"">Moutai Shares Jump 4.2% After Feitian Price Increase Announcemen</a>&nbsp;&nbsp;<font color=""#6f6f6f"">GuruFocus</font>",positive,0.8496802
2026-03-31,2026-03-31T07:00:00+00:00,600519.SH,"""贵州茅台"" - Google 新闻",官宣提价后，贵州茅台股价大涨，专家称分化与出清仍是行业主旋律 - 21财经,"<a href=""https://news.google.com/rss/articles/CBMijwFBVV95cUxNUE16eHNzb21aRGp1eC1ybVZPNG1zZlVqYnVnT0dGdFMxNG5qb1BVNUk3bEw4dXhKdE1nanV6VnV6MEhaTEdiVUk5aEJjdXdUUE1GWWU4YkJZM0N3blB6YjhNempnakVWZlZXV2JJVFM3ZDdTTTVsOVlydVNWNjdlV1Zxcnc0VElZSWVmNDRsOA?oc=5"" target=""_blank"">官宣提价后，贵州茅台股价大涨，专家称分化与出清仍是行业主旋律</a>&nbsp;&nbsp;<font color=""#6f6f6f"">21财经</font>",https://news.google.com/rss/articles/CBMijwFBVV95cUxNUE16eHNzb21aRGp1eC1ybVZPNG1zZlVqYnVnT0dGdFMxNG5qb1BVNUk3bEw4dXhKdE1nanV6VnV6MEhaTEdiVUk5aEJjdXdUUE1GWWU4YkJZM0N3blB6YjhNempnakVWZlZXV2JJVFM3ZDdTTTVsOVlydVNWNjdlV1Zxcnc0VElZSWVmNDRsOA?oc=5,贵州茅台,"官宣提价后，贵州茅台股价大涨，专家称分化与出清仍是行业主旋律 - 21财经. <a href=""https://news.google.com/rss/articles/CBMijwFBVV95cUxNUE16eHNzb21aRGp1eC1ybVZPNG1zZlVqYnVnT0dGdFMxNG5qb1BVNUk3bEw4dXhKdE1nanV6VnV6MEhaTEdiVUk5aEJjdXdUUE1GWWU4YkJZM0N3blB6YjhNempnakVWZlZXV2JJVFM3ZDdTTTVsOVlydVNWNjdlV1Zxcnc0VElZSWVmNDRsOA?oc=5"" target=""_blank"">官宣提价后，贵州茅台股价大涨，专家称分化与出清仍是行业主旋律</a>&nbsp;&nbsp;<font color=""#6f6f6f"">21财经</font>",neutral,0.013434619
2026-03-31,2026-03-31T07:00:00+00:00,600519.SH,"""贵州茅台"" - Google 新闻",时隔三年再提价，贵州茅台为何选择提价？ - thepaper.cn,"<a href=""https://news.google.com/rss/articles/CBMiXkFVX3lxTE9Fb2hQOVF5M3dmcmoyVEFSNzV6b3NkM1BuVEZ0eDhTNFBMS1AwcHVMaHlJa08zSWM5aktZcUZ2OW8yZnMxMm53dGJFd0J5QjJpQjBkeE1WQkd4TjV5V2c?oc=5"" target=""_blank"">时隔三年再提价，贵州茅台为何选择提价？</a>&nbsp;&nbsp;<font color=""#6f6f6f"">thepaper.cn</font>",https://news.google.com/rss/articles/CBMiXkFVX3lxTE9Fb2hQOVF5M3dmcmoyVEFSNzV6b3NkM1BuVEZ0eDhTNFBMS1AwcHVMaHlJa08zSWM5aktZcUZ2OW8yZnMxMm53dGJFd0J5QjJpQjBkeE1WQkd4TjV5V2c?oc=5,贵州茅台,"时隔三年再提价，贵州茅台为何选择提价？ - thepaper.cn. <a href=""https://news.google.com/rss/articles/CBMiXkFVX3lxTE9Fb2hQOVF5M3dmcmoyVEFSNzV6b3NkM1BuVEZ0eDhTNFBMS1AwcHVMaHlJa08zSWM5aktZcUZ2OW8yZnMxMm53dGJFd0J5QjJpQjBkeE1WQkd4TjV5V2c?oc=5"" target=""_blank"">时隔三年再提价，贵州茅台为何选择提价？</a>&nbsp;&nbsp;<font color=""#6f6f6f"">thepaper.cn</font>",neutral,0.0039010905
2026-03-31,2026-03-31T14:53:43+00:00,600519.SH,"""Kweichow Moutai"" - Google News",Moutai shares surge after it hikes price of flagship liquor - Jing Daily,"<a href=""https://news.google.com/rss/articles/CBMikAFBVV95cUxPa0VvT1FDZFo2N1hYLUd3Um90TnhwUDdCMVBUckczaHdwaFlYM0NRQi1NWE1BbllXSFJGTGNTUWlvVlVsZ3lPWUtaQzN1TV91N0ZzV3ZHcEpuSE96cjRzYjIwSWx2aHd2Vng2YWhwaVV6bTRiUW5JNzkwVGlhTEcyclRaeDk4QkVWU2Nub0h0WlA?oc=5"" target=""_blank"">Moutai shares surge after it hikes price of flagship liquor</a>&nbsp;&nbsp;<font color=""#6f6f6f"">Jing Daily</font>",https://news.google.com/rss/articles/CBMikAFBVV95cUxPa0VvT1FDZFo2N1hYLUd3Um90TnhwUDdCMVBUckczaHdwaFlYM0NRQi1NWE1BbllXSFJGTGNTUWlvVlVsZ3lPWUtaQzN1TV91N0ZzV3ZHcEpuSE96cjRzYjIwSWx2aHd2Vng2YWhwaVV6bTRiUW5JNzkwVGlhTEcyclRaeDk4QkVWU2Nub0h0WlA?oc=5,Kweichow Moutai,"Moutai shares surge after it hikes price of flagship liquor - Jing Daily. <a href=""https://news.google.com/rss/articles/CBMikAFBVV95cUxPa0VvT1FDZFo2N1hYLUd3Um90TnhwUDdCMVBUckczaHdwaFlYM0NRQi1NWE1BbllXSFJGTGNTUWlvVlVsZ3lPWUtaQzN1TV91N0ZzV3ZHcEpuSE96cjRzYjIwSWx2aHd2Vng2YWhwaVV6bTRiUW5JNzkwVGlhTEcyclRaeDk4QkVWU2Nub0h0WlA?oc=5"" target=""_blank"">Moutai shares surge after it hikes price of flagship liquor</a>&nbsp;&nbsp;<font color=""#6f6f6f"">Jing Daily</font>",positive,0.82711875
2026-04-02,2026-04-02T07:00:00+00:00,600519.SH,"""贵州茅台"" - Google 新闻",贵州茅台：截至3月底已斥资11.12亿元回购79.42万股 - thepaper.cn,"<a href=""https://news.google.com/rss/articles/CBMiXkFVX3lxTE12MFpfVXUzVklfZUJ4YmRBMFdTMmxENENldE5MdEtwRlR1N2JNU2FjVkpfMTBpSXNWNngyWVF6aEc3dTZ4UUlGdmpjRTRPVy1sNXZkVElUZnVkeElsVUE?oc=5"" target=""_blank"">贵州茅台：截至3月底已斥资11.12亿元回购79.42万股</a>&nbsp;&nbsp;<font color=""#6f6f6f"">thepaper.cn</font>",https://news.google.com/rss/articles/CBMiXkFVX3lxTE12MFpfVXUzVklfZUJ4YmRBMFdTMmxENENldE5MdEtwRlR1N2JNU2FjVkpfMTBpSXNWNngyWVF6aEc3dTZ4UUlGdmpjRTRPVy1sNXZkVElUZnVkeElsVUE?oc=5,贵州茅台,"贵州茅台：截至3月底已斥资11.12亿元回购79.42万股 - thepaper.cn. <a href=""https://news.google.com/rss/articles/CBMiXkFVX3lxTE12MFpfVXUzVklfZUJ4YmRBMFdTMmxENENldE5MdEtwRlR1N2JNU2FjVkpfMTBpSXNWNngyWVF6aEc3dTZ4UUlGdmpjRTRPVy1sNXZkVElUZnVkeElsVUE?oc=5"" target=""_blank"">贵州茅台：截至3月底已斥资11.12亿元回购79.42万股</a>&nbsp;&nbsp;<font color=""#6f6f6f"">thepaper.cn</font>",neutral,-0.00054390356
2026-04-02,2026-04-02T07:00:00+00:00,600519.SH,"""600519"" - Google 新闻",贵州茅台(600519.SH)：累计回购79.42万股公司股份 - TradingView,"<a href=""https://news.google.com/rss/articles/CBMia0FVX3lxTE1BZC1VUTNxQkpBelFNN2dqbkRETk1WYVUzdUJEUTBIYkFKTHdoYVUwSVE0TklneVk1b1ItNmh4am1DOUhNTVppS0JnQ011RnlYUlZDYUNlVDFmRGF0RHJnV1NDRTdqRC00aEdn?oc=5"" target=""_blank"">贵州茅台(600519.SH)：累计回购79.42万股公司股份</a>&nbsp;&nbsp;<font color=""#6f6f6f"">TradingView</font>",https://news.google.com/rss/articles/CBMia0FVX3lxTE1BZC1VUTNxQkpBelFNN2dqbkRETk1WYVUzdUJEUTBIYkFKTHdoYVUwSVE0TklneVk1b1ItNmh4am1DOUhNTVppS0JnQ011RnlYUlZDYUNlVDFmRGF0RHJnV1NDRTdqRC00aEdn?oc=5,600519,"贵州茅台(600519.SH)：累计回购79.42万股公司股份 - TradingView. <a href=""https://news.google.com/rss/articles/CBMia0FVX3lxTE1BZC1VUTNxQkpBelFNN2dqbkRETk1WYVUzdUJEUTBIYkFKTHdoYVUwSVE0TklneVk1b1ItNmh4am1DOUhNTVppS0JnQ011RnlYUlZDYUNlVDFmRGF0RHJnV1NDRTdqRC00aEdn?oc=5"" target=""_blank"">贵州茅台(600519.SH)：累计回购79.42万股公司股份</a>&nbsp;&nbsp;<font color=""#6f6f6f"">TradingView</font>",neutral,0.022967143
2026-04-03,2026-04-03T07:00:00+00:00,600519.SH,"""600519"" - Google 新闻",申请茅台高价股跨行业收购优质超跌长信科技地板价趴着，题材概念加入国产替代、科技创新股价翻倍更轻松！ - 东方财富,"<a href=""https://news.google.com/rss/articles/CBMiswFBVV95cUxQQ1hGdkw4UTFqY3ktNFcwU1plcnVCMVRmdnhOSHZ5Q05vdDlWaVlzQzN3aVpmaUlaZ3cxNnEwQ1VNZ1dRZ2xfLTRqVG80NkhpS3VKb2xmb25RR19PaFczMjBkck5TNm5EWkFkWi1GYkNPSkFqbEVpTEd4MmY4dkxGQ3FCbjR2cm9kY3JQUEM1WE5mRDIyMWlJUTFvb1JZTmtVczNCNWlXbUJFMmFvcHRzVTBlTQ?oc=5"" target=""_blank"">申请茅台高价股跨行业收购优质超跌长信科技地板价趴着，题材概念加入国产替代、科技创新股价翻倍更轻松！</a>&nbsp;&nbsp;<font color=""#6f6f6f"">东方财富</font>",https://news.google.com/rss/articles/CBMiswFBVV95cUxQQ1hGdkw4UTFqY3ktNFcwU1plcnVCMVRmdnhOSHZ5Q05vdDlWaVlzQzN3aVpmaUlaZ3cxNnEwQ1VNZ1dRZ2xfLTRqVG80NkhpS3VKb2xmb25RR19PaFczMjBkck5TNm5EWkFkWi1GYkNPSkFqbEVpTEd4MmY4dkxGQ3FCbjR2cm9kY3JQUEM1WE5mRDIyMWlJUTFvb1JZTmtVczNCNWlXbUJFMmFvcHRzVTBlTQ?oc=5,600519,"申请茅台高价股跨行业收购优质超跌长信科技地板价趴着，题材概念加入国产替代、科技创新股价翻倍更轻松！ - 东方财富. <a href=""https://news.google.com/rss/articles/CBMiswFBVV95cUxQQ1hGdkw4UTFqY3ktNFcwU1plcnVCMVRmdnhOSHZ5Q05vdDlWaVlzQzN3aVpmaUlaZ3cxNnEwQ1VNZ1dRZ2xfLTRqVG80NkhpS3VKb2xmb25RR19PaFczMjBkck5TNm5EWkFkWi1GYkNPSkFqbEVpTEd4MmY4dkxGQ3FCbjR2cm9kY3JQUEM1WE5mRDIyMWlJUTFvb1JZTmtVczNCNWlXbUJFMmFvcHRzVTBlTQ?oc=5"" target=""_blank"">申请茅台高价股跨行业收购优质超跌长信科技地板价趴着，题材概念加入国产替代、科技创新股价翻倍更轻松！</a>&nbsp;&nbsp;<font color=""#6f6f6f"">东方财富</font>",neutral,0.018550467
2026-04-09,2026-04-09T10:06:57+00:00,600519.SH,"""贵州茅台"" - Google 新闻",飞天茅台告别1499元，释放什么信号？ - 新京报,"<a href=""https://news.google.com/rss/articles/CBMiYkFVX3lxTE5tandkaFlEMU1qWGl4SUFhQWFVSV9mRl9nMGltVm1TeHdMZGxSS0Zzd2U3THViUnpIdDVPdDNDeWo0aG5LRUliUTBLSGJ2d00xcE50aHhBRnhmSnRJMFRLQUxR?oc=5"" target=""_blank"">飞天茅台告别1499元，释放什么信号？</a>&nbsp;&nbsp;<font color=""#6f6f6f"">新京报</font>",https://news.google.com/rss/articles/CBMiYkFVX3lxTE5tandkaFlEMU1qWGl4SUFhQWFVSV9mRl9nMGltVm1TeHdMZGxSS0Zzd2U3THViUnpIdDVPdDNDeWo0aG5LRUliUTBLSGJ2d00xcE50aHhBRnhmSnRJMFRLQUxR?oc=5,贵州茅台,"飞天茅台告别1499元，释放什么信号？ - 新京报. <a href=""https://news.google.com/rss/articles/CBMiYkFVX3lxTE5tandkaFlEMU1qWGl4SUFhQWFVSV9mRl9nMGltVm1TeHdMZGxSS0Zzd2U3THViUnpIdDVPdDNDeWo0aG5LRUliUTBLSGJ2d00xcE50aHhBRnhmSnRJMFRLQUxR?oc=5"" target=""_blank"">飞天茅台告别1499元，释放什么信号？</a>&nbsp;&nbsp;<font color=""#6f6f6f"">新京报</font>",neutral,0.024892077
2026-04-13,2026-04-13T07:00:00+00:00,600519.SH,"""贵州茅台"" - Google 新闻",总经理王莉被带走调查？贵州茅台回应：工作安排外出学习两个月，将于5月初返回 - thepaper.cn,"<a href=""https://news.google.com/rss/articles/CBMiXkFVX3lxTE5HeHhscGQzODBFQXlfdGhuZC1uUHFpVkhRcXR1Mk80a3FjVVZob0pqdlJNbFFJcmtGSXlJZkNyYXJNNktuQW1rQ19qcEQxaloyRlRnd2d1Sm80Z0c3WkE?oc=5"" target=""_blank"">总经理王莉被带走调查？贵州茅台回应：工作安排外出学习两个月，将于5月初返回</a>&nbsp;&nbsp;<font color=""#6f6f6f"">thepaper.cn</font>",https://news.google.com/rss/articles/CBMiXkFVX3lxTE5HeHhscGQzODBFQXlfdGhuZC1uUHFpVkhRcXR1Mk80a3FjVVZob0pqdlJNbFFJcmtGSXlJZkNyYXJNNktuQW1rQ19qcEQxaloyRlRnd2d1Sm80Z0c3WkE?oc=5,贵州茅台,"总经理王莉被带走调查？贵州茅台回应：工作安排外出学习两个月，将于5月初返回 - thepaper.cn. <a href=""https://news.google.com/rss/articles/CBMiXkFVX3lxTE5HeHhscGQzODBFQXlfdGhuZC1uUHFpVkhRcXR1Mk80a3FjVVZob0pqdlJNbFFJcmtGSXlJZkNyYXJNNktuQW1rQ19qcEQxaloyRlRnd2d1Sm80Z0c3WkE?oc=5"" target=""_blank"">总经理王莉被带走调查？贵州茅台回应：工作安排外出学习两个月，将于5月初返回</a>&nbsp;&nbsp;<font color=""#6f6f6f"">thepaper.cn</font>",neutral,0.022705114
2026-04-13,2026-04-13T07:00:00+00:00,600519.SH,"""贵州茅台"" - Google 新闻",茅台总经理王莉“失联”？公司回应 - 证券时报,"<a href=""https://news.google.com/rss/articles/CBMiXEFVX3lxTFB6aHdiMmhMM0NndnhSQ3QyX1paa1BqbXNZMGZjSVB4NWhyVTdRdngwT3luUUZnNU8wM3RVQzVqOWdPZ0lZZlBwc0hWd09CMWs3YmtXN0QyVzlzSko3?oc=5"" target=""_blank"">茅台总经理王莉“失联”？公司回应</a>&nbsp;&nbsp;<font color=""#6f6f6f"">证券时报</font>",https://news.google.com/rss/articles/CBMiXEFVX3lxTFB6aHdiMmhMM0NndnhSQ3QyX1paa1BqbXNZMGZjSVB4NWhyVTdRdngwT3luUUZnNU8wM3RVQzVqOWdPZ0lZZlBwc0hWd09CMWs3YmtXN0QyVzlzSko3?oc=5,贵州茅台,"茅台总经理王莉“失联”？公司回应 - 证券时报. <a href=""https://news.google.com/rss/articles/CBMiXEFVX3lxTFB6aHdiMmhMM0NndnhSQ3QyX1paa1BqbXNZMGZjSVB4NWhyVTdRdngwT3luUUZnNU8wM3RVQzVqOWdPZ0lZZlBwc0hWd09CMWs3YmtXN0QyVzlzSko3?oc=5"" target=""_blank"">茅台总经理王莉“失联”？公司回应</a>&nbsp;&nbsp;<font color=""#6f6f6f"">证券时报</font>",neutral,0.032065075
2026-04-13,2026-04-13T07:00:00+00:00,600519.SH,"""贵州茅台"" - Google 新闻",茅台首位女总经理被带走？官方回应 - 观察者,"<a href=""https://news.google.com/rss/articles/CBMiZEFVX3lxTE15WFdoNVFZQWkzOXJHVUktWDQ5aUw2TjhKSGpsaElOenhrM0tWdnBZUVRPM2plckN4Y1pmZWVldFJTWkJCVklweW1kRWxyZTR4ZkFGVHFvVVB1LWgtQmlGYnpJZ0o?oc=5"" target=""_blank"">茅台首位女总经理被带走？官方回应</a>&nbsp;&nbsp;<font color=""#6f6f6f"">观察者</font>",https://news.google.com/rss/articles/CBMiZEFVX3lxTE15WFdoNVFZQWkzOXJHVUktWDQ5aUw2TjhKSGpsaElOenhrM0tWdnBZUVRPM2plckN4Y1pmZWVldFJTWkJCVklweW1kRWxyZTR4ZkFGVHFvVVB1LWgtQmlGYnpJZ0o?oc=5,贵州茅台,"茅台首位女总经理被带走？官方回应 - 观察者. <a href=""https://news.google.com/rss/articles/CBMiZEFVX3lxTE15WFdoNVFZQWkzOXJHVUktWDQ5aUw2TjhKSGpsaElOenhrM0tWdnBZUVRPM2plckN4Y1pmZWVldFJTWkJCVklweW1kRWxyZTR4ZkFGVHFvVVB1LWgtQmlGYnpJZ0o?oc=5"" target=""_blank"">茅台首位女总经理被带走？官方回应</a>&nbsp;&nbsp;<font color=""#6f6f6f"">观察者</font>",neutral,0.018406782
2026-04-14,2026-04-14T07:00:00+00:00,600519.SH,"""贵州茅台"" - Google 新闻",贵州茅台：聘任余思明为财务总监，代行董秘职责 - thepaper.cn,"<a href=""https://news.google.com/rss/articles/CBMiXkFVX3lxTE5PdW5uZ1l2Z0R3VDVOWkhMcWVlQ29Fc0FnTXAxdi1FcEdpbnFFSG93RllQUE1HQ2ZOYWZxYy1mclFFelIwY3RVdUJrVUhQbzFXbnNRUlVBR2V6UnhMQWc?oc=5"" target=""_blank"">贵州茅台：聘任余思明为财务总监，代行董秘职责</a>&nbsp;&nbsp;<font color=""#6f6f6f"">thepaper.cn</font>",https://news.google.com/rss/articles/CBMiXkFVX3lxTE5PdW5uZ1l2Z0R3VDVOWkhMcWVlQ29Fc0FnTXAxdi1FcEdpbnFFSG93RllQUE1HQ2ZOYWZxYy1mclFFelIwY3RVdUJrVUhQbzFXbnNRUlVBR2V6UnhMQWc?oc=5,贵州茅台,"贵州茅台：聘任余思明为财务总监，代行董秘职责 - thepaper.cn. <a href=""https://news.google.com/rss/articles/CBMiXkFVX3lxTE5PdW5uZ1l2Z0R3VDVOWkhMcWVlQ29Fc0FnTXAxdi1FcEdpbnFFSG93RllQUE1HQ2ZOYWZxYy1mclFFelIwY3RVdUJrVUhQbzFXbnNRUlVBR2V6UnhMQWc?oc=5"" target=""_blank"">贵州茅台：聘任余思明为财务总监，代行董秘职责</a>&nbsp;&nbsp;<font color=""#6f6f6f"">thepaper.cn</font>",neutral,0.0026365295
2026-04-14,2026-04-14T07:00:00+00:00,600519.SH,"""600519"" - Google 新闻",茅台公告聘任余思明为公司财务总监，并指定余思明代行董事会秘书职责 - 新浪网,"<a href=""https://news.google.com/rss/articles/CBMiY0FVX3lxTE5zcXFTamV6ZGd6QlJweTJlUUQ4RHA4UzFELTRHaktKMThpT3RDQkxTWHZFTkhEaWt0X3lQTkVLdFZ6SjVhX0tVMGZKM0FsTlBVRncyci1PZVc3V3lLWWFkUTlFTQ?oc=5"" target=""_blank"">茅台公告聘任余思明为公司财务总监，并指定余思明代行董事会秘书职责</a>&nbsp;&nbsp;<font color=""#6f6f6f"">新浪网</font>",https://news.google.com/rss/articles/CBMiY0FVX3lxTE5zcXFTamV6ZGd6QlJweTJlUUQ4RHA4UzFELTRHaktKMThpT3RDQkxTWHZFTkhEaWt0X3lQTkVLdFZ6SjVhX0tVMGZKM0FsTlBVRncyci1PZVc3V3lLWWFkUTlFTQ?oc=5,600519,"茅台公告聘任余思明为公司财务总监，并指定余思明代行董事会秘书职责 - 新浪网. <a href=""https://news.google.com/rss/articles/CBMiY0FVX3lxTE5zcXFTamV6ZGd6QlJweTJlUUQ4RHA4UzFELTRHaktKMThpT3RDQkxTWHZFTkhEaWt0X3lQTkVLdFZ6SjVhX0tVMGZKM0FsTlBVRncyci1PZVc3V3lLWWFkUTlFTQ?oc=5"" target=""_blank"">茅台公告聘任余思明为公司财务总监，并指定余思明代行董事会秘书职责</a>&nbsp;&nbsp;<font color=""#6f6f6f"">新浪网</font>",neutral,0.027482532
2026-04-14,2026-04-14T07:00:00+00:00,600519.SH,"""600519"" - Google 新闻",贵州茅台聘任余思明_新浪新闻 - 新浪网,"<a href=""https://news.google.com/rss/articles/CBMiY0FVX3lxTE0wZTRpa1NZQ245ZzZObGZDWUl3dFJhenJzOU01RWdBN1l2Snp1TG85SUxGb0taZUt5emtKcFdQZ2YyQWNjeGVCN21wM1BnelZWb2oyNHlyTGtwd0F3LWJoMFNYUQ?oc=5"" target=""_blank"">贵州茅台聘任余思明_新浪新闻</a>&nbsp;&nbsp;<font color=""#6f6f6f"">新浪网</font>",https://news.google.com/rss/articles/CBMiY0FVX3lxTE0wZTRpa1NZQ245ZzZObGZDWUl3dFJhenJzOU01RWdBN1l2Snp1TG85SUxGb0taZUt5emtKcFdQZ2YyQWNjeGVCN21wM1BnelZWb2oyNHlyTGtwd0F3LWJoMFNYUQ?oc=5,600519,"贵州茅台聘任余思明_新浪新闻 - 新浪网. <a href=""https://news.google.com/rss/articles/CBMiY0FVX3lxTE0wZTRpa1NZQ245ZzZObGZDWUl3dFJhenJzOU01RWdBN1l2Snp1TG85SUxGb0taZUt5emtKcFdQZ2YyQWNjeGVCN21wM1BnelZWb2oyNHlyTGtwd0F3LWJoMFNYUQ?oc=5"" target=""_blank"">贵州茅台聘任余思明_新浪新闻</a>&nbsp;&nbsp;<font color=""#6f6f6f"">新浪网</font>",neutral,0.016327966
2026-04-14,2026-04-14T13:35:00+00:00,600519.SH,贵州茅台 - Bing新聞,贵州茅台前高管蒋焰被查满月 余思明获聘财务总监并代行董秘,4月14日，贵州茅台(600519)召开董事会会议，全票审议通过了《关于聘任高级管理人员的议案》。 根据公告显示，贵州茅台董事会决定聘任余思明为公司财务总监，并指定余思明代行董事会秘书 ...,http://www.bing.com/news/apiclick.aspx?ref=FexRss&aid=&tid=69fb16cbabed4f7ca7e8ada320dc7212&url=https%3a%2f%2fwww.stcn.com%2farticle%2fdetail%2f3748640.html&c=18393101133052896074&mkt=zh-tw,贵州茅台,贵州茅台前高管蒋焰被查满月 余思明获聘财务总监并代行董秘. 4月14日，贵州茅台(600519)召开董事会会议，全票审议通过了《关于聘任高级管理人员的议案》。 根据公告显示，贵州茅台董事会决定聘任余思明为公司财务总监，并指定余思明代行董事会秘书 ...,neutral,0.059699647
2026-04-15,2026-04-15T07:00:00+00:00,600519.SH,"""Kweichow Moutai"" - Google News",Nordic Baijiu Market Set for Premium Spirits Boom | Kweichow - openPR.com,"<a href=""https://news.google.com/rss/articles/CBMimgFBVV95cUxNSWZpUEJnSnRwSTdDZjNobEdpLVBvckloSmVBbnBSTExUMDFDNzMzVmVzMWszdDVmdWpOZ0IxdFFpWWp5eVJoNHB5X0JmaE9NdHFrU2REYWcxLVVQS29YNzhMRVZZZnJubzZZNDRkZFFhb09YaWV1WVN0UUp0dDBTQU5mQWZObVppRUpPSUg5SlI0MVRXY3JRZmpR?oc=5"" target=""_blank"">Nordic Baijiu Market Set for Premium Spirits Boom | Kweichow</a>&nbsp;&nbsp;<font color=""#6f6f6f"">openPR.com</font>",https://news.google.com/rss/articles/CBMimgFBVV95cUxNSWZpUEJnSnRwSTdDZjNobEdpLVBvckloSmVBbnBSTExUMDFDNzMzVmVzMWszdDVmdWpOZ0IxdFFpWWp5eVJoNHB5X0JmaE9NdHFrU2REYWcxLVVQS29YNzhMRVZZZnJubzZZNDRkZFFhb09YaWV1WVN0UUp0dDBTQU5mQWZObVppRUpPSUg5SlI0MVRXY3JRZmpR?oc=5,Kweichow Moutai,"Nordic Baijiu Market Set for Premium Spirits Boom | Kweichow - openPR.com. <a href=""https://news.google.com/rss/articles/CBMimgFBVV95cUxNSWZpUEJnSnRwSTdDZjNobEdpLVBvckloSmVBbnBSTExUMDFDNzMzVmVzMWszdDVmdWpOZ0IxdFFpWWp5eVJoNHB5X0JmaE9NdHFrU2REYWcxLVVQS29YNzhMRVZZZnJubzZZNDRkZFFhb09YaWV1WVN0UUp0dDBTQU5mQWZObVppRUpPSUg5SlI0MVRXY3JRZmpR?oc=5"" target=""_blank"">Nordic Baijiu Market Set for Premium Spirits Boom | Kweichow</a>&nbsp;&nbsp;<font color=""#6f6f6f"">openPR.com</font>",neutral,0.079636075
2026-04-15,2026-04-15T11:53:15+00:00,600519.SH,"""600519"" - Google 新闻",股票行情快报：贵州茅台（600519）4月15日主力资金净买入4.39亿元_主力研究 - 证券之星,"<a href=""https://news.google.com/rss/articles/CBMiYkFVX3lxTE52ZENSX2F2RzZmUVdQM0x5dDlkTzFQRmxtMWUwSkNQRnNwWEJEVVFkTVpMQ0tiakZMcy1Tb3hNeDc1czlIVGJwaFNibGhZVXJkNTVSdTBqckEwcTI0MVFlSjV3?oc=5"" target=""_blank"">股票行情快报：贵州茅台（600519）4月15日主力资金净买入4.39亿元_主力研究</a>&nbsp;&nbsp;<font color=""#6f6f6f"">证券之星</font>",https://news.google.com/rss/articles/CBMiYkFVX3lxTE52ZENSX2F2RzZmUVdQM0x5dDlkTzFQRmxtMWUwSkNQRnNwWEJEVVFkTVpMQ0tiakZMcy1Tb3hNeDc1czlIVGJwaFNibGhZVXJkNTVSdTBqckEwcTI0MVFlSjV3?oc=5,600519,"股票行情快报：贵州茅台（600519）4月15日主力资金净买入4.39亿元_主力研究 - 证券之星. <a href=""https://news.google.com/rss/articles/CBMiYkFVX3lxTE52ZENSX2F2RzZmUVdQM0x5dDlkTzFQRmxtMWUwSkNQRnNwWEJEVVFkTVpMQ0tiakZMcy1Tb3hNeDc1czlIVGJwaFNibGhZVXJkNTVSdTBqckEwcTI0MVFlSjV3?oc=5"" target=""_blank"">股票行情快报：贵州茅台（600519）4月15日主力资金净买入4.39亿元_主力研究</a>&nbsp;&nbsp;<font color=""#6f6f6f"">证券之星</font>",neutral,0.021324726
2026-04-16,2026-04-16T07:00:00+00:00,600519.SH,"""Kweichow Moutai"" - Google News",China’s Kweichow Moutai shares slip on soft FY earnings - Investing.com,"<a href=""https://news.google.com/rss/articles/CBMisAFBVV95cUxQaWdiOGZoMEhlQk9RZW9zTTFiQnhKN3FhZkFiQXRiVm44bG5iUV8ycktHNFdwaDNNdFpYajhzWnE0ZUV2UDZ3cm5YcWtfTWRybkt2a2JQSHNWQVVBQmEybDdZTWRPZExJN0FuUElUd0xJNWItNjZDdndUenBFbzJwWDNSQnhMQjN1MFhyUDR5em5pNmVsS05wQVBLbHZnU1BOTC1aRUhhbl9OUV9jQXZjLQ?oc=5"" target=""_blank"">China’s Kweichow Moutai shares slip on soft FY earnings</a>&nbsp;&nbsp;<font color=""#6f6f6f"">Investing.com</font>",https://news.google.com/rss/articles/CBMisAFBVV95cUxQaWdiOGZoMEhlQk9RZW9zTTFiQnhKN3FhZkFiQXRiVm44bG5iUV8ycktHNFdwaDNNdFpYajhzWnE0ZUV2UDZ3cm5YcWtfTWRybkt2a2JQSHNWQVVBQmEybDdZTWRPZExJN0FuUElUd0xJNWItNjZDdndUenBFbzJwWDNSQnhMQjN1MFhyUDR5em5pNmVsS05wQVBLbHZnU1BOTC1aRUhhbl9OUV9jQXZjLQ?oc=5,Kweichow Moutai,"China’s Kweichow Moutai shares slip on soft FY earnings - Investing.com. <a href=""https://news.google.com/rss/articles/CBMisAFBVV95cUxQaWdiOGZoMEhlQk9RZW9zTTFiQnhKN3FhZkFiQXRiVm44bG5iUV8ycktHNFdwaDNNdFpYajhzWnE0ZUV2UDZ3cm5YcWtfTWRybkt2a2JQSHNWQVVBQmEybDdZTWRPZExJN0FuUElUd0xJNWItNjZDdndUenBFbzJwWDNSQnhMQjN1MFhyUDR5em5pNmVsS05wQVBLbHZnU1BOTC1aRUhhbl9OUV9jQXZjLQ?oc=5"" target=""_blank"">China’s Kweichow Moutai shares slip on soft FY earnings</a>&nbsp;&nbsp;<font color=""#6f6f6f"">Investing.com</font>",negative,-0.9584027
2026-04-16,2026-04-16T07:00:00+00:00,600519.SH,"""Kweichow Moutai"" - Google News",Kweichow Moutai's 2025 Net Profit Down 4.5% - TradingView,"<a href=""https://news.google.com/rss/articles/CBMisgFBVV95cUxNZGhPc2pnaDhuTUhkMWFGbFZXcEJ4UjhSWl80VlFqWjY5YlBMWFVBVXJxaG9ZY3hGdWhtaFE4RmgyUTBmclgxUnJuOUJRRUxmcHBzWjdrNEJrUXpONEhWQi00aTZaY3Q0emd1Sl9YQWRqTHZ6QmplNTJzMzZYdTBmcjBkbEV3Qlk0aE1DTGRrMGNuc25XU2NkaUtEMm9NYkRoRGY4M09OQUgxeHU3bURrQ1dB?oc=5"" target=""_blank"">Kweichow Moutai's 2025 Net Profit Down 4.5%</a>&nbsp;&nbsp;<font color=""#6f6f6f"">TradingView</font>",https://news.google.com/rss/articles/CBMisgFBVV95cUxNZGhPc2pnaDhuTUhkMWFGbFZXcEJ4UjhSWl80VlFqWjY5YlBMWFVBVXJxaG9ZY3hGdWhtaFE4RmgyUTBmclgxUnJuOUJRRUxmcHBzWjdrNEJrUXpONEhWQi00aTZaY3Q0emd1Sl9YQWRqTHZ6QmplNTJzMzZYdTBmcjBkbEV3Qlk0aE1DTGRrMGNuc25XU2NkaUtEMm9NYkRoRGY4M09OQUgxeHU3bURrQ1dB?oc=5,Kweichow Moutai,"Kweichow Moutai's 2025 Net Profit Down 4.5% - TradingView. <a href=""https://news.google.com/rss/articles/CBMisgFBVV95cUxNZGhPc2pnaDhuTUhkMWFGbFZXcEJ4UjhSWl80VlFqWjY5YlBMWFVBVXJxaG9ZY3hGdWhtaFE4RmgyUTBmclgxUnJuOUJRRUxmcHBzWjdrNEJrUXpONEhWQi00aTZaY3Q0emd1Sl9YQWRqTHZ6QmplNTJzMzZYdTBmcjBkbEV3Qlk0aE1DTGRrMGNuc25XU2NkaUtEMm9NYkRoRGY4M09OQUgxeHU3bURrQ1dB?oc=5"" target=""_blank"">Kweichow Moutai's 2025 Net Profit Down 4.5%</a>&nbsp;&nbsp;<font color=""#6f6f6f"">TradingView</font>",negative,-0.96507573
2026-04-16,2026-04-16T07:00:00+00:00,600519.SH,"""Kweichow Moutai"" - Google News",Kweichow Moutai Reset Its Operations in 2025 -- Market Talk - Moomoo,"<a href=""https://news.google.com/rss/articles/CBMinwFBVV95cUxOZ2xEdy11aFhzMmV6U0pOUVNmdHBHMzlUbVpjZ2NlcXl1VmFhYWVYbjg1QUR1Vjh5cmZyZHhXam5EdVc0bTlQakZrcVNRXzVHa0lJSGc4azRCZDJQSzg2Wks2U1hNZ3JVdGlXUjRyUnp2WEJaVTV6YnBFUFdfQms0TmV4VkFQa0Qzem5ZdFNqYnE1eTdSRGw4NXhWTDR2Sms?oc=5"" target=""_blank"">Kweichow Moutai Reset Its Operations in 2025 -- Market Talk</a>&nbsp;&nbsp;<font color=""#6f6f6f"">Moomoo</font>",https://news.google.com/rss/articles/CBMinwFBVV95cUxOZ2xEdy11aFhzMmV6U0pOUVNmdHBHMzlUbVpjZ2NlcXl1VmFhYWVYbjg1QUR1Vjh5cmZyZHhXam5EdVc0bTlQakZrcVNRXzVHa0lJSGc4azRCZDJQSzg2Wks2U1hNZ3JVdGlXUjRyUnp2WEJaVTV6YnBFUFdfQms0TmV4VkFQa0Qzem5ZdFNqYnE1eTdSRGw4NXhWTDR2Sms?oc=5,Kweichow Moutai,"Kweichow Moutai Reset Its Operations in 2025 -- Market Talk - Moomoo. <a href=""https://news.google.com/rss/articles/CBMinwFBVV95cUxOZ2xEdy11aFhzMmV6U0pOUVNmdHBHMzlUbVpjZ2NlcXl1VmFhYWVYbjg1QUR1Vjh5cmZyZHhXam5EdVc0bTlQakZrcVNRXzVHa0lJSGc4azRCZDJQSzg2Wks2U1hNZ3JVdGlXUjRyUnp2WEJaVTV6YnBFUFdfQms0TmV4VkFQa0Qzem5ZdFNqYnE1eTdSRGw4NXhWTDR2Sms?oc=5"" target=""_blank"">Kweichow Moutai Reset Its Operations in 2025 -- Market Talk</a>&nbsp;&nbsp;<font color=""#6f6f6f"">Moomoo</font>",neutral,-0.14280674
2026-04-16,2026-04-16T07:00:00+00:00,600519.SH,"""Kweichow Moutai"" - Google News",Kweichow Moutai 2025 Profit Down 5%; Shares Slide 4% - marketscreener.com,"<a href=""https://news.google.com/rss/articles/CBMipAFBVV95cUxQRUE1ZWQtTHQzQjJYcXYtWndFd25xbTZUVjlEN2lPSEx2YVFNeWRLWGloYUMxUnEzM2lrSTNHTkI2Mm44TnJQR0xQeGkzS2hFVlAzbWRUUU5sUlI3QVI5ZzRHZm9HQzAwUS15N0FnUE9vR0YxcnZfLXMwWXdpb0Izdjg1TUcxT084TjVaZFVkZUppcldMNkJHWDNHekZTOTZ4RWl2bA?oc=5"" target=""_blank"">Kweichow Moutai 2025 Profit Down 5%; Shares Slide 4%</a>&nbsp;&nbsp;<font color=""#6f6f6f"">marketscreener.com</font>",https://news.google.com/rss/articles/CBMipAFBVV95cUxQRUE1ZWQtTHQzQjJYcXYtWndFd25xbTZUVjlEN2lPSEx2YVFNeWRLWGloYUMxUnEzM2lrSTNHTkI2Mm44TnJQR0xQeGkzS2hFVlAzbWRUUU5sUlI3QVI5ZzRHZm9HQzAwUS15N0FnUE9vR0YxcnZfLXMwWXdpb0Izdjg1TUcxT084TjVaZFVkZUppcldMNkJHWDNHekZTOTZ4RWl2bA?oc=5,Kweichow Moutai,"Kweichow Moutai 2025 Profit Down 5%; Shares Slide 4% - marketscreener.com. <a href=""https://news.google.com/rss/articles/CBMipAFBVV95cUxQRUE1ZWQtTHQzQjJYcXYtWndFd25xbTZUVjlEN2lPSEx2YVFNeWRLWGloYUMxUnEzM2lrSTNHTkI2Mm44TnJQR0xQeGkzS2hFVlAzbWRUUU5sUlI3QVI5ZzRHZm9HQzAwUS15N0FnUE9vR0YxcnZfLXMwWXdpb0Izdjg1TUcxT084TjVaZFVkZUppcldMNkJHWDNHekZTOTZ4RWl2bA?oc=5"" target=""_blank"">Kweichow Moutai 2025 Profit Down 5%; Shares Slide 4%</a>&nbsp;&nbsp;<font color=""#6f6f6f"">marketscreener.com</font>",negative,-0.96215475
2026-04-16,2026-04-16T07:00:00+00:00,600519.SH,"""Kweichow Moutai"" - Google 新闻",大行评级丨花旗：贵州茅台在2025年重整业务 维持“买入”级 - Moomoo,"<a href=""https://news.google.com/rss/articles/CBMiU0FVX3lxTE1LMUNOR2pPcUpGTDQyaWYtYmRxUzM4a1JPVjF4LW40TDgtWmhDZDYzbVcza3A0TkNWQWRyUkdKbjZITVFtTGl1S2w1UzJnWUdSeDNV?oc=5"" target=""_blank"">大行评级丨花旗：贵州茅台在2025年重整业务 维持“买入”级</a>&nbsp;&nbsp;<font color=""#6f6f6f"">Moomoo</font>",https://news.google.com/rss/articles/CBMiU0FVX3lxTE1LMUNOR2pPcUpGTDQyaWYtYmRxUzM4a1JPVjF4LW40TDgtWmhDZDYzbVcza3A0TkNWQWRyUkdKbjZITVFtTGl1S2w1UzJnWUdSeDNV?oc=5,Kweichow Moutai,"大行评级丨花旗：贵州茅台在2025年重整业务 维持“买入”级 - Moomoo. <a href=""https://news.google.com/rss/articles/CBMiU0FVX3lxTE1LMUNOR2pPcUpGTDQyaWYtYmRxUzM4a1JPVjF4LW40TDgtWmhDZDYzbVcza3A0TkNWQWRyUkdKbjZITVFtTGl1S2w1UzJnWUdSeDNV?oc=5"" target=""_blank"">大行评级丨花旗：贵州茅台在2025年重整业务 维持“买入”级</a>&nbsp;&nbsp;<font color=""#6f6f6f"">Moomoo</font>",neutral,0.024341162
2026-04-16,2026-04-16T07:00:00+00:00,600519.SH,"""贵州茅台"" - Google 新闻",贵州茅台去年净利823.2亿元，同比下降4.53% - thepaper.cn,"<a href=""https://news.google.com/rss/articles/CBMiXkFVX3lxTE5DdkFsR1FXVGIyanJjWmpXMHBjSEhfYk40cFBnWC1lbjZVVWpTM2NIeDQ5OVRzbVowdy1FS1d5YjJNaUFUcy1jVHBCRXc0U0R6UGdTdTh3cVBHTUdpemc?oc=5"" target=""_blank"">贵州茅台去年净利823.2亿元，同比下降4.53%</a>&nbsp;&nbsp;<font color=""#6f6f6f"">thepaper.cn</font>",https://news.google.com/rss/articles/CBMiXkFVX3lxTE5DdkFsR1FXVGIyanJjWmpXMHBjSEhfYk40cFBnWC1lbjZVVWpTM2NIeDQ5OVRzbVowdy1FS1d5YjJNaUFUcy1jVHBCRXc0U0R6UGdTdTh3cVBHTUdpemc?oc=5,贵州茅台,"贵州茅台去年净利823.2亿元，同比下降4.53% - thepaper.cn. <a href=""https://news.google.com/rss/articles/CBMiXkFVX3lxTE5DdkFsR1FXVGIyanJjWmpXMHBjSEhfYk40cFBnWC1lbjZVVWpTM2NIeDQ5OVRzbVowdy1FS1d5YjJNaUFUcy1jVHBCRXc0U0R6UGdTdTh3cVBHTUdpemc?oc=5"" target=""_blank"">贵州茅台去年净利823.2亿元，同比下降4.53%</a>&nbsp;&nbsp;<font color=""#6f6f6f"">thepaper.cn</font>",neutral,0.012932099
2026-04-16,2026-04-16T07:00:00+00:00,600519.SH,"""贵州茅台"" - Google 新闻",贵州茅台，营收、利润双降 - 东方财富,"<a href=""https://news.google.com/rss/articles/CBMiYEFVX3lxTE14cUtCbml6SjlPUngyTEZtX2VyTm9HdzROdFB0SHpiaGUxSVhpUGJiWmdEM0hYeHdZdzk2MU9TR2FKR0d3MXNhWHdONjVCZU04NFR3Ul91dnNqdnVnX0NQYg?oc=5"" target=""_blank"">贵州茅台，营收、利润双降</a>&nbsp;&nbsp;<font color=""#6f6f6f"">东方财富</font>",https://news.google.com/rss/articles/CBMiYEFVX3lxTE14cUtCbml6SjlPUngyTEZtX2VyTm9HdzROdFB0SHpiaGUxSVhpUGJiWmdEM0hYeHdZdzk2MU9TR2FKR0d3MXNhWHdONjVCZU04NFR3Ul91dnNqdnVnX0NQYg?oc=5,贵州茅台,"贵州茅台，营收、利润双降 - 东方财富. <a href=""https://news.google.com/rss/articles/CBMiYEFVX3lxTE14cUtCbml6SjlPUngyTEZtX2VyTm9HdzROdFB0SHpiaGUxSVhpUGJiWmdEM0hYeHdZdzk2MU9TR2FKR0d3MXNhWHdONjVCZU04NFR3Ul91dnNqdnVnX0NQYg?oc=5"" target=""_blank"">贵州茅台，营收、利润双降</a>&nbsp;&nbsp;<font color=""#6f6f6f"">东方财富</font>",neutral,0.0041505806
2026-04-16,2026-04-16T07:00:00+00:00,600519.SH,"""贵州茅台"" - Google 新闻",贵州茅台：2025年净利润823.20亿元，同比减少4.53% - 东方财富,"<a href=""https://news.google.com/rss/articles/CBMiYEFVX3lxTE90cktwRThjT2t6QmhiOVhBNmozRzBneGhyeDR3dC12TkRMRXpubTRzMjc5MldrcWlNWHNCcjhyTGVpMlBSZENmbktxRGJPT0diNTZFcWI5LWw2Z3dLUkQ5aA?oc=5"" target=""_blank"">贵州茅台：2025年净利润823.20亿元，同比减少4.53%</a>&nbsp;&nbsp;<font color=""#6f6f6f"">东方财富</font>",https://news.google.com/rss/articles/CBMiYEFVX3lxTE90cktwRThjT2t6QmhiOVhBNmozRzBneGhyeDR3dC12TkRMRXpubTRzMjc5MldrcWlNWHNCcjhyTGVpMlBSZENmbktxRGJPT0diNTZFcWI5LWw2Z3dLUkQ5aA?oc=5,贵州茅台,"贵州茅台：2025年净利润823.20亿元，同比减少4.53% - 东方财富. <a href=""https://news.google.com/rss/articles/CBMiYEFVX3lxTE90cktwRThjT2t6QmhiOVhBNmozRzBneGhyeDR3dC12TkRMRXpubTRzMjc5MldrcWlNWHNCcjhyTGVpMlBSZENmbktxRGJPT0diNTZFcWI5LWw2Z3dLUkQ5aA?oc=5"" target=""_blank"">贵州茅台：2025年净利润823.20亿元，同比减少4.53%</a>&nbsp;&nbsp;<font color=""#6f6f6f"">东方财富</font>",neutral,0.026041958
2026-04-16,2026-04-16T07:00:00+00:00,600519.SH,"""贵州茅台"" - Google 新闻",贵州茅台2025年净利润下降4.53％ - 东方财富,"<a href=""https://news.google.com/rss/articles/CBMiYEFVX3lxTE43akxoYVdkazY0NXhsWXlTQXFidU9jMS1lQTB2dHQ0SDdoeDR5dTZSNnJxWTdyYkJ1MzZTWWJSSDBzOFRoZGs1eXcxazc1NmxBWklsSWprdkt3czFwQWJ1Ug?oc=5"" target=""_blank"">贵州茅台2025年净利润下降4.53％</a>&nbsp;&nbsp;<font color=""#6f6f6f"">东方财富</font>",https://news.google.com/rss/articles/CBMiYEFVX3lxTE43akxoYVdkazY0NXhsWXlTQXFidU9jMS1lQTB2dHQ0SDdoeDR5dTZSNnJxWTdyYkJ1MzZTWWJSSDBzOFRoZGs1eXcxazc1NmxBWklsSWprdkt3czFwQWJ1Ug?oc=5,贵州茅台,"贵州茅台2025年净利润下降4.53％ - 东方财富. <a href=""https://news.google.com/rss/articles/CBMiYEFVX3lxTE43akxoYVdkazY0NXhsWXlTQXFidU9jMS1lQTB2dHQ0SDdoeDR5dTZSNnJxWTdyYkJ1MzZTWWJSSDBzOFRoZGs1eXcxazc1NmxBWklsSWprdkt3czFwQWJ1Ug?oc=5"" target=""_blank"">贵州茅台2025年净利润下降4.53％</a>&nbsp;&nbsp;<font color=""#6f6f6f"">东方财富</font>",neutral,0.01426661
2026-04-16,2026-04-16T07:00:00+00:00,600519.SH,"""贵州茅台"" - Google 新闻",贵州茅台上市以来首现年度营收下滑，分红创历史新高｜财报见闻 - 华尔街见闻,"<a href=""https://news.google.com/rss/articles/CBMiU0FVX3lxTE5fNTVYaDRFclpSQXB6TzJIOV9LVTRTWFRhNVlDNk40STBER1hRY1c2dUpPZm5DTVc4bVNmWkJEUkhrTVpkNXVHSmFpNE1mQTRpVlJZ?oc=5"" target=""_blank"">贵州茅台上市以来首现年度营收下滑，分红创历史新高｜财报见闻</a>&nbsp;&nbsp;<font color=""#6f6f6f"">华尔街见闻</font>",https://news.google.com/rss/articles/CBMiU0FVX3lxTE5fNTVYaDRFclpSQXB6TzJIOV9LVTRTWFRhNVlDNk40STBER1hRY1c2dUpPZm5DTVc4bVNmWkJEUkhrTVpkNXVHSmFpNE1mQTRpVlJZ?oc=5,贵州茅台,"贵州茅台上市以来首现年度营收下滑，分红创历史新高｜财报见闻 - 华尔街见闻. <a href=""https://news.google.com/rss/articles/CBMiU0FVX3lxTE5fNTVYaDRFclpSQXB6TzJIOV9LVTRTWFRhNVlDNk40STBER1hRY1c2dUpPZm5DTVc4bVNmWkJEUkhrTVpkNXVHSmFpNE1mQTRpVlJZ?oc=5"" target=""_blank"">贵州茅台上市以来首现年度营收下滑，分红创历史新高｜财报见闻</a>&nbsp;&nbsp;<font color=""#6f6f6f"">华尔街见闻</font>",neutral,0.009609554
2026-04-16,2026-04-16T07:00:00+00:00,600519.SH,"""600519"" - Google 新闻",股票行情快报：贵州茅台（600519）4月16日主力资金净买入1.88亿元_主力研究 - 证券之星,"<a href=""https://news.google.com/rss/articles/CBMiYEFVX3lxTE11THA5cVAzaTRKRWowU0l4NHBXbDBfUExMdGlGbnVodkNhS2h6MTY3UWpTekl5QUZDb2tyeHZLRjZ3Q0ZGaEY2UTJGbF9ZX0w3cWNiaGVZQllpVlNjcEUyVA?oc=5"" target=""_blank"">股票行情快报：贵州茅台（600519）4月16日主力资金净买入1.88亿元_主力研究</a>&nbsp;&nbsp;<font color=""#6f6f6f"">证券之星</font>",https://news.google.com/rss/articles/CBMiYEFVX3lxTE11THA5cVAzaTRKRWowU0l4NHBXbDBfUExMdGlGbnVodkNhS2h6MTY3UWpTekl5QUZDb2tyeHZLRjZ3Q0ZGaEY2UTJGbF9ZX0w3cWNiaGVZQllpVlNjcEUyVA?oc=5,600519,"股票行情快报：贵州茅台（600519）4月16日主力资金净买入1.88亿元_主力研究 - 证券之星. <a href=""https://news.google.com/rss/articles/CBMiYEFVX3lxTE11THA5cVAzaTRKRWowU0l4NHBXbDBfUExMdGlGbnVodkNhS2h6MTY3UWpTekl5QUZDb2tyeHZLRjZ3Q0ZGaEY2UTJGbF9ZX0w3cWNiaGVZQllpVlNjcEUyVA?oc=5"" target=""_blank"">股票行情快报：贵州茅台（600519）4月16日主力资金净买入1.88亿元_主力研究</a>&nbsp;&nbsp;<font color=""#6f6f6f"">证券之星</font>",neutral,0.023641612
2026-04-16,2026-04-16T16:20:57+00:00,600519.SH,"""600519"" - Google 新闻",贵州茅台(600519):贵州茅台董事会关于独立董事独立性评估的专项意见 - 中财网,"<a href=""https://news.google.com/rss/articles/CBMiVkFVX3lxTE1EeC1GWXlhc2w2cGNrRm8wYXRaYnhsR1k5MENfVk5QT0tBMlAwWTFmNEV2ZUJWb3JrVFhWTXhWd2d5YTg5LUpWVTYxOGJOeHp6QzM4a0NR?oc=5"" target=""_blank"">贵州茅台(600519):贵州茅台董事会关于独立董事独立性评估的专项意见</a>&nbsp;&nbsp;<font color=""#6f6f6f"">中财网</font>",https://news.google.com/rss/articles/CBMiVkFVX3lxTE1EeC1GWXlhc2w2cGNrRm8wYXRaYnhsR1k5MENfVk5QT0tBMlAwWTFmNEV2ZUJWb3JrVFhWTXhWd2d5YTg5LUpWVTYxOGJOeHp6QzM4a0NR?oc=5,600519,"贵州茅台(600519):贵州茅台董事会关于独立董事独立性评估的专项意见 - 中财网. <a href=""https://news.google.com/rss/articles/CBMiVkFVX3lxTE1EeC1GWXlhc2w2cGNrRm8wYXRaYnhsR1k5MENfVk5QT0tBMlAwWTFmNEV2ZUJWb3JrVFhWTXhWd2d5YTg5LUpWVTYxOGJOeHp6QzM4a0NR?oc=5"" target=""_blank"">贵州茅台(600519):贵州茅台董事会关于独立董事独立性评估的专项意见</a>&nbsp;&nbsp;<font color=""#6f6f6f"">中财网</font>",neutral,0.036577664
2026-04-16,2026-04-16T16:20:59+00:00,600519.SH,"""600519"" - Google 新闻",贵州茅台(600519):贵州茅台酒股份有限公司非经营性资金占用及其他关联资金往来情况的专项审计说明 - 中财网,"<a href=""https://news.google.com/rss/articles/CBMiVkFVX3lxTE5jVkliREU0TWc2bnh3MjVZV2ZRMFRCeEE3dUVXZXNpZGF5aTVMb3FjM09HaHFyNzJfUDF3NU5mTjREVm5mYW5zVE9UTDZVR003SDBQaU93?oc=5"" target=""_blank"">贵州茅台(600519):贵州茅台酒股份有限公司非经营性资金占用及其他关联资金往来情况的专项审计说明</a>&nbsp;&nbsp;<font color=""#6f6f6f"">中财网</font>",https://news.google.com/rss/articles/CBMiVkFVX3lxTE5jVkliREU0TWc2bnh3MjVZV2ZRMFRCeEE3dUVXZXNpZGF5aTVMb3FjM09HaHFyNzJfUDF3NU5mTjREVm5mYW5zVE9UTDZVR003SDBQaU93?oc=5,600519,"贵州茅台(600519):贵州茅台酒股份有限公司非经营性资金占用及其他关联资金往来情况的专项审计说明 - 中财网. <a href=""https://news.google.com/rss/articles/CBMiVkFVX3lxTE5jVkliREU0TWc2bnh3MjVZV2ZRMFRCeEE3dUVXZXNpZGF5aTVMb3FjM09HaHFyNzJfUDF3NU5mTjREVm5mYW5zVE9UTDZVR003SDBQaU93?oc=5"" target=""_blank"">贵州茅台(600519):贵州茅台酒股份有限公司非经营性资金占用及其他关联资金往来情况的专项审计说明</a>&nbsp;&nbsp;<font color=""#6f6f6f"">中财网</font>",neutral,0.028383272
2026-04-16,2026-04-16T16:21:02+00:00,600519.SH,"""600519"" - Google 新闻",贵州茅台(600519):贵州茅台2025年环境、社会及治理（ESG）报告 - 中财网,"<a href=""https://news.google.com/rss/articles/CBMiVkFVX3lxTE1SMVpzSm5jN0U1MWl6T1dRRUJRWWVobUhwOGZoZnBPcm9qSjRzS1BfVlBoc3JMekk2YXEwVC1rWlJ1Z3ZwdUN3NFJJanhSbUwtZkJaMEpn?oc=5"" target=""_blank"">贵州茅台(600519):贵州茅台2025年环境、社会及治理（ESG）报告</a>&nbsp;&nbsp;<font color=""#6f6f6f"">中财网</font>",https://news.google.com/rss/articles/CBMiVkFVX3lxTE1SMVpzSm5jN0U1MWl6T1dRRUJRWWVobUhwOGZoZnBPcm9qSjRzS1BfVlBoc3JMekk2YXEwVC1rWlJ1Z3ZwdUN3NFJJanhSbUwtZkJaMEpn?oc=5,600519,"贵州茅台(600519):贵州茅台2025年环境、社会及治理（ESG）报告 - 中财网. <a href=""https://news.google.com/rss/articles/CBMiVkFVX3lxTE1SMVpzSm5jN0U1MWl6T1dRRUJRWWVobUhwOGZoZnBPcm9qSjRzS1BfVlBoc3JMekk2YXEwVC1rWlJ1Z3ZwdUN3NFJJanhSbUwtZkJaMEpn?oc=5"" target=""_blank"">贵州茅台(600519):贵州茅台2025年环境、社会及治理（ESG）报告</a>&nbsp;&nbsp;<font color=""#6f6f6f"">中财网</font>",neutral,0.026965711
2026-04-16,2026-04-16T16:21:03+00:00,600519.SH,"""600519"" - Google 新闻",贵州茅台(600519):贵州茅台关于续聘会计师事务所 - 中财网,"<a href=""https://news.google.com/rss/articles/CBMiVkFVX3lxTE9JR3ZXSHMzS2pNSEFEeU0xNXBIMFI1S0h3QjNUWVlfNDQ4ZDZ3QTdPel95M1ZmQ25WQ1Z5bTZiU3dBS2EyWVlIUjZUR0RWTzFZdnptMGpn?oc=5"" target=""_blank"">贵州茅台(600519):贵州茅台关于续聘会计师事务所</a>&nbsp;&nbsp;<font color=""#6f6f6f"">中财网</font>",https://news.google.com/rss/articles/CBMiVkFVX3lxTE9JR3ZXSHMzS2pNSEFEeU0xNXBIMFI1S0h3QjNUWVlfNDQ4ZDZ3QTdPel95M1ZmQ25WQ1Z5bTZiU3dBS2EyWVlIUjZUR0RWTzFZdnptMGpn?oc=5,600519,"贵州茅台(600519):贵州茅台关于续聘会计师事务所 - 中财网. <a href=""https://news.google.com/rss/articles/CBMiVkFVX3lxTE9JR3ZXSHMzS2pNSEFEeU0xNXBIMFI1S0h3QjNUWVlfNDQ4ZDZ3QTdPel95M1ZmQ25WQ1Z5bTZiU3dBS2EyWVlIUjZUR0RWTzFZdnptMGpn?oc=5"" target=""_blank"">贵州茅台(600519):贵州茅台关于续聘会计师事务所</a>&nbsp;&nbsp;<font color=""#6f6f6f"">中财网</font>",neutral,0.01742901
2026-04-16,2026-04-16T16:25:47+00:00,600519.SH,"""600519"" - Google 新闻",贵州茅台(600519):贵州茅台2025年度独立董事述职报告（王鑫） - 中财网,"<a href=""https://news.google.com/rss/articles/CBMiVkFVX3lxTE8ydW9CU1JWTmpoV0FHY2ZrLUZtUFRJQ243UjhMOHFNU1o4UldSbjdPcGdmUVpyMzBtNDJjTk5HdjllMkVCWUdkZkFqaHg4dnZRTzRsaUxB?oc=5"" target=""_blank"">贵州茅台(600519):贵州茅台2025年度独立董事述职报告（王鑫）</a>&nbsp;&nbsp;<font color=""#6f6f6f"">中财网</font>",https://news.google.com/rss/articles/CBMiVkFVX3lxTE8ydW9CU1JWTmpoV0FHY2ZrLUZtUFRJQ243UjhMOHFNU1o4UldSbjdPcGdmUVpyMzBtNDJjTk5HdjllMkVCWUdkZkFqaHg4dnZRTzRsaUxB?oc=5,600519,"贵州茅台(600519):贵州茅台2025年度独立董事述职报告（王鑫） - 中财网. <a href=""https://news.google.com/rss/articles/CBMiVkFVX3lxTE8ydW9CU1JWTmpoV0FHY2ZrLUZtUFRJQ243UjhMOHFNU1o4UldSbjdPcGdmUVpyMzBtNDJjTk5HdjllMkVCWUdkZkFqaHg4dnZRTzRsaUxB?oc=5"" target=""_blank"">贵州茅台(600519):贵州茅台2025年度独立董事述职报告（王鑫）</a>&nbsp;&nbsp;<font color=""#6f6f6f"">中财网</font>",neutral,0.02209915
2026-04-16,2026-04-16T17:16:00+00:00,600519.SH,贵州茅台 - Bing新聞,贵州茅台2001年上市以来业绩首次下滑,贵州茅台上市以来，业绩首次出现下滑。4月16日晚，贵州茅台酒股份有限公司（简称“贵州茅台”）披露的2025年年度报告显示，去年实现营业收入1688.38亿元，同比下降1.21%；归属于上市公司股东的净利润为823.20亿元，同比下降4.53%。,http://www.bing.com/news/apiclick.aspx?ref=FexRss&aid=&tid=69fb16cbabed4f7ca7e8ada320dc7212&url=https%3a%2f%2fwww.sohu.com%2fa%2f1010629205_163278&c=7053091772333308014&mkt=zh-tw,贵州茅台,贵州茅台2001年上市以来业绩首次下滑. 贵州茅台上市以来，业绩首次出现下滑。4月16日晚，贵州茅台酒股份有限公司（简称“贵州茅台”）披露的2025年年度报告显示，去年实现营业收入1688.38亿元，同比下降1.21%；归属于上市公司股东的净利润为823.20亿元，同比下降4.53%。,neutral,0.07069151
2026-04-16,2026-04-16T20:48:00+00:00,600519.SH,贵州茅台 - Bing新聞,贵州茅台净赚823亿，丢掉A股“股王”宝座,作为A股一贯的“分红王”，贵州茅台依旧维持高分红。财报披露，2025年年度，贵州茅台拟向全体股东每股派发现金红利27.993元（含税），合计分红约350.33亿元。,http://www.bing.com/news/apiclick.aspx?ref=FexRss&aid=&tid=69fb16cbabed4f7ca7e8ada320dc7212&url=https%3a%2f%2fwww.36kr.com%2fp%2f3770348991578889&c=12135886455726765432&mkt=zh-tw,贵州茅台,贵州茅台净赚823亿，丢掉A股“股王”宝座. 作为A股一贯的“分红王”，贵州茅台依旧维持高分红。财报披露，2025年年度，贵州茅台拟向全体股东每股派发现金红利27.993元（含税），合计分红约350.33亿元。,neutral,0.08331967
2026-04-16,2026-04-16T22:19:00+00:00,600519.SH,"""贵州茅台"" - Google 新闻",贵州茅台，重要公告 - 上观新闻,"<a href=""https://news.google.com/rss/articles/CBMiW0FVX3lxTE15aU8wSlNVb0g0cWRZUHRnM25YT2hWZkgwcEpxWW5hVTIzNng5M3MwTl9NNHVlUk0xTDFqVVFLOHV3M2FkMWp1VC1EUEZxV09MaGZ6R0Y5SFZ1VWM?oc=5"" target=""_blank"">贵州茅台，重要公告</a>&nbsp;&nbsp;<font color=""#6f6f6f"">上观新闻</font>",https://news.google.com/rss/articles/CBMiW0FVX3lxTE15aU8wSlNVb0g0cWRZUHRnM25YT2hWZkgwcEpxWW5hVTIzNng5M3MwTl9NNHVlUk0xTDFqVVFLOHV3M2FkMWp1VC1EUEZxV09MaGZ6R0Y5SFZ1VWM?oc=5,贵州茅台,"贵州茅台，重要公告 - 上观新闻. <a href=""https://news.google.com/rss/articles/CBMiW0FVX3lxTE15aU8wSlNVb0g0cWRZUHRnM25YT2hWZkgwcEpxWW5hVTIzNng5M3MwTl9NNHVlUk0xTDFqVVFLOHV3M2FkMWp1VC1EUEZxV09MaGZ6R0Y5SFZ1VWM?oc=5"" target=""_blank"">贵州茅台，重要公告</a>&nbsp;&nbsp;<font color=""#6f6f6f"">上观新闻</font>",neutral,0.015123796
2026-04-17,2026-04-17T00:48:00+00:00,600519.SH,贵州茅台 - Bing新聞,上市以来首次年度业绩下滑！贵州茅台去年净利降4.53% 拟分红350亿元,4月16日晚间，贵州茅台酒股份有限公司（贵州茅台，600519.SH）发布2025年年度报告，报告期内，公司实现营业总收入1720.54亿元 ...,http://www.bing.com/news/apiclick.aspx?ref=FexRss&aid=&tid=69fb16cbabed4f7ca7e8ada320dc7212&url=https%3a%2f%2ffund.eastmoney.com%2fa%2f202604173708146598.html&c=1803186625017558152&mkt=zh-tw,贵州茅台,上市以来首次年度业绩下滑！贵州茅台去年净利降4.53% 拟分红350亿元. 4月16日晚间，贵州茅台酒股份有限公司（贵州茅台，600519.SH）发布2025年年度报告，报告期内，公司实现营业总收入1720.54亿元 ...,neutral,0.0489728
2026-04-17,2026-04-17T00:55:47+00:00,600519.SH,贵州茅台 - Bing新聞,1721亿元!贵州茅台2025年稳健收官，2026年市场化改革全面启幕,4月16日晚间，白酒龙头贵州茅台（600519.SH）披露2025年年报。报告显示，2025年公司营业总收入达1721亿元，归属于上市公司股东的净利润为823.2亿元，其中酒类营业收入为1688.38亿元。在保持业绩稳健增长的同时，贵州茅台继续以高额分红回报投资者，拟向全体股东每股派发现金红利27.99元（含税），合计派发现金红利350亿元（含税）。,http://www.bing.com/news/apiclick.aspx?ref=FexRss&aid=&tid=69fb16cbabed4f7ca7e8ada320dc7212&url=https%3a%2f%2fwww.msn.com%2fzh-cn%2fmoney%2fother%2f1721%25E4%25BA%25BF%25E5%2585%2583-%25E8%25B4%25B5%25E5%25B7%259E%25E8%258C%2585%25E5%258F%25B02025%25E5%25B9%25B4%25E7%25A8%25B3%25E5%2581%25A5%25E6%2594%25B6%25E5%25AE%2598-2026%25E5%25B9%25B4%25E5%25B8%2582%25E5%259C%25BA%25E5%258C%2596%25E6%2594%25B9%25E9%259D%25A9%25E5%2585%25A8%25E9%259D%25A2%25E5%2590%25AF%25E5%25B9%2595%2far-AA215ZqZ&c=6644892463209920557&mkt=zh-tw,贵州茅台,1721亿元!贵州茅台2025年稳健收官，2026年市场化改革全面启幕. 4月16日晚间，白酒龙头贵州茅台（600519.SH）披露2025年年报。报告显示，2025年公司营业总收入达1721亿元，归属于上市公司股东的净利润为823.2亿元，其中酒类营业收入为1688.38亿元。在保持业绩稳健增长的同时，贵州茅台继续以高额分红回报投资者，拟向全体股东每股派发现金红利27.99元（含税），合计派发现金红利350亿元（含税）。,neutral,0.08580376
2026-04-17,2026-04-17T01:21:00+00:00,600519.SH,贵州茅台 - Bing新聞,贵州茅台深夜发业绩：2025年净赚823亿、大手笔分红创新高，未定今年增长目标,4月16日晚间，贵州茅台（600519.SH）公布全年业绩，2025年实现营业收入1688.38亿元，同比下降1.21%；归属于上市股东的净利润823.2 ...,http://www.bing.com/news/apiclick.aspx?ref=FexRss&aid=&tid=69fb16cbabed4f7ca7e8ada320dc7212&url=https%3a%2f%2ffinance.ifeng.com%2fc%2f8sOHcNnHWqg&c=14156130860019649207&mkt=zh-tw,贵州茅台,贵州茅台深夜发业绩：2025年净赚823亿、大手笔分红创新高，未定今年增长目标. 4月16日晚间，贵州茅台（600519.SH）公布全年业绩，2025年实现营业收入1688.38亿元，同比下降1.21%；归属于上市股东的净利润823.2 ...,neutral,0.043616902
2026-04-17,2026-04-17T02:42:46+00:00,600519.SH,"""贵州茅台"" - Google 新闻",贵州茅台上市20多年首次年度营收、净利双降 - DoNews,"<a href=""https://news.google.com/rss/articles/CBMiXkFVX3lxTFBnRkFFTThqeWNNdnJFWlNnRmNIaGxPelQ4SGlUR1ZjalE5ZDJCT01XSmxPS0xickhaX204U2EwbXk4aUkxNU5EM0hra2wxc0FkVmFyR1VJLXBIdW96T2c?oc=5"" target=""_blank"">贵州茅台上市20多年首次年度营收、净利双降</a>&nbsp;&nbsp;<font color=""#6f6f6f"">DoNews</font>",https://news.google.com/rss/articles/CBMiXkFVX3lxTFBnRkFFTThqeWNNdnJFWlNnRmNIaGxPelQ4SGlUR1ZjalE5ZDJCT01XSmxPS0xickhaX204U2EwbXk4aUkxNU5EM0hra2wxc0FkVmFyR1VJLXBIdW96T2c?oc=5,贵州茅台,"贵州茅台上市20多年首次年度营收、净利双降 - DoNews. <a href=""https://news.google.com/rss/articles/CBMiXkFVX3lxTFBnRkFFTThqeWNNdnJFWlNnRmNIaGxPelQ4SGlUR1ZjalE5ZDJCT01XSmxPS0xickhaX204U2EwbXk4aUkxNU5EM0hra2wxc0FkVmFyR1VJLXBIdW96T2c?oc=5"" target=""_blank"">贵州茅台上市20多年首次年度营收、净利双降</a>&nbsp;&nbsp;<font color=""#6f6f6f"">DoNews</font>",neutral,0.027631639
2026-04-17,2026-04-17T04:03:35+00:00,600519.SH,"""贵州茅台"" - Google 新闻",贵州茅台成交额超100亿元，现跌4.17% - 东方财富,"<a href=""https://news.google.com/rss/articles/CBMiYEFVX3lxTFBwUmc1ZFcxNThDVlVnbFRJQk5mbkx4WnRPaDZFbDJFWi1SQ2NzYWM0TjNfYW9reEVQUUo4ZW01andNbGljbjJaWXFpMWlZaC1HZjdJcTA1YklfbUI3YnR2eg?oc=5"" target=""_blank"">贵州茅台成交额超100亿元，现跌4.17%</a>&nbsp;&nbsp;<font color=""#6f6f6f"">东方财富</font>",https://news.google.com/rss/articles/CBMiYEFVX3lxTFBwUmc1ZFcxNThDVlVnbFRJQk5mbkx4WnRPaDZFbDJFWi1SQ2NzYWM0TjNfYW9reEVQUUo4ZW01andNbGljbjJaWXFpMWlZaC1HZjdJcTA1YklfbUI3YnR2eg?oc=5,贵州茅台,"贵州茅台成交额超100亿元，现跌4.17% - 东方财富. <a href=""https://news.google.com/rss/articles/CBMiYEFVX3lxTFBwUmc1ZFcxNThDVlVnbFRJQk5mbkx4WnRPaDZFbDJFWi1SQ2NzYWM0TjNfYW9reEVQUUo4ZW01andNbGljbjJaWXFpMWlZaC1HZjdJcTA1YklfbUI3YnR2eg?oc=5"" target=""_blank"">贵州茅台成交额超100亿元，现跌4.17%</a>&nbsp;&nbsp;<font color=""#6f6f6f"">东方财富</font>",neutral,0.02964434
2026-04-17,2026-04-17T07:00:00+00:00,600519.SH,"""Kweichow Moutai"" - Google News","Kweichow Moutai sees 1st fall in revenue, profit amid corruption crusade - Nikkei Asia","<a href=""https://news.google.com/rss/articles/CBMiugFBVV95cUxNRHk3bG5EcENaQjVaalRna2UtQ0NaV2FEdWZFT3NqQ2pHdmE4bUlUUk1fdGx2UGJUaVV5akJ0cEVaaUFpblJQU3RRVGIweW5URFRacVJUZ1ZCazZydmFrdU9TLVJTVU1BM1ZXLWhkLXdMUzBvWTctMEphRE1WZzdRX0hlNnpweEdQOVpJMmpzekNRdi1vMVdhMTFYb2o5bzhLMXgwTzllRUdiZ21HNjlCbGFtM3gwZXhlQlE?oc=5"" target=""_blank"">Kweichow Moutai sees 1st fall in revenue, profit amid corruption crusade</a>&nbsp;&nbsp;<font color=""#6f6f6f"">Nikkei Asia</font>",https://news.google.com/rss/articles/CBMiugFBVV95cUxNRHk3bG5EcENaQjVaalRna2UtQ0NaV2FEdWZFT3NqQ2pHdmE4bUlUUk1fdGx2UGJUaVV5akJ0cEVaaUFpblJQU3RRVGIweW5URFRacVJUZ1ZCazZydmFrdU9TLVJTVU1BM1ZXLWhkLXdMUzBvWTctMEphRE1WZzdRX0hlNnpweEdQOVpJMmpzekNRdi1vMVdhMTFYb2o5bzhLMXgwTzllRUdiZ21HNjlCbGFtM3gwZXhlQlE?oc=5,Kweichow Moutai,"Kweichow Moutai sees 1st fall in revenue, profit amid corruption crusade - Nikkei Asia. <a href=""https://news.google.com/rss/articles/CBMiugFBVV95cUxNRHk3bG5EcENaQjVaalRna2UtQ0NaV2FEdWZFT3NqQ2pHdmE4bUlUUk1fdGx2UGJUaVV5akJ0cEVaaUFpblJQU3RRVGIweW5URFRacVJUZ1ZCazZydmFrdU9TLVJTVU1BM1ZXLWhkLXdMUzBvWTctMEphRE1WZzdRX0hlNnpweEdQOVpJMmpzekNRdi1vMVdhMTFYb2o5bzhLMXgwTzllRUdiZ21HNjlCbGFtM3gwZXhlQlE?oc=5"" target=""_blank"">Kweichow Moutai sees 1st fall in revenue, profit amid corruption crusade</a>&nbsp;&nbsp;<font color=""#6f6f6f"">Nikkei Asia</font>",negative,-0.9522867
2026-04-17,2026-04-17T07:00:00+00:00,600519.SH,"""Kweichow Moutai"" - Google News","Kweichow Moutai’s Annual Profit, Revenue Fall for First Time - WSJ","<a href=""https://news.google.com/rss/articles/CBMiqAFBVV95cUxQVHRsTDRDOWVnTEVzQ0VEQ08zWnFDY1UtMTNIZkdvV0ZRS3FKdWdja3FZMlRnUnlnUl9NUmp3Z3RPSk5BX0VGUThFbnUtc2d4eERoekxKdmxGRVBTb2VrSlYybVBVc253bEY5RDBUSXdiWFJpZUxrWC1vdTBVTzNwT0tvRk5MLTBEclZDMlliYlJQNTRaZkZIaHdTeEN4blhnX3NScklYM0c?oc=5"" target=""_blank"">Kweichow Moutai’s Annual Profit, Revenue Fall for First Time</a>&nbsp;&nbsp;<font color=""#6f6f6f"">WSJ</font>",https://news.google.com/rss/articles/CBMiqAFBVV95cUxQVHRsTDRDOWVnTEVzQ0VEQ08zWnFDY1UtMTNIZkdvV0ZRS3FKdWdja3FZMlRnUnlnUl9NUmp3Z3RPSk5BX0VGUThFbnUtc2d4eERoekxKdmxGRVBTb2VrSlYybVBVc253bEY5RDBUSXdiWFJpZUxrWC1vdTBVTzNwT0tvRk5MLTBEclZDMlliYlJQNTRaZkZIaHdTeEN4blhnX3NScklYM0c?oc=5,Kweichow Moutai,"Kweichow Moutai’s Annual Profit, Revenue Fall for First Time - WSJ. <a href=""https://news.google.com/rss/articles/CBMiqAFBVV95cUxQVHRsTDRDOWVnTEVzQ0VEQ08zWnFDY1UtMTNIZkdvV0ZRS3FKdWdja3FZMlRnUnlnUl9NUmp3Z3RPSk5BX0VGUThFbnUtc2d4eERoekxKdmxGRVBTb2VrSlYybVBVc253bEY5RDBUSXdiWFJpZUxrWC1vdTBVTzNwT0tvRk5MLTBEclZDMlliYlJQNTRaZkZIaHdTeEN4blhnX3NScklYM0c?oc=5"" target=""_blank"">Kweichow Moutai’s Annual Profit, Revenue Fall for First Time</a>&nbsp;&nbsp;<font color=""#6f6f6f"">WSJ</font>",negative,-0.95247704
2026-04-17,2026-04-17T07:00:00+00:00,600519.SH,"""Kweichow Moutai"" - Google News",Extreme Obsession With Quality Created a National-Grade Fine Liquor - 매일경제,"<a href=""https://news.google.com/rss/articles/CBMiUkFVX3lxTE9oRnZBUkZZdzBMbUZFaWJlV0k3MGd4QXRIVGl0SzRVbFBsNjhHUDVuTHpYRzdIc1RERWpid2tRUjd6eFVIWGN3VlU2S29hajdIa1E?oc=5"" target=""_blank"">Extreme Obsession With Quality Created a National-Grade Fine Liquor</a>&nbsp;&nbsp;<font color=""#6f6f6f"">매일경제</font>",https://news.google.com/rss/articles/CBMiUkFVX3lxTE9oRnZBUkZZdzBMbUZFaWJlV0k3MGd4QXRIVGl0SzRVbFBsNjhHUDVuTHpYRzdIc1RERWpid2tRUjd6eFVIWGN3VlU2S29hajdIa1E?oc=5,Kweichow Moutai,"Extreme Obsession With Quality Created a National-Grade Fine Liquor - 매일경제. <a href=""https://news.google.com/rss/articles/CBMiUkFVX3lxTE9oRnZBUkZZdzBMbUZFaWJlV0k3MGd4QXRIVGl0SzRVbFBsNjhHUDVuTHpYRzdIc1RERWpid2tRUjd6eFVIWGN3VlU2S29hajdIa1E?oc=5"" target=""_blank"">Extreme Obsession With Quality Created a National-Grade Fine Liquor</a>&nbsp;&nbsp;<font color=""#6f6f6f"">매일경제</font>",neutral,0.050752908
2026-04-17,2026-04-17T07:00:00+00:00,600519.SH,"""Kweichow Moutai"" - Google 新闻",茅台年度利润和收入自上市以来首次出现下滑 - 华尔街日报中文网,"<a href=""https://news.google.com/rss/articles/CBMimwFBVV95cUxNSVpPRnlvcHRmZGZJOUk5WWpvMEI2X0pVR2lvcUZsXzhtOE5DZUVoZjhoUWVPTGp6QXhsYmtxQTljVXNZOHQwSDlaOGliYzVxMkJaYmY4X0lEY3l5ZGRwekpkRXdBenRMa3plbEZCa0RpbFo2QjR1X181d3ZGTEhZVXliVGlmSEItRHFkTExGM3g0LTMwR2hBbUJTUQ?oc=5"" target=""_blank"">茅台年度利润和收入自上市以来首次出现下滑</a>&nbsp;&nbsp;<font color=""#6f6f6f"">华尔街日报中文网</font>",https://news.google.com/rss/articles/CBMimwFBVV95cUxNSVpPRnlvcHRmZGZJOUk5WWpvMEI2X0pVR2lvcUZsXzhtOE5DZUVoZjhoUWVPTGp6QXhsYmtxQTljVXNZOHQwSDlaOGliYzVxMkJaYmY4X0lEY3l5ZGRwekpkRXdBenRMa3plbEZCa0RpbFo2QjR1X181d3ZGTEhZVXliVGlmSEItRHFkTExGM3g0LTMwR2hBbUJTUQ?oc=5,Kweichow Moutai,"茅台年度利润和收入自上市以来首次出现下滑 - 华尔街日报中文网. <a href=""https://news.google.com/rss/articles/CBMimwFBVV95cUxNSVpPRnlvcHRmZGZJOUk5WWpvMEI2X0pVR2lvcUZsXzhtOE5DZUVoZjhoUWVPTGp6QXhsYmtxQTljVXNZOHQwSDlaOGliYzVxMkJaYmY4X0lEY3l5ZGRwekpkRXdBenRMa3plbEZCa0RpbFo2QjR1X181d3ZGTEhZVXliVGlmSEItRHFkTExGM3g0LTMwR2hBbUJTUQ?oc=5"" target=""_blank"">茅台年度利润和收入自上市以来首次出现下滑</a>&nbsp;&nbsp;<font color=""#6f6f6f"">华尔街日报中文网</font>",neutral,0.01774647
2026-04-17,2026-04-17T07:00:00+00:00,600519.SH,"""贵州茅台"" - Google 新闻",年度报告：贵州茅台上市以来首次业绩双下滑 - 中国网旅游,"<a href=""https://news.google.com/rss/articles/CBMic0FVX3lxTFBSZURLQ2tlRVZST0kzMFktT2loZEZpdUgxUXhZNVUtcjFSRjJhbWVwdXdzeDVkNWtHX0N6bDVmZHQxX2hVaTd1b0pldkF3M1daOU1VVm5IclRuTFFIT3pnZHJuSFdGWWZybDR5amFWaXZSVjA?oc=5"" target=""_blank"">年度报告：贵州茅台上市以来首次业绩双下滑</a>&nbsp;&nbsp;<font color=""#6f6f6f"">中国网旅游</font>",https://news.google.com/rss/articles/CBMic0FVX3lxTFBSZURLQ2tlRVZST0kzMFktT2loZEZpdUgxUXhZNVUtcjFSRjJhbWVwdXdzeDVkNWtHX0N6bDVmZHQxX2hVaTd1b0pldkF3M1daOU1VVm5IclRuTFFIT3pnZHJuSFdGWWZybDR5amFWaXZSVjA?oc=5,贵州茅台,"年度报告：贵州茅台上市以来首次业绩双下滑 - 中国网旅游. <a href=""https://news.google.com/rss/articles/CBMic0FVX3lxTFBSZURLQ2tlRVZST0kzMFktT2loZEZpdUgxUXhZNVUtcjFSRjJhbWVwdXdzeDVkNWtHX0N6bDVmZHQxX2hVaTd1b0pldkF3M1daOU1VVm5IclRuTFFIT3pnZHJuSFdGWWZybDR5amFWaXZSVjA?oc=5"" target=""_blank"">年度报告：贵州茅台上市以来首次业绩双下滑</a>&nbsp;&nbsp;<font color=""#6f6f6f"">中国网旅游</font>",neutral,0.023818351
2026-04-17,2026-04-17T07:00:00+00:00,600519.SH,"""贵州茅台"" - Google 新闻",上市以来首次年度业绩下滑！贵州茅台去年净利降4.53%，拟分红350亿元 - thepaper.cn,"<a href=""https://news.google.com/rss/articles/CBMiXkFVX3lxTE85U2ZYZ0ljWTVrcjgzRWwzMjZVXzJIV2FLTTBxQ2hlemhubGU2TFNfb2gyTDBhdGlSRmwtRlRNNk5lT292NnY2R0x6am1USVJzemtORXpkZGhqTGF2LWc?oc=5"" target=""_blank"">上市以来首次年度业绩下滑！贵州茅台去年净利降4.53%，拟分红350亿元</a>&nbsp;&nbsp;<font color=""#6f6f6f"">thepaper.cn</font>",https://news.google.com/rss/articles/CBMiXkFVX3lxTE85U2ZYZ0ljWTVrcjgzRWwzMjZVXzJIV2FLTTBxQ2hlemhubGU2TFNfb2gyTDBhdGlSRmwtRlRNNk5lT292NnY2R0x6am1USVJzemtORXpkZGhqTGF2LWc?oc=5,贵州茅台,"上市以来首次年度业绩下滑！贵州茅台去年净利降4.53%，拟分红350亿元 - thepaper.cn. <a href=""https://news.google.com/rss/articles/CBMiXkFVX3lxTE85U2ZYZ0ljWTVrcjgzRWwzMjZVXzJIV2FLTTBxQ2hlemhubGU2TFNfb2gyTDBhdGlSRmwtRlRNNk5lT292NnY2R0x6am1USVJzemtORXpkZGhqTGF2LWc?oc=5"" target=""_blank"">上市以来首次年度业绩下滑！贵州茅台去年净利降4.53%，拟分红350亿元</a>&nbsp;&nbsp;<font color=""#6f6f6f"">thepaper.cn</font>",neutral,0.020712879
2026-04-17,2026-04-17T07:00:00+00:00,600519.SH,"""贵州茅台"" - Google 新闻",消费承压！贵州茅台加速跌落神坛，库存持续攀升，超半数分红进入大股东口袋 - 证券时报,"<a href=""https://news.google.com/rss/articles/CBMiXEFVX3lxTE4xVDdfRHBJUmpqcGFsSWJfemNqNVlZOTRHMlI5amhScVhsdUUzRFNTY3lzS0p5T1lBRDAxSWZZYmxRSHhfTjMxZmFiRVQ2d0pCWFZhVEx0M01kaWVP?oc=5"" target=""_blank"">消费承压！贵州茅台加速跌落神坛，库存持续攀升，超半数分红进入大股东口袋</a>&nbsp;&nbsp;<font color=""#6f6f6f"">证券时报</font>",https://news.google.com/rss/articles/CBMiXEFVX3lxTE4xVDdfRHBJUmpqcGFsSWJfemNqNVlZOTRHMlI5amhScVhsdUUzRFNTY3lzS0p5T1lBRDAxSWZZYmxRSHhfTjMxZmFiRVQ2d0pCWFZhVEx0M01kaWVP?oc=5,贵州茅台,"消费承压！贵州茅台加速跌落神坛，库存持续攀升，超半数分红进入大股东口袋 - 证券时报. <a href=""https://news.google.com/rss/articles/CBMiXEFVX3lxTE4xVDdfRHBJUmpqcGFsSWJfemNqNVlZOTRHMlI5amhScVhsdUUzRFNTY3lzS0p5T1lBRDAxSWZZYmxRSHhfTjMxZmFiRVQ2d0pCWFZhVEx0M01kaWVP?oc=5"" target=""_blank"">消费承压！贵州茅台加速跌落神坛，库存持续攀升，超半数分红进入大股东口袋</a>&nbsp;&nbsp;<font color=""#6f6f6f"">证券时报</font>",neutral,0.031072926
2026-04-17,2026-04-17T07:00:00+00:00,600519.SH,"""贵州茅台"" - Google 新闻",贵州茅台上市以来首现营收净利双降，首次未完成既定目标 - thepaper.cn,"<a href=""https://news.google.com/rss/articles/CBMiXkFVX3lxTE9CZzl3V282QUtpTDBVeUlpUGZmdjdNeERQeGpqSER4ZTVHRnZPYU8ySThoTDdWaXluMjRRM0x1enkxT2REYzA1aF83OHlGcGdrLU5idnp6YW5DcDdHb2c?oc=5"" target=""_blank"">贵州茅台上市以来首现营收净利双降，首次未完成既定目标</a>&nbsp;&nbsp;<font color=""#6f6f6f"">thepaper.cn</font>",https://news.google.com/rss/articles/CBMiXkFVX3lxTE9CZzl3V282QUtpTDBVeUlpUGZmdjdNeERQeGpqSER4ZTVHRnZPYU8ySThoTDdWaXluMjRRM0x1enkxT2REYzA1aF83OHlGcGdrLU5idnp6YW5DcDdHb2c?oc=5,贵州茅台,"贵州茅台上市以来首现营收净利双降，首次未完成既定目标 - thepaper.cn. <a href=""https://news.google.com/rss/articles/CBMiXkFVX3lxTE9CZzl3V282QUtpTDBVeUlpUGZmdjdNeERQeGpqSER4ZTVHRnZPYU8ySThoTDdWaXluMjRRM0x1enkxT2REYzA1aF83OHlGcGdrLU5idnp6YW5DcDdHb2c?oc=5"" target=""_blank"">贵州茅台上市以来首现营收净利双降，首次未完成既定目标</a>&nbsp;&nbsp;<font color=""#6f6f6f"">thepaper.cn</font>",neutral,0.012911942
2026-04-17,2026-04-17T07:00:00+00:00,600519.SH,"""贵州茅台"" - Google 新闻",牛市早报｜一季度GDP同比增长5%，贵州茅台去年营收净利双降 - thepaper.cn,"<a href=""https://news.google.com/rss/articles/CBMiXkFVX3lxTE9TOGY1R2lBbGZoYU1PQ0FoMjBBWEhrVG1LcjF3aUtGX1lSU1RMR1hZWDhMTXFtWWpJX3lLOU50SXAtT3paZ2o5bnlxUnpTTmp3cFJWREtiS1U1WGFSaGc?oc=5"" target=""_blank"">牛市早报｜一季度GDP同比增长5%，贵州茅台去年营收净利双降</a>&nbsp;&nbsp;<font color=""#6f6f6f"">thepaper.cn</font>",https://news.google.com/rss/articles/CBMiXkFVX3lxTE9TOGY1R2lBbGZoYU1PQ0FoMjBBWEhrVG1LcjF3aUtGX1lSU1RMR1hZWDhMTXFtWWpJX3lLOU50SXAtT3paZ2o5bnlxUnpTTmp3cFJWREtiS1U1WGFSaGc?oc=5,贵州茅台,"牛市早报｜一季度GDP同比增长5%，贵州茅台去年营收净利双降 - thepaper.cn. <a href=""https://news.google.com/rss/articles/CBMiXkFVX3lxTE9TOGY1R2lBbGZoYU1PQ0FoMjBBWEhrVG1LcjF3aUtGX1lSU1RMR1hZWDhMTXFtWWpJX3lLOU50SXAtT3paZ2o5bnlxUnpTTmp3cFJWREtiS1U1WGFSaGc?oc=5"" target=""_blank"">牛市早报｜一季度GDP同比增长5%，贵州茅台去年营收净利双降</a>&nbsp;&nbsp;<font color=""#6f6f6f"">thepaper.cn</font>",neutral,0.015180975
2026-04-17,2026-04-17T07:00:00+00:00,600519.SH,"""贵州茅台"" - Google 新闻",贵州茅台上市以来首现业绩双下滑，拟派350亿元现金“红包” - 东方财富,"<a href=""https://news.google.com/rss/articles/CBMiZkFVX3lxTE9LdlZvUV9BOFctZHBTdldFV2otN2lCZEtfVzZiYVU2aTM1ekpCTHZMdnVIVmd5cnAxSjJ5U0RIb2ROWnh1aW1pVndrNWdmMFRfeW9wVDBaZ1QwSU1hM1ZnLWdNSFlaUQ?oc=5"" target=""_blank"">贵州茅台上市以来首现业绩双下滑，拟派350亿元现金“红包”</a>&nbsp;&nbsp;<font color=""#6f6f6f"">东方财富</font>",https://news.google.com/rss/articles/CBMiZkFVX3lxTE9LdlZvUV9BOFctZHBTdldFV2otN2lCZEtfVzZiYVU2aTM1ekpCTHZMdnVIVmd5cnAxSjJ5U0RIb2ROWnh1aW1pVndrNWdmMFRfeW9wVDBaZ1QwSU1hM1ZnLWdNSFlaUQ?oc=5,贵州茅台,"贵州茅台上市以来首现业绩双下滑，拟派350亿元现金“红包” - 东方财富. <a href=""https://news.google.com/rss/articles/CBMiZkFVX3lxTE9LdlZvUV9BOFctZHBTdldFV2otN2lCZEtfVzZiYVU2aTM1ekpCTHZMdnVIVmd5cnAxSjJ5U0RIb2ROWnh1aW1pVndrNWdmMFRfeW9wVDBaZ1QwSU1hM1ZnLWdNSFlaUQ?oc=5"" target=""_blank"">贵州茅台上市以来首现业绩双下滑，拟派350亿元现金“红包”</a>&nbsp;&nbsp;<font color=""#6f6f6f"">东方财富</font>",neutral,0.036930654
2026-04-17,2026-04-17T07:00:00+00:00,600519.SH,"""贵州茅台"" - Google 新闻",贵州茅台业绩出炉！营收、净利双降 - 21财经,"<a href=""https://news.google.com/rss/articles/CBMijwFBVV95cUxOOWw1c3A5YUI2aHlHNElsNTRHVWdFbEhyRDEzMGlrNEdoa3BOdXhyMFl4UU93X1pwR05jdm1pZWpUVjdLQ0N2TERNamRpUTlEQTQwQjQ1MkJvNFJGd190ajEzajdVX0xva2JBYTAtbXVUZWF6cXlSNUl6aUxONXp0TlhrUzRpRjFiNEhKaGt3aw?oc=5"" target=""_blank"">贵州茅台业绩出炉！营收、净利双降</a>&nbsp;&nbsp;<font color=""#6f6f6f"">21财经</font>",https://news.google.com/rss/articles/CBMijwFBVV95cUxOOWw1c3A5YUI2aHlHNElsNTRHVWdFbEhyRDEzMGlrNEdoa3BOdXhyMFl4UU93X1pwR05jdm1pZWpUVjdLQ0N2TERNamRpUTlEQTQwQjQ1MkJvNFJGd190ajEzajdVX0xva2JBYTAtbXVUZWF6cXlSNUl6aUxONXp0TlhrUzRpRjFiNEhKaGt3aw?oc=5,贵州茅台,"贵州茅台业绩出炉！营收、净利双降 - 21财经. <a href=""https://news.google.com/rss/articles/CBMijwFBVV95cUxOOWw1c3A5YUI2aHlHNElsNTRHVWdFbEhyRDEzMGlrNEdoa3BOdXhyMFl4UU93X1pwR05jdm1pZWpUVjdLQ0N2TERNamRpUTlEQTQwQjQ1MkJvNFJGd190ajEzajdVX0xva2JBYTAtbXVUZWF6cXlSNUl6aUxONXp0TlhrUzRpRjFiNEhKaGt3aw?oc=5"" target=""_blank"">贵州茅台业绩出炉！营收、净利双降</a>&nbsp;&nbsp;<font color=""#6f6f6f"">21财经</font>",neutral,0.02425139
2026-04-17,2026-04-17T07:00:00+00:00,600519.SH,"""贵州茅台"" - Google 新闻",贵州茅台2001年上市以来业绩首次下滑 - 京报网,"<a href=""https://news.google.com/rss/articles/CBMiXkFVX3lxTE5Hai1fUFlFRFRaZFd2bVJ5bnl0ejdnQkkyd2RabjNCcmxmM3lOUm1JQjBFcEJOU1VzeE5ZOUtRdUx1NE81MWpTT0w4dHA5ampzWjY1UHBLQzNRaHh3VWc?oc=5"" target=""_blank"">贵州茅台2001年上市以来业绩首次下滑</a>&nbsp;&nbsp;<font color=""#6f6f6f"">京报网</font>",https://news.google.com/rss/articles/CBMiXkFVX3lxTE5Hai1fUFlFRFRaZFd2bVJ5bnl0ejdnQkkyd2RabjNCcmxmM3lOUm1JQjBFcEJOU1VzeE5ZOUtRdUx1NE81MWpTT0w4dHA5ampzWjY1UHBLQzNRaHh3VWc?oc=5,贵州茅台,"贵州茅台2001年上市以来业绩首次下滑 - 京报网. <a href=""https://news.google.com/rss/articles/CBMiXkFVX3lxTE5Hai1fUFlFRFRaZFd2bVJ5bnl0ejdnQkkyd2RabjNCcmxmM3lOUm1JQjBFcEJOU1VzeE5ZOUtRdUx1NE81MWpTT0w4dHA5ampzWjY1UHBLQzNRaHh3VWc?oc=5"" target=""_blank"">贵州茅台2001年上市以来业绩首次下滑</a>&nbsp;&nbsp;<font color=""#6f6f6f"">京报网</font>",neutral,0.03892562
2026-04-17,2026-04-17T07:00:00+00:00,600519.SH,"""贵州茅台"" - Google 新闻",贵州茅台上市以来首现营收净利双降，首次未完成既定目标 - eeo.com.cn,"<a href=""https://news.google.com/rss/articles/CBMiVEFVX3lxTFA3eGptZXYzTWN4WXZoQTV6Q0xyOHJuRDNTdTc0SkpfQ25Vc09ZblBCcEJTY0d4dlBnczNmSWhlWW9Oc3V6bVgyeXB2NF9ZdVliU0ExeA?oc=5"" target=""_blank"">贵州茅台上市以来首现营收净利双降，首次未完成既定目标</a>&nbsp;&nbsp;<font color=""#6f6f6f"">eeo.com.cn</font>",https://news.google.com/rss/articles/CBMiVEFVX3lxTFA3eGptZXYzTWN4WXZoQTV6Q0xyOHJuRDNTdTc0SkpfQ25Vc09ZblBCcEJTY0d4dlBnczNmSWhlWW9Oc3V6bVgyeXB2NF9ZdVliU0ExeA?oc=5,贵州茅台,"贵州茅台上市以来首现营收净利双降，首次未完成既定目标 - eeo.com.cn. <a href=""https://news.google.com/rss/articles/CBMiVEFVX3lxTFA3eGptZXYzTWN4WXZoQTV6Q0xyOHJuRDNTdTc0SkpfQ25Vc09ZblBCcEJTY0d4dlBnczNmSWhlWW9Oc3V6bVgyeXB2NF9ZdVliU0ExeA?oc=5"" target=""_blank"">贵州茅台上市以来首现营收净利双降，首次未完成既定目标</a>&nbsp;&nbsp;<font color=""#6f6f6f"">eeo.com.cn</font>",neutral,0.00072901696
2026-04-17,2026-04-17T07:00:00+00:00,600519.SH,"""贵州茅台"" - Google 新闻",贵州茅台首次年收入和净利润双负增长 2025全年分红比例提高4个百分点 - 财新,"<a href=""https://news.google.com/rss/articles/CBMiZEFVX3lxTFB3Qk8zNWhxV3RfSzBianAzaWNKRUhubU5fVGhESzNJZXlKYjRNTi11STMyb042U3lPYmtCZ0VDbjZjRnpNZzFHNWc2X3JtLU1MZnc3VmlzX0tfRk5iYXNuOEtvZkQ?oc=5"" target=""_blank"">贵州茅台首次年收入和净利润双负增长 2025全年分红比例提高4个百分点</a>&nbsp;&nbsp;<font color=""#6f6f6f"">财新</font>",https://news.google.com/rss/articles/CBMiZEFVX3lxTFB3Qk8zNWhxV3RfSzBianAzaWNKRUhubU5fVGhESzNJZXlKYjRNTi11STMyb042U3lPYmtCZ0VDbjZjRnpNZzFHNWc2X3JtLU1MZnc3VmlzX0tfRk5iYXNuOEtvZkQ?oc=5,贵州茅台,"贵州茅台首次年收入和净利润双负增长 2025全年分红比例提高4个百分点 - 财新. <a href=""https://news.google.com/rss/articles/CBMiZEFVX3lxTFB3Qk8zNWhxV3RfSzBianAzaWNKRUhubU5fVGhESzNJZXlKYjRNTi11STMyb042U3lPYmtCZ0VDbjZjRnpNZzFHNWc2X3JtLU1MZnc3VmlzX0tfRk5iYXNuOEtvZkQ?oc=5"" target=""_blank"">贵州茅台首次年收入和净利润双负增长 2025全年分红比例提高4个百分点</a>&nbsp;&nbsp;<font color=""#6f6f6f"">财新</font>",neutral,0.016830616
2026-04-17,2026-04-17T07:00:00+00:00,600519.SH,"""贵州茅台"" - Google 新闻",沪指低开，贵金属、白酒板块下跌，贵州茅台下跌超4%，CPO、煤炭股上涨 | 开盘播报 - 21财经,"<a href=""https://news.google.com/rss/articles/CBMijwFBVV95cUxON2NTTFdqYmJEVXVHUHlhUnc5dWM4eFoyb3ZwRzVyY18ydUwyQTl2MEZ4ZHZqdlBVZkp2OTlNRVhsVUhJX2dpT3N6MHdhSHozUlJpRDljTVJ3eWhQOWdNR0VUYVNaOWpJZDhTRFVBc05tR0hoTkVNdTBWR2hQRzMwc0dwNHJDcHp4TVdhcEpNYw?oc=5"" target=""_blank"">沪指低开，贵金属、白酒板块下跌，贵州茅台下跌超4%，CPO、煤炭股上涨 | 开盘播报</a>&nbsp;&nbsp;<font color=""#6f6f6f"">21财经</font>",https://news.google.com/rss/articles/CBMijwFBVV95cUxON2NTTFdqYmJEVXVHUHlhUnc5dWM4eFoyb3ZwRzVyY18ydUwyQTl2MEZ4ZHZqdlBVZkp2OTlNRVhsVUhJX2dpT3N6MHdhSHozUlJpRDljTVJ3eWhQOWdNR0VUYVNaOWpJZDhTRFVBc05tR0hoTkVNdTBWR2hQRzMwc0dwNHJDcHp4TVdhcEpNYw?oc=5,贵州茅台,"沪指低开，贵金属、白酒板块下跌，贵州茅台下跌超4%，CPO、煤炭股上涨 | 开盘播报 - 21财经. <a href=""https://news.google.com/rss/articles/CBMijwFBVV95cUxON2NTTFdqYmJEVXVHUHlhUnc5dWM4eFoyb3ZwRzVyY18ydUwyQTl2MEZ4ZHZqdlBVZkp2OTlNRVhsVUhJX2dpT3N6MHdhSHozUlJpRDljTVJ3eWhQOWdNR0VUYVNaOWpJZDhTRFVBc05tR0hoTkVNdTBWR2hQRzMwc0dwNHJDcHp4TVdhcEpNYw?oc=5"" target=""_blank"">沪指低开，贵金属、白酒板块下跌，贵州茅台下跌超4%，CPO、煤炭股上涨 | 开盘播报</a>&nbsp;&nbsp;<font color=""#6f6f6f"">21财经</font>",neutral,0.030478511
2026-04-17,2026-04-17T07:00:00+00:00,600519.SH,"""贵州茅台"" - Google 新闻",以“稳”求“效” 千亿茅台业绩背后的长期主义 - banyuetan.org,"<a href=""https://news.google.com/rss/articles/CBMikAFBVV95cUxNYmdQZlE4b01ZVmtsRm83Q3BZQzZTRU9qd2pxZnZHbFZmQVZWTGlVbWZPR2o5UVNTNHloUFljUlJWWTgyeFJtOXZhcExraTVCd05IVEUtRkdNU3RLT2s0TzJ0WTJZRDRXb0FuMWU5dnAza1NmTF91SXQxLW9PQnZrb3pGbG1LaFU1UW11R2VmTjk?oc=5"" target=""_blank"">以“稳”求“效” 千亿茅台业绩背后的长期主义</a>&nbsp;&nbsp;<font color=""#6f6f6f"">banyuetan.org</font>",https://news.google.com/rss/articles/CBMikAFBVV95cUxNYmdQZlE4b01ZVmtsRm83Q3BZQzZTRU9qd2pxZnZHbFZmQVZWTGlVbWZPR2o5UVNTNHloUFljUlJWWTgyeFJtOXZhcExraTVCd05IVEUtRkdNU3RLT2s0TzJ0WTJZRDRXb0FuMWU5dnAza1NmTF91SXQxLW9PQnZrb3pGbG1LaFU1UW11R2VmTjk?oc=5,贵州茅台,"以“稳”求“效” 千亿茅台业绩背后的长期主义 - banyuetan.org. <a href=""https://news.google.com/rss/articles/CBMikAFBVV95cUxNYmdQZlE4b01ZVmtsRm83Q3BZQzZTRU9qd2pxZnZHbFZmQVZWTGlVbWZPR2o5UVNTNHloUFljUlJWWTgyeFJtOXZhcExraTVCd05IVEUtRkdNU3RLT2s0TzJ0WTJZRDRXb0FuMWU5dnAza1NmTF91SXQxLW9PQnZrb3pGbG1LaFU1UW11R2VmTjk?oc=5"" target=""_blank"">以“稳”求“效” 千亿茅台业绩背后的长期主义</a>&nbsp;&nbsp;<font color=""#6f6f6f"">banyuetan.org</font>",neutral,0.026690744
2026-04-17,2026-04-17T07:00:00+00:00,600519.SH,"""贵州茅台"" - Google 新闻",贵州茅台上市以来首次年度营收、净利双降；纳指12连涨创新高｜盘前情报 - 21财经,"<a href=""https://news.google.com/rss/articles/CBMijwFBVV95cUxNM3dySGtCOHVRaXhFdmJNLTV4c01mTms4S09NdTMxeU1GNjE3ZUh1YzdCU0hiaVkzMmNpMnVwaktCbjcycUFZMS1RTU1UcUw3NlNhVVp6UWNlV2p2VkR0SDZSMDhpb0tFMEdiQWZRMXBJUUxqOVRtdFcycjlLNE9XeGhhemxmV0NpZXBWZU9USQ?oc=5"" target=""_blank"">贵州茅台上市以来首次年度营收、净利双降；纳指12连涨创新高｜盘前情报</a>&nbsp;&nbsp;<font color=""#6f6f6f"">21财经</font>",https://news.google.com/rss/articles/CBMijwFBVV95cUxNM3dySGtCOHVRaXhFdmJNLTV4c01mTms4S09NdTMxeU1GNjE3ZUh1YzdCU0hiaVkzMmNpMnVwaktCbjcycUFZMS1RTU1UcUw3NlNhVVp6UWNlV2p2VkR0SDZSMDhpb0tFMEdiQWZRMXBJUUxqOVRtdFcycjlLNE9XeGhhemxmV0NpZXBWZU9USQ?oc=5,贵州茅台,"贵州茅台上市以来首次年度营收、净利双降；纳指12连涨创新高｜盘前情报 - 21财经. <a href=""https://news.google.com/rss/articles/CBMijwFBVV95cUxNM3dySGtCOHVRaXhFdmJNLTV4c01mTms4S09NdTMxeU1GNjE3ZUh1YzdCU0hiaVkzMmNpMnVwaktCbjcycUFZMS1RTU1UcUw3NlNhVVp6UWNlV2p2VkR0SDZSMDhpb0tFMEdiQWZRMXBJUUxqOVRtdFcycjlLNE9XeGhhemxmV0NpZXBWZU9USQ?oc=5"" target=""_blank"">贵州茅台上市以来首次年度营收、净利双降；纳指12连涨创新高｜盘前情报</a>&nbsp;&nbsp;<font color=""#6f6f6f"">21财经</font>",neutral,0.026492555
2026-04-17,2026-04-17T07:00:00+00:00,600519.SH,"""贵州茅台"" - Google 新闻",贵州茅台早盘跌超4%，上市25年首次出现负增长 - 财经号,"<a href=""https://news.google.com/rss/articles/CBMia0FVX3lxTE9YRi1HcXhtTXJOSXFUSkhISldSb2VmUEFJRXgxb1dSU3FqM2k1YTQ0MGJHcFFqRzh3Z3g2TDlOV19mYW51dnd5V1ViVThIckZXbGE5UDFkNjJwQXBGOGRtTlBwQnRnU0RKeGlr?oc=5"" target=""_blank"">贵州茅台早盘跌超4%，上市25年首次出现负增长</a>&nbsp;&nbsp;<font color=""#6f6f6f"">财经号</font>",https://news.google.com/rss/articles/CBMia0FVX3lxTE9YRi1HcXhtTXJOSXFUSkhISldSb2VmUEFJRXgxb1dSU3FqM2k1YTQ0MGJHcFFqRzh3Z3g2TDlOV19mYW51dnd5V1ViVThIckZXbGE5UDFkNjJwQXBGOGRtTlBwQnRnU0RKeGlr?oc=5,贵州茅台,"贵州茅台早盘跌超4%，上市25年首次出现负增长 - 财经号. <a href=""https://news.google.com/rss/articles/CBMia0FVX3lxTE9YRi1HcXhtTXJOSXFUSkhISldSb2VmUEFJRXgxb1dSU3FqM2k1YTQ0MGJHcFFqRzh3Z3g2TDlOV19mYW51dnd5V1ViVThIckZXbGE5UDFkNjJwQXBGOGRtTlBwQnRnU0RKeGlr?oc=5"" target=""_blank"">贵州茅台早盘跌超4%，上市25年首次出现负增长</a>&nbsp;&nbsp;<font color=""#6f6f6f"">财经号</font>",neutral,0.027986068
2026-04-17,2026-04-17T07:00:00+00:00,600519.SH,"""贵州茅台"" - Google 新闻",贵州茅台低开超4% - 东方财富,"<a href=""https://news.google.com/rss/articles/CBMiYEFVX3lxTE55SFRFS0J0TmhIYk1QVnJkODR1czNVbjZOOGcySE1JZEExMllqRGVBM0t4U2dIYm9KcmVDTTBMRVExRkZYWFl6LUpveFE4SjRmU2EzRVJoUURhTU9kWGdJZg?oc=5"" target=""_blank"">贵州茅台低开超4%</a>&nbsp;&nbsp;<font color=""#6f6f6f"">东方财富</font>",https://news.google.com/rss/articles/CBMiYEFVX3lxTE55SFRFS0J0TmhIYk1QVnJkODR1czNVbjZOOGcySE1JZEExMllqRGVBM0t4U2dIYm9KcmVDTTBMRVExRkZYWFl6LUpveFE4SjRmU2EzRVJoUURhTU9kWGdJZg?oc=5,贵州茅台,"贵州茅台低开超4% - 东方财富. <a href=""https://news.google.com/rss/articles/CBMiYEFVX3lxTE55SFRFS0J0TmhIYk1QVnJkODR1czNVbjZOOGcySE1JZEExMllqRGVBM0t4U2dIYm9KcmVDTTBMRVExRkZYWFl6LUpveFE4SjRmU2EzRVJoUURhTU9kWGdJZg?oc=5"" target=""_blank"">贵州茅台低开超4%</a>&nbsp;&nbsp;<font color=""#6f6f6f"">东方财富</font>",neutral,0.004417736
2026-04-17,2026-04-17T07:00:00+00:00,600519.SH,"""贵州茅台"" - Google 新闻",贵州茅台上市以来首次业绩双下滑 - 京报网,"<a href=""https://news.google.com/rss/articles/CBMiXkFVX3lxTE94UXN3T1FGU1pfTURLV2VTU2tHQnhEZGdpRDZmbEt3RjFVZ0R3Zm1rdnFZZ1k3VElfUTczN1p5bDhJNXFKMEQtVDZqaUZZOUhyRmRyaUU4Mk5OOWM4T2c?oc=5"" target=""_blank"">贵州茅台上市以来首次业绩双下滑</a>&nbsp;&nbsp;<font color=""#6f6f6f"">京报网</font>",https://news.google.com/rss/articles/CBMiXkFVX3lxTE94UXN3T1FGU1pfTURLV2VTU2tHQnhEZGdpRDZmbEt3RjFVZ0R3Zm1rdnFZZ1k3VElfUTczN1p5bDhJNXFKMEQtVDZqaUZZOUhyRmRyaUU4Mk5OOWM4T2c?oc=5,贵州茅台,"贵州茅台上市以来首次业绩双下滑 - 京报网. <a href=""https://news.google.com/rss/articles/CBMiXkFVX3lxTE94UXN3T1FGU1pfTURLV2VTU2tHQnhEZGdpRDZmbEt3RjFVZ0R3Zm1rdnFZZ1k3VElfUTczN1p5bDhJNXFKMEQtVDZqaUZZOUhyRmRyaUU4Mk5OOWM4T2c?oc=5"" target=""_blank"">贵州茅台上市以来首次业绩双下滑</a>&nbsp;&nbsp;<font color=""#6f6f6f"">京报网</font>",neutral,0.024801906
2026-04-17,2026-04-17T07:00:00+00:00,600519.SH,"""贵州茅台"" - Google 新闻",上市以来首度双降，贵州茅台主动“挤泡沫”之后走向何方？ - 新浪财经,"<a href=""https://news.google.com/rss/articles/CBMibkFVX3lxTE5xcGN4ZkxwbS1CTi1jRFI3cEM2WXpsaVVkY3RzU1pHQzZYQ08tTmp5cW1yWHFGWmRwQWZCcXZVeU9MNVp6RlpYWVU3akZYWFk2T2R5WDF6enZmTjNDcUZLaG0xUldQM2hTVlpCRzJB?oc=5"" target=""_blank"">上市以来首度双降，贵州茅台主动“挤泡沫”之后走向何方？</a>&nbsp;&nbsp;<font color=""#6f6f6f"">新浪财经</font>",https://news.google.com/rss/articles/CBMibkFVX3lxTE5xcGN4ZkxwbS1CTi1jRFI3cEM2WXpsaVVkY3RzU1pHQzZYQ08tTmp5cW1yWHFGWmRwQWZCcXZVeU9MNVp6RlpYWVU3akZYWFk2T2R5WDF6enZmTjNDcUZLaG0xUldQM2hTVlpCRzJB?oc=5,贵州茅台,"上市以来首度双降，贵州茅台主动“挤泡沫”之后走向何方？ - 新浪财经. <a href=""https://news.google.com/rss/articles/CBMibkFVX3lxTE5xcGN4ZkxwbS1CTi1jRFI3cEM2WXpsaVVkY3RzU1pHQzZYQ08tTmp5cW1yWHFGWmRwQWZCcXZVeU9MNVp6RlpYWVU3akZYWFk2T2R5WDF6enZmTjNDcUZLaG0xUldQM2hTVlpCRzJB?oc=5"" target=""_blank"">上市以来首度双降，贵州茅台主动“挤泡沫”之后走向何方？</a>&nbsp;&nbsp;<font color=""#6f6f6f"">新浪财经</font>",neutral,0.034132622
2026-04-17,2026-04-17T07:00:00+00:00,600519.SH,"""贵州茅台"" - Google 新闻",贵州茅台：别被业绩吓破胆，市场化才是真底牌！ - 财富号,"<a href=""https://news.google.com/rss/articles/CBMia0FVX3lxTFBkTk9zc19td05Ia1dfeEZmS01NUHF6MEhtYjNCVDRQOE9SekJCUjhIM0lzSVppeTJQWHZfOUVvWFNrZnNzN0Q0anNPb1M5ZHNxMUhJU2ktYXNmWnNlcFVaZHE1OHUzMGkySU5N?oc=5"" target=""_blank"">贵州茅台：别被业绩吓破胆，市场化才是真底牌！</a>&nbsp;&nbsp;<font color=""#6f6f6f"">财富号</font>",https://news.google.com/rss/articles/CBMia0FVX3lxTFBkTk9zc19td05Ia1dfeEZmS01NUHF6MEhtYjNCVDRQOE9SekJCUjhIM0lzSVppeTJQWHZfOUVvWFNrZnNzN0Q0anNPb1M5ZHNxMUhJU2ktYXNmWnNlcFVaZHE1OHUzMGkySU5N?oc=5,贵州茅台,"贵州茅台：别被业绩吓破胆，市场化才是真底牌！ - 财富号. <a href=""https://news.google.com/rss/articles/CBMia0FVX3lxTFBkTk9zc19td05Ia1dfeEZmS01NUHF6MEhtYjNCVDRQOE9SekJCUjhIM0lzSVppeTJQWHZfOUVvWFNrZnNzN0Q0anNPb1M5ZHNxMUhJU2ktYXNmWnNlcFVaZHE1OHUzMGkySU5N?oc=5"" target=""_blank"">贵州茅台：别被业绩吓破胆，市场化才是真底牌！</a>&nbsp;&nbsp;<font color=""#6f6f6f"">财富号</font>",neutral,0.010235049
2026-04-17,2026-04-17T07:00:00+00:00,600519.SH,"""贵州茅台"" - Google 新闻",贵州茅台早盘跌超4%，上市25年首次出现负增长 - 新浪财经,"<a href=""https://news.google.com/rss/articles/CBMifkFVX3lxTE9fRmE5eU9tQmVZbHQtSnhfMTJUeE04VEFtQXNwSnFxVGFVRGMxRUZ4ZUpwWWFUdzNiVkxieG5URTdaaVFGNWpMcDJ5NFR6VzBpaHB4cXQ2YWdqS2ZveTBRMFp4WlJuZG5kQUR6eHR6VWR5cVB2T29hOG9pTHBJQQ?oc=5"" target=""_blank"">贵州茅台早盘跌超4%，上市25年首次出现负增长</a>&nbsp;&nbsp;<font color=""#6f6f6f"">新浪财经</font>",https://news.google.com/rss/articles/CBMifkFVX3lxTE9fRmE5eU9tQmVZbHQtSnhfMTJUeE04VEFtQXNwSnFxVGFVRGMxRUZ4ZUpwWWFUdzNiVkxieG5URTdaaVFGNWpMcDJ5NFR6VzBpaHB4cXQ2YWdqS2ZveTBRMFp4WlJuZG5kQUR6eHR6VWR5cVB2T29hOG9pTHBJQQ?oc=5,贵州茅台,"贵州茅台早盘跌超4%，上市25年首次出现负增长 - 新浪财经. <a href=""https://news.google.com/rss/articles/CBMifkFVX3lxTE9fRmE5eU9tQmVZbHQtSnhfMTJUeE04VEFtQXNwSnFxVGFVRGMxRUZ4ZUpwWWFUdzNiVkxieG5URTdaaVFGNWpMcDJ5NFR6VzBpaHB4cXQ2YWdqS2ZveTBRMFp4WlJuZG5kQUR6eHR6VWR5cVB2T29hOG9pTHBJQQ?oc=5"" target=""_blank"">贵州茅台早盘跌超4%，上市25年首次出现负增长</a>&nbsp;&nbsp;<font color=""#6f6f6f"">新浪财经</font>",neutral,0.02828915
2026-04-17,2026-04-17T07:42:34+00:00,600519.SH,"""Kweichow Moutai"" - Google News",China’s Kweichow Moutai shares slip on soft FY earnings By Investing.com - Investing.com South Africa,"<a href=""https://news.google.com/rss/articles/CBMirwFBVV95cUxPdThDNHBleGxNdjl3Y1AyOHNZc0VpUlFURW1jeXFnaHZ4U0I5cG9OZG80V0MxeHVjeHR0b2IwTzQzdUtzTmhycEtnX2tlUUF3S1RaLTZnVE5QN2NEa2VBdU9UdWdqNUJHWnljYWVBeHYySnl6SHg4Ykw1US0xaWcwd0t6ekRjeTJBT1R1VXZjMnlveVl3d2l1ZThZRkc3SUsxLUpucGVpZXBXVWFoaHRV?oc=5"" target=""_blank"">China’s Kweichow Moutai shares slip on soft FY earnings By Investing.com</a>&nbsp;&nbsp;<font color=""#6f6f6f"">Investing.com South Africa</font>",https://news.google.com/rss/articles/CBMirwFBVV95cUxPdThDNHBleGxNdjl3Y1AyOHNZc0VpUlFURW1jeXFnaHZ4U0I5cG9OZG80V0MxeHVjeHR0b2IwTzQzdUtzTmhycEtnX2tlUUF3S1RaLTZnVE5QN2NEa2VBdU9UdWdqNUJHWnljYWVBeHYySnl6SHg4Ykw1US0xaWcwd0t6ekRjeTJBT1R1VXZjMnlveVl3d2l1ZThZRkc3SUsxLUpucGVpZXBXVWFoaHRV?oc=5,Kweichow Moutai,"China’s Kweichow Moutai shares slip on soft FY earnings By Investing.com - Investing.com South Africa. <a href=""https://news.google.com/rss/articles/CBMirwFBVV95cUxPdThDNHBleGxNdjl3Y1AyOHNZc0VpUlFURW1jeXFnaHZ4U0I5cG9OZG80V0MxeHVjeHR0b2IwTzQzdUtzTmhycEtnX2tlUUF3S1RaLTZnVE5QN2NEa2VBdU9UdWdqNUJHWnljYWVBeHYySnl6SHg4Ykw1US0xaWcwd0t6ekRjeTJBT1R1VXZjMnlveVl3d2l1ZThZRkc3SUsxLUpucGVpZXBXVWFoaHRV?oc=5"" target=""_blank"">China’s Kweichow Moutai shares slip on soft FY earnings By Investing.com</a>&nbsp;&nbsp;<font color=""#6f6f6f"">Investing.com South Africa</font>",negative,-0.95149636
2026-04-17,2026-04-17T10:32:34+00:00,600519.SH,"""贵州茅台"" - Google 新闻",贵州茅台2025年年报出炉：营业总收入约1721亿元，全年分红将达650.33亿元 - 东方财富,"<a href=""https://news.google.com/rss/articles/CBMiYEFVX3lxTE9FM2dIbXZxZ044UGtQOEMwNjlfd192Rmw0SzJqS1dKTG91b3RoWDllT3dNcGlEdkZTNVN6clR2cEFrR044SEllVncwd3p3Vlk1cDRRUGN0UjRhc01xWnhJbg?oc=5"" target=""_blank"">贵州茅台2025年年报出炉：营业总收入约1721亿元，全年分红将达650.33亿元</a>&nbsp;&nbsp;<font color=""#6f6f6f"">东方财富</font>",https://news.google.com/rss/articles/CBMiYEFVX3lxTE9FM2dIbXZxZ044UGtQOEMwNjlfd192Rmw0SzJqS1dKTG91b3RoWDllT3dNcGlEdkZTNVN6clR2cEFrR044SEllVncwd3p3Vlk1cDRRUGN0UjRhc01xWnhJbg?oc=5,贵州茅台,"贵州茅台2025年年报出炉：营业总收入约1721亿元，全年分红将达650.33亿元 - 东方财富. <a href=""https://news.google.com/rss/articles/CBMiYEFVX3lxTE9FM2dIbXZxZ044UGtQOEMwNjlfd192Rmw0SzJqS1dKTG91b3RoWDllT3dNcGlEdkZTNVN6clR2cEFrR044SEllVncwd3p3Vlk1cDRRUGN0UjRhc01xWnhJbg?oc=5"" target=""_blank"">贵州茅台2025年年报出炉：营业总收入约1721亿元，全年分红将达650.33亿元</a>&nbsp;&nbsp;<font color=""#6f6f6f"">东方财富</font>",neutral,0.0218564
2026-04-17,2026-04-17T22:03:36+00:00,600519.SH,"""600519"" - Google 新闻",贵州茅台（600519）2025年年报简析：净利润同比下降4.53%_财报季 - 证券之星,"<a href=""https://news.google.com/rss/articles/CBMiYkFVX3lxTE1GaC1KcVNjSmxLUjZDUjF4T1lTMEoxWWFBYmRpYUxhNjl5bHlRYXNVZnZzVHQ4T195NWR3MGpRTHJyWENPUFNPRlNnZE4yWkdhVFo2VkNWV1c1Zi0ybWlHTk1R?oc=5"" target=""_blank"">贵州茅台（600519）2025年年报简析：净利润同比下降4.53%_财报季</a>&nbsp;&nbsp;<font color=""#6f6f6f"">证券之星</font>",https://news.google.com/rss/articles/CBMiYkFVX3lxTE1GaC1KcVNjSmxLUjZDUjF4T1lTMEoxWWFBYmRpYUxhNjl5bHlRYXNVZnZzVHQ4T195NWR3MGpRTHJyWENPUFNPRlNnZE4yWkdhVFo2VkNWV1c1Zi0ybWlHTk1R?oc=5,600519,"贵州茅台（600519）2025年年报简析：净利润同比下降4.53%_财报季 - 证券之星. <a href=""https://news.google.com/rss/articles/CBMiYkFVX3lxTE1GaC1KcVNjSmxLUjZDUjF4T1lTMEoxWWFBYmRpYUxhNjl5bHlRYXNVZnZzVHQ4T195NWR3MGpRTHJyWENPUFNPRlNnZE4yWkdhVFo2VkNWV1c1Zi0ybWlHTk1R?oc=5"" target=""_blank"">贵州茅台（600519）2025年年报简析：净利润同比下降4.53%_财报季</a>&nbsp;&nbsp;<font color=""#6f6f6f"">证券之星</font>",neutral,0.03369999
2026-04-18,2026-04-18T07:00:00+00:00,600519.SH,"""贵州茅台"" - Google 新闻",贵州茅台首现业绩双下滑，股价开盘跌超4% - thepaper.cn,"<a href=""https://news.google.com/rss/articles/CBMiXkFVX3lxTE8wUnQzOS0taFRfNEQ4RWVIaF9KRkxkZTVJQThpb2ZTOExEN0ZKUkFOaHJEMnVBT0s4b0RMNjVOVy1aYUxNenV1a19iNlZJRjFpb0VnQlNlazQzaUVNRVE?oc=5"" target=""_blank"">贵州茅台首现业绩双下滑，股价开盘跌超4%</a>&nbsp;&nbsp;<font color=""#6f6f6f"">thepaper.cn</font>",https://news.google.com/rss/articles/CBMiXkFVX3lxTE8wUnQzOS0taFRfNEQ4RWVIaF9KRkxkZTVJQThpb2ZTOExEN0ZKUkFOaHJEMnVBT0s4b0RMNjVOVy1aYUxNenV1a19iNlZJRjFpb0VnQlNlazQzaUVNRVE?oc=5,贵州茅台,"贵州茅台首现业绩双下滑，股价开盘跌超4% - thepaper.cn. <a href=""https://news.google.com/rss/articles/CBMiXkFVX3lxTE8wUnQzOS0taFRfNEQ4RWVIaF9KRkxkZTVJQThpb2ZTOExEN0ZKUkFOaHJEMnVBT0s4b0RMNjVOVy1aYUxNenV1a19iNlZJRjFpb0VnQlNlazQzaUVNRVE?oc=5"" target=""_blank"">贵州茅台首现业绩双下滑，股价开盘跌超4%</a>&nbsp;&nbsp;<font color=""#6f6f6f"">thepaper.cn</font>",neutral,0.009522431
2026-04-18,2026-04-18T07:00:00+00:00,600519.SH,"""贵州茅台"" - Google 新闻",上市25年业绩首降，贵州茅台如何突围？ - 新浪财经,"<a href=""https://news.google.com/rss/articles/CBMibkFVX3lxTE5tY0FlUU0tc0RjVHFNR1ZmWGpPQ3otZ19VNVpkNUlBVVhZWS02RzhWRTZFdFpkZGJTNmhCd3pEMEQ2cnpjeEU0cm5QajRBR25CWWhTdEpPM0x6emhqQllvUzhtNWw0aWhoUnNGWFdR?oc=5"" target=""_blank"">上市25年业绩首降，贵州茅台如何突围？</a>&nbsp;&nbsp;<font color=""#6f6f6f"">新浪财经</font>",https://news.google.com/rss/articles/CBMibkFVX3lxTE5tY0FlUU0tc0RjVHFNR1ZmWGpPQ3otZ19VNVpkNUlBVVhZWS02RzhWRTZFdFpkZGJTNmhCd3pEMEQ2cnpjeEU0cm5QajRBR25CWWhTdEpPM0x6emhqQllvUzhtNWw0aWhoUnNGWFdR?oc=5,贵州茅台,"上市25年业绩首降，贵州茅台如何突围？ - 新浪财经. <a href=""https://news.google.com/rss/articles/CBMibkFVX3lxTE5tY0FlUU0tc0RjVHFNR1ZmWGpPQ3otZ19VNVpkNUlBVVhZWS02RzhWRTZFdFpkZGJTNmhCd3pEMEQ2cnpjeEU0cm5QajRBR25CWWhTdEpPM0x6emhqQllvUzhtNWw0aWhoUnNGWFdR?oc=5"" target=""_blank"">上市25年业绩首降，贵州茅台如何突围？</a>&nbsp;&nbsp;<font color=""#6f6f6f"">新浪财经</font>",neutral,0.02866675
2026-04-18,2026-04-18T07:00:00+00:00,600519.SH,"""600519"" - Google 新闻",贵州茅台股价下跌亏损_新浪新闻 - 新浪网,"<a href=""https://news.google.com/rss/articles/CBMiY0FVX3lxTFB0bDU4bkZySEphUXJPd25KRE5OV0J2U2lxeHZPaHl6SXkzaTI3TDlhNGltNTgwWnNHeWR0ZVRTTDYwMFloQmR3OUtGMHAzWU5YNDlnaU05amQ3TVVEbUVhQUdBcw?oc=5"" target=""_blank"">贵州茅台股价下跌亏损_新浪新闻</a>&nbsp;&nbsp;<font color=""#6f6f6f"">新浪网</font>",https://news.google.com/rss/articles/CBMiY0FVX3lxTFB0bDU4bkZySEphUXJPd25KRE5OV0J2U2lxeHZPaHl6SXkzaTI3TDlhNGltNTgwWnNHeWR0ZVRTTDYwMFloQmR3OUtGMHAzWU5YNDlnaU05amQ3TVVEbUVhQUdBcw?oc=5,600519,"贵州茅台股价下跌亏损_新浪新闻 - 新浪网. <a href=""https://news.google.com/rss/articles/CBMiY0FVX3lxTFB0bDU4bkZySEphUXJPd25KRE5OV0J2U2lxeHZPaHl6SXkzaTI3TDlhNGltNTgwWnNHeWR0ZVRTTDYwMFloQmR3OUtGMHAzWU5YNDlnaU05amQ3TVVEbUVhQUdBcw?oc=5"" target=""_blank"">贵州茅台股价下跌亏损_新浪新闻</a>&nbsp;&nbsp;<font color=""#6f6f6f"">新浪网</font>",neutral,0.018551014
2026-04-19,2026-04-19T07:00:00+00:00,600519.SH,"""Kweichow Moutai"" - Google News",Kweichow Moutai Posts First Revenue Decline Since 2001 Listing - Seoul Economic Daily,"<a href=""https://news.google.com/rss/articles/CBMipAFBVV95cUxQNXZIMm83REU0ZFB1ZF9xSlJ6cGRFSTZvYXJMNERINFVaRl9OeDl5aldXcERnV29uSmZoMDhwSHI1TnhGZFR1bnhaZnNiYzFpTTMtdzZVdUE0NWRXa0RsTExId3RhTEZmNWc1ZnhEalRGbDFzOHZvWU9XWDd6TXZ3NjdXUGNkWmx2RV9XTFBEN09HQ2JZaXBhZ1RMdS1DWlF0cHd5RA?oc=5"" target=""_blank"">Kweichow Moutai Posts First Revenue Decline Since 2001 Listing</a>&nbsp;&nbsp;<font color=""#6f6f6f"">Seoul Economic Daily</font>",https://news.google.com/rss/articles/CBMipAFBVV95cUxQNXZIMm83REU0ZFB1ZF9xSlJ6cGRFSTZvYXJMNERINFVaRl9OeDl5aldXcERnV29uSmZoMDhwSHI1TnhGZFR1bnhaZnNiYzFpTTMtdzZVdUE0NWRXa0RsTExId3RhTEZmNWc1ZnhEalRGbDFzOHZvWU9XWDd6TXZ3NjdXUGNkWmx2RV9XTFBEN09HQ2JZaXBhZ1RMdS1DWlF0cHd5RA?oc=5,Kweichow Moutai,"Kweichow Moutai Posts First Revenue Decline Since 2001 Listing - Seoul Economic Daily. <a href=""https://news.google.com/rss/articles/CBMipAFBVV95cUxQNXZIMm83REU0ZFB1ZF9xSlJ6cGRFSTZvYXJMNERINFVaRl9OeDl5aldXcERnV29uSmZoMDhwSHI1TnhGZFR1bnhaZnNiYzFpTTMtdzZVdUE0NWRXa0RsTExId3RhTEZmNWc1ZnhEalRGbDFzOHZvWU9XWDd6TXZ3NjdXUGNkWmx2RV9XTFBEN09HQ2JZaXBhZ1RMdS1DWlF0cHd5RA?oc=5"" target=""_blank"">Kweichow Moutai Posts First Revenue Decline Since 2001 Listing</a>&nbsp;&nbsp;<font color=""#6f6f6f"">Seoul Economic Daily</font>",negative,-0.962789
2026-04-19,2026-04-19T07:00:00+00:00,600519.SH,"""贵州茅台"" - Google News",贵州茅台(600519)：茅台酒增速放缓 系列酒全年显著承压 - Futubull - 富途牛牛,"<a href=""https://news.google.com/rss/articles/CBMiqwFBVV95cUxNZ2I3WExEVll5S1FpbXV5N2pvNnBqN3dGUm13REUzaUtsS3JRTVdiTDF1UFRQenE4dVBKWk8xWEZPN1NQU0g4WlRNZFBlUEFrUTMyODJ4T08xMDdYUWFvNURWSlFqS1kwYUo4TDg5M3J6MUl4VDJpYzdYYmdublRoMHpoQ1V3cks0SVNBNTh1aDhLTWh1Sk5SY1lsOExjaTdlY0p6b2xjV2RQZWM?oc=5"" target=""_blank"">贵州茅台(600519)：茅台酒增速放缓 系列酒全年显著承压 - Futubull</a>&nbsp;&nbsp;<font color=""#6f6f6f"">富途牛牛</font>",https://news.google.com/rss/articles/CBMiqwFBVV95cUxNZ2I3WExEVll5S1FpbXV5N2pvNnBqN3dGUm13REUzaUtsS3JRTVdiTDF1UFRQenE4dVBKWk8xWEZPN1NQU0g4WlRNZFBlUEFrUTMyODJ4T08xMDdYUWFvNURWSlFqS1kwYUo4TDg5M3J6MUl4VDJpYzdYYmdublRoMHpoQ1V3cks0SVNBNTh1aDhLTWh1Sk5SY1lsOExjaTdlY0p6b2xjV2RQZWM?oc=5,贵州茅台,"贵州茅台(600519)：茅台酒增速放缓 系列酒全年显著承压 - Futubull - 富途牛牛. <a href=""https://news.google.com/rss/articles/CBMiqwFBVV95cUxNZ2I3WExEVll5S1FpbXV5N2pvNnBqN3dGUm13REUzaUtsS3JRTVdiTDF1UFRQenE4dVBKWk8xWEZPN1NQU0g4WlRNZFBlUEFrUTMyODJ4T08xMDdYUWFvNURWSlFqS1kwYUo4TDg5M3J6MUl4VDJpYzdYYmdublRoMHpoQ1V3cks0SVNBNTh1aDhLTWh1Sk5SY1lsOExjaTdlY0p6b2xjV2RQZWM?oc=5"" target=""_blank"">贵州茅台(600519)：茅台酒增速放缓 系列酒全年显著承压 - Futubull</a>&nbsp;&nbsp;<font color=""#6f6f6f"">富途牛牛</font>",neutral,0.01173825
2026-04-19,2026-04-19T07:00:00+00:00,600519.SH,"""贵州茅台"" - Google 新闻",贵州茅台，首次下滑 - thepaper.cn,"<a href=""https://news.google.com/rss/articles/CBMiXkFVX3lxTE15OEdFVXlxR1h3Z3d2TlVmZ0tKV0tna2JtZk9xMXc5N1hxMFVGS2F2YnY5WVdYMkE3Q1dXbHhmVGtwTGIyZUszWXVJUExJTXlfSjhyai1TNjc0dFBQU1E?oc=5"" target=""_blank"">贵州茅台，首次下滑</a>&nbsp;&nbsp;<font color=""#6f6f6f"">thepaper.cn</font>",https://news.google.com/rss/articles/CBMiXkFVX3lxTE15OEdFVXlxR1h3Z3d2TlVmZ0tKV0tna2JtZk9xMXc5N1hxMFVGS2F2YnY5WVdYMkE3Q1dXbHhmVGtwTGIyZUszWXVJUExJTXlfSjhyai1TNjc0dFBQU1E?oc=5,贵州茅台,"贵州茅台，首次下滑 - thepaper.cn. <a href=""https://news.google.com/rss/articles/CBMiXkFVX3lxTE15OEdFVXlxR1h3Z3d2TlVmZ0tKV0tna2JtZk9xMXc5N1hxMFVGS2F2YnY5WVdYMkE3Q1dXbHhmVGtwTGIyZUszWXVJUExJTXlfSjhyai1TNjc0dFBQU1E?oc=5"" target=""_blank"">贵州茅台，首次下滑</a>&nbsp;&nbsp;<font color=""#6f6f6f"">thepaper.cn</font>",neutral,-0.009851024
2026-04-20,2026-04-20T07:00:00+00:00,600519.SH,"""Kweichow Moutai"" - Google News",Kweichow Moutai Expected to Post 1Q Earnings Growth Despite Demand Headwinds -- Market Talk - Moomoo,"<a href=""https://news.google.com/rss/articles/CBMirAFBVV95cUxPd2ZkVWpmdmpJUXF6MmV1MlltSWVZa2NoS0pETWN6MWUxSDhVRjVpdm5zZlFROTlOY1RacWVUM1pBU3F1OUk4d2tBQWVUTkRoSTZXXzFwc3VNV093bXZKcDZQa2xvQ09MMDhyd1YyUERxRmVTMjkxTVZJY09NU005Q3ZPZnZFdWZaWTZHeW8tdjl0RXpod3RxZzlXZ0dpaVZNWWdEazlOTV9DcnNJ?oc=5"" target=""_blank"">Kweichow Moutai Expected to Post 1Q Earnings Growth Despite Demand Headwinds -- Market Talk</a>&nbsp;&nbsp;<font color=""#6f6f6f"">Moomoo</font>",https://news.google.com/rss/articles/CBMirAFBVV95cUxPd2ZkVWpmdmpJUXF6MmV1MlltSWVZa2NoS0pETWN6MWUxSDhVRjVpdm5zZlFROTlOY1RacWVUM1pBU3F1OUk4d2tBQWVUTkRoSTZXXzFwc3VNV093bXZKcDZQa2xvQ09MMDhyd1YyUERxRmVTMjkxTVZJY09NU005Q3ZPZnZFdWZaWTZHeW8tdjl0RXpod3RxZzlXZ0dpaVZNWWdEazlOTV9DcnNJ?oc=5,Kweichow Moutai,"Kweichow Moutai Expected to Post 1Q Earnings Growth Despite Demand Headwinds -- Market Talk - Moomoo. <a href=""https://news.google.com/rss/articles/CBMirAFBVV95cUxPd2ZkVWpmdmpJUXF6MmV1MlltSWVZa2NoS0pETWN6MWUxSDhVRjVpdm5zZlFROTlOY1RacWVUM1pBU3F1OUk4d2tBQWVUTkRoSTZXXzFwc3VNV093bXZKcDZQa2xvQ09MMDhyd1YyUERxRmVTMjkxTVZJY09NU005Q3ZPZnZFdWZaWTZHeW8tdjl0RXpod3RxZzlXZ0dpaVZNWWdEazlOTV9DcnNJ?oc=5"" target=""_blank"">Kweichow Moutai Expected to Post 1Q Earnings Growth Despite Demand Headwinds -- Market Talk</a>&nbsp;&nbsp;<font color=""#6f6f6f"">Moomoo</font>",positive,0.8467804
2026-04-20,2026-04-20T07:00:00+00:00,600519.SH,"""Kweichow Moutai"" - Google News","Kweichow Moutai sees first fall in revenue, profit amid corruption crusade - KrASIA","<a href=""https://news.google.com/rss/articles/CBMimAFBVV95cUxOVmhpRTI1eUZ2OUlLd2djVWk2R0xmSmVHNkt4YllfeTVwX2RCc2EyNExubjNzbE9vV1VLVnR6OEs1VkpHNVhYMXdnRnBfdFB1T1VSbjQwYnlSUkR2RkdWMG51Sl9lTDNmbGVwOWdNTEpkUzEwbGtKVk1pWXdVcU5BV0R1enZsaDBhdER3UUFibzc4SVRmTHptOA?oc=5"" target=""_blank"">Kweichow Moutai sees first fall in revenue, profit amid corruption crusade</a>&nbsp;&nbsp;<font color=""#6f6f6f"">KrASIA</font>",https://news.google.com/rss/articles/CBMimAFBVV95cUxOVmhpRTI1eUZ2OUlLd2djVWk2R0xmSmVHNkt4YllfeTVwX2RCc2EyNExubjNzbE9vV1VLVnR6OEs1VkpHNVhYMXdnRnBfdFB1T1VSbjQwYnlSUkR2RkdWMG51Sl9lTDNmbGVwOWdNTEpkUzEwbGtKVk1pWXdVcU5BV0R1enZsaDBhdER3UUFibzc4SVRmTHptOA?oc=5,Kweichow Moutai,"Kweichow Moutai sees first fall in revenue, profit amid corruption crusade - KrASIA. <a href=""https://news.google.com/rss/articles/CBMimAFBVV95cUxOVmhpRTI1eUZ2OUlLd2djVWk2R0xmSmVHNkt4YllfeTVwX2RCc2EyNExubjNzbE9vV1VLVnR6OEs1VkpHNVhYMXdnRnBfdFB1T1VSbjQwYnlSUkR2RkdWMG51Sl9lTDNmbGVwOWdNTEpkUzEwbGtKVk1pWXdVcU5BV0R1enZsaDBhdER3UUFibzc4SVRmTHptOA?oc=5"" target=""_blank"">Kweichow Moutai sees first fall in revenue, profit amid corruption crusade</a>&nbsp;&nbsp;<font color=""#6f6f6f"">KrASIA</font>",negative,-0.94127023
2026-04-20,2026-04-20T07:00:00+00:00,600519.SH,"""Kweichow Moutai"" - Google News","Kweichow Moutai 2026 Outlook: Reforms, Price Hikes, and Sales Recovery Drive Baijiu Leader’s Growth - Minichart","<a href=""https://news.google.com/rss/articles/CBMi0gFBVV95cUxOR1QtZk5hN1pza2xxeGVESHdERWdsWEZpbERXTUNfc3pzTVlHQV9MV2FtNFdWZlY0OS11X2Jwb3cwWTZjWFVrWnhDbjBkTWtNRTV1ZG9qUURJem5oNkNFbkZaRkdZaDgwN0dHcXJtRjlBYW1Pa1JzRXlTV0xDNmZHWFBGMnNXTmRvdUo3VmEwWC15OTJuOWdfM281ajdvcGdTQ1FBUXBhSldQbnA4WWkwTTZBQnBRb3JkQzNJNWZwcU5YN1duOURVNWNOd3l5cjRsUnc?oc=5"" target=""_blank"">Kweichow Moutai 2026 Outlook: Reforms, Price Hikes, and Sales Recovery Drive Baijiu Leader’s Growth</a>&nbsp;&nbsp;<font color=""#6f6f6f"">Minichart</font>",https://news.google.com/rss/articles/CBMi0gFBVV95cUxOR1QtZk5hN1pza2xxeGVESHdERWdsWEZpbERXTUNfc3pzTVlHQV9MV2FtNFdWZlY0OS11X2Jwb3cwWTZjWFVrWnhDbjBkTWtNRTV1ZG9qUURJem5oNkNFbkZaRkdZaDgwN0dHcXJtRjlBYW1Pa1JzRXlTV0xDNmZHWFBGMnNXTmRvdUo3VmEwWC15OTJuOWdfM281ajdvcGdTQ1FBUXBhSldQbnA4WWkwTTZBQnBRb3JkQzNJNWZwcU5YN1duOURVNWNOd3l5cjRsUnc?oc=5,Kweichow Moutai,"Kweichow Moutai 2026 Outlook: Reforms, Price Hikes, and Sales Recovery Drive Baijiu Leader’s Growth - Minichart. <a href=""https://news.google.com/rss/articles/CBMi0gFBVV95cUxOR1QtZk5hN1pza2xxeGVESHdERWdsWEZpbERXTUNfc3pzTVlHQV9MV2FtNFdWZlY0OS11X2Jwb3cwWTZjWFVrWnhDbjBkTWtNRTV1ZG9qUURJem5oNkNFbkZaRkdZaDgwN0dHcXJtRjlBYW1Pa1JzRXlTV0xDNmZHWFBGMnNXTmRvdUo3VmEwWC15OTJuOWdfM281ajdvcGdTQ1FBUXBhSldQbnA4WWkwTTZBQnBRb3JkQzNJNWZwcU5YN1duOURVNWNOd3l5cjRsUnc?oc=5"" target=""_blank"">Kweichow Moutai 2026 Outlook: Reforms, Price Hikes, and Sales Recovery Drive Baijiu Leader’s Growth</a>&nbsp;&nbsp;<font color=""#6f6f6f"">Minichart</font>",positive,0.58098376
2026-04-20,2026-04-20T07:00:00+00:00,600519.SH,"""贵州茅台"" - Google 新闻",贵州茅台等281家A股公司披露ESG报告丨ESG热搜榜 - 21财经,"<a href=""https://news.google.com/rss/articles/CBMijwFBVV95cUxPbHVjRHJBWDhaUm9JWTFMRWNlX2pSNGhrczA5Z1Nnc0x4LUJiMGxvdnM1NkJidnRjOWNQTkR0cVpGMEFERUpKOVctaFgzZk1IV0ZuZ01kOThZcVRmNk5FNmZhZGExSnF0MXNuZW1hSDBZOEs4UGZZQjFJejZGWENWY3lOeTlRdE56NHRPdkRKZw?oc=5"" target=""_blank"">贵州茅台等281家A股公司披露ESG报告丨ESG热搜榜</a>&nbsp;&nbsp;<font color=""#6f6f6f"">21财经</font>",https://news.google.com/rss/articles/CBMijwFBVV95cUxPbHVjRHJBWDhaUm9JWTFMRWNlX2pSNGhrczA5Z1Nnc0x4LUJiMGxvdnM1NkJidnRjOWNQTkR0cVpGMEFERUpKOVctaFgzZk1IV0ZuZ01kOThZcVRmNk5FNmZhZGExSnF0MXNuZW1hSDBZOEs4UGZZQjFJejZGWENWY3lOeTlRdE56NHRPdkRKZw?oc=5,贵州茅台,"贵州茅台等281家A股公司披露ESG报告丨ESG热搜榜 - 21财经. <a href=""https://news.google.com/rss/articles/CBMijwFBVV95cUxPbHVjRHJBWDhaUm9JWTFMRWNlX2pSNGhrczA5Z1Nnc0x4LUJiMGxvdnM1NkJidnRjOWNQTkR0cVpGMEFERUpKOVctaFgzZk1IV0ZuZ01kOThZcVRmNk5FNmZhZGExSnF0MXNuZW1hSDBZOEs4UGZZQjFJejZGWENWY3lOeTlRdE56NHRPdkRKZw?oc=5"" target=""_blank"">贵州茅台等281家A股公司披露ESG报告丨ESG热搜榜</a>&nbsp;&nbsp;<font color=""#6f6f6f"">21财经</font>",neutral,0.02560563
2026-04-20,2026-04-20T07:00:00+00:00,600519.SH,"""贵州茅台"" - Google 新闻",A股“股王”宝座易主后复归：贵州茅台反超源杰科技重夺股价第一 - 东方财富,"<a href=""https://news.google.com/rss/articles/CBMiZkFVX3lxTE5ha1M2MEhZUWpIdXh5QWtySDRNVzU0emJ0elB0cXdld0tqcGNXb3NrLXJBVDdUbUlXVkRrZEM2ZWgzZUhCeE9ITTQ5MTZEZkVSUEF2bS1ieThpZXhRVWMzc3ZwNjZmZw?oc=5"" target=""_blank"">A股“股王”宝座易主后复归：贵州茅台反超源杰科技重夺股价第一</a>&nbsp;&nbsp;<font color=""#6f6f6f"">东方财富</font>",https://news.google.com/rss/articles/CBMiZkFVX3lxTE5ha1M2MEhZUWpIdXh5QWtySDRNVzU0emJ0elB0cXdld0tqcGNXb3NrLXJBVDdUbUlXVkRrZEM2ZWgzZUhCeE9ITTQ5MTZEZkVSUEF2bS1ieThpZXhRVWMzc3ZwNjZmZw?oc=5,贵州茅台,"A股“股王”宝座易主后复归：贵州茅台反超源杰科技重夺股价第一 - 东方财富. <a href=""https://news.google.com/rss/articles/CBMiZkFVX3lxTE5ha1M2MEhZUWpIdXh5QWtySDRNVzU0emJ0elB0cXdld0tqcGNXb3NrLXJBVDdUbUlXVkRrZEM2ZWgzZUhCeE9ITTQ5MTZEZkVSUEF2bS1ieThpZXhRVWMzc3ZwNjZmZw?oc=5"" target=""_blank"">A股“股王”宝座易主后复归：贵州茅台反超源杰科技重夺股价第一</a>&nbsp;&nbsp;<font color=""#6f6f6f"">东方财富</font>",neutral,0.024663791
2026-04-21,2026-04-21T07:00:00+00:00,600519.SH,"""贵州茅台"" - Google 新闻",贵州茅台业绩双降打断增长“神话”，白酒行业估值逻辑或将重构 - 新浪财经,"<a href=""https://news.google.com/rss/articles/CBMib0FVX3lxTE0wd1pIVGVnMXk1NUY3Tk1kQWdMbUVzTk04X1JUZXN5WEJ4YmhMSmQ5aE9UT21WM2JsVUhoSVA4RDFJRG52MklHS0RGQXF5Y2NsQjVYQVJrSE9qbndhQWt0QUtUM2hBWjFZY0I3MXFvUQ?oc=5"" target=""_blank"">贵州茅台业绩双降打断增长“神话”，白酒行业估值逻辑或将重构</a>&nbsp;&nbsp;<font color=""#6f6f6f"">新浪财经</font>",https://news.google.com/rss/articles/CBMib0FVX3lxTE0wd1pIVGVnMXk1NUY3Tk1kQWdMbUVzTk04X1JUZXN5WEJ4YmhMSmQ5aE9UT21WM2JsVUhoSVA4RDFJRG52MklHS0RGQXF5Y2NsQjVYQVJrSE9qbndhQWt0QUtUM2hBWjFZY0I3MXFvUQ?oc=5,贵州茅台,"贵州茅台业绩双降打断增长“神话”，白酒行业估值逻辑或将重构 - 新浪财经. <a href=""https://news.google.com/rss/articles/CBMib0FVX3lxTE0wd1pIVGVnMXk1NUY3Tk1kQWdMbUVzTk04X1JUZXN5WEJ4YmhMSmQ5aE9UT21WM2JsVUhoSVA4RDFJRG52MklHS0RGQXF5Y2NsQjVYQVJrSE9qbndhQWt0QUtUM2hBWjFZY0I3MXFvUQ?oc=5"" target=""_blank"">贵州茅台业绩双降打断增长“神话”，白酒行业估值逻辑或将重构</a>&nbsp;&nbsp;<font color=""#6f6f6f"">新浪财经</font>",neutral,0.030794093
2026-04-21,2026-04-21T08:29:00+00:00,600519.SH,"""贵州茅台"" - Google 新闻",去化落地！重返A股股价榜首，贵州茅台剑指2030元 - 证券市场周刊,"<a href=""https://news.google.com/rss/articles/CBMiZkFVX3lxTE1xZk1lSi1tYUNXR0NTWjY3S1pNTXhUZW1kM0JTcFkwczRuTmRWdTJfSTBMNV9jZjhVZmNIdXprdk85Q3VYa0RRT1VIYnV1RWhhMUJGanpMTDlhRzRaWUJ5RW42YVZRZw?oc=5"" target=""_blank"">去化落地！重返A股股价榜首，贵州茅台剑指2030元</a>&nbsp;&nbsp;<font color=""#6f6f6f"">证券市场周刊</font>",https://news.google.com/rss/articles/CBMiZkFVX3lxTE1xZk1lSi1tYUNXR0NTWjY3S1pNTXhUZW1kM0JTcFkwczRuTmRWdTJfSTBMNV9jZjhVZmNIdXprdk85Q3VYa0RRT1VIYnV1RWhhMUJGanpMTDlhRzRaWUJ5RW42YVZRZw?oc=5,贵州茅台,"去化落地！重返A股股价榜首，贵州茅台剑指2030元 - 证券市场周刊. <a href=""https://news.google.com/rss/articles/CBMiZkFVX3lxTE1xZk1lSi1tYUNXR0NTWjY3S1pNTXhUZW1kM0JTcFkwczRuTmRWdTJfSTBMNV9jZjhVZmNIdXprdk85Q3VYa0RRT1VIYnV1RWhhMUJGanpMTDlhRzRaWUJ5RW42YVZRZw?oc=5"" target=""_blank"">去化落地！重返A股股价榜首，贵州茅台剑指2030元</a>&nbsp;&nbsp;<font color=""#6f6f6f"">证券市场周刊</font>",neutral,0.02176835
2026-04-21,2026-04-21T09:05:01+00:00,600519.SH,"""Kweichow Moutai"" - Google News",Kweichow Moutai profits fall as China alcohol demand softens - The Drinks Business,"<a href=""https://news.google.com/rss/articles/CBMipgFBVV95cUxNamtZaG52czQ4blllLWdtVmp1dm9pR3FYbEJnLW9iZUp2TWZLOU8zYjZ6c29fT2E0NG1PeFc5ajRENHBhVjhyZlZmdkk3VmQwcmZXWXVLX0xjdGhCbjZkRWNQbGp4VjVwaGNPMl84X2diYXcxd0kyNkkxSmd4cmN1ZzVDQUdVdkp0c3V2aDJqcm1xSlJXY0RqcmpuU20teFpqZkc3SW9B?oc=5"" target=""_blank"">Kweichow Moutai profits fall as China alcohol demand softens</a>&nbsp;&nbsp;<font color=""#6f6f6f"">The Drinks Business</font>",https://news.google.com/rss/articles/CBMipgFBVV95cUxNamtZaG52czQ4blllLWdtVmp1dm9pR3FYbEJnLW9iZUp2TWZLOU8zYjZ6c29fT2E0NG1PeFc5ajRENHBhVjhyZlZmdkk3VmQwcmZXWXVLX0xjdGhCbjZkRWNQbGp4VjVwaGNPMl84X2diYXcxd0kyNkkxSmd4cmN1ZzVDQUdVdkp0c3V2aDJqcm1xSlJXY0RqcmpuU20teFpqZkc3SW9B?oc=5,Kweichow Moutai,"Kweichow Moutai profits fall as China alcohol demand softens - The Drinks Business. <a href=""https://news.google.com/rss/articles/CBMipgFBVV95cUxNamtZaG52czQ4blllLWdtVmp1dm9pR3FYbEJnLW9iZUp2TWZLOU8zYjZ6c29fT2E0NG1PeFc5ajRENHBhVjhyZlZmdkk3VmQwcmZXWXVLX0xjdGhCbjZkRWNQbGp4VjVwaGNPMl84X2diYXcxd0kyNkkxSmd4cmN1ZzVDQUdVdkp0c3V2aDJqcm1xSlJXY0RqcmpuU20teFpqZkc3SW9B?oc=5"" target=""_blank"">Kweichow Moutai profits fall as China alcohol demand softens</a>&nbsp;&nbsp;<font color=""#6f6f6f"">The Drinks Business</font>",negative,-0.9640698
2026-04-22,2026-04-22T07:00:00+00:00,600519.SH,"""贵州茅台"" - Google 新闻",“易中天”市值超贵州茅台 - 证券时报,"<a href=""https://news.google.com/rss/articles/CBMiV0FVX3lxTE95M2t3WHJObUNoejNtYmFZOUlBeGExVjBuYi1WV1BMTVJ2cHNKa3hFSXVkUFNqcTFaTDJtYTBHcmdRUkNHdGpUTzdWZG54QTkxbGlXUldoTQ?oc=5"" target=""_blank"">“易中天”市值超贵州茅台</a>&nbsp;&nbsp;<font color=""#6f6f6f"">证券时报</font>",https://news.google.com/rss/articles/CBMiV0FVX3lxTE95M2t3WHJObUNoejNtYmFZOUlBeGExVjBuYi1WV1BMTVJ2cHNKa3hFSXVkUFNqcTFaTDJtYTBHcmdRUkNHdGpUTzdWZG54QTkxbGlXUldoTQ?oc=5,贵州茅台,"“易中天”市值超贵州茅台 - 证券时报. <a href=""https://news.google.com/rss/articles/CBMiV0FVX3lxTE95M2t3WHJObUNoejNtYmFZOUlBeGExVjBuYi1WV1BMTVJ2cHNKa3hFSXVkUFNqcTFaTDJtYTBHcmdRUkNHdGpUTzdWZG54QTkxbGlXUldoTQ?oc=5"" target=""_blank"">“易中天”市值超贵州茅台</a>&nbsp;&nbsp;<font color=""#6f6f6f"">证券时报</font>",neutral,0.019156601
2026-04-22,2026-04-22T10:03:00+00:00,600519.SH,"""贵州茅台"" - Google 新闻",贵州茅台公司发展历程 （二） - 财富号,"<a href=""https://news.google.com/rss/articles/CBMia0FVX3lxTE81OHNJMGgtcnd0anhJTk9fQVl6emh2R0s5RC1QWmpHdjBOUzRGVnBuVzBYajVuYUNqVksyYXNBak9VVFU3aG1QQ3ZhVmZrdmFWYnAzTzNMMVRrdGsxUXhCWi1vaUZLeGdZYUJZ?oc=5"" target=""_blank"">贵州茅台公司发展历程 （二）</a>&nbsp;&nbsp;<font color=""#6f6f6f"">财富号</font>",https://news.google.com/rss/articles/CBMia0FVX3lxTE81OHNJMGgtcnd0anhJTk9fQVl6emh2R0s5RC1QWmpHdjBOUzRGVnBuVzBYajVuYUNqVksyYXNBak9VVFU3aG1QQ3ZhVmZrdmFWYnAzTzNMMVRrdGsxUXhCWi1vaUZLeGdZYUJZ?oc=5,贵州茅台,"贵州茅台公司发展历程 （二） - 财富号. <a href=""https://news.google.com/rss/articles/CBMia0FVX3lxTE81OHNJMGgtcnd0anhJTk9fQVl6emh2R0s5RC1QWmpHdjBOUzRGVnBuVzBYajVuYUNqVksyYXNBak9VVFU3aG1QQ3ZhVmZrdmFWYnAzTzNMMVRrdGsxUXhCWi1vaUZLeGdZYUJZ?oc=5"" target=""_blank"">贵州茅台公司发展历程 （二）</a>&nbsp;&nbsp;<font color=""#6f6f6f"">财富号</font>",neutral,0.0226845
2026-04-23,2026-04-23T11:59:55+00:00,600519.SH,"""600519"" - Google 新闻",股票行情快报：贵州茅台（600519）4月23日主力资金净买入1.82亿元_主力研究 - 证券之星,"<a href=""https://news.google.com/rss/articles/CBMiYkFVX3lxTE5sT1VGYkxpZGVUcUc1UlpRWTRzQkNCdGllYmhqSTRZVko1UTRiZVlkeEZROHdPVkJRa2pvRldnTWdsWUpkZExoYl9sV213cU9fZkJBSVRHM0xBeFdjRW12Wkhn?oc=5"" target=""_blank"">股票行情快报：贵州茅台（600519）4月23日主力资金净买入1.82亿元_主力研究</a>&nbsp;&nbsp;<font color=""#6f6f6f"">证券之星</font>",https://news.google.com/rss/articles/CBMiYkFVX3lxTE5sT1VGYkxpZGVUcUc1UlpRWTRzQkNCdGllYmhqSTRZVko1UTRiZVlkeEZROHdPVkJRa2pvRldnTWdsWUpkZExoYl9sV213cU9fZkJBSVRHM0xBeFdjRW12Wkhn?oc=5,600519,"股票行情快报：贵州茅台（600519）4月23日主力资金净买入1.82亿元_主力研究 - 证券之星. <a href=""https://news.google.com/rss/articles/CBMiYkFVX3lxTE5sT1VGYkxpZGVUcUc1UlpRWTRzQkNCdGllYmhqSTRZVko1UTRiZVlkeEZROHdPVkJRa2pvRldnTWdsWUpkZExoYl9sV213cU9fZkJBSVRHM0xBeFdjRW12Wkhn?oc=5"" target=""_blank"">股票行情快报：贵州茅台（600519）4月23日主力资金净买入1.82亿元_主力研究</a>&nbsp;&nbsp;<font color=""#6f6f6f"">证券之星</font>",neutral,0.024997571
2026-04-23,2026-04-23T13:43:36+00:00,600519.SH,"""贵州茅台"" - Google 新闻",公募对贵州茅台的调仓出现分歧，刘格菘、莫海波逆势加仓 | 基金放大镜 - 东方财富,"<a href=""https://news.google.com/rss/articles/CBMiYEFVX3lxTFBpRUViaVdybldHRFlPTkYxX1hVSWpsQnI2VXZJOFhxM2g1RVI4TklNU1Q3bms4SE1PaFpScE1YeTNIa0tObnRQN3NrYWQ4aUlmdFIyZXdlNllEUUthaE56SA?oc=5"" target=""_blank"">公募对贵州茅台的调仓出现分歧，刘格菘、莫海波逆势加仓 | 基金放大镜</a>&nbsp;&nbsp;<font color=""#6f6f6f"">东方财富</font>",https://news.google.com/rss/articles/CBMiYEFVX3lxTFBpRUViaVdybldHRFlPTkYxX1hVSWpsQnI2VXZJOFhxM2g1RVI4TklNU1Q3bms4SE1PaFpScE1YeTNIa0tObnRQN3NrYWQ4aUlmdFIyZXdlNllEUUthaE56SA?oc=5,贵州茅台,"公募对贵州茅台的调仓出现分歧，刘格菘、莫海波逆势加仓 | 基金放大镜 - 东方财富. <a href=""https://news.google.com/rss/articles/CBMiYEFVX3lxTFBpRUViaVdybldHRFlPTkYxX1hVSWpsQnI2VXZJOFhxM2g1RVI4TklNU1Q3bms4SE1PaFpScE1YeTNIa0tObnRQN3NrYWQ4aUlmdFIyZXdlNllEUUthaE56SA?oc=5"" target=""_blank"">公募对贵州茅台的调仓出现分歧，刘格菘、莫海波逆势加仓 | 基金放大镜</a>&nbsp;&nbsp;<font color=""#6f6f6f"">东方财富</font>",neutral,0.024982084
2026-04-24,2026-04-24T04:40:33+00:00,600519.SH,"""Kweichow Moutai"" - Google News",Moutai Requests Distributors for Profits - eu.36kr.com,"<a href=""https://news.google.com/rss/articles/CBMiU0FVX3lxTFA0UkFoclJ3RDUwNnRSMmtiN1FWUG1oTjFyamp4cGxkS29mN25IM3J3MmRrZUhNbnpGUklxWUtVbE5lX0ZIQ2ExeG8zZmpDSWthcFZn?oc=5"" target=""_blank"">Moutai Requests Distributors for Profits</a>&nbsp;&nbsp;<font color=""#6f6f6f"">eu.36kr.com</font>",https://news.google.com/rss/articles/CBMiU0FVX3lxTFA0UkFoclJ3RDUwNnRSMmtiN1FWUG1oTjFyamp4cGxkS29mN25IM3J3MmRrZUhNbnpGUklxWUtVbE5lX0ZIQ2ExeG8zZmpDSWthcFZn?oc=5,Kweichow Moutai,"Moutai Requests Distributors for Profits - eu.36kr.com. <a href=""https://news.google.com/rss/articles/CBMiU0FVX3lxTFA0UkFoclJ3RDUwNnRSMmtiN1FWUG1oTjFyamp4cGxkS29mN25IM3J3MmRrZUhNbnpGUklxWUtVbE5lX0ZIQ2ExeG8zZmpDSWthcFZn?oc=5"" target=""_blank"">Moutai Requests Distributors for Profits</a>&nbsp;&nbsp;<font color=""#6f6f6f"">eu.36kr.com</font>",neutral,0.0023472197
2026-04-24,2026-04-24T04:43:00+00:00,600519.SH,贵州茅台 - Bing新聞,贵州茅台一季度营收利润双增 茅台酒系列酒稳健增长、i茅台表现亮眼,分析总营收数据不难看出，营业总收入增长6.34%的背后，主要得益于茅台酒与系列酒的共同拉动。从一季报数据来看，茅台酒实现营收460.05亿元，同比增长5.62%，销量约1.68万吨，同比增长21.82%，压舱石作用持续彰显；酱香系列酒实现营收78.81亿元，同比增长12.22%，销量约1.42万吨，同比增长26.61%，增长态势持续向好。,http://www.bing.com/news/apiclick.aspx?ref=FexRss&aid=&tid=69fb16cbabed4f7ca7e8ada320dc7212&url=https%3a%2f%2ffinance.sina.com.cn%2froll%2f2026-04-24%2fdoc-inhvramu4396400.shtml&c=239067553963495499&mkt=zh-tw,贵州茅台,贵州茅台一季度营收利润双增 茅台酒系列酒稳健增长、i茅台表现亮眼. 分析总营收数据不难看出，营业总收入增长6.34%的背后，主要得益于茅台酒与系列酒的共同拉动。从一季报数据来看，茅台酒实现营收460.05亿元，同比增长5.62%，销量约1.68万吨，同比增长21.82%，压舱石作用持续彰显；酱香系列酒实现营收78.81亿元，同比增长12.22%，销量约1.42万吨，同比增长26.61%，增长态势持续向好。,neutral,0.0332646
2026-04-24,2026-04-24T07:00:00+00:00,600519.SH,"""Kweichow Moutai"" - Google News","Kweichow Moutai Co., Ltd. Reports Earnings Results for the First Quarter Ended March 31, 2026 - marketscreener.com","<a href=""https://news.google.com/rss/articles/CBMi2gFBVV95cUxOMkE3LXdMVEdBUk9aamU2VlBoTkpsc1RMN0tPT3kyQUVmd0dkVGZtTXdfbks5clQ2Tm5Qa0Q5cnhHWmZfZEhocnctdjBWWm9pUjFDUVFvVlpuOGlCQlNwU0szTDJ5dGhEbVZ2UlF5V3JSWWVzaWIzaGNpVExrTm9wZXJWR3d6UlR5Wk1pVVppd0xRbFZqSXJmbkl0dEhVUnNYdGNJVGYzOGVqemlEaWJYd1NpWmlaTmVfcFBEUkVEdWhLMlR4TWJObDBlVmpIMEwxVDBkcEdnREQzQQ?oc=5"" target=""_blank"">Kweichow Moutai Co., Ltd. Reports Earnings Results for the First Quarter Ended March 31, 2026</a>&nbsp;&nbsp;<font color=""#6f6f6f"">marketscreener.com</font>",https://news.google.com/rss/articles/CBMi2gFBVV95cUxOMkE3LXdMVEdBUk9aamU2VlBoTkpsc1RMN0tPT3kyQUVmd0dkVGZtTXdfbks5clQ2Tm5Qa0Q5cnhHWmZfZEhocnctdjBWWm9pUjFDUVFvVlpuOGlCQlNwU0szTDJ5dGhEbVZ2UlF5V3JSWWVzaWIzaGNpVExrTm9wZXJWR3d6UlR5Wk1pVVppd0xRbFZqSXJmbkl0dEhVUnNYdGNJVGYzOGVqemlEaWJYd1NpWmlaTmVfcFBEUkVEdWhLMlR4TWJObDBlVmpIMEwxVDBkcEdnREQzQQ?oc=5,Kweichow Moutai,"Kweichow Moutai Co., Ltd. Reports Earnings Results for the First Quarter Ended March 31, 2026 - marketscreener.com. <a href=""https://news.google.com/rss/articles/CBMi2gFBVV95cUxOMkE3LXdMVEdBUk9aamU2VlBoTkpsc1RMN0tPT3kyQUVmd0dkVGZtTXdfbks5clQ2Tm5Qa0Q5cnhHWmZfZEhocnctdjBWWm9pUjFDUVFvVlpuOGlCQlNwU0szTDJ5dGhEbVZ2UlF5V3JSWWVzaWIzaGNpVExrTm9wZXJWR3d6UlR5Wk1pVVppd0xRbFZqSXJmbkl0dEhVUnNYdGNJVGYzOGVqemlEaWJYd1NpWmlaTmVfcFBEUkVEdWhLMlR4TWJObDBlVmpIMEwxVDBkcEdnREQzQQ?oc=5"" target=""_blank"">Kweichow Moutai Co., Ltd. Reports Earnings Results for the First Quarter Ended March 31, 2026</a>&nbsp;&nbsp;<font color=""#6f6f6f"">marketscreener.com</font>",neutral,-0.04102524
2026-04-24,2026-04-24T07:00:00+00:00,600519.SH,"""贵州茅台"" - Google 新闻",贵州茅台，“双增”！ - 21财经,"<a href=""https://news.google.com/rss/articles/CBMijwFBVV95cUxNX3NKNEZiREk2QmRaREdKSkxXUEJvRDRBQ2NVeTk1ZlE2bUUtQk1LTm9zbkJUYlp0M19hSGFUX0VQZ0gtY3piNFhXV0p3LXdmeGpocDZvb1RDMDBoSlpLN1BGekJMWjkyQnBZVXV4M0VBamNkWmxSTU5nTlZnX21nMGNHZVdaSFZPS0h3WkNhYw?oc=5"" target=""_blank"">贵州茅台，“双增”！</a>&nbsp;&nbsp;<font color=""#6f6f6f"">21财经</font>",https://news.google.com/rss/articles/CBMijwFBVV95cUxNX3NKNEZiREk2QmRaREdKSkxXUEJvRDRBQ2NVeTk1ZlE2bUUtQk1LTm9zbkJUYlp0M19hSGFUX0VQZ0gtY3piNFhXV0p3LXdmeGpocDZvb1RDMDBoSlpLN1BGekJMWjkyQnBZVXV4M0VBamNkWmxSTU5nTlZnX21nMGNHZVdaSFZPS0h3WkNhYw?oc=5,贵州茅台,"贵州茅台，“双增”！ - 21财经. <a href=""https://news.google.com/rss/articles/CBMijwFBVV95cUxNX3NKNEZiREk2QmRaREdKSkxXUEJvRDRBQ2NVeTk1ZlE2bUUtQk1LTm9zbkJUYlp0M19hSGFUX0VQZ0gtY3piNFhXV0p3LXdmeGpocDZvb1RDMDBoSlpLN1BGekJMWjkyQnBZVXV4M0VBamNkWmxSTU5nTlZnX21nMGNHZVdaSFZPS0h3WkNhYw?oc=5"" target=""_blank"">贵州茅台，“双增”！</a>&nbsp;&nbsp;<font color=""#6f6f6f"">21财经</font>",neutral,0.0018326305
2026-04-24,2026-04-24T07:00:00+00:00,600519.SH,"""贵州茅台"" - Google 新闻",贵州茅台一季度营收利润双增 茅台酒系列酒稳健增长、i茅台表现亮眼 - 东方财富,"<a href=""https://news.google.com/rss/articles/CBMiYEFVX3lxTFBqR3VNTkNvZThNblc1dGJSN1JHei1kWWk0TFp1Sm9BeXR6Z21DTTdQZ2tfai1aVXdaRmNhU3owX1lWY3NLU3ZfZkhiRkZjUkNrRl9XamlBaEYyOU1rQnRoRQ?oc=5"" target=""_blank"">贵州茅台一季度营收利润双增 茅台酒系列酒稳健增长、i茅台表现亮眼</a>&nbsp;&nbsp;<font color=""#6f6f6f"">东方财富</font>",https://news.google.com/rss/articles/CBMiYEFVX3lxTFBqR3VNTkNvZThNblc1dGJSN1JHei1kWWk0TFp1Sm9BeXR6Z21DTTdQZ2tfai1aVXdaRmNhU3owX1lWY3NLU3ZfZkhiRkZjUkNrRl9XamlBaEYyOU1rQnRoRQ?oc=5,贵州茅台,"贵州茅台一季度营收利润双增 茅台酒系列酒稳健增长、i茅台表现亮眼 - 东方财富. <a href=""https://news.google.com/rss/articles/CBMiYEFVX3lxTFBqR3VNTkNvZThNblc1dGJSN1JHei1kWWk0TFp1Sm9BeXR6Z21DTTdQZ2tfai1aVXdaRmNhU3owX1lWY3NLU3ZfZkhiRkZjUkNrRl9XamlBaEYyOU1rQnRoRQ?oc=5"" target=""_blank"">贵州茅台一季度营收利润双增 茅台酒系列酒稳健增长、i茅台表现亮眼</a>&nbsp;&nbsp;<font color=""#6f6f6f"">东方财富</font>",neutral,0.01420488
2026-04-24,2026-04-24T07:00:00+00:00,600519.SH,"""贵州茅台"" - Google 新闻",贵州茅台，一季度营收539亿元！经销商单季净减255家，传统渠道营收锐减近30亿元 - 证券时报,"<a href=""https://news.google.com/rss/articles/CBMiXEFVX3lxTE1LRlo2TlVMVkxBY3dyVVhuNU5BaUFzRGhtVHNWSVBldjNyQ285QTBqOUp6S0NZblZnZkZJUHMwMWlzMUlkN1FPUGN3WGEydzdVUWNzT3VpeEU3Rloy?oc=5"" target=""_blank"">贵州茅台，一季度营收539亿元！经销商单季净减255家，传统渠道营收锐减近30亿元</a>&nbsp;&nbsp;<font color=""#6f6f6f"">证券时报</font>",https://news.google.com/rss/articles/CBMiXEFVX3lxTE1LRlo2TlVMVkxBY3dyVVhuNU5BaUFzRGhtVHNWSVBldjNyQ285QTBqOUp6S0NZblZnZkZJUHMwMWlzMUlkN1FPUGN3WGEydzdVUWNzT3VpeEU3Rloy?oc=5,贵州茅台,"贵州茅台，一季度营收539亿元！经销商单季净减255家，传统渠道营收锐减近30亿元 - 证券时报. <a href=""https://news.google.com/rss/articles/CBMiXEFVX3lxTE1LRlo2TlVMVkxBY3dyVVhuNU5BaUFzRGhtVHNWSVBldjNyQ285QTBqOUp6S0NZblZnZkZJUHMwMWlzMUlkN1FPUGN3WGEydzdVUWNzT3VpeEU3Rloy?oc=5"" target=""_blank"">贵州茅台，一季度营收539亿元！经销商单季净减255家，传统渠道营收锐减近30亿元</a>&nbsp;&nbsp;<font color=""#6f6f6f"">证券时报</font>",neutral,0.027130943
2026-04-24,2026-04-24T07:00:00+00:00,600519.SH,"""贵州茅台"" - Google 新闻",日赚3亿！贵州茅台一季度净利增1.47%至272亿元，i茅台营收大增267% - thepaper.cn,"<a href=""https://news.google.com/rss/articles/CBMiXkFVX3lxTE1qeGFyWFRmNXNVSGhUM2NhajNrXzExdloyeHF0QkROb1VNeEE5Nm1ab1JheU50TENFNTN6SWRtT1NQXzJiMDhqRVJlNjZadnFCU1J1d1hqRWlRWXNVZnc?oc=5"" target=""_blank"">日赚3亿！贵州茅台一季度净利增1.47%至272亿元，i茅台营收大增267%</a>&nbsp;&nbsp;<font color=""#6f6f6f"">thepaper.cn</font>",https://news.google.com/rss/articles/CBMiXkFVX3lxTE1qeGFyWFRmNXNVSGhUM2NhajNrXzExdloyeHF0QkROb1VNeEE5Nm1ab1JheU50TENFNTN6SWRtT1NQXzJiMDhqRVJlNjZadnFCU1J1d1hqRWlRWXNVZnc?oc=5,贵州茅台,"日赚3亿！贵州茅台一季度净利增1.47%至272亿元，i茅台营收大增267% - thepaper.cn. <a href=""https://news.google.com/rss/articles/CBMiXkFVX3lxTE1qeGFyWFRmNXNVSGhUM2NhajNrXzExdloyeHF0QkROb1VNeEE5Nm1ab1JheU50TENFNTN6SWRtT1NQXzJiMDhqRVJlNjZadnFCU1J1d1hqRWlRWXNVZnc?oc=5"" target=""_blank"">日赚3亿！贵州茅台一季度净利增1.47%至272亿元，i茅台营收大增267%</a>&nbsp;&nbsp;<font color=""#6f6f6f"">thepaper.cn</font>",neutral,0.027389169
2026-04-24,2026-04-24T07:00:00+00:00,600519.SH,"""贵州茅台"" - Google 新闻",贵州茅台：一季度实现净利润272.43亿元 同比增长1.47% - 东方财富,"<a href=""https://news.google.com/rss/articles/CBMiYEFVX3lxTE1qSExDWWRQZVJmODc1bkFSYXp0cWRyczlBLXp2OUJsRGljZmVyblFWQUNwaUpDNG9xZHpRazhrQkY5UDk5QXc2V2U4eW5XcjlVNDMtUHVHZjhYZFQ3MldkRg?oc=5"" target=""_blank"">贵州茅台：一季度实现净利润272.43亿元 同比增长1.47%</a>&nbsp;&nbsp;<font color=""#6f6f6f"">东方财富</font>",https://news.google.com/rss/articles/CBMiYEFVX3lxTE1qSExDWWRQZVJmODc1bkFSYXp0cWRyczlBLXp2OUJsRGljZmVyblFWQUNwaUpDNG9xZHpRazhrQkY5UDk5QXc2V2U4eW5XcjlVNDMtUHVHZjhYZFQ3MldkRg?oc=5,贵州茅台,"贵州茅台：一季度实现净利润272.43亿元 同比增长1.47% - 东方财富. <a href=""https://news.google.com/rss/articles/CBMiYEFVX3lxTE1qSExDWWRQZVJmODc1bkFSYXp0cWRyczlBLXp2OUJsRGljZmVyblFWQUNwaUpDNG9xZHpRazhrQkY5UDk5QXc2V2U4eW5XcjlVNDMtUHVHZjhYZFQ3MldkRg?oc=5"" target=""_blank"">贵州茅台：一季度实现净利润272.43亿元 同比增长1.47%</a>&nbsp;&nbsp;<font color=""#6f6f6f"">东方财富</font>",neutral,0.024998274
2026-04-24,2026-04-24T07:00:00+00:00,600519.SH,"""贵州茅台"" - Google 新闻",贵州茅台：一季度净利润272亿元 同比增长1.47% - 东方财富,"<a href=""https://news.google.com/rss/articles/CBMiYEFVX3lxTE5lTXM0RVdITGdkbHVQTmlSalQ3QWRiX1FhVGpnRkVyZ3B4dE9abUlGRU9WZk5lZFpXQks1aUxnbEpEeWM0cUp3MUg0dk9fQnJDUm9ibDVONEY1SmZpTS1LMQ?oc=5"" target=""_blank"">贵州茅台：一季度净利润272亿元 同比增长1.47%</a>&nbsp;&nbsp;<font color=""#6f6f6f"">东方财富</font>",https://news.google.com/rss/articles/CBMiYEFVX3lxTE5lTXM0RVdITGdkbHVQTmlSalQ3QWRiX1FhVGpnRkVyZ3B4dE9abUlGRU9WZk5lZFpXQks1aUxnbEpEeWM0cUp3MUg0dk9fQnJDUm9ibDVONEY1SmZpTS1LMQ?oc=5,贵州茅台,"贵州茅台：一季度净利润272亿元 同比增长1.47% - 东方财富. <a href=""https://news.google.com/rss/articles/CBMiYEFVX3lxTE5lTXM0RVdITGdkbHVQTmlSalQ3QWRiX1FhVGpnRkVyZ3B4dE9abUlGRU9WZk5lZFpXQks1aUxnbEpEeWM0cUp3MUg0dk9fQnJDUm9ibDVONEY1SmZpTS1LMQ?oc=5"" target=""_blank"">贵州茅台：一季度净利润272亿元 同比增长1.47%</a>&nbsp;&nbsp;<font color=""#6f6f6f"">东方财富</font>",neutral,0.022710279
2026-04-24,2026-04-24T07:00:00+00:00,600519.SH,"""贵州茅台"" - Google 新闻",贵州茅台一季度净利润同比增长1.47%，“i茅台”收入大增267% - 中国基金报,"<a href=""https://news.google.com/rss/articles/CBMiekFVX3lxTFBJdEhWcTFiaFZFLVFWT21MOVE1bmRYclZGN2ZraXNDQUJpSjZUVy1RTngxTVBvSS1QeUZOSFhRazRDZjRERkd6azJXRkRFMXRuSFJMLVJhNXhnNmRpLUJuaW1mdDUtT1pHU0daNHlOUDJwWEtyeGwzWHFn?oc=5"" target=""_blank"">贵州茅台一季度净利润同比增长1.47%，“i茅台”收入大增267%</a>&nbsp;&nbsp;<font color=""#6f6f6f"">中国基金报</font>",https://news.google.com/rss/articles/CBMiekFVX3lxTFBJdEhWcTFiaFZFLVFWT21MOVE1bmRYclZGN2ZraXNDQUJpSjZUVy1RTngxTVBvSS1QeUZOSFhRazRDZjRERkd6azJXRkRFMXRuSFJMLVJhNXhnNmRpLUJuaW1mdDUtT1pHU0daNHlOUDJwWEtyeGwzWHFn?oc=5,贵州茅台,"贵州茅台一季度净利润同比增长1.47%，“i茅台”收入大增267% - 中国基金报. <a href=""https://news.google.com/rss/articles/CBMiekFVX3lxTFBJdEhWcTFiaFZFLVFWT21MOVE1bmRYclZGN2ZraXNDQUJpSjZUVy1RTngxTVBvSS1QeUZOSFhRazRDZjRERkd6azJXRkRFMXRuSFJMLVJhNXhnNmRpLUJuaW1mdDUtT1pHU0daNHlOUDJwWEtyeGwzWHFn?oc=5"" target=""_blank"">贵州茅台一季度净利润同比增长1.47%，“i茅台”收入大增267%</a>&nbsp;&nbsp;<font color=""#6f6f6f"">中国基金报</font>",neutral,0.060978755
2026-04-24,2026-04-24T07:00:00+00:00,600519.SH,"""贵州茅台"" - Google 新闻",贵州茅台Q1营收、净利双增，“i茅台”营收达215亿元，占比达40% | 财报见闻 - 华尔街见闻,"<a href=""https://news.google.com/rss/articles/CBMiU0FVX3lxTE9aZ0RrZ1N1eTFIazFOVEhHa2ttcEZBY083dE9uZUhRTlhYOTNsOWZ3WTdVcEFKbXJRV09OOXltUFNOYVQyYzI3TzVJd1NORGJ0R1BF?oc=5"" target=""_blank"">贵州茅台Q1营收、净利双增，“i茅台”营收达215亿元，占比达40% | 财报见闻</a>&nbsp;&nbsp;<font color=""#6f6f6f"">华尔街见闻</font>",https://news.google.com/rss/articles/CBMiU0FVX3lxTE9aZ0RrZ1N1eTFIazFOVEhHa2ttcEZBY083dE9uZUhRTlhYOTNsOWZ3WTdVcEFKbXJRV09OOXltUFNOYVQyYzI3TzVJd1NORGJ0R1BF?oc=5,贵州茅台,"贵州茅台Q1营收、净利双增，“i茅台”营收达215亿元，占比达40% | 财报见闻 - 华尔街见闻. <a href=""https://news.google.com/rss/articles/CBMiU0FVX3lxTE9aZ0RrZ1N1eTFIazFOVEhHa2ttcEZBY083dE9uZUhRTlhYOTNsOWZ3WTdVcEFKbXJRV09OOXltUFNOYVQyYzI3TzVJd1NORGJ0R1BF?oc=5"" target=""_blank"">贵州茅台Q1营收、净利双增，“i茅台”营收达215亿元，占比达40% | 财报见闻</a>&nbsp;&nbsp;<font color=""#6f6f6f"">华尔街见闻</font>",neutral,0.04109376
2026-04-24,2026-04-24T07:00:00+00:00,600519.SH,"""贵州茅台"" - Google 新闻",贵州茅台“双增 ”背后：茅台酒系列酒共同拉动、i茅台增267.16% - 新浪财经,"<a href=""https://news.google.com/rss/articles/CBMidkFVX3lxTE5pSWV3cGpGYVhxZEhLWWg0UVJ0V3NsN0ctejdISS1INDJWNnlUeXFMZ1Z5dEQ1ZHI2X0ZIRmtUTmhBeU9FS0dwZVM5d1lOTFJvSDJ5M0dCbWIxVkMyU2dNTDZkek5VVzJHNTRaQU1HZzY1UWR3OEE?oc=5"" target=""_blank"">贵州茅台“双增 ”背后：茅台酒系列酒共同拉动、i茅台增267.16%</a>&nbsp;&nbsp;<font color=""#6f6f6f"">新浪财经</font>",https://news.google.com/rss/articles/CBMidkFVX3lxTE5pSWV3cGpGYVhxZEhLWWg0UVJ0V3NsN0ctejdISS1INDJWNnlUeXFMZ1Z5dEQ1ZHI2X0ZIRmtUTmhBeU9FS0dwZVM5d1lOTFJvSDJ5M0dCbWIxVkMyU2dNTDZkek5VVzJHNTRaQU1HZzY1UWR3OEE?oc=5,贵州茅台,"贵州茅台“双增 ”背后：茅台酒系列酒共同拉动、i茅台增267.16% - 新浪财经. <a href=""https://news.google.com/rss/articles/CBMidkFVX3lxTE5pSWV3cGpGYVhxZEhLWWg0UVJ0V3NsN0ctejdISS1INDJWNnlUeXFMZ1Z5dEQ1ZHI2X0ZIRmtUTmhBeU9FS0dwZVM5d1lOTFJvSDJ5M0dCbWIxVkMyU2dNTDZkek5VVzJHNTRaQU1HZzY1UWR3OEE?oc=5"" target=""_blank"">贵州茅台“双增 ”背后：茅台酒系列酒共同拉动、i茅台增267.16%</a>&nbsp;&nbsp;<font color=""#6f6f6f"">新浪财经</font>",neutral,0.026080457
2026-04-24,2026-04-24T07:00:00+00:00,600519.SH,"""贵州茅台"" - Google 新闻",贵州茅台一季度归母净利润272.4亿元，同比增长1.5% - 东方财富,"<a href=""https://news.google.com/rss/articles/CBMiZkFVX3lxTE5kRHJ6cnRuOF9aOHVRWjVlYnF4cnlwN216aU43OXhBTnJaMDZwaGRfTHVPbWRxSS04ZExEYWdyYmVuVnlqTXpyR2NMYkZ2d1BKem1BVGJoSVhMRm1BVHdIR2J0ZUszUQ?oc=5"" target=""_blank"">贵州茅台一季度归母净利润272.4亿元，同比增长1.5%</a>&nbsp;&nbsp;<font color=""#6f6f6f"">东方财富</font>",https://news.google.com/rss/articles/CBMiZkFVX3lxTE5kRHJ6cnRuOF9aOHVRWjVlYnF4cnlwN216aU43OXhBTnJaMDZwaGRfTHVPbWRxSS04ZExEYWdyYmVuVnlqTXpyR2NMYkZ2d1BKem1BVGJoSVhMRm1BVHdIR2J0ZUszUQ?oc=5,贵州茅台,"贵州茅台一季度归母净利润272.4亿元，同比增长1.5% - 东方财富. <a href=""https://news.google.com/rss/articles/CBMiZkFVX3lxTE5kRHJ6cnRuOF9aOHVRWjVlYnF4cnlwN216aU43OXhBTnJaMDZwaGRfTHVPbWRxSS04ZExEYWdyYmVuVnlqTXpyR2NMYkZ2d1BKem1BVGJoSVhMRm1BVHdIR2J0ZUszUQ?oc=5"" target=""_blank"">贵州茅台一季度归母净利润272.4亿元，同比增长1.5%</a>&nbsp;&nbsp;<font color=""#6f6f6f"">东方财富</font>",neutral,0.030704841
2026-04-24,2026-04-24T07:00:00+00:00,600519.SH,"""贵州茅台"" - Google 新闻",贵州茅台一季度业绩公布，“i茅台”爆发 - 新浪财经,"<a href=""https://news.google.com/rss/articles/CBMidkFVX3lxTE92VmJxcmNTMGdKNmkxeEdRSENWcFJzSmhoeXpCYkFuY2FfMlA5YS1hUmZ4QzlFMTc5V3Q0ejdEZXhJa2RTc1ViakF0UDNvZVlYZGpSWWg5MVpCSE96azdHWUV6aGFvT3UwYUdURkFta05mbHY2WUE?oc=5"" target=""_blank"">贵州茅台一季度业绩公布，“i茅台”爆发</a>&nbsp;&nbsp;<font color=""#6f6f6f"">新浪财经</font>",https://news.google.com/rss/articles/CBMidkFVX3lxTE92VmJxcmNTMGdKNmkxeEdRSENWcFJzSmhoeXpCYkFuY2FfMlA5YS1hUmZ4QzlFMTc5V3Q0ejdEZXhJa2RTc1ViakF0UDNvZVlYZGpSWWg5MVpCSE96azdHWUV6aGFvT3UwYUdURkFta05mbHY2WUE?oc=5,贵州茅台,"贵州茅台一季度业绩公布，“i茅台”爆发 - 新浪财经. <a href=""https://news.google.com/rss/articles/CBMidkFVX3lxTE92VmJxcmNTMGdKNmkxeEdRSENWcFJzSmhoeXpCYkFuY2FfMlA5YS1hUmZ4QzlFMTc5V3Q0ejdEZXhJa2RTc1ViakF0UDNvZVlYZGpSWWg5MVpCSE96azdHWUV6aGFvT3UwYUdURkFta05mbHY2WUE?oc=5"" target=""_blank"">贵州茅台一季度业绩公布，“i茅台”爆发</a>&nbsp;&nbsp;<font color=""#6f6f6f"">新浪财经</font>",neutral,0.04757392
2026-04-24,2026-04-24T07:12:00+00:00,600519.SH,贵州茅台 - Bing新聞,贵州茅台一季度业绩公布，“i茅台”爆发,1月1日起，500ml飞天茅台酒正式上线“i茅台”，受到消费者的热烈欢迎，“秒罄”成为常态。“i茅台”官微3月28日披露的数据显示，一季度新增近1400万用户，成交用户超398万，直连C端的真实消费需求被彻底激活。,http://www.bing.com/news/apiclick.aspx?ref=FexRss&aid=&tid=69fb16cbabed4f7ca7e8ada320dc7212&url=https%3a%2f%2fwww.sohu.com%2fa%2f1014199977_465270&c=1758860691946794223&mkt=zh-tw,贵州茅台,贵州茅台一季度业绩公布，“i茅台”爆发. 1月1日起，500ml飞天茅台酒正式上线“i茅台”，受到消费者的热烈欢迎，“秒罄”成为常态。“i茅台”官微3月28日披露的数据显示，一季度新增近1400万用户，成交用户超398万，直连C端的真实消费需求被彻底激活。,neutral,0.071996346
2026-04-24,2026-04-24T11:17:16+00:00,600519.SH,"""贵州茅台"" - Google 新闻",贵州茅台：一季度净利润272亿元 同比增长1.47% - 东方财富,"<a href=""https://news.google.com/rss/articles/CBMiZ0FVX3lxTE1wVENNdUFkYS03em9GRGVJYTBwTnNuTVZyU3JQZ0JyeS02NjRQQlRrWWYzMWJWMVZjeGs3ejQwTnRvTl9hLTl5YzBmaXpLN3hhMi1HNEtCNHpvY2VFUVp6TlBxUl9uRmc?oc=5"" target=""_blank"">贵州茅台：一季度净利润272亿元 同比增长1.47%</a>&nbsp;&nbsp;<font color=""#6f6f6f"">东方财富</font>",https://news.google.com/rss/articles/CBMiZ0FVX3lxTE1wVENNdUFkYS03em9GRGVJYTBwTnNuTVZyU3JQZ0JyeS02NjRQQlRrWWYzMWJWMVZjeGs3ejQwTnRvTl9hLTl5YzBmaXpLN3hhMi1HNEtCNHpvY2VFUVp6TlBxUl9uRmc?oc=5,贵州茅台,"贵州茅台：一季度净利润272亿元 同比增长1.47% - 东方财富. <a href=""https://news.google.com/rss/articles/CBMiZ0FVX3lxTE1wVENNdUFkYS03em9GRGVJYTBwTnNuTVZyU3JQZ0JyeS02NjRQQlRrWWYzMWJWMVZjeGs3ejQwTnRvTl9hLTl5YzBmaXpLN3hhMi1HNEtCNHpvY2VFUVp6TlBxUl9uRmc?oc=5"" target=""_blank"">贵州茅台：一季度净利润272亿元 同比增长1.47%</a>&nbsp;&nbsp;<font color=""#6f6f6f"">东方财富</font>",neutral,0.022710305
2026-04-24,2026-04-24T11:55:11+00:00,600519.SH,"""Kweichow Moutai"" - Google News","Kweichow Maotai Achieves Dual Growth in Q1 Revenue and Net Profit, with 'iMaotai' Generating RMB 21.5 Billion in Revenue, Accounting for 40% | Earnings Report - Moomoo","<a href=""https://news.google.com/rss/articles/CBMiogFBVV95cUxPTl85QWNpZnZjam9DR25GRjgtVHpOcEphM0lYZkUzNjZIZEFkN2x1N2hmd2xuXzhldWlWNjh2S2doaFkyU2Y3M2pfLUpMM3NZellVdVVHdUpkTHFHX1plUkN1RGJHZDFvM2g2SDcweDRrclNMbHdEVDhwejBBU0VDR2l6YzRnQjk2ZVRSWDhEdG5hZG5ZUS1OWHhVeW5SaV9HZ1E?oc=5"" target=""_blank"">Kweichow Maotai Achieves Dual Growth in Q1 Revenue and Net Profit, with 'iMaotai' Generating RMB 21.5 Billion in Revenue, Accounting for 40% | Earnings Report</a>&nbsp;&nbsp;<font color=""#6f6f6f"">Moomoo</font>",https://news.google.com/rss/articles/CBMiogFBVV95cUxPTl85QWNpZnZjam9DR25GRjgtVHpOcEphM0lYZkUzNjZIZEFkN2x1N2hmd2xuXzhldWlWNjh2S2doaFkyU2Y3M2pfLUpMM3NZellVdVVHdUpkTHFHX1plUkN1RGJHZDFvM2g2SDcweDRrclNMbHdEVDhwejBBU0VDR2l6YzRnQjk2ZVRSWDhEdG5hZG5ZUS1OWHhVeW5SaV9HZ1E?oc=5,Kweichow Moutai,"Kweichow Maotai Achieves Dual Growth in Q1 Revenue and Net Profit, with 'iMaotai' Generating RMB 21.5 Billion in Revenue, Accounting for 40% | Earnings Report - Moomoo. <a href=""https://news.google.com/rss/articles/CBMiogFBVV95cUxPTl85QWNpZnZjam9DR25GRjgtVHpOcEphM0lYZkUzNjZIZEFkN2x1N2hmd2xuXzhldWlWNjh2S2doaFkyU2Y3M2pfLUpMM3NZellVdVVHdUpkTHFHX1plUkN1RGJHZDFvM2g2SDcweDRrclNMbHdEVDhwejBBU0VDR2l6YzRnQjk2ZVRSWDhEdG5hZG5ZUS1OWHhVeW5SaV9HZ1E?oc=5"" target=""_blank"">Kweichow Maotai Achieves Dual Growth in Q1 Revenue and Net Profit, with 'iMaotai' Generating RMB 21.5 Billion in Revenue, Accounting for 40% | Earnings Report</a>&nbsp;&nbsp;<font color=""#6f6f6f"">Moomoo</font>",positive,0.87060386
2026-04-24,2026-04-24T11:55:11+00:00,600519.SH,"""Kweichow Moutai"" - Google News","Kweichow Maotai Achieves Dual Growth in Q1 Revenue and Net Profit, with 'iMaotai' Generating RMB 21.5 Billion in Revenue, Accounting for 40% | Earnings Report - 富途牛牛","<a href=""https://news.google.com/rss/articles/CBMioAFBVV95cUxNekdTdDRueDNPY1NWNlZkY05MTjNwbFBKX3ZWN1o3OEtBWXBiblBXeHdxVUEzV3F3NERHZGJiZ3BOeUh6eVZGNnhLeFBNSmRYZ2haSXNkMVJ3aVNVSW9VbWl2TXNOUGJhUkwxWDdENDJUZGlzbWcybjctTlhhc3RGNm5DM2d0YWJ2RlU3Y1Awd0tDZWhhNmhVNDJGbnVzYlBU?oc=5"" target=""_blank"">Kweichow Maotai Achieves Dual Growth in Q1 Revenue and Net Profit, with 'iMaotai' Generating RMB 21.5 Billion in Revenue, Accounting for 40% | Earnings Report</a>&nbsp;&nbsp;<font color=""#6f6f6f"">富途牛牛</font>",https://news.google.com/rss/articles/CBMioAFBVV95cUxNekdTdDRueDNPY1NWNlZkY05MTjNwbFBKX3ZWN1o3OEtBWXBiblBXeHdxVUEzV3F3NERHZGJiZ3BOeUh6eVZGNnhLeFBNSmRYZ2haSXNkMVJ3aVNVSW9VbWl2TXNOUGJhUkwxWDdENDJUZGlzbWcybjctTlhhc3RGNm5DM2d0YWJ2RlU3Y1Awd0tDZWhhNmhVNDJGbnVzYlBU?oc=5,Kweichow Moutai,"Kweichow Maotai Achieves Dual Growth in Q1 Revenue and Net Profit, with 'iMaotai' Generating RMB 21.5 Billion in Revenue, Accounting for 40% | Earnings Report - 富途牛牛. <a href=""https://news.google.com/rss/articles/CBMioAFBVV95cUxNekdTdDRueDNPY1NWNlZkY05MTjNwbFBKX3ZWN1o3OEtBWXBiblBXeHdxVUEzV3F3NERHZGJiZ3BOeUh6eVZGNnhLeFBNSmRYZ2haSXNkMVJ3aVNVSW9VbWl2TXNOUGJhUkwxWDdENDJUZGlzbWcybjctTlhhc3RGNm5DM2d0YWJ2RlU3Y1Awd0tDZWhhNmhVNDJGbnVzYlBU?oc=5"" target=""_blank"">Kweichow Maotai Achieves Dual Growth in Q1 Revenue and Net Profit, with 'iMaotai' Generating RMB 21.5 Billion in Revenue, Accounting for 40% | Earnings Report</a>&nbsp;&nbsp;<font color=""#6f6f6f"">富途牛牛</font>",positive,0.8809228
2026-04-24,2026-04-24T11:55:11+00:00,600519.SH,"""Kweichow Moutai"" - Google 新闻",贵州茅台Q1营收、净利双增，“i茅台”营收达215亿元，占比达40% | 财报见闻 - 富途牛牛,"<a href=""https://news.google.com/rss/articles/CBMioAFBVV95cUxOb0lhUjNwd2FSZnlfcXY2OXFHTVhTSU9rMGxOSGxoeFZtVzNONDRKMXpUb0I2T3Frcm4zQ3hnZlAwUkVJa1p4d1FvZ0QwUkstNTk0dW1RY3JQbDVZNXRDd0pyS0ZydlZsRFhXcFpjNkdMWWZ2Vk1CR0V5S1pLcHlrZTlWOXh4X0VfYXZHcVUwWkJiRDhqbXpOYU53aFBvU1Vx?oc=5"" target=""_blank"">贵州茅台Q1营收、净利双增，“i茅台”营收达215亿元，占比达40% | 财报见闻</a>&nbsp;&nbsp;<font color=""#6f6f6f"">富途牛牛</font>",https://news.google.com/rss/articles/CBMioAFBVV95cUxOb0lhUjNwd2FSZnlfcXY2OXFHTVhTSU9rMGxOSGxoeFZtVzNONDRKMXpUb0I2T3Frcm4zQ3hnZlAwUkVJa1p4d1FvZ0QwUkstNTk0dW1RY3JQbDVZNXRDd0pyS0ZydlZsRFhXcFpjNkdMWWZ2Vk1CR0V5S1pLcHlrZTlWOXh4X0VfYXZHcVUwWkJiRDhqbXpOYU53aFBvU1Vx?oc=5,Kweichow Moutai,"贵州茅台Q1营收、净利双增，“i茅台”营收达215亿元，占比达40% | 财报见闻 - 富途牛牛. <a href=""https://news.google.com/rss/articles/CBMioAFBVV95cUxOb0lhUjNwd2FSZnlfcXY2OXFHTVhTSU9rMGxOSGxoeFZtVzNONDRKMXpUb0I2T3Frcm4zQ3hnZlAwUkVJa1p4d1FvZ0QwUkstNTk0dW1RY3JQbDVZNXRDd0pyS0ZydlZsRFhXcFpjNkdMWWZ2Vk1CR0V5S1pLcHlrZTlWOXh4X0VfYXZHcVUwWkJiRDhqbXpOYU53aFBvU1Vx?oc=5"" target=""_blank"">贵州茅台Q1营收、净利双增，“i茅台”营收达215亿元，占比达40% | 财报见闻</a>&nbsp;&nbsp;<font color=""#6f6f6f"">富途牛牛</font>",neutral,0.04734882
2026-04-24,2026-04-24T11:55:40+00:00,600519.SH,"""贵州茅台"" - Google 新闻",贵州茅台一季度业绩出炉：净利润增长1.47% - 21财经,"<a href=""https://news.google.com/rss/articles/CBMijwFBVV95cUxOWmdGeEYtZzRWZEYwaWp5ZzREZ0ItbXBfOFFHdy1ncEZOOUlDeDBfTWlyZU5xd0hLU3B4ZGdsbmVSRDUybGJRNENuaUY2WHhzQkg2N3RPZ1l0R1U3UmJqQm9KYnhpVEsxLUVPOUljbjFIV0hLMHhwcndhekhZUFhBWURQVlVIeVEtZmdJajV0UQ?oc=5"" target=""_blank"">贵州茅台一季度业绩出炉：净利润增长1.47%</a>&nbsp;&nbsp;<font color=""#6f6f6f"">21财经</font>",https://news.google.com/rss/articles/CBMijwFBVV95cUxOWmdGeEYtZzRWZEYwaWp5ZzREZ0ItbXBfOFFHdy1ncEZOOUlDeDBfTWlyZU5xd0hLU3B4ZGdsbmVSRDUybGJRNENuaUY2WHhzQkg2N3RPZ1l0R1U3UmJqQm9KYnhpVEsxLUVPOUljbjFIV0hLMHhwcndhekhZUFhBWURQVlVIeVEtZmdJajV0UQ?oc=5,贵州茅台,"贵州茅台一季度业绩出炉：净利润增长1.47% - 21财经. <a href=""https://news.google.com/rss/articles/CBMijwFBVV95cUxOWmdGeEYtZzRWZEYwaWp5ZzREZ0ItbXBfOFFHdy1ncEZOOUlDeDBfTWlyZU5xd0hLU3B4ZGdsbmVSRDUybGJRNENuaUY2WHhzQkg2N3RPZ1l0R1U3UmJqQm9KYnhpVEsxLUVPOUljbjFIV0hLMHhwcndhekhZUFhBWURQVlVIeVEtZmdJajV0UQ?oc=5"" target=""_blank"">贵州茅台一季度业绩出炉：净利润增长1.47%</a>&nbsp;&nbsp;<font color=""#6f6f6f"">21财经</font>",neutral,0.019143261
2026-04-24,2026-04-24T12:22:06+00:00,600519.SH,"""贵州茅台"" - Google 新闻",【财闻联播】贵州茅台一季报，最新出炉！锋龙股份：下周一复牌 - 证券时报,"<a href=""https://news.google.com/rss/articles/CBMiXEFVX3lxTFBMMnRlYUpZSm9WM0ZTOTJhVkdQcE0xdjl4WDZvMm5OQUpIUmQ5OUFIUGdQcDdPUHkydUNqdFNRaFZ1US1PRWwxQ2RkOWM2ZHVraVRMXzJVbmUwTEZY?oc=5"" target=""_blank"">【财闻联播】贵州茅台一季报，最新出炉！锋龙股份：下周一复牌</a>&nbsp;&nbsp;<font color=""#6f6f6f"">证券时报</font>",https://news.google.com/rss/articles/CBMiXEFVX3lxTFBMMnRlYUpZSm9WM0ZTOTJhVkdQcE0xdjl4WDZvMm5OQUpIUmQ5OUFIUGdQcDdPUHkydUNqdFNRaFZ1US1PRWwxQ2RkOWM2ZHVraVRMXzJVbmUwTEZY?oc=5,贵州茅台,"【财闻联播】贵州茅台一季报，最新出炉！锋龙股份：下周一复牌 - 证券时报. <a href=""https://news.google.com/rss/articles/CBMiXEFVX3lxTFBMMnRlYUpZSm9WM0ZTOTJhVkdQcE0xdjl4WDZvMm5OQUpIUmQ5OUFIUGdQcDdPUHkydUNqdFNRaFZ1US1PRWwxQ2RkOWM2ZHVraVRMXzJVbmUwTEZY?oc=5"" target=""_blank"">【财闻联播】贵州茅台一季报，最新出炉！锋龙股份：下周一复牌</a>&nbsp;&nbsp;<font color=""#6f6f6f"">证券时报</font>",neutral,0.015089594
2026-04-24,2026-04-24T12:56:47+00:00,600519.SH,"""600519"" - Google 新闻",日赚3亿！贵州茅台一季度净利增1.47%至272亿元，i茅台营收大增267% - Sohu,"<a href=""https://news.google.com/rss/articles/CBMiiwFBVV95cUxNVGM5VUVqbFh1eXNhVVdnWHdHTlFWSWlzY2FHemczamdoMnBTNE1iR3owaWR0SGdONjR4N2wzV2dHMHA4RlpPNVlGeldwdWhaQ3JQTFdlOS1yem00SFhHMmVEYzVWWW5DeXR1bkxuSWhNaFRmZGdMMFA3STRYYndxZTFFNmpDNmlZZWNz?oc=5"" target=""_blank"">日赚3亿！贵州茅台一季度净利增1.47%至272亿元，i茅台营收大增267%</a>&nbsp;&nbsp;<font color=""#6f6f6f"">Sohu</font>",https://news.google.com/rss/articles/CBMiiwFBVV95cUxNVGM5VUVqbFh1eXNhVVdnWHdHTlFWSWlzY2FHemczamdoMnBTNE1iR3owaWR0SGdONjR4N2wzV2dHMHA4RlpPNVlGeldwdWhaQ3JQTFdlOS1yem00SFhHMmVEYzVWWW5DeXR1bkxuSWhNaFRmZGdMMFA3STRYYndxZTFFNmpDNmlZZWNz?oc=5,600519,"日赚3亿！贵州茅台一季度净利增1.47%至272亿元，i茅台营收大增267% - Sohu. <a href=""https://news.google.com/rss/articles/CBMiiwFBVV95cUxNVGM5VUVqbFh1eXNhVVdnWHdHTlFWSWlzY2FHemczamdoMnBTNE1iR3owaWR0SGdONjR4N2wzV2dHMHA4RlpPNVlGeldwdWhaQ3JQTFdlOS1yem00SFhHMmVEYzVWWW5DeXR1bkxuSWhNaFRmZGdMMFA3STRYYndxZTFFNmpDNmlZZWNz?oc=5"" target=""_blank"">日赚3亿！贵州茅台一季度净利增1.47%至272亿元，i茅台营收大增267%</a>&nbsp;&nbsp;<font color=""#6f6f6f"">Sohu</font>",neutral,0.037330862
2026-04-24,2026-04-24T13:27:50+00:00,600519.SH,"""贵州茅台"" - Google 新闻",日赚3亿！贵州茅台一季度净利增1.47%至272亿元，i茅台营收大增267% - 东方财富,"<a href=""https://news.google.com/rss/articles/CBMiZkFVX3lxTE9EUEVWdk9yVHJtelU4eVh4X3ZUVEdVc3J0Qld5OTZGZWlNdmZ2ZWE4NlZ4Q0lzOTMwMTh3YnIwR0RaNlkzOXlEYTBCakdaclRpekJ5NDJNR3FmWjdPNUVBUDBIcXk0Zw?oc=5"" target=""_blank"">日赚3亿！贵州茅台一季度净利增1.47%至272亿元，i茅台营收大增267%</a>&nbsp;&nbsp;<font color=""#6f6f6f"">东方财富</font>",https://news.google.com/rss/articles/CBMiZkFVX3lxTE9EUEVWdk9yVHJtelU4eVh4X3ZUVEdVc3J0Qld5OTZGZWlNdmZ2ZWE4NlZ4Q0lzOTMwMTh3YnIwR0RaNlkzOXlEYTBCakdaclRpekJ5NDJNR3FmWjdPNUVBUDBIcXk0Zw?oc=5,贵州茅台,"日赚3亿！贵州茅台一季度净利增1.47%至272亿元，i茅台营收大增267% - 东方财富. <a href=""https://news.google.com/rss/articles/CBMiZkFVX3lxTE9EUEVWdk9yVHJtelU4eVh4X3ZUVEdVc3J0Qld5OTZGZWlNdmZ2ZWE4NlZ4Q0lzOTMwMTh3YnIwR0RaNlkzOXlEYTBCakdaclRpekJ5NDJNR3FmWjdPNUVBUDBIcXk0Zw?oc=5"" target=""_blank"">日赚3亿！贵州茅台一季度净利增1.47%至272亿元，i茅台营收大增267%</a>&nbsp;&nbsp;<font color=""#6f6f6f"">东方财富</font>",neutral,0.03673302
2026-04-24,2026-04-24T13:43:20+00:00,600519.SH,"""贵州茅台"" - Google 新闻",【财闻联播】贵州茅台一季报，最新出炉！锋龙股份：下周一复牌 - 东方财富,"<a href=""https://news.google.com/rss/articles/CBMiYEFVX3lxTE5qZVJxTjI3Y3M2SU1FZzlIRWRESFJacmNUZm5GNkQ3WTFXQTlSREhMSTFCWlh4TlNwSFV3WHVCSWdic0lZZFJhX0FCbnBFbVpRQ0N6XzdObGpvSVJjN3Qtaw?oc=5"" target=""_blank"">【财闻联播】贵州茅台一季报，最新出炉！锋龙股份：下周一复牌</a>&nbsp;&nbsp;<font color=""#6f6f6f"">东方财富</font>",https://news.google.com/rss/articles/CBMiYEFVX3lxTE5qZVJxTjI3Y3M2SU1FZzlIRWRESFJacmNUZm5GNkQ3WTFXQTlSREhMSTFCWlh4TlNwSFV3WHVCSWdic0lZZFJhX0FCbnBFbVpRQ0N6XzdObGpvSVJjN3Qtaw?oc=5,贵州茅台,"【财闻联播】贵州茅台一季报，最新出炉！锋龙股份：下周一复牌 - 东方财富. <a href=""https://news.google.com/rss/articles/CBMiYEFVX3lxTE5qZVJxTjI3Y3M2SU1FZzlIRWRESFJacmNUZm5GNkQ3WTFXQTlSREhMSTFCWlh4TlNwSFV3WHVCSWdic0lZZFJhX0FCbnBFbVpRQ0N6XzdObGpvSVJjN3Qtaw?oc=5"" target=""_blank"">【财闻联播】贵州茅台一季报，最新出炉！锋龙股份：下周一复牌</a>&nbsp;&nbsp;<font color=""#6f6f6f"">东方财富</font>",neutral,0.014501814
2026-04-24,2026-04-24T14:57:00+00:00,600519.SH,Kweichow Moutai - Bing新聞,貴州茅臺 (600519),以下為Kweichow Moutai Co Ltd股票(ISIN: CNE0000018R8)的資訊。您可以進入本頁的任何一個一個單元，例如歷史資料、圖表、技術分析及其他等詳盡資料。,http://www.bing.com/news/apiclick.aspx?ref=FexRss&aid=&tid=69fb16c4161b414c91e7ba69502d545a&url=https%3a%2f%2fhk.investing.com%2fequities%2fmoutai&c=3131881821293508707&mkt=zh-tw,Kweichow Moutai,貴州茅臺 (600519). 以下為Kweichow Moutai Co Ltd股票(ISIN: CNE0000018R8)的資訊。您可以進入本頁的任何一個一個單元，例如歷史資料、圖表、技術分析及其他等詳盡資料。,neutral,0.0117155835
2026-04-24,2026-04-24T15:35:44+00:00,600519.SH,"""Kweichow Moutai"" - Google News",Kweichow Moutai Slides as Chinese Distiller Logs First Earnings Drop in 25 Years - Yicai Global,"<a href=""https://news.google.com/rss/articles/CBMizAFBVV95cUxOaUpaaGdIcDhTRzhYYmUxYS1rTzNibmlkdUxfSVIzYXFoRWRRWUh3d0ZaOC0td1paR0RZbU53Y3otZEhITk1wYVBQUzJwcEs5UlR2QVBkdGowWGk2SGJWeURYVEZ3cGVZSGlHRmNxcnZ6NFpSQ0hUdHJ0all6cnpfRUJkSmF1RktwOHhCR19Ydjl2NE4xRGxsVy1fZnYydkIzMWpTSjhScEpHcjVRaE4wMjFRUHR6M0UzVHhaYzZiZWNBUnhHeDFka184Ty0?oc=5"" target=""_blank"">Kweichow Moutai Slides as Chinese Distiller Logs First Earnings Drop in 25 Years</a>&nbsp;&nbsp;<font color=""#6f6f6f"">Yicai Global</font>",https://news.google.com/rss/articles/CBMizAFBVV95cUxOaUpaaGdIcDhTRzhYYmUxYS1rTzNibmlkdUxfSVIzYXFoRWRRWUh3d0ZaOC0td1paR0RZbU53Y3otZEhITk1wYVBQUzJwcEs5UlR2QVBkdGowWGk2SGJWeURYVEZ3cGVZSGlHRmNxcnZ6NFpSQ0hUdHJ0all6cnpfRUJkSmF1RktwOHhCR19Ydjl2NE4xRGxsVy1fZnYydkIzMWpTSjhScEpHcjVRaE4wMjFRUHR6M0UzVHhaYzZiZWNBUnhHeDFka184Ty0?oc=5,Kweichow Moutai,"Kweichow Moutai Slides as Chinese Distiller Logs First Earnings Drop in 25 Years - Yicai Global. <a href=""https://news.google.com/rss/articles/CBMizAFBVV95cUxOaUpaaGdIcDhTRzhYYmUxYS1rTzNibmlkdUxfSVIzYXFoRWRRWUh3d0ZaOC0td1paR0RZbU53Y3otZEhITk1wYVBQUzJwcEs5UlR2QVBkdGowWGk2SGJWeURYVEZ3cGVZSGlHRmNxcnZ6NFpSQ0hUdHJ0all6cnpfRUJkSmF1RktwOHhCR19Ydjl2NE4xRGxsVy1fZnYydkIzMWpTSjhScEpHcjVRaE4wMjFRUHR6M0UzVHhaYzZiZWNBUnhHeDFka184Ty0?oc=5"" target=""_blank"">Kweichow Moutai Slides as Chinese Distiller Logs First Earnings Drop in 25 Years</a>&nbsp;&nbsp;<font color=""#6f6f6f"">Yicai Global</font>",negative,-0.9595985
2026-04-24,2026-04-24T16:00:00+00:00,600519.SH,"""贵州茅台"" - Google News",贵州茅台(600519)：Q1回归稳增 I茅台显著放量 - Futubull - 富途牛牛,"<a href=""https://news.google.com/rss/articles/CBMisgFBVV95cUxPTDJWaXp4ckFKdWdFOWw0d1dwWHRsckRSc1ZjTngtSkRqdmU5NFdvLXdFZGdlOGNaSDFEeS1tNVlEUGZRSFl2dXFDXzNZaHNwbVVGTF84aHhwbnBPdlByNFlLWXctb0pXVWw1VkNCYzV3eS1yNURUS1J3THJQbWRnVXFrazZoZnVCXzdXUTFBQnl4RzdHYmF2Yk5mWGQtVl90dXl5aDU4cTFVWEF6cG1haE1n?oc=5"" target=""_blank"">贵州茅台(600519)：Q1回归稳增 I茅台显著放量 - Futubull</a>&nbsp;&nbsp;<font color=""#6f6f6f"">富途牛牛</font>",https://news.google.com/rss/articles/CBMisgFBVV95cUxPTDJWaXp4ckFKdWdFOWw0d1dwWHRsckRSc1ZjTngtSkRqdmU5NFdvLXdFZGdlOGNaSDFEeS1tNVlEUGZRSFl2dXFDXzNZaHNwbVVGTF84aHhwbnBPdlByNFlLWXctb0pXVWw1VkNCYzV3eS1yNURUS1J3THJQbWRnVXFrazZoZnVCXzdXUTFBQnl4RzdHYmF2Yk5mWGQtVl90dXl5aDU4cTFVWEF6cG1haE1n?oc=5,贵州茅台,"贵州茅台(600519)：Q1回归稳增 I茅台显著放量 - Futubull - 富途牛牛. <a href=""https://news.google.com/rss/articles/CBMisgFBVV95cUxPTDJWaXp4ckFKdWdFOWw0d1dwWHRsckRSc1ZjTngtSkRqdmU5NFdvLXdFZGdlOGNaSDFEeS1tNVlEUGZRSFl2dXFDXzNZaHNwbVVGTF84aHhwbnBPdlByNFlLWXctb0pXVWw1VkNCYzV3eS1yNURUS1J3THJQbWRnVXFrazZoZnVCXzdXUTFBQnl4RzdHYmF2Yk5mWGQtVl90dXl5aDU4cTFVWEF6cG1haE1n?oc=5"" target=""_blank"">贵州茅台(600519)：Q1回归稳增 I茅台显著放量 - Futubull</a>&nbsp;&nbsp;<font color=""#6f6f6f"">富途牛牛</font>",neutral,0.0125254765
2026-04-24,2026-04-24T18:47:58+00:00,600519.SH,"""贵州茅台"" - Google 新闻",贵州茅台一季度总营收超547亿元 - 东方财富,"<a href=""https://news.google.com/rss/articles/CBMiZkFVX3lxTFBoemNmdWRRMXAwWXFoanZkUjNDaTdqY19aSTJOQjVaZ3o3cUpCMm9icFltWmI3RlRlZ0RPTUo3T0NMUkRWeXZSejhxQlpzNGZ0N2sxeHQ1dmlQOUpXNzlQbHFvM2hyUQ?oc=5"" target=""_blank"">贵州茅台一季度总营收超547亿元</a>&nbsp;&nbsp;<font color=""#6f6f6f"">东方财富</font>",https://news.google.com/rss/articles/CBMiZkFVX3lxTFBoemNmdWRRMXAwWXFoanZkUjNDaTdqY19aSTJOQjVaZ3o3cUpCMm9icFltWmI3RlRlZ0RPTUo3T0NMUkRWeXZSejhxQlpzNGZ0N2sxeHQ1dmlQOUpXNzlQbHFvM2hyUQ?oc=5,贵州茅台,"贵州茅台一季度总营收超547亿元 - 东方财富. <a href=""https://news.google.com/rss/articles/CBMiZkFVX3lxTFBoemNmdWRRMXAwWXFoanZkUjNDaTdqY19aSTJOQjVaZ3o3cUpCMm9icFltWmI3RlRlZ0RPTUo3T0NMUkRWeXZSejhxQlpzNGZ0N2sxeHQ1dmlQOUpXNzlQbHFvM2hyUQ?oc=5"" target=""_blank"">贵州茅台一季度总营收超547亿元</a>&nbsp;&nbsp;<font color=""#6f6f6f"">东方财富</font>",neutral,0.011385474
2026-04-24,2026-04-24T23:10:32+00:00,600519.SH,"""贵州茅台"" - Google 新闻",贵州茅台，一季度营收539亿元！经销商单季净减255家，传统渠道营收锐减近30亿元 - 东方财富,"<a href=""https://news.google.com/rss/articles/CBMiZkFVX3lxTE1WTVZ1X0xLR2E2U0xTbUZnRWtpT2FhQjBpSHVYQk8yWTJ0Rnp5bnhtbXZMazI0ZENjMVNQd0ktc0s5Zjcxdmxybl9fb0hrVHpOWXRzS1YwS05Xa19wOXMwZElSdEJzdw?oc=5"" target=""_blank"">贵州茅台，一季度营收539亿元！经销商单季净减255家，传统渠道营收锐减近30亿元</a>&nbsp;&nbsp;<font color=""#6f6f6f"">东方财富</font>",https://news.google.com/rss/articles/CBMiZkFVX3lxTE1WTVZ1X0xLR2E2U0xTbUZnRWtpT2FhQjBpSHVYQk8yWTJ0Rnp5bnhtbXZMazI0ZENjMVNQd0ktc0s5Zjcxdmxybl9fb0hrVHpOWXRzS1YwS05Xa19wOXMwZElSdEJzdw?oc=5,贵州茅台,"贵州茅台，一季度营收539亿元！经销商单季净减255家，传统渠道营收锐减近30亿元 - 东方财富. <a href=""https://news.google.com/rss/articles/CBMiZkFVX3lxTE1WTVZ1X0xLR2E2U0xTbUZnRWtpT2FhQjBpSHVYQk8yWTJ0Rnp5bnhtbXZMazI0ZENjMVNQd0ktc0s5Zjcxdmxybl9fb0hrVHpOWXRzS1YwS05Xa19wOXMwZElSdEJzdw?oc=5"" target=""_blank"">贵州茅台，一季度营收539亿元！经销商单季净减255家，传统渠道营收锐减近30亿元</a>&nbsp;&nbsp;<font color=""#6f6f6f"">东方财富</font>",neutral,0.025224267
2026-04-25,2026-04-25T02:35:59+00:00,600519.SH,"""贵州茅台"" - Google 新闻",贵州茅台(600519.SH)：2026年一季报净利润为272.43亿元、同比较去年同期上涨1.47% - 东方财富,"<a href=""https://news.google.com/rss/articles/CBMiZkFVX3lxTFB2aVN1cmE4VFg0NGZGRmVheFRiZllpclhTa25WNDJ3dUFGOXYzMjhhQXpzbk1mTGhUWjdrLVE5MzhMZUxvXzJlblZBZ2EwVHFCV09UN09RWGNPUHdNQy1WQkVFQnF5UQ?oc=5"" target=""_blank"">贵州茅台(600519.SH)：2026年一季报净利润为272.43亿元、同比较去年同期上涨1.47%</a>&nbsp;&nbsp;<font color=""#6f6f6f"">东方财富</font>",https://news.google.com/rss/articles/CBMiZkFVX3lxTFB2aVN1cmE4VFg0NGZGRmVheFRiZllpclhTa25WNDJ3dUFGOXYzMjhhQXpzbk1mTGhUWjdrLVE5MzhMZUxvXzJlblZBZ2EwVHFCV09UN09RWGNPUHdNQy1WQkVFQnF5UQ?oc=5,贵州茅台,"贵州茅台(600519.SH)：2026年一季报净利润为272.43亿元、同比较去年同期上涨1.47% - 东方财富. <a href=""https://news.google.com/rss/articles/CBMiZkFVX3lxTFB2aVN1cmE4VFg0NGZGRmVheFRiZllpclhTa25WNDJ3dUFGOXYzMjhhQXpzbk1mTGhUWjdrLVE5MzhMZUxvXzJlblZBZ2EwVHFCV09UN09RWGNPUHdNQy1WQkVFQnF5UQ?oc=5"" target=""_blank"">贵州茅台(600519.SH)：2026年一季报净利润为272.43亿元、同比较去年同期上涨1.47%</a>&nbsp;&nbsp;<font color=""#6f6f6f"">东方财富</font>",neutral,0.02343508
2026-04-25,2026-04-25T06:32:46+00:00,600519.SH,"""贵州茅台"" - Google 新闻",风物长宜放眼量：贵州茅台2026年一季报解读——稳业绩、强内核、启新程 - 东方财富,"<a href=""https://news.google.com/rss/articles/CBMiYEFVX3lxTE9mYm01OXZQaGdGcTVVbVpodExWLWVRdEhhR0NSX3doaG9fODhYcnJCQTR5ak1XY2I3cGFXdkx5X19CU2tRMzFFaGp2SFM3MlluMGFTZE1NekFWSjBSZVRjcQ?oc=5"" target=""_blank"">风物长宜放眼量：贵州茅台2026年一季报解读——稳业绩、强内核、启新程</a>&nbsp;&nbsp;<font color=""#6f6f6f"">东方财富</font>",https://news.google.com/rss/articles/CBMiYEFVX3lxTE9mYm01OXZQaGdGcTVVbVpodExWLWVRdEhhR0NSX3doaG9fODhYcnJCQTR5ak1XY2I3cGFXdkx5X19CU2tRMzFFaGp2SFM3MlluMGFTZE1NekFWSjBSZVRjcQ?oc=5,贵州茅台,"风物长宜放眼量：贵州茅台2026年一季报解读——稳业绩、强内核、启新程 - 东方财富. <a href=""https://news.google.com/rss/articles/CBMiYEFVX3lxTE9mYm01OXZQaGdGcTVVbVpodExWLWVRdEhhR0NSX3doaG9fODhYcnJCQTR5ak1XY2I3cGFXdkx5X19CU2tRMzFFaGp2SFM3MlluMGFTZE1NekFWSjBSZVRjcQ?oc=5"" target=""_blank"">风物长宜放眼量：贵州茅台2026年一季报解读——稳业绩、强内核、启新程</a>&nbsp;&nbsp;<font color=""#6f6f6f"">东方财富</font>",neutral,0.03472607
2026-04-25,2026-04-25T07:00:00+00:00,600519.SH,"""贵州茅台"" - Google 新闻",贵州茅台一季报出炉：总营收约547.03亿元，i茅台营收增长267.16%，市场化改革成效初显 - 紫牛新闻,"<a href=""https://news.google.com/rss/articles/CBMiaEFVX3lxTE8wY3BxeFVsLWpMU243TmUxbGw0T1E3MUI1T282dURoR1lINnFEeEhsTGhYcEd5ZjNxaWRISzNqN3lyNU1JeE40RWlMVGtfUWt3UG01YmJEOElOQ3RJa0tmRGt3MkJzR3F6?oc=5"" target=""_blank"">贵州茅台一季报出炉：总营收约547.03亿元，i茅台营收增长267.16%，市场化改革成效初显</a>&nbsp;&nbsp;<font color=""#6f6f6f"">紫牛新闻</font>",https://news.google.com/rss/articles/CBMiaEFVX3lxTE8wY3BxeFVsLWpMU243TmUxbGw0T1E3MUI1T282dURoR1lINnFEeEhsTGhYcEd5ZjNxaWRISzNqN3lyNU1JeE40RWlMVGtfUWt3UG01YmJEOElOQ3RJa0tmRGt3MkJzR3F6?oc=5,贵州茅台,"贵州茅台一季报出炉：总营收约547.03亿元，i茅台营收增长267.16%，市场化改革成效初显 - 紫牛新闻. <a href=""https://news.google.com/rss/articles/CBMiaEFVX3lxTE8wY3BxeFVsLWpMU243TmUxbGw0T1E3MUI1T282dURoR1lINnFEeEhsTGhYcEd5ZjNxaWRISzNqN3lyNU1JeE40RWlMVGtfUWt3UG01YmJEOElOQ3RJa0tmRGt3MkJzR3F6?oc=5"" target=""_blank"">贵州茅台一季报出炉：总营收约547.03亿元，i茅台营收增长267.16%，市场化改革成效初显</a>&nbsp;&nbsp;<font color=""#6f6f6f"">紫牛新闻</font>",neutral,0.025090182
2026-04-25,2026-04-25T07:00:00+00:00,600519.SH,"""600519"" - Google 新闻",贵州茅台（600519）4月24日主力资金净买入13.14亿元_主力研究 - 证券之星,"<a href=""https://news.google.com/rss/articles/CBMiYkFVX3lxTE5mOVBSb0RfcDcyMzB1NERQUlRQeE83VmZhWFNWTl9tekU4Ml9ycmVUbjJ1MWpLMkJkejJtUmFMZE5XaVNUT2o1ekdEX0Q1cXhHSXVZdHpQNlZOUThrcF9kT2d3?oc=5"" target=""_blank"">贵州茅台（600519）4月24日主力资金净买入13.14亿元_主力研究</a>&nbsp;&nbsp;<font color=""#6f6f6f"">证券之星</font>",https://news.google.com/rss/articles/CBMiYkFVX3lxTE5mOVBSb0RfcDcyMzB1NERQUlRQeE83VmZhWFNWTl9tekU4Ml9ycmVUbjJ1MWpLMkJkejJtUmFMZE5XaVNUT2o1ekdEX0Q1cXhHSXVZdHpQNlZOUThrcF9kT2d3?oc=5,600519,"贵州茅台（600519）4月24日主力资金净买入13.14亿元_主力研究 - 证券之星. <a href=""https://news.google.com/rss/articles/CBMiYkFVX3lxTE5mOVBSb0RfcDcyMzB1NERQUlRQeE83VmZhWFNWTl9tekU4Ml9ycmVUbjJ1MWpLMkJkejJtUmFMZE5XaVNUT2o1ekdEX0Q1cXhHSXVZdHpQNlZOUThrcF9kT2d3?oc=5"" target=""_blank"">贵州茅台（600519）4月24日主力资金净买入13.14亿元_主力研究</a>&nbsp;&nbsp;<font color=""#6f6f6f"">证券之星</font>",neutral,0.020896416
2026-04-25,2026-04-25T08:31:56+00:00,600519.SH,"""贵州茅台"" - Google 新闻",贵州茅台：一季度主营业务收入538.86亿元 - 东方财富,"<a href=""https://news.google.com/rss/articles/CBMiYEFVX3lxTE8zNDAxeXV2VE9Pd3J4cXBSNzRNdmtHV0ozcl9aaTBBYmU3QzRPOWl0djU5QjhPR2RNYkdRT1IwVGdYSnljSEZ4TVU3Z0kyUUhvTWlmcEoybVVNSDRhTTFNQw?oc=5"" target=""_blank"">贵州茅台：一季度主营业务收入538.86亿元</a>&nbsp;&nbsp;<font color=""#6f6f6f"">东方财富</font>",https://news.google.com/rss/articles/CBMiYEFVX3lxTE8zNDAxeXV2VE9Pd3J4cXBSNzRNdmtHV0ozcl9aaTBBYmU3QzRPOWl0djU5QjhPR2RNYkdRT1IwVGdYSnljSEZ4TVU3Z0kyUUhvTWlmcEoybVVNSDRhTTFNQw?oc=5,贵州茅台,"贵州茅台：一季度主营业务收入538.86亿元 - 东方财富. <a href=""https://news.google.com/rss/articles/CBMiYEFVX3lxTE8zNDAxeXV2VE9Pd3J4cXBSNzRNdmtHV0ozcl9aaTBBYmU3QzRPOWl0djU5QjhPR2RNYkdRT1IwVGdYSnljSEZ4TVU3Z0kyUUhvTWlmcEoybVVNSDRhTTFNQw?oc=5"" target=""_blank"">贵州茅台：一季度主营业务收入538.86亿元</a>&nbsp;&nbsp;<font color=""#6f6f6f"">东方财富</font>",neutral,0.01563809
2026-04-25,2026-04-25T13:41:15+00:00,600519.SH,"""贵州茅台"" - Google 新闻",贵州茅台2026年一季度归母净利润约272.43亿元，同比增1.47% - 东方财富,"<a href=""https://news.google.com/rss/articles/CBMiZkFVX3lxTE1uZ3g2My1hM2lLZU90ZlBKR2U1cXB1YTB5dVg4SEdoeENycmlJSDlOUEltYXlMMnliUnVrZkRrM2M3NjdFckd6MEhfWERuekxKM1dUMDJkcHgxNjJ2cTlLQUNpZU42Zw?oc=5"" target=""_blank"">贵州茅台2026年一季度归母净利润约272.43亿元，同比增1.47%</a>&nbsp;&nbsp;<font color=""#6f6f6f"">东方财富</font>",https://news.google.com/rss/articles/CBMiZkFVX3lxTE1uZ3g2My1hM2lLZU90ZlBKR2U1cXB1YTB5dVg4SEdoeENycmlJSDlOUEltYXlMMnliUnVrZkRrM2M3NjdFckd6MEhfWERuekxKM1dUMDJkcHgxNjJ2cTlLQUNpZU42Zw?oc=5,贵州茅台,"贵州茅台2026年一季度归母净利润约272.43亿元，同比增1.47% - 东方财富. <a href=""https://news.google.com/rss/articles/CBMiZkFVX3lxTE1uZ3g2My1hM2lLZU90ZlBKR2U1cXB1YTB5dVg4SEdoeENycmlJSDlOUEltYXlMMnliUnVrZkRrM2M3NjdFckd6MEhfWERuekxKM1dUMDJkcHgxNjJ2cTlLQUNpZU42Zw?oc=5"" target=""_blank"">贵州茅台2026年一季度归母净利润约272.43亿元，同比增1.47%</a>&nbsp;&nbsp;<font color=""#6f6f6f"">东方财富</font>",neutral,0.027251976
2026-04-26,2026-04-26T03:57:00+00:00,600519.SH,"""贵州茅台"" - Google News",贵州茅台(600519)：市场化转型开局告捷 I茅台亮眼高增 - Futubull - 富途牛牛,"<a href=""https://news.google.com/rss/articles/CBMivwFBVV95cUxPWllrWEJ3dlNhUTNmRk90bzJpSGxVQW9QYVozQkthOHc0cDNkTVltUWVpLWEtTjhhMWRDOHp3WEI4akdvQmZsUU9QbUhWd203SmM2MXU2eHdsVFNtMy1HaFhFelhEd0FrMDZldEVBd3lmdHpmZUhKVm1ERGFmRnEwMHVOWUtEdzN4WlVLektSSDl2T3dqNHNPSWl2QkhyT3p5Vm1JNUxfVnhOaXE4R0xKUU9pUkl0d0p0QjNOM3hrNA?oc=5"" target=""_blank"">贵州茅台(600519)：市场化转型开局告捷 I茅台亮眼高增 - Futubull</a>&nbsp;&nbsp;<font color=""#6f6f6f"">富途牛牛</font>",https://news.google.com/rss/articles/CBMivwFBVV95cUxPWllrWEJ3dlNhUTNmRk90bzJpSGxVQW9QYVozQkthOHc0cDNkTVltUWVpLWEtTjhhMWRDOHp3WEI4akdvQmZsUU9QbUhWd203SmM2MXU2eHdsVFNtMy1HaFhFelhEd0FrMDZldEVBd3lmdHpmZUhKVm1ERGFmRnEwMHVOWUtEdzN4WlVLektSSDl2T3dqNHNPSWl2QkhyT3p5Vm1JNUxfVnhOaXE4R0xKUU9pUkl0d0p0QjNOM3hrNA?oc=5,贵州茅台,"贵州茅台(600519)：市场化转型开局告捷 I茅台亮眼高增 - Futubull - 富途牛牛. <a href=""https://news.google.com/rss/articles/CBMivwFBVV95cUxPWllrWEJ3dlNhUTNmRk90bzJpSGxVQW9QYVozQkthOHc0cDNkTVltUWVpLWEtTjhhMWRDOHp3WEI4akdvQmZsUU9QbUhWd203SmM2MXU2eHdsVFNtMy1HaFhFelhEd0FrMDZldEVBd3lmdHpmZUhKVm1ERGFmRnEwMHVOWUtEdzN4WlVLektSSDl2T3dqNHNPSWl2QkhyT3p5Vm1JNUxfVnhOaXE4R0xKUU9pUkl0d0p0QjNOM3hrNA?oc=5"" target=""_blank"">贵州茅台(600519)：市场化转型开局告捷 I茅台亮眼高增 - Futubull</a>&nbsp;&nbsp;<font color=""#6f6f6f"">富途牛牛</font>",neutral,0.008767961
2026-04-26,2026-04-26T07:00:00+00:00,600519.SH,"""Kweichow Moutai"" - Google News","Kweichow Moutai's Q1 Profit Rises 1.5%, Revenue Up 6.5% - marketscreener.com","<a href=""https://news.google.com/rss/articles/CBMiqAFBVV95cUxPU3pFRWE5SHY5RnBGTUlqdm5qVU01X0hfSlVzVHM2X2huT2Q4NXNEYWVubEVnRFNqbWZtZUkyWlFvS09vTEdZWkh0dk1vZVJWSk5jTVdiaEVJVElmcnctYmx1ckNuSFp4WnUyaEVNQWljVzg1OFRObXdNYWVfdVp6VldEV255SEdOT05RbkE1YllTTDZZSFpFdEFBLUQ0WVd4UVVCX2RrcnQ?oc=5"" target=""_blank"">Kweichow Moutai's Q1 Profit Rises 1.5%, Revenue Up 6.5%</a>&nbsp;&nbsp;<font color=""#6f6f6f"">marketscreener.com</font>",https://news.google.com/rss/articles/CBMiqAFBVV95cUxPU3pFRWE5SHY5RnBGTUlqdm5qVU01X0hfSlVzVHM2X2huT2Q4NXNEYWVubEVnRFNqbWZtZUkyWlFvS09vTEdZWkh0dk1vZVJWSk5jTVdiaEVJVElmcnctYmx1ckNuSFp4WnUyaEVNQWljVzg1OFRObXdNYWVfdVp6VldEV255SEdOT05RbkE1YllTTDZZSFpFdEFBLUQ0WVd4UVVCX2RrcnQ?oc=5,Kweichow Moutai,"Kweichow Moutai's Q1 Profit Rises 1.5%, Revenue Up 6.5% - marketscreener.com. <a href=""https://news.google.com/rss/articles/CBMiqAFBVV95cUxPU3pFRWE5SHY5RnBGTUlqdm5qVU01X0hfSlVzVHM2X2huT2Q4NXNEYWVubEVnRFNqbWZtZUkyWlFvS09vTEdZWkh0dk1vZVJWSk5jTVdiaEVJVElmcnctYmx1ckNuSFp4WnUyaEVNQWljVzg1OFRObXdNYWVfdVp6VldEV255SEdOT05RbkE1YllTTDZZSFpFdEFBLUQ0WVd4UVVCX2RrcnQ?oc=5"" target=""_blank"">Kweichow Moutai's Q1 Profit Rises 1.5%, Revenue Up 6.5%</a>&nbsp;&nbsp;<font color=""#6f6f6f"">marketscreener.com</font>",positive,0.92105514
2026-04-26,2026-04-26T16:06:16+00:00,600519.SH,"""600519"" - Google 新闻",贵州茅台(600519.SH)发布一季度业绩，归母净利润272.43亿元，同比增长1.47% - 凤凰网,"<a href=""https://news.google.com/rss/articles/CBMiSEFVX3lxTFBveDh1Z3BBeTcyZDYtam5NU0I5MHRlZTRYN3UwZ0FIaDhIY2Q1VERweVQxNEYtVDltUzRfVzQ0aVh6bE8wSV96LQ?oc=5"" target=""_blank"">贵州茅台(600519.SH)发布一季度业绩，归母净利润272.43亿元，同比增长1.47%</a>&nbsp;&nbsp;<font color=""#6f6f6f"">凤凰网</font>",https://news.google.com/rss/articles/CBMiSEFVX3lxTFBveDh1Z3BBeTcyZDYtam5NU0I5MHRlZTRYN3UwZ0FIaDhIY2Q1VERweVQxNEYtVDltUzRfVzQ0aVh6bE8wSV96LQ?oc=5,600519,"贵州茅台(600519.SH)发布一季度业绩，归母净利润272.43亿元，同比增长1.47% - 凤凰网. <a href=""https://news.google.com/rss/articles/CBMiSEFVX3lxTFBveDh1Z3BBeTcyZDYtam5NU0I5MHRlZTRYN3UwZ0FIaDhIY2Q1VERweVQxNEYtVDltUzRfVzQ0aVh6bE8wSV96LQ?oc=5"" target=""_blank"">贵州茅台(600519.SH)发布一季度业绩，归母净利润272.43亿元，同比增长1.47%</a>&nbsp;&nbsp;<font color=""#6f6f6f"">凤凰网</font>",neutral,0.03044266
2026-04-27,2026-04-27T05:06:10+00:00,600519.SH,"""贵州茅台"" - Google 新闻",机构贵州茅台一季报：整体符合预期，i茅台成为主力增长渠道 - 东方财富,"<a href=""https://news.google.com/rss/articles/CBMiYEFVX3lxTFBpSlBDR3ZkUk1HNU9EeHpjMnlPTmZGMWFndWlhUVZVdFZkZ0xmQlRaYzBjb1U0aDBLaEs2dm9jVHpHSVV4cXA2OE55OUhFTWVSNkJfX19wV0JHZXFmN29jeg?oc=5"" target=""_blank"">机构贵州茅台一季报：整体符合预期，i茅台成为主力增长渠道</a>&nbsp;&nbsp;<font color=""#6f6f6f"">东方财富</font>",https://news.google.com/rss/articles/CBMiYEFVX3lxTFBpSlBDR3ZkUk1HNU9EeHpjMnlPTmZGMWFndWlhUVZVdFZkZ0xmQlRaYzBjb1U0aDBLaEs2dm9jVHpHSVV4cXA2OE55OUhFTWVSNkJfX19wV0JHZXFmN29jeg?oc=5,贵州茅台,"机构贵州茅台一季报：整体符合预期，i茅台成为主力增长渠道 - 东方财富. <a href=""https://news.google.com/rss/articles/CBMiYEFVX3lxTFBpSlBDR3ZkUk1HNU9EeHpjMnlPTmZGMWFndWlhUVZVdFZkZ0xmQlRaYzBjb1U0aDBLaEs2dm9jVHpHSVV4cXA2OE55OUhFTWVSNkJfX19wV0JHZXFmN29jeg?oc=5"" target=""_blank"">机构贵州茅台一季报：整体符合预期，i茅台成为主力增长渠道</a>&nbsp;&nbsp;<font color=""#6f6f6f"">东方财富</font>",neutral,0.021534937
2026-04-27,2026-04-27T06:42:02+00:00,600519.SH,"""贵州茅台"" - Google News",贵州茅台(600519)2025年年报点评：调整节奏加快 渠道改革加速 - Futubull - 富途牛牛,"<a href=""https://news.google.com/rss/articles/CBMitgFBVV95cUxOTzIwNURjNzFNank5Zl9qTmVIVXI0QU5TTE1HbjBFakZaQWFacUZhc1BHS3owT3U0UkJrbHk5bktTTEw2cGJhUElDbGY2eVlhaTJPb3J6aVBRa3ZsdEI0NWFRYXZQZl96SDdsSy1vSEJ2QndJdHJtdnVPU3dQMkYtNGtXNXJiUGYxc0VsWnM3NW9za0M3V0toa0ZVQmd1T0ZtYnVGSFpfc2dIQ0RmSDdDdWlQOWQ0UQ?oc=5"" target=""_blank"">贵州茅台(600519)2025年年报点评：调整节奏加快 渠道改革加速 - Futubull</a>&nbsp;&nbsp;<font color=""#6f6f6f"">富途牛牛</font>",https://news.google.com/rss/articles/CBMitgFBVV95cUxOTzIwNURjNzFNank5Zl9qTmVIVXI0QU5TTE1HbjBFakZaQWFacUZhc1BHS3owT3U0UkJrbHk5bktTTEw2cGJhUElDbGY2eVlhaTJPb3J6aVBRa3ZsdEI0NWFRYXZQZl96SDdsSy1vSEJ2QndJdHJtdnVPU3dQMkYtNGtXNXJiUGYxc0VsWnM3NW9za0M3V0toa0ZVQmd1T0ZtYnVGSFpfc2dIQ0RmSDdDdWlQOWQ0UQ?oc=5,贵州茅台,"贵州茅台(600519)2025年年报点评：调整节奏加快 渠道改革加速 - Futubull - 富途牛牛. <a href=""https://news.google.com/rss/articles/CBMitgFBVV95cUxOTzIwNURjNzFNank5Zl9qTmVIVXI0QU5TTE1HbjBFakZaQWFacUZhc1BHS3owT3U0UkJrbHk5bktTTEw2cGJhUElDbGY2eVlhaTJPb3J6aVBRa3ZsdEI0NWFRYXZQZl96SDdsSy1vSEJ2QndJdHJtdnVPU3dQMkYtNGtXNXJiUGYxc0VsWnM3NW9za0M3V0toa0ZVQmd1T0ZtYnVGSFpfc2dIQ0RmSDdDdWlQOWQ0UQ?oc=5"" target=""_blank"">贵州茅台(600519)2025年年报点评：调整节奏加快 渠道改革加速 - Futubull</a>&nbsp;&nbsp;<font color=""#6f6f6f"">富途牛牛</font>",neutral,0.025852477
2026-04-27,2026-04-27T07:00:11+00:00,600519.SH,"""贵州茅台"" - Google 新闻",贵州茅台成交额达100亿元，现跌3.79% - 东方财富,"<a href=""https://news.google.com/rss/articles/CBMiYEFVX3lxTE1IXzVwaGpMNHk5aXNod2hYRTdCWlZzYUx2RHhjOElpdDRDZ3lYMTFaVTVtRTVxMFgtTXFfU2haUzNxM2ZETi15LXo4U09zajBwNFlEUnZjMmhTWHBDUFpUTQ?oc=5"" target=""_blank"">贵州茅台成交额达100亿元，现跌3.79%</a>&nbsp;&nbsp;<font color=""#6f6f6f"">东方财富</font>",https://news.google.com/rss/articles/CBMiYEFVX3lxTE1IXzVwaGpMNHk5aXNod2hYRTdCWlZzYUx2RHhjOElpdDRDZ3lYMTFaVTVtRTVxMFgtTXFfU2haUzNxM2ZETi15LXo4U09zajBwNFlEUnZjMmhTWHBDUFpUTQ?oc=5,贵州茅台,"贵州茅台成交额达100亿元，现跌3.79% - 东方财富. <a href=""https://news.google.com/rss/articles/CBMiYEFVX3lxTE1IXzVwaGpMNHk5aXNod2hYRTdCWlZzYUx2RHhjOElpdDRDZ3lYMTFaVTVtRTVxMFgtTXFfU2haUzNxM2ZETi15LXo4U09zajBwNFlEUnZjMmhTWHBDUFpUTQ?oc=5"" target=""_blank"">贵州茅台成交额达100亿元，现跌3.79%</a>&nbsp;&nbsp;<font color=""#6f6f6f"">东方财富</font>",neutral,0.034554496
2026-04-27,2026-04-27T07:47:00+00:00,600519.SH,"""600519"" - Google 新闻",研报掘金丨中银证券：维持贵州茅台“买入”评级，i茅台大放异彩，2026年稳健开局 - AASTOCKS.com,"<a href=""https://news.google.com/rss/articles/CBMihgFBVV95cUxPY2k4Vm0tUVFxd1ptNVptZVNMVXprMVBPclZhSG9FckYyZE5tRk9nWVN6VkdTbHVndExxc0JQaUVCTVNYT1hXM2VwNGZBblJ3ODFFSjQyR0tRcTlmQW85SFY2aTRUaU5jRGlYXzcwVU5wNWJHSXdFT3BMZnhNa1c0cFhuUmRSQQ?oc=5"" target=""_blank"">研报掘金丨中银证券：维持贵州茅台“买入”评级，i茅台大放异彩，2026年稳健开局</a>&nbsp;&nbsp;<font color=""#6f6f6f"">AASTOCKS.com</font>",https://news.google.com/rss/articles/CBMihgFBVV95cUxPY2k4Vm0tUVFxd1ptNVptZVNMVXprMVBPclZhSG9FckYyZE5tRk9nWVN6VkdTbHVndExxc0JQaUVCTVNYT1hXM2VwNGZBblJ3ODFFSjQyR0tRcTlmQW85SFY2aTRUaU5jRGlYXzcwVU5wNWJHSXdFT3BMZnhNa1c0cFhuUmRSQQ?oc=5,600519,"研报掘金丨中银证券：维持贵州茅台“买入”评级，i茅台大放异彩，2026年稳健开局 - AASTOCKS.com. <a href=""https://news.google.com/rss/articles/CBMihgFBVV95cUxPY2k4Vm0tUVFxd1ptNVptZVNMVXprMVBPclZhSG9FckYyZE5tRk9nWVN6VkdTbHVndExxc0JQaUVCTVNYT1hXM2VwNGZBblJ3ODFFSjQyR0tRcTlmQW85SFY2aTRUaU5jRGlYXzcwVU5wNWJHSXdFT3BMZnhNa1c0cFhuUmRSQQ?oc=5"" target=""_blank"">研报掘金丨中银证券：维持贵州茅台“买入”评级，i茅台大放异彩，2026年稳健开局</a>&nbsp;&nbsp;<font color=""#6f6f6f"">AASTOCKS.com</font>",neutral,0.021411927
2026-04-27,2026-04-27T09:37:12+00:00,600519.SH,"""Kweichow Moutai"" - Google News",Kweichow Moutai's Q1 Profit Edges Up as Revenue Grows 6.5% - Moomoo,"<a href=""https://news.google.com/rss/articles/CBMimwFBVV95cUxQdy15OXFXWlNONlNqaDVCX2d5d05YQTVTSmhjTEV5MF8wdlZoMVBfSS1MNDNOT25MNjlrZ0xFOURWVm96cGdIMHBsUGdBODFuRC1tbnVkUFlhY3R6cW1EZTcwRml1dGFSWnU3YWNJS1gyNkNLNHNMZHRnSmpBSldwTTA4eW5KLWMwemtlMWVFTHdIZGNhUXRjQ2tQOA?oc=5"" target=""_blank"">Kweichow Moutai's Q1 Profit Edges Up as Revenue Grows 6.5%</a>&nbsp;&nbsp;<font color=""#6f6f6f"">Moomoo</font>",https://news.google.com/rss/articles/CBMimwFBVV95cUxQdy15OXFXWlNONlNqaDVCX2d5d05YQTVTSmhjTEV5MF8wdlZoMVBfSS1MNDNOT25MNjlrZ0xFOURWVm96cGdIMHBsUGdBODFuRC1tbnVkUFlhY3R6cW1EZTcwRml1dGFSWnU3YWNJS1gyNkNLNHNMZHRnSmpBSldwTTA4eW5KLWMwemtlMWVFTHdIZGNhUXRjQ2tQOA?oc=5,Kweichow Moutai,"Kweichow Moutai's Q1 Profit Edges Up as Revenue Grows 6.5% - Moomoo. <a href=""https://news.google.com/rss/articles/CBMimwFBVV95cUxQdy15OXFXWlNONlNqaDVCX2d5d05YQTVTSmhjTEV5MF8wdlZoMVBfSS1MNDNOT25MNjlrZ0xFOURWVm96cGdIMHBsUGdBODFuRC1tbnVkUFlhY3R6cW1EZTcwRml1dGFSWnU3YWNJS1gyNkNLNHNMZHRnSmpBSldwTTA4eW5KLWMwemtlMWVFTHdIZGNhUXRjQ2tQOA?oc=5"" target=""_blank"">Kweichow Moutai's Q1 Profit Edges Up as Revenue Grows 6.5%</a>&nbsp;&nbsp;<font color=""#6f6f6f"">Moomoo</font>",positive,0.9282043
2026-04-27,2026-04-27T14:14:30+00:00,600519.SH,"""Kweichow Moutai"" - Google News","Kweichow Moutai’s Q1 Profit Barely Grew, But Direct Sales Did - Finimize","<a href=""https://news.google.com/rss/articles/CBMikgFBVV95cUxQdTVxQzRxLW5oc0FzR1B0UDk0eTNDdWxLRzNSZ2ZOWVZJX0ctY0NHTi1OTUF4TlZjWV9sa0Fsb0E2cTBEaFZFV2szcmxpQjlXZkVhWHNEMi1qSUpERndGS0V4V1NkeThjNERWSzcxcE5zYjU1NFhEN3piWWd3SlNLaFBfNWUzaEtRRUcyVkpKajRfUQ?oc=5"" target=""_blank"">Kweichow Moutai’s Q1 Profit Barely Grew, But Direct Sales Did</a>&nbsp;&nbsp;<font color=""#6f6f6f"">Finimize</font>",https://news.google.com/rss/articles/CBMikgFBVV95cUxQdTVxQzRxLW5oc0FzR1B0UDk0eTNDdWxLRzNSZ2ZOWVZJX0ctY0NHTi1OTUF4TlZjWV9sa0Fsb0E2cTBEaFZFV2szcmxpQjlXZkVhWHNEMi1qSUpERndGS0V4V1NkeThjNERWSzcxcE5zYjU1NFhEN3piWWd3SlNLaFBfNWUzaEtRRUcyVkpKajRfUQ?oc=5,Kweichow Moutai,"Kweichow Moutai’s Q1 Profit Barely Grew, But Direct Sales Did - Finimize. <a href=""https://news.google.com/rss/articles/CBMikgFBVV95cUxQdTVxQzRxLW5oc0FzR1B0UDk0eTNDdWxLRzNSZ2ZOWVZJX0ctY0NHTi1OTUF4TlZjWV9sa0Fsb0E2cTBEaFZFV2szcmxpQjlXZkVhWHNEMi1qSUpERndGS0V4V1NkeThjNERWSzcxcE5zYjU1NFhEN3piWWd3SlNLaFBfNWUzaEtRRUcyVkpKajRfUQ?oc=5"" target=""_blank"">Kweichow Moutai’s Q1 Profit Barely Grew, But Direct Sales Did</a>&nbsp;&nbsp;<font color=""#6f6f6f"">Finimize</font>",positive,0.7506378
2026-04-28,2026-04-28T00:27:46+00:00,600519.SH,"""600519"" - Google 新闻",贵州茅台（600519）4月27日主力资金净卖出11.82亿元_主力研究 - 证券之星,"<a href=""https://news.google.com/rss/articles/CBMiYkFVX3lxTFA0U0ZTWHZqOGVLTUdvVTh2aG9qTUFINE9VcVN4VXE1bi01aDY0S0lFakFNSkh0SlpMSjUxcW1VOGdRZlloNzhzYjRhTnJ5SjJtZUgzSjZES3hObEpVN3ZOT2hR?oc=5"" target=""_blank"">贵州茅台（600519）4月27日主力资金净卖出11.82亿元_主力研究</a>&nbsp;&nbsp;<font color=""#6f6f6f"">证券之星</font>",https://news.google.com/rss/articles/CBMiYkFVX3lxTFA0U0ZTWHZqOGVLTUdvVTh2aG9qTUFINE9VcVN4VXE1bi01aDY0S0lFakFNSkh0SlpMSjUxcW1VOGdRZlloNzhzYjRhTnJ5SjJtZUgzSjZES3hObEpVN3ZOT2hR?oc=5,600519,"贵州茅台（600519）4月27日主力资金净卖出11.82亿元_主力研究 - 证券之星. <a href=""https://news.google.com/rss/articles/CBMiYkFVX3lxTFA0U0ZTWHZqOGVLTUdvVTh2aG9qTUFINE9VcVN4VXE1bi01aDY0S0lFakFNSkh0SlpMSjUxcW1VOGdRZlloNzhzYjRhTnJ5SjJtZUgzSjZES3hObEpVN3ZOT2hR?oc=5"" target=""_blank"">贵州茅台（600519）4月27日主力资金净卖出11.82亿元_主力研究</a>&nbsp;&nbsp;<font color=""#6f6f6f"">证券之星</font>",neutral,0.02017733
2026-04-28,2026-04-28T01:03:00+00:00,600519.SH,"""贵州茅台"" - Google 新闻",贵州茅台 茅台酒和系列酒价格分析 - 财富号,"<a href=""https://news.google.com/rss/articles/CBMia0FVX3lxTE1NNzBsZGE2dE4zWTlVVF9kRy1HeDdMZHBadlliaTNIVGtIaV9PTExta1UweldyMV9IOW5ReEpLbURSRVZMdE5hQjVFNDVUODhMX1lGQ01aamM3V1E3bTFhdWdHcm96OFBBZGpn?oc=5"" target=""_blank"">贵州茅台 茅台酒和系列酒价格分析</a>&nbsp;&nbsp;<font color=""#6f6f6f"">财富号</font>",https://news.google.com/rss/articles/CBMia0FVX3lxTE1NNzBsZGE2dE4zWTlVVF9kRy1HeDdMZHBadlliaTNIVGtIaV9PTExta1UweldyMV9IOW5ReEpLbURSRVZMdE5hQjVFNDVUODhMX1lGQ01aamM3V1E3bTFhdWdHcm96OFBBZGpn?oc=5,贵州茅台,"贵州茅台 茅台酒和系列酒价格分析 - 财富号. <a href=""https://news.google.com/rss/articles/CBMia0FVX3lxTE1NNzBsZGE2dE4zWTlVVF9kRy1HeDdMZHBadlliaTNIVGtIaV9PTExta1UweldyMV9IOW5ReEpLbURSRVZMdE5hQjVFNDVUODhMX1lGQ01aamM3V1E3bTFhdWdHcm96OFBBZGpn?oc=5"" target=""_blank"">贵州茅台 茅台酒和系列酒价格分析</a>&nbsp;&nbsp;<font color=""#6f6f6f"">财富号</font>",neutral,0.017688379
2026-04-28,2026-04-28T11:55:58+00:00,600519.SH,"""贵州茅台"" - Google 新闻",10只白酒股下跌 贵州茅台1405元/股收盘 - 东方财富,"<a href=""https://news.google.com/rss/articles/CBMiYEFVX3lxTE9kTFBqcnc5SmQ1eXMwaTNXUmxTNDZrdHctWXFMems4Ulo3blNqUjhOb05qcGx3NFpHSGRObWp3Wlh6cTJwcjdLMk1Fa3VraGZlMjJDME54OWhSTzFTS284dw?oc=5"" target=""_blank"">10只白酒股下跌 贵州茅台1405元/股收盘</a>&nbsp;&nbsp;<font color=""#6f6f6f"">东方财富</font>",https://news.google.com/rss/articles/CBMiYEFVX3lxTE9kTFBqcnc5SmQ1eXMwaTNXUmxTNDZrdHctWXFMems4Ulo3blNqUjhOb05qcGx3NFpHSGRObWp3Wlh6cTJwcjdLMk1Fa3VraGZlMjJDME54OWhSTzFTS284dw?oc=5,贵州茅台,"10只白酒股下跌 贵州茅台1405元/股收盘 - 东方财富. <a href=""https://news.google.com/rss/articles/CBMiYEFVX3lxTE9kTFBqcnc5SmQ1eXMwaTNXUmxTNDZrdHctWXFMems4Ulo3blNqUjhOb05qcGx3NFpHSGRObWp3Wlh6cTJwcjdLMk1Fa3VraGZlMjJDME54OWhSTzFTS284dw?oc=5"" target=""_blank"">10只白酒股下跌 贵州茅台1405元/股收盘</a>&nbsp;&nbsp;<font color=""#6f6f6f"">东方财富</font>",neutral,0.02357382
2026-04-28,2026-04-28T12:08:22+00:00,600519.SH,"""贵州茅台"" - Google 新闻",5月11日贵州茅台将召开业绩说明会，王莉将出席 - 新浪财经,"<a href=""https://news.google.com/rss/articles/CBMilAFBVV95cUxOcUg1bnhQNllLSkFXeGJpMk9HWGlvWE5FcUZpYU5YV3JPbnk4bnZyNkhCTW1aY21tdS1XbklCZEg5T190YWQ2Q1RIWDNrbks1NDdBN0xYTVlRaDRHNzQxZ1ZoS180ekVfeUw2aDFuSjZ3Q1NmUm1ZeG82bmIyZ0FUbVBXLXV4VHhHVnhyTTZrazczdnpN?oc=5"" target=""_blank"">5月11日贵州茅台将召开业绩说明会，王莉将出席</a>&nbsp;&nbsp;<font color=""#6f6f6f"">新浪财经</font>",https://news.google.com/rss/articles/CBMilAFBVV95cUxOcUg1bnhQNllLSkFXeGJpMk9HWGlvWE5FcUZpYU5YV3JPbnk4bnZyNkhCTW1aY21tdS1XbklCZEg5T190YWQ2Q1RIWDNrbks1NDdBN0xYTVlRaDRHNzQxZ1ZoS180ekVfeUw2aDFuSjZ3Q1NmUm1ZeG82bmIyZ0FUbVBXLXV4VHhHVnhyTTZrazczdnpN?oc=5,贵州茅台,"5月11日贵州茅台将召开业绩说明会，王莉将出席 - 新浪财经. <a href=""https://news.google.com/rss/articles/CBMilAFBVV95cUxOcUg1bnhQNllLSkFXeGJpMk9HWGlvWE5FcUZpYU5YV3JPbnk4bnZyNkhCTW1aY21tdS1XbklCZEg5T190YWQ2Q1RIWDNrbks1NDdBN0xYTVlRaDRHNzQxZ1ZoS180ekVfeUw2aDFuSjZ3Q1NmUm1ZeG82bmIyZ0FUbVBXLXV4VHhHVnhyTTZrazczdnpN?oc=5"" target=""_blank"">5月11日贵州茅台将召开业绩说明会，王莉将出席</a>&nbsp;&nbsp;<font color=""#6f6f6f"">新浪财经</font>",neutral,0.02578568
2026-04-28,2026-04-28T13:28:31+00:00,600519.SH,"""贵州茅台"" - Google 新闻",贵州茅台：将于5月11日召开2025年度及2026年第一季度业绩说明会 - 东方财富,"<a href=""https://news.google.com/rss/articles/CBMiYEFVX3lxTE9lWGtjX2l0UUM4dzItQlp6UTI5UzJRWnd0cnBIQnJfWk5qZllocXk5RHF0cG9mQlJtQWVySXRjcmlZNlVkal95TWlIUDdhRWRSLUxELW9rd3ZyR1BzVGRyZQ?oc=5"" target=""_blank"">贵州茅台：将于5月11日召开2025年度及2026年第一季度业绩说明会</a>&nbsp;&nbsp;<font color=""#6f6f6f"">东方财富</font>",https://news.google.com/rss/articles/CBMiYEFVX3lxTE9lWGtjX2l0UUM4dzItQlp6UTI5UzJRWnd0cnBIQnJfWk5qZllocXk5RHF0cG9mQlJtQWVySXRjcmlZNlVkal95TWlIUDdhRWRSLUxELW9rd3ZyR1BzVGRyZQ?oc=5,贵州茅台,"贵州茅台：将于5月11日召开2025年度及2026年第一季度业绩说明会 - 东方财富. <a href=""https://news.google.com/rss/articles/CBMiYEFVX3lxTE9lWGtjX2l0UUM4dzItQlp6UTI5UzJRWnd0cnBIQnJfWk5qZllocXk5RHF0cG9mQlJtQWVySXRjcmlZNlVkal95TWlIUDdhRWRSLUxELW9rd3ZyR1BzVGRyZQ?oc=5"" target=""_blank"">贵州茅台：将于5月11日召开2025年度及2026年第一季度业绩说明会</a>&nbsp;&nbsp;<font color=""#6f6f6f"">东方财富</font>",neutral,0.014157353
2026-04-28,2026-04-28T13:37:48+00:00,600519.SH,"""600519"" - Google 新闻",股票行情快报：贵州茅台（600519）4月28日主力资金净卖出1.85亿元_主力研究 - 证券之星,"<a href=""https://news.google.com/rss/articles/CBMiYkFVX3lxTE43TXA4U1FINjNJbFdIQ3A1cFF4M2N5XzBnVEhkWkZ0RW5JY0Y4VEk0UkdldXRmcDNRTkZKSm16elNFLTZlNWFBSXlfVndYSEt0OUtJTDA1RHdNb1dhZnJUV0NR?oc=5"" target=""_blank"">股票行情快报：贵州茅台（600519）4月28日主力资金净卖出1.85亿元_主力研究</a>&nbsp;&nbsp;<font color=""#6f6f6f"">证券之星</font>",https://news.google.com/rss/articles/CBMiYkFVX3lxTE43TXA4U1FINjNJbFdIQ3A1cFF4M2N5XzBnVEhkWkZ0RW5JY0Y4VEk0UkdldXRmcDNRTkZKSm16elNFLTZlNWFBSXlfVndYSEt0OUtJTDA1RHdNb1dhZnJUV0NR?oc=5,600519,"股票行情快报：贵州茅台（600519）4月28日主力资金净卖出1.85亿元_主力研究 - 证券之星. <a href=""https://news.google.com/rss/articles/CBMiYkFVX3lxTE43TXA4U1FINjNJbFdIQ3A1cFF4M2N5XzBnVEhkWkZ0RW5JY0Y4VEk0UkdldXRmcDNRTkZKSm16elNFLTZlNWFBSXlfVndYSEt0OUtJTDA1RHdNb1dhZnJUV0NR?oc=5"" target=""_blank"">股票行情快报：贵州茅台（600519）4月28日主力资金净卖出1.85亿元_主力研究</a>&nbsp;&nbsp;<font color=""#6f6f6f"">证券之星</font>",neutral,0.0213855
2026-04-28,2026-04-28T16:12:12+00:00,600519.SH,"""贵州茅台"" - Google 新闻",贵州茅台将召开线上业绩说明会，王莉等高管将与投资者对话 - 东方财富,"<a href=""https://news.google.com/rss/articles/CBMiYEFVX3lxTE5FeE1rQXd6TDdVeVdoYXc0ZXVWaXBLUk11VGJHZEg3dVpCbVJBeFgwNHZlSkpxUXdnNDd4ZWVDbXllYVZPak44ajl5MkluTXJ3bG1TOVdzRWlRU0MxNmFncg?oc=5"" target=""_blank"">贵州茅台将召开线上业绩说明会，王莉等高管将与投资者对话</a>&nbsp;&nbsp;<font color=""#6f6f6f"">东方财富</font>",https://news.google.com/rss/articles/CBMiYEFVX3lxTE5FeE1rQXd6TDdVeVdoYXc0ZXVWaXBLUk11VGJHZEg3dVpCbVJBeFgwNHZlSkpxUXdnNDd4ZWVDbXllYVZPak44ajl5MkluTXJ3bG1TOVdzRWlRU0MxNmFncg?oc=5,贵州茅台,"贵州茅台将召开线上业绩说明会，王莉等高管将与投资者对话 - 东方财富. <a href=""https://news.google.com/rss/articles/CBMiYEFVX3lxTE5FeE1rQXd6TDdVeVdoYXc0ZXVWaXBLUk11VGJHZEg3dVpCbVJBeFgwNHZlSkpxUXdnNDd4ZWVDbXllYVZPak44ajl5MkluTXJ3bG1TOVdzRWlRU0MxNmFncg?oc=5"" target=""_blank"">贵州茅台将召开线上业绩说明会，王莉等高管将与投资者对话</a>&nbsp;&nbsp;<font color=""#6f6f6f"">东方财富</font>",neutral,0.015865274
2026-04-29,2026-04-29T03:39:57+00:00,600519.SH,"""贵州茅台"" - Google 新闻",贵州茅台：融资净偿还2.11亿元，融资余额178.98亿元 - 东方财富,"<a href=""https://news.google.com/rss/articles/CBMiYEFVX3lxTE5teWF1amx1R19odXVIOGFvWjZhekdwckpkSXNIeU9jNzdFS1B2UlpJQnNibk55WWlLbjZGMlJ1bjBFVW5MdjZZNWdLZV9fdW05bDdSM1ZmTUQwV1prN24ydg?oc=5"" target=""_blank"">贵州茅台：融资净偿还2.11亿元，融资余额178.98亿元</a>&nbsp;&nbsp;<font color=""#6f6f6f"">东方财富</font>",https://news.google.com/rss/articles/CBMiYEFVX3lxTE5teWF1amx1R19odXVIOGFvWjZhekdwckpkSXNIeU9jNzdFS1B2UlpJQnNibk55WWlLbjZGMlJ1bjBFVW5MdjZZNWdLZV9fdW05bDdSM1ZmTUQwV1prN24ydg?oc=5,贵州茅台,"贵州茅台：融资净偿还2.11亿元，融资余额178.98亿元 - 东方财富. <a href=""https://news.google.com/rss/articles/CBMiYEFVX3lxTE5teWF1amx1R19odXVIOGFvWjZhekdwckpkSXNIeU9jNzdFS1B2UlpJQnNibk55WWlLbjZGMlJ1bjBFVW5MdjZZNWdLZV9fdW05bDdSM1ZmTUQwV1prN24ydg?oc=5"" target=""_blank"">贵州茅台：融资净偿还2.11亿元，融资余额178.98亿元</a>&nbsp;&nbsp;<font color=""#6f6f6f"">东方财富</font>",neutral,0.01922927
2026-04-29,2026-04-29T04:44:26+00:00,600519.SH,"""贵州茅台"" - Google 新闻",贵州茅台将召开线上业绩说明会 - 东方财富,"<a href=""https://news.google.com/rss/articles/CBMiZkFVX3lxTE9valVQaVZyQVVpZ3gyTjFSN3YwU205TnJTWWtzb2dxNEpQMS1IYUJHOVRtVm4wbFFjMVZCd1RMRG0xNzdVMjFfNl9zOVo3dFZZYVpodzdMNjBKQXRJYUpnV3F6cHR0UQ?oc=5"" target=""_blank"">贵州茅台将召开线上业绩说明会</a>&nbsp;&nbsp;<font color=""#6f6f6f"">东方财富</font>",https://news.google.com/rss/articles/CBMiZkFVX3lxTE9valVQaVZyQVVpZ3gyTjFSN3YwU205TnJTWWtzb2dxNEpQMS1IYUJHOVRtVm4wbFFjMVZCd1RMRG0xNzdVMjFfNl9zOVo3dFZZYVpodzdMNjBKQXRJYUpnV3F6cHR0UQ?oc=5,贵州茅台,"贵州茅台将召开线上业绩说明会 - 东方财富. <a href=""https://news.google.com/rss/articles/CBMiZkFVX3lxTE9valVQaVZyQVVpZ3gyTjFSN3YwU205TnJTWWtzb2dxNEpQMS1IYUJHOVRtVm4wbFFjMVZCd1RMRG0xNzdVMjFfNl9zOVo3dFZZYVpodzdMNjBKQXRJYUpnV3F6cHR0UQ?oc=5"" target=""_blank"">贵州茅台将召开线上业绩说明会</a>&nbsp;&nbsp;<font color=""#6f6f6f"">东方财富</font>",neutral,0.017667156
2026-04-29,2026-04-29T06:09:25+00:00,600519.SH,"""Kweichow Moutai"" - Google News",Kweichow Moutai Co Ltd stock (CNE000001LQ8): Why does its baijiu dominance matter more now for globa - AD HOC NEWS,"<a href=""https://news.google.com/rss/articles/CBMiygFBVV95cUxOWUEzOE5WeGdZRm5IVlhZSWN4TGRGSHp1c0xSRFhfM1hkUnNUS2pGZENQWWNZYnNPTElPMGhoT3AwR0E3dWVrR2hWNndMUVFHVDNWVjFMZkJEZkNzbVhBeXdXY0FZTDRxT0F4dmtpYkozalZLUVVZS2F3YmQ1NklHMzhmLU5qRGxWZlJkOVVXQjVJc1AtYTkxT1NCS2pWTkFTczc0eDc2c3JhWlRkSG5sVWdzNXgxRVZrdGREbGtRcnZrTEVTLVZic3JR?oc=5"" target=""_blank"">Kweichow Moutai Co Ltd stock (CNE000001LQ8): Why does its baijiu dominance matter more now for globa</a>&nbsp;&nbsp;<font color=""#6f6f6f"">AD HOC NEWS</font>",https://news.google.com/rss/articles/CBMiygFBVV95cUxOWUEzOE5WeGdZRm5IVlhZSWN4TGRGSHp1c0xSRFhfM1hkUnNUS2pGZENQWWNZYnNPTElPMGhoT3AwR0E3dWVrR2hWNndMUVFHVDNWVjFMZkJEZkNzbVhBeXdXY0FZTDRxT0F4dmtpYkozalZLUVVZS2F3YmQ1NklHMzhmLU5qRGxWZlJkOVVXQjVJc1AtYTkxT1NCS2pWTkFTczc0eDc2c3JhWlRkSG5sVWdzNXgxRVZrdGREbGtRcnZrTEVTLVZic3JR?oc=5,Kweichow Moutai,"Kweichow Moutai Co Ltd stock (CNE000001LQ8): Why does its baijiu dominance matter more now for globa - AD HOC NEWS. <a href=""https://news.google.com/rss/articles/CBMiygFBVV95cUxOWUEzOE5WeGdZRm5IVlhZSWN4TGRGSHp1c0xSRFhfM1hkUnNUS2pGZENQWWNZYnNPTElPMGhoT3AwR0E3dWVrR2hWNndMUVFHVDNWVjFMZkJEZkNzbVhBeXdXY0FZTDRxT0F4dmtpYkozalZLUVVZS2F3YmQ1NklHMzhmLU5qRGxWZlJkOVVXQjVJc1AtYTkxT1NCS2pWTkFTczc0eDc2c3JhWlRkSG5sVWdzNXgxRVZrdGREbGtRcnZrTEVTLVZic3JR?oc=5"" target=""_blank"">Kweichow Moutai Co Ltd stock (CNE000001LQ8): Why does its baijiu dominance matter more now for globa</a>&nbsp;&nbsp;<font color=""#6f6f6f"">AD HOC NEWS</font>",neutral,0.0214358
2026-04-29,2026-04-29T07:21:21+00:00,600519.SH,"""贵州茅台"" - Google News",贵州茅台(600519)：开局表现平稳 市场化改革初显成效 - Futubull - 富途牛牛,"<a href=""https://news.google.com/rss/articles/CBMipAFBVV95cUxORnFCUzhaeHktSHkxYlk1eDczTDNvU1QyZERkaThHbWp1a19hWUo2LWlRTENtZldRdmgyWURsVk12YjM5cUdoYmlUTFFEcGJ4WmRVczlzUFppbFg1bmItaTdsMEx0S1NRLUFiRVBZeHJFb0h2N0pGa0JTZlEyOEpxbWpuM2w4VHVCMjV5UlpfME9zSGJjZXdtNVVLdmY2eUxYY0dNVg?oc=5"" target=""_blank"">贵州茅台(600519)：开局表现平稳 市场化改革初显成效 - Futubull</a>&nbsp;&nbsp;<font color=""#6f6f6f"">富途牛牛</font>",https://news.google.com/rss/articles/CBMipAFBVV95cUxORnFCUzhaeHktSHkxYlk1eDczTDNvU1QyZERkaThHbWp1a19hWUo2LWlRTENtZldRdmgyWURsVk12YjM5cUdoYmlUTFFEcGJ4WmRVczlzUFppbFg1bmItaTdsMEx0S1NRLUFiRVBZeHJFb0h2N0pGa0JTZlEyOEpxbWpuM2w4VHVCMjV5UlpfME9zSGJjZXdtNVVLdmY2eUxYY0dNVg?oc=5,贵州茅台,"贵州茅台(600519)：开局表现平稳 市场化改革初显成效 - Futubull - 富途牛牛. <a href=""https://news.google.com/rss/articles/CBMipAFBVV95cUxORnFCUzhaeHktSHkxYlk1eDczTDNvU1QyZERkaThHbWp1a19hWUo2LWlRTENtZldRdmgyWURsVk12YjM5cUdoYmlUTFFEcGJ4WmRVczlzUFppbFg1bmItaTdsMEx0S1NRLUFiRVBZeHJFb0h2N0pGa0JTZlEyOEpxbWpuM2w4VHVCMjV5UlpfME9zSGJjZXdtNVVLdmY2eUxYY0dNVg?oc=5"" target=""_blank"">贵州茅台(600519)：开局表现平稳 市场化改革初显成效 - Futubull</a>&nbsp;&nbsp;<font color=""#6f6f6f"">富途牛牛</font>",neutral,0.010123853
2026-04-30,2026-04-30T00:22:19+00:00,600519.SH,"""贵州茅台"" - Google 新闻",贵州茅台：融资净偿还7753.58万元，融资余额178.2亿元 - 东方财富,"<a href=""https://news.google.com/rss/articles/CBMiYEFVX3lxTFBrd2dRWm11OWd0aTY2WlJTT19XVU5ySEdNM3dBM1RyQTVmaHdMelVucDJEcUxkZ3lFRVdiNW1PTGYtcWFJR2NxcXc1YnRZV2g0ZFM4YlVNVmwzR1NaXzJXTg?oc=5"" target=""_blank"">贵州茅台：融资净偿还7753.58万元，融资余额178.2亿元</a>&nbsp;&nbsp;<font color=""#6f6f6f"">东方财富</font>",https://news.google.com/rss/articles/CBMiYEFVX3lxTFBrd2dRWm11OWd0aTY2WlJTT19XVU5ySEdNM3dBM1RyQTVmaHdMelVucDJEcUxkZ3lFRVdiNW1PTGYtcWFJR2NxcXc1YnRZV2g0ZFM4YlVNVmwzR1NaXzJXTg?oc=5,贵州茅台,"贵州茅台：融资净偿还7753.58万元，融资余额178.2亿元 - 东方财富. <a href=""https://news.google.com/rss/articles/CBMiYEFVX3lxTFBrd2dRWm11OWd0aTY2WlJTT19XVU5ySEdNM3dBM1RyQTVmaHdMelVucDJEcUxkZ3lFRVdiNW1PTGYtcWFJR2NxcXc1YnRZV2g0ZFM4YlVNVmwzR1NaXzJXTg?oc=5"" target=""_blank"">贵州茅台：融资净偿还7753.58万元，融资余额178.2亿元</a>&nbsp;&nbsp;<font color=""#6f6f6f"">东方财富</font>",neutral,0.019280199
2026-04-30,2026-04-30T09:50:53+00:00,600519.SH,"""Kweichow Moutai"" - Google News",Kweichow Moutai Co Ltd (CNE000001LQ8): Q1 2026 Earnings Release Scheduled for Today - AD HOC NEWS,"<a href=""https://news.google.com/rss/articles/CBMiyAFBVV95cUxNUE1FM3M5SVpDS2R1WlRibFBYUzZRNVBtVENCYVkxVTItRmVkd0VyajFwZV9XRm1iWnBaTjE1LUd4OU5CN2QxVmdxTE15UzFLZkx6MXFRX1ZHZGlJNFNjLU5YWUZqMGR0Umdvb2VJT2pkbXpRd0FEU25Qd29fa3lZZmxtdW1zMlY1bHliRzZuU3FHQ0JNakRFbVlodTRibXRzRkw4ZHBaR1FScm00dDI1TDVHTWhWbi15Z0R0UGZCUUE3ZGtkZXZnRg?oc=5"" target=""_blank"">Kweichow Moutai Co Ltd (CNE000001LQ8): Q1 2026 Earnings Release Scheduled for Today</a>&nbsp;&nbsp;<font color=""#6f6f6f"">AD HOC NEWS</font>",https://news.google.com/rss/articles/CBMiyAFBVV95cUxNUE1FM3M5SVpDS2R1WlRibFBYUzZRNVBtVENCYVkxVTItRmVkd0VyajFwZV9XRm1iWnBaTjE1LUd4OU5CN2QxVmdxTE15UzFLZkx6MXFRX1ZHZGlJNFNjLU5YWUZqMGR0Umdvb2VJT2pkbXpRd0FEU25Qd29fa3lZZmxtdW1zMlY1bHliRzZuU3FHQ0JNakRFbVlodTRibXRzRkw4ZHBaR1FScm00dDI1TDVHTWhWbi15Z0R0UGZCUUE3ZGtkZXZnRg?oc=5,Kweichow Moutai,"Kweichow Moutai Co Ltd (CNE000001LQ8): Q1 2026 Earnings Release Scheduled for Today - AD HOC NEWS. <a href=""https://news.google.com/rss/articles/CBMiyAFBVV95cUxNUE1FM3M5SVpDS2R1WlRibFBYUzZRNVBtVENCYVkxVTItRmVkd0VyajFwZV9XRm1iWnBaTjE1LUd4OU5CN2QxVmdxTE15UzFLZkx6MXFRX1ZHZGlJNFNjLU5YWUZqMGR0Umdvb2VJT2pkbXpRd0FEU25Qd29fa3lZZmxtdW1zMlY1bHliRzZuU3FHQ0JNakRFbVlodTRibXRzRkw4ZHBaR1FScm00dDI1TDVHTWhWbi15Z0R0UGZCUUE3ZGtkZXZnRg?oc=5"" target=""_blank"">Kweichow Moutai Co Ltd (CNE000001LQ8): Q1 2026 Earnings Release Scheduled for Today</a>&nbsp;&nbsp;<font color=""#6f6f6f"">AD HOC NEWS</font>",neutral,-0.033394806
2026-04-30,2026-04-30T11:16:04+00:00,600519.SH,"""600519"" - Google 新闻",股票行情快报：贵州茅台（600519）4月30日主力资金净卖出13.81亿元 - Sohu,"<a href=""https://news.google.com/rss/articles/CBMiVkFVX3lxTE9KVVM4YzB4dldTZE5aNGdvWXhBOEg4OGdQWF8td09rNXVXZWtCNGZ3bHc1RmREME9kNWJKZzR0Q0V1eGVnLXdlQ1JncG9ReUc3MFlxMFdR?oc=5"" target=""_blank"">股票行情快报：贵州茅台（600519）4月30日主力资金净卖出13.81亿元</a>&nbsp;&nbsp;<font color=""#6f6f6f"">Sohu</font>",https://news.google.com/rss/articles/CBMiVkFVX3lxTE9KVVM4YzB4dldTZE5aNGdvWXhBOEg4OGdQWF8td09rNXVXZWtCNGZ3bHc1RmREME9kNWJKZzR0Q0V1eGVnLXdlQ1JncG9ReUc3MFlxMFdR?oc=5,600519,"股票行情快报：贵州茅台（600519）4月30日主力资金净卖出13.81亿元 - Sohu. <a href=""https://news.google.com/rss/articles/CBMiVkFVX3lxTE9KVVM4YzB4dldTZE5aNGdvWXhBOEg4OGdQWF8td09rNXVXZWtCNGZ3bHc1RmREME9kNWJKZzR0Q0V1eGVnLXdlQ1JncG9ReUc3MFlxMFdR?oc=5"" target=""_blank"">股票行情快报：贵州茅台（600519）4月30日主力资金净卖出13.81亿元</a>&nbsp;&nbsp;<font color=""#6f6f6f"">Sohu</font>",neutral,0.016170533
2026-05-02,2026-05-02T01:18:00+00:00,600519.SH,"""600519"" - Google 新闻",白酒市场小幅反弹！11大单品五涨五跌，青花郎领涨8元，国窖1573跌8元 - AASTOCKS.com,"<a href=""https://news.google.com/rss/articles/CBMihgFBVV95cUxNYlUzMV9jR21KbGpZM2Y3RVNQalpERnlrSFp1empXVWNLbHhOZFdycW5oUjhPbDdGbjFGYWpEUTlkVzAzLWY3aEpyQlEzcW5CSlhTbTJhSWdlblM5cnc4OWdtVVBDRDBpenpDZHVzbHpyX3htaE01bGJJbWhVQ0NNOE5wUmVadw?oc=5"" target=""_blank"">白酒市场小幅反弹！11大单品五涨五跌，青花郎领涨8元，国窖1573跌8元</a>&nbsp;&nbsp;<font color=""#6f6f6f"">AASTOCKS.com</font>",https://news.google.com/rss/articles/CBMihgFBVV95cUxNYlUzMV9jR21KbGpZM2Y3RVNQalpERnlrSFp1empXVWNLbHhOZFdycW5oUjhPbDdGbjFGYWpEUTlkVzAzLWY3aEpyQlEzcW5CSlhTbTJhSWdlblM5cnc4OWdtVVBDRDBpenpDZHVzbHpyX3htaE01bGJJbWhVQ0NNOE5wUmVadw?oc=5,600519,"白酒市场小幅反弹！11大单品五涨五跌，青花郎领涨8元，国窖1573跌8元 - AASTOCKS.com. <a href=""https://news.google.com/rss/articles/CBMihgFBVV95cUxNYlUzMV9jR21KbGpZM2Y3RVNQalpERnlrSFp1empXVWNLbHhOZFdycW5oUjhPbDdGbjFGYWpEUTlkVzAzLWY3aEpyQlEzcW5CSlhTbTJhSWdlblM5cnc4OWdtVVBDRDBpenpDZHVzbHpyX3htaE01bGJJbWhVQ0NNOE5wUmVadw?oc=5"" target=""_blank"">白酒市场小幅反弹！11大单品五涨五跌，青花郎领涨8元，国窖1573跌8元</a>&nbsp;&nbsp;<font color=""#6f6f6f"">AASTOCKS.com</font>",neutral,0.027882954
2026-05-02,2026-05-02T12:53:54+00:00,600519.SH,"""Kweichow Moutai"" - Google News",China’s top liquor brand reports first sales drop in over two decades - MSN,"<a href=""https://news.google.com/rss/articles/CBMiyAFBVV95cUxONE5jVmlKekhlc01GUVVzLWtRWDlwNWRkN0FtVzVRdG1tSWdjMV9WLTN2S0RleFFleWFuWDRTMFpzQ2VuRExkWmRfVXh6a2w2TWN3OGc0aGwyc1N5aWp2QjlSN2ZEY3h6cDNoRGZBNWt2RnhjRk5ELUZJWFJ1Q0lMaEhMVkxsVDBIYS1tVTF1WG41Z2cwc3QtM3RtaDhLZ09mRDhsSjNhM0h2WENveE9QR0tIU1J3YldvUnZFM3R2SU1aQmNuLVI0MA?oc=5"" target=""_blank"">China’s top liquor brand reports first sales drop in over two decades</a>&nbsp;&nbsp;<font color=""#6f6f6f"">MSN</font>",https://news.google.com/rss/articles/CBMiyAFBVV95cUxONE5jVmlKekhlc01GUVVzLWtRWDlwNWRkN0FtVzVRdG1tSWdjMV9WLTN2S0RleFFleWFuWDRTMFpzQ2VuRExkWmRfVXh6a2w2TWN3OGc0aGwyc1N5aWp2QjlSN2ZEY3h6cDNoRGZBNWt2RnhjRk5ELUZJWFJ1Q0lMaEhMVkxsVDBIYS1tVTF1WG41Z2cwc3QtM3RtaDhLZ09mRDhsSjNhM0h2WENveE9QR0tIU1J3YldvUnZFM3R2SU1aQmNuLVI0MA?oc=5,Kweichow Moutai,"China’s top liquor brand reports first sales drop in over two decades - MSN. <a href=""https://news.google.com/rss/articles/CBMiyAFBVV95cUxONE5jVmlKekhlc01GUVVzLWtRWDlwNWRkN0FtVzVRdG1tSWdjMV9WLTN2S0RleFFleWFuWDRTMFpzQ2VuRExkWmRfVXh6a2w2TWN3OGc0aGwyc1N5aWp2QjlSN2ZEY3h6cDNoRGZBNWt2RnhjRk5ELUZJWFJ1Q0lMaEhMVkxsVDBIYS1tVTF1WG41Z2cwc3QtM3RtaDhLZ09mRDhsSjNhM0h2WENveE9QR0tIU1J3YldvUnZFM3R2SU1aQmNuLVI0MA?oc=5"" target=""_blank"">China’s top liquor brand reports first sales drop in over two decades</a>&nbsp;&nbsp;<font color=""#6f6f6f"">MSN</font>",negative,-0.95941156
2026-05-02,2026-05-02T23:56:00+00:00,600519.SH,"""Kweichow Moutai"" - Google News",贵州茅台(600519)：I茅台持续发力 改革效果初显 - Futubull - 富途牛牛,"<a href=""https://news.google.com/rss/articles/CBMisAFBVV95cUxQSkRaQ2stSXhaR1dOVTJSMTdPMlBSbGZQTmx4Zmw3emJwd0NZdUxSV1dDLVV2eElGNWZvRTFlRG5TR0RGSzVNVm91UEZmLVp0OGVmdHVuQ19MUk5NVnR5cnRfVW9LX3lValNFdGh0bWw4UXdUclp0SVhORzcxV0tCSWhVWDNYenU1ck5hV0ZjSlVlN2tiUmR3d19TMllocmdlXzdnX3NEbEdMSWN5eFJNMQ?oc=5"" target=""_blank"">贵州茅台(600519)：I茅台持续发力 改革效果初显 - Futubull</a>&nbsp;&nbsp;<font color=""#6f6f6f"">富途牛牛</font>",https://news.google.com/rss/articles/CBMisAFBVV95cUxQSkRaQ2stSXhaR1dOVTJSMTdPMlBSbGZQTmx4Zmw3emJwd0NZdUxSV1dDLVV2eElGNWZvRTFlRG5TR0RGSzVNVm91UEZmLVp0OGVmdHVuQ19MUk5NVnR5cnRfVW9LX3lValNFdGh0bWw4UXdUclp0SVhORzcxV0tCSWhVWDNYenU1ck5hV0ZjSlVlN2tiUmR3d19TMllocmdlXzdnX3NEbEdMSWN5eFJNMQ?oc=5,Kweichow Moutai,"贵州茅台(600519)：I茅台持续发力 改革效果初显 - Futubull - 富途牛牛. <a href=""https://news.google.com/rss/articles/CBMisAFBVV95cUxQSkRaQ2stSXhaR1dOVTJSMTdPMlBSbGZQTmx4Zmw3emJwd0NZdUxSV1dDLVV2eElGNWZvRTFlRG5TR0RGSzVNVm91UEZmLVp0OGVmdHVuQ19MUk5NVnR5cnRfVW9LX3lValNFdGh0bWw4UXdUclp0SVhORzcxV0tCSWhVWDNYenU1ck5hV0ZjSlVlN2tiUmR3d19TMllocmdlXzdnX3NEbEdMSWN5eFJNMQ?oc=5"" target=""_blank"">贵州茅台(600519)：I茅台持续发力 改革效果初显 - Futubull</a>&nbsp;&nbsp;<font color=""#6f6f6f"">富途牛牛</font>",neutral,0.016015574
2026-05-03,2026-05-03T01:19:02+00:00,600519.SH,"""600519"" - Google 新闻",贵州茅台(600519)：Q1高质量开局 市场化改革成效显著 - 富途牛牛,"<a href=""https://news.google.com/rss/articles/CBMilwFBVV95cUxQNDZHNGViaFA5RDh0M0M3M1c3eVl4bTFLZERtazhPZnNvdEVlZFhQQkR5VnRsd0FmenFIaENicWpBdFJWMi1NYlRjTWgwc243b192Y1hXSnpfSDZEVkNfMFRSVy1fS1ZPTGY2ZjNaTHZRaDFxQWdlQ0N0bi05eDluNFprNWxhZzdBblY2VjZUVXhGTW83X3dn?oc=5"" target=""_blank"">贵州茅台(600519)：Q1高质量开局 市场化改革成效显著</a>&nbsp;&nbsp;<font color=""#6f6f6f"">富途牛牛</font>",https://news.google.com/rss/articles/CBMilwFBVV95cUxQNDZHNGViaFA5RDh0M0M3M1c3eVl4bTFLZERtazhPZnNvdEVlZFhQQkR5VnRsd0FmenFIaENicWpBdFJWMi1NYlRjTWgwc243b192Y1hXSnpfSDZEVkNfMFRSVy1fS1ZPTGY2ZjNaTHZRaDFxQWdlQ0N0bi05eDluNFprNWxhZzdBblY2VjZUVXhGTW83X3dn?oc=5,600519,"贵州茅台(600519)：Q1高质量开局 市场化改革成效显著 - 富途牛牛. <a href=""https://news.google.com/rss/articles/CBMilwFBVV95cUxQNDZHNGViaFA5RDh0M0M3M1c3eVl4bTFLZERtazhPZnNvdEVlZFhQQkR5VnRsd0FmenFIaENicWpBdFJWMi1NYlRjTWgwc243b192Y1hXSnpfSDZEVkNfMFRSVy1fS1ZPTGY2ZjNaTHZRaDFxQWdlQ0N0bi05eDluNFprNWxhZzdBblY2VjZUVXhGTW83X3dn?oc=5"" target=""_blank"">贵州茅台(600519)：Q1高质量开局 市场化改革成效显著</a>&nbsp;&nbsp;<font color=""#6f6f6f"">富途牛牛</font>",neutral,0.012696769
2026-05-03,2026-05-03T03:59:00+00:00,600519.SH,贵州茅台 - Bing新聞,贵州非遗 · 传承之美丨茅台酒酿造技艺：一滴琼浆藏光阴,在贵州，非遗不是博物馆里的陈列品，而是活着的、呼吸着的劳动创造。贵州省拥有人类非遗代表作名录项目5项、国家级非遗99项，近1.2万名各级非遗传承人接续坚守。这些项目大多根植于各族人民的日常生产劳动之中，从指尖上的刺绣蜡染到舌尖上的传统美食，每一项非遗都是劳动者智慧的结晶。 在贵州西北部的赤水河畔，仁怀茅台镇的山谷间常年飘荡着一缕无法复制的酱香。这里出产的茅台酒，其酿造技艺被誉为“中国白酒工艺的活化 ...,http://www.bing.com/news/apiclick.aspx?ref=FexRss&aid=&tid=69fb16cbabed4f7ca7e8ada320dc7212&url=https%3a%2f%2fnews.qq.com%2frain%2fa%2f20260503A0665A00&c=14275616015924010559&mkt=zh-tw,贵州茅台,贵州非遗 · 传承之美丨茅台酒酿造技艺：一滴琼浆藏光阴. 在贵州，非遗不是博物馆里的陈列品，而是活着的、呼吸着的劳动创造。贵州省拥有人类非遗代表作名录项目5项、国家级非遗99项，近1.2万名各级非遗传承人接续坚守。这些项目大多根植于各族人民的日常生产劳动之中，从指尖上的刺绣蜡染到舌尖上的传统美食，每一项非遗都是劳动者智慧的结晶。 在贵州西北部的赤水河畔，仁怀茅台镇的山谷间常年飘荡着一缕无法复制的酱香。这里出产的茅台酒，其酿造技艺被誉为“中国白酒工艺的活化 ...,neutral,0.0728261
2026-05-05,2026-05-05T03:46:31+00:00,600519.SH,"""贵州茅台"" - Google 新闻",茅台集团总会计师工作调整 - 证券时报,"<a href=""https://news.google.com/rss/articles/CBMiV0FVX3lxTFBBNk5mb3phRzhPclRDZEZXMktmTlFpaXNqRGh1LUsyOUNHdkVPcXVGXzVVeXFBNXFxOTBfMWRmM2dGaGZlUmFEOXRBbFF0bTVlZElLLVBSYw?oc=5"" target=""_blank"">茅台集团总会计师工作调整</a>&nbsp;&nbsp;<font color=""#6f6f6f"">证券时报</font>",https://news.google.com/rss/articles/CBMiV0FVX3lxTFBBNk5mb3phRzhPclRDZEZXMktmTlFpaXNqRGh1LUsyOUNHdkVPcXVGXzVVeXFBNXFxOTBfMWRmM2dGaGZlUmFEOXRBbFF0bTVlZElLLVBSYw?oc=5,贵州茅台,"茅台集团总会计师工作调整 - 证券时报. <a href=""https://news.google.com/rss/articles/CBMiV0FVX3lxTFBBNk5mb3phRzhPclRDZEZXMktmTlFpaXNqRGh1LUsyOUNHdkVPcXVGXzVVeXFBNXFxOTBfMWRmM2dGaGZlUmFEOXRBbFF0bTVlZElLLVBSYw?oc=5"" target=""_blank"">茅台集团总会计师工作调整</a>&nbsp;&nbsp;<font color=""#6f6f6f"">证券时报</font>",neutral,0.008831847
2026-05-05,2026-05-05T06:00:00+00:00,600519.SH,"""600519"" - Google News",Bernstein Names Top Mainland Chinese Stocks Across Key Sectors - Investing.com,"<a href=""https://news.google.com/rss/articles/CBMizAFBVV95cUxQV0o5bDhVOTRvMWo4bjdqLUF5VkwxYW1VMDdIZ3l3Z1JGQkxrWXVCRUlEcXBjX28zdzhRODh4eW0tSUQ1TDlkU2VDTGJzWWQ3WGdtRnBRZ3lBUWw5cXNaaUlXMTNoWTZEaXZBUzV2M0s4TjhsLVlSb0lNaFl0bVBSRGptT0ZRUU5Td19sVy1HLUxsOHlOUG1XcmtDTGYwSllMZ0VCOEc5LS1JWGxJNzJqcndkVTlacUZvWjA3M1FrRDI1aHVXbHdndzNOalc?oc=5"" target=""_blank"">Bernstein Names Top Mainland Chinese Stocks Across Key Sectors</a>&nbsp;&nbsp;<font color=""#6f6f6f"">Investing.com</font>",https://news.google.com/rss/articles/CBMizAFBVV95cUxQV0o5bDhVOTRvMWo4bjdqLUF5VkwxYW1VMDdIZ3l3Z1JGQkxrWXVCRUlEcXBjX28zdzhRODh4eW0tSUQ1TDlkU2VDTGJzWWQ3WGdtRnBRZ3lBUWw5cXNaaUlXMTNoWTZEaXZBUzV2M0s4TjhsLVlSb0lNaFl0bVBSRGptT0ZRUU5Td19sVy1HLUxsOHlOUG1XcmtDTGYwSllMZ0VCOEc5LS1JWGxJNzJqcndkVTlacUZvWjA3M1FrRDI1aHVXbHdndzNOalc?oc=5,600519,"Bernstein Names Top Mainland Chinese Stocks Across Key Sectors - Investing.com. <a href=""https://news.google.com/rss/articles/CBMizAFBVV95cUxQV0o5bDhVOTRvMWo4bjdqLUF5VkwxYW1VMDdIZ3l3Z1JGQkxrWXVCRUlEcXBjX28zdzhRODh4eW0tSUQ1TDlkU2VDTGJzWWQ3WGdtRnBRZ3lBUWw5cXNaaUlXMTNoWTZEaXZBUzV2M0s4TjhsLVlSb0lNaFl0bVBSRGptT0ZRUU5Td19sVy1HLUxsOHlOUG1XcmtDTGYwSllMZ0VCOEc5LS1JWGxJNzJqcndkVTlacUZvWjA3M1FrRDI1aHVXbHdndzNOalc?oc=5"" target=""_blank"">Bernstein Names Top Mainland Chinese Stocks Across Key Sectors</a>&nbsp;&nbsp;<font color=""#6f6f6f"">Investing.com</font>",neutral,0.08235972
2026-05-05,2026-05-05T08:10:41+00:00,600519.SH,"""Kweichow Moutai"" - Google News","Kweichow Moutai’s annual profit, revenue fall for first time - MSN","<a href=""https://news.google.com/rss/articles/CBMi3wJBVV95cUxPUDh1Ym1hRU5iLU8yd0hDTTI2UFF3SVpwOVlKQjRZWEJRQV9aSVB2SERJalpDSHNkZjhHbnhkUGs3UkRTTFNmenRhNXMxdmUwVEFfNEdqX0NoYlJSQm9CelowUVhRVU5sSm1tUGJmN3pYdTloal95QWNLV0VlVjkyaGxtOS05UDMtWGxvSWxyMEpJVUpFblU3dnZnNmJJMHRPYXBuTDZPZ0V5NXZleENnd2ZGUGNZSDhDa1ZMZVpfVGV2YW9fOUsxLURuQWdiUXhMdzN0aFlhcDI4cV9TWlBfVzBHOS05VGZZMzFiOTZBT0RIWG9wRmZ2QmFqaXlsLVVZTnlGVWRNZnhfMXdLNzFwbno4eDVYUEdTVUM5N1BrTDlVUFNTYkRRY3pWZmtNUlNaaE52ak9EWE9jR2xOUndxeENMSXlSclhFR3FONmpuQzlCNmY3WGM5SC1Rb2RRek0?oc=5"" target=""_blank"">Kweichow Moutai’s annual profit, revenue fall for first time</a>&nbsp;&nbsp;<font color=""#6f6f6f"">MSN</font>",https://news.google.com/rss/articles/CBMi3wJBVV95cUxPUDh1Ym1hRU5iLU8yd0hDTTI2UFF3SVpwOVlKQjRZWEJRQV9aSVB2SERJalpDSHNkZjhHbnhkUGs3UkRTTFNmenRhNXMxdmUwVEFfNEdqX0NoYlJSQm9CelowUVhRVU5sSm1tUGJmN3pYdTloal95QWNLV0VlVjkyaGxtOS05UDMtWGxvSWxyMEpJVUpFblU3dnZnNmJJMHRPYXBuTDZPZ0V5NXZleENnd2ZGUGNZSDhDa1ZMZVpfVGV2YW9fOUsxLURuQWdiUXhMdzN0aFlhcDI4cV9TWlBfVzBHOS05VGZZMzFiOTZBT0RIWG9wRmZ2QmFqaXlsLVVZTnlGVWRNZnhfMXdLNzFwbno4eDVYUEdTVUM5N1BrTDlVUFNTYkRRY3pWZmtNUlNaaE52ak9EWE9jR2xOUndxeENMSXlSclhFR3FONmpuQzlCNmY3WGM5SC1Rb2RRek0?oc=5,Kweichow Moutai,"Kweichow Moutai’s annual profit, revenue fall for first time - MSN. <a href=""https://news.google.com/rss/articles/CBMi3wJBVV95cUxPUDh1Ym1hRU5iLU8yd0hDTTI2UFF3SVpwOVlKQjRZWEJRQV9aSVB2SERJalpDSHNkZjhHbnhkUGs3UkRTTFNmenRhNXMxdmUwVEFfNEdqX0NoYlJSQm9CelowUVhRVU5sSm1tUGJmN3pYdTloal95QWNLV0VlVjkyaGxtOS05UDMtWGxvSWxyMEpJVUpFblU3dnZnNmJJMHRPYXBuTDZPZ0V5NXZleENnd2ZGUGNZSDhDa1ZMZVpfVGV2YW9fOUsxLURuQWdiUXhMdzN0aFlhcDI4cV9TWlBfVzBHOS05VGZZMzFiOTZBT0RIWG9wRmZ2QmFqaXlsLVVZTnlGVWRNZnhfMXdLNzFwbno4eDVYUEdTVUM5N1BrTDlVUFNTYkRRY3pWZmtNUlNaaE52ak9EWE9jR2xOUndxeENMSXlSclhFR3FONmpuQzlCNmY3WGM5SC1Rb2RRek0?oc=5"" target=""_blank"">Kweichow Moutai’s annual profit, revenue fall for first time</a>&nbsp;&nbsp;<font color=""#6f6f6f"">MSN</font>",negative,-0.9506464
2026-05-05,2026-05-05T19:53:00+00:00,600519.SH,贵州茅台 - Bing新聞,多只明星基金减仓茅台，为啥茅台不被资本欢迎了？,一直以来，茅台都是资本市场的香饽饽，机构投资者纷纷大力投资茅台的股票，然而就在最近多只明星基金减仓茅台，让人不禁想问为啥茅台不被资本欢迎了？ 一、多只明星基金减仓茅台 据21世纪经济报道，贵州茅台披露，一季度收入同比增长6.54%，归母净利润同比增长1.47%，保持营收、盈利正增长。 在此之前，河北区域龙头老白干酒、徽酒老二迎驾贡酒也双双交出了正增长一季报，次日两家股价双双冲击涨停。 然而奇怪的是 ...,http://www.bing.com/news/apiclick.aspx?ref=FexRss&aid=&tid=69fb16cbabed4f7ca7e8ada320dc7212&url=https%3a%2f%2ffinance.sina.com.cn%2froll%2f2026-05-06%2fdoc-inhwxnuk8399199.shtml&c=5745638097860350788&mkt=zh-tw,贵州茅台,多只明星基金减仓茅台，为啥茅台不被资本欢迎了？. 一直以来，茅台都是资本市场的香饽饽，机构投资者纷纷大力投资茅台的股票，然而就在最近多只明星基金减仓茅台，让人不禁想问为啥茅台不被资本欢迎了？ 一、多只明星基金减仓茅台 据21世纪经济报道，贵州茅台披露，一季度收入同比增长6.54%，归母净利润同比增长1.47%，保持营收、盈利正增长。 在此之前，河北区域龙头老白干酒、徽酒老二迎驾贡酒也双双交出了正增长一季报，次日两家股价双双冲击涨停。 然而奇怪的是 ...,neutral,0.07295497
2026-05-06,2026-05-06T00:05:00+00:00,600519.SH,"""贵州茅台"" - Google 新闻",多只明星基金减仓茅台，为啥茅台不被资本欢迎了？ - thepaper.cn,"<a href=""https://news.google.com/rss/articles/CBMiXkFVX3lxTE5XSFlkX1lPYmk3SFp3VHd0X2hadVp2UG04UV9Mb19KMndwRjB6b0lFVERycG8wNngxRXlBQ1FnbkV6dFFhdGJYNGwtTnc0N2tBUjFnWmtmZXB3c2xDNEE?oc=5"" target=""_blank"">多只明星基金减仓茅台，为啥茅台不被资本欢迎了？</a>&nbsp;&nbsp;<font color=""#6f6f6f"">thepaper.cn</font>",https://news.google.com/rss/articles/CBMiXkFVX3lxTE5XSFlkX1lPYmk3SFp3VHd0X2hadVp2UG04UV9Mb19KMndwRjB6b0lFVERycG8wNngxRXlBQ1FnbkV6dFFhdGJYNGwtTnc0N2tBUjFnWmtmZXB3c2xDNEE?oc=5,贵州茅台,"多只明星基金减仓茅台，为啥茅台不被资本欢迎了？ - thepaper.cn. <a href=""https://news.google.com/rss/articles/CBMiXkFVX3lxTE5XSFlkX1lPYmk3SFp3VHd0X2hadVp2UG04UV9Mb19KMndwRjB6b0lFVERycG8wNngxRXlBQ1FnbkV6dFFhdGJYNGwtTnc0N2tBUjFnWmtmZXB3c2xDNEE?oc=5"" target=""_blank"">多只明星基金减仓茅台，为啥茅台不被资本欢迎了？</a>&nbsp;&nbsp;<font color=""#6f6f6f"">thepaper.cn</font>",neutral,0.013327317
2026-05-06,2026-05-06T00:24:00+00:00,600519.SH,贵州茅台 - Bing新聞,2025年贵州上市公司营收规模创新高首超3400亿元 利润规模首次排名西部第一,2025年，贵州上市公司营业收入规模创历史新高，整体实现营业收入3431.49亿元，连续三年超过3000亿元，首次超过3400亿元，连续5年保持持续增长。截至2026年4月30日，贵州辖区34家上市公司均已完成2025年年度报告和2026年一季报披露。整体上，虽然内外部多重因素对上一年度整体盈利能力造成一定影响，但从整体营收增长、境外 ...,http://www.bing.com/news/apiclick.aspx?ref=FexRss&aid=&tid=69fb16cbabed4f7ca7e8ada320dc7212&url=https%3a%2f%2fnews.qq.com%2frain%2fa%2f20260506A05KDN00&c=2290955558442932675&mkt=zh-tw,贵州茅台,2025年贵州上市公司营收规模创新高首超3400亿元 利润规模首次排名西部第一. 2025年，贵州上市公司营业收入规模创历史新高，整体实现营业收入3431.49亿元，连续三年超过3000亿元，首次超过3400亿元，连续5年保持持续增长。截至2026年4月30日，贵州辖区34家上市公司均已完成2025年年度报告和2026年一季报披露。整体上，虽然内外部多重因素对上一年度整体盈利能力造成一定影响，但从整体营收增长、境外 ...,neutral,0.06774604
2026-05-06,2026-05-06T00:44:00+00:00,600519.SH,贵州茅台 - Bing新聞,年入230亿元的i茅台：砍向经销商的一把“钝刀”,自2022年5月19日正式上线，截至今年5月18日，“i茅台”在短短一年时间内交了一份亮眼的成绩单：累计注册用户超4000万，预约次数达31.62亿人次，累计销售额超230亿元……成为中国消费品行业现象级的APP软件。,http://www.bing.com/news/apiclick.aspx?ref=FexRss&aid=&tid=69fb16cbabed4f7ca7e8ada320dc7212&url=https%3a%2f%2fwww.36kr.com%2fp%2f2268877130444932&c=4259042818932543612&mkt=zh-tw,贵州茅台,年入230亿元的i茅台：砍向经销商的一把“钝刀”. 自2022年5月19日正式上线，截至今年5月18日，“i茅台”在短短一年时间内交了一份亮眼的成绩单：累计注册用户超4000万，预约次数达31.62亿人次，累计销售额超230亿元……成为中国消费品行业现象级的APP软件。,neutral,0.05790822
2026-05-06,2026-05-06T01:35:00+00:00,600519.SH,"""贵州茅台"" - Google 新闻",上证180ETF鹏华（510040）开盘涨0.84%，重仓股贵州茅台跌1.42%，紫金矿业涨0.60% - 新浪财经,"<a href=""https://news.google.com/rss/articles/CBMimAFBVV95cUxORHFoZVBaWV9CZEQ2WDItLXlyZ2lrMWwyR05KVDZPWm93cFNCUlprc3JsWlZhQ085ckZHTkxiMkUtem1EVFNwanRpUUQwN0J2N0hreC1zXzFFRkZ1eGNRMk5xZVRyNGVJa3FpV2pYYl9seVBoemZtNmhTamhpY3Z4ci1GZjJOYnBBWTFqSVZrXzcyOW85a3Rwbg?oc=5"" target=""_blank"">上证180ETF鹏华（510040）开盘涨0.84%，重仓股贵州茅台跌1.42%，紫金矿业涨0.60%</a>&nbsp;&nbsp;<font color=""#6f6f6f"">新浪财经</font>",https://news.google.com/rss/articles/CBMimAFBVV95cUxORHFoZVBaWV9CZEQ2WDItLXlyZ2lrMWwyR05KVDZPWm93cFNCUlprc3JsWlZhQ085ckZHTkxiMkUtem1EVFNwanRpUUQwN0J2N0hreC1zXzFFRkZ1eGNRMk5xZVRyNGVJa3FpV2pYYl9seVBoemZtNmhTamhpY3Z4ci1GZjJOYnBBWTFqSVZrXzcyOW85a3Rwbg?oc=5,贵州茅台,"上证180ETF鹏华（510040）开盘涨0.84%，重仓股贵州茅台跌1.42%，紫金矿业涨0.60% - 新浪财经. <a href=""https://news.google.com/rss/articles/CBMimAFBVV95cUxORHFoZVBaWV9CZEQ2WDItLXlyZ2lrMWwyR05KVDZPWm93cFNCUlprc3JsWlZhQ085ckZHTkxiMkUtem1EVFNwanRpUUQwN0J2N0hreC1zXzFFRkZ1eGNRMk5xZVRyNGVJa3FpV2pYYl9seVBoemZtNmhTamhpY3Z4ci1GZjJOYnBBWTFqSVZrXzcyOW85a3Rwbg?oc=5"" target=""_blank"">上证180ETF鹏华（510040）开盘涨0.84%，重仓股贵州茅台跌1.42%，紫金矿业涨0.60%</a>&nbsp;&nbsp;<font color=""#6f6f6f"">新浪财经</font>",neutral,0.03461179
2026-05-06,2026-05-06T03:17:37+00:00,600519.SH,"""贵州茅台"" - Google 新闻",贵州上市公司2025年整体营收规模创历史新高 - 经济参考报,"<a href=""https://news.google.com/rss/articles/CBMigAFBVV95cUxPeTRHQzlWbjZONGtlc0RJX2NwdUI2d0RKTVFUMDNETEhhRXZhUERMa0NvUjZrYy1zQVp2SWRnUnRtQ1g1TlhwZ09BTTIySUN4WkhjdFZEMnZqYkN6WTBYTTU5S0hzWWhUSjA0bTZIcFExLU5CNmNIa2xNbnVVXzdYdw?oc=5"" target=""_blank"">贵州上市公司2025年整体营收规模创历史新高</a>&nbsp;&nbsp;<font color=""#6f6f6f"">经济参考报</font>",https://news.google.com/rss/articles/CBMigAFBVV95cUxPeTRHQzlWbjZONGtlc0RJX2NwdUI2d0RKTVFUMDNETEhhRXZhUERMa0NvUjZrYy1zQVp2SWRnUnRtQ1g1TlhwZ09BTTIySUN4WkhjdFZEMnZqYkN6WTBYTTU5S0hzWWhUSjA0bTZIcFExLU5CNmNIa2xNbnVVXzdYdw?oc=5,贵州茅台,"贵州上市公司2025年整体营收规模创历史新高 - 经济参考报. <a href=""https://news.google.com/rss/articles/CBMigAFBVV95cUxPeTRHQzlWbjZONGtlc0RJX2NwdUI2d0RKTVFUMDNETEhhRXZhUERMa0NvUjZrYy1zQVp2SWRnUnRtQ1g1TlhwZ09BTTIySUN4WkhjdFZEMnZqYkN6WTBYTTU5S0hzWWhUSjA0bTZIcFExLU5CNmNIa2xNbnVVXzdYdw?oc=5"" target=""_blank"">贵州上市公司2025年整体营收规模创历史新高</a>&nbsp;&nbsp;<font color=""#6f6f6f"">经济参考报</font>",neutral,0.0305125
2026-05-06,2026-05-06T09:31:03+00:00,600519.SH,"""贵州茅台"" - Google 新闻",5月6日贵州茅台现1375万元大宗交易 - Sohu,"<a href=""https://news.google.com/rss/articles/CBMiiAFBVV95cUxNTXhzUFJ3V0E0Uk9OeTM2TjV6ZzNndC1IZDVFaXhVblI2a3lMM2J5Yloxd1pvQkhVWEJRbWFpSFdxS0FDSjRFdEV0LWdEWTVRajNIVnhBOGZ5NHJINDNKYkoxUUtJRXVyR2tLS21jb2RDdGxqenBfSGkyb044a1A0SmU5TU1Rb2s2?oc=5"" target=""_blank"">5月6日贵州茅台现1375万元大宗交易</a>&nbsp;&nbsp;<font color=""#6f6f6f"">Sohu</font>",https://news.google.com/rss/articles/CBMiiAFBVV95cUxNTXhzUFJ3V0E0Uk9OeTM2TjV6ZzNndC1IZDVFaXhVblI2a3lMM2J5Yloxd1pvQkhVWEJRbWFpSFdxS0FDSjRFdEV0LWdEWTVRajNIVnhBOGZ5NHJINDNKYkoxUUtJRXVyR2tLS21jb2RDdGxqenBfSGkyb044a1A0SmU5TU1Rb2s2?oc=5,贵州茅台,"5月6日贵州茅台现1375万元大宗交易 - Sohu. <a href=""https://news.google.com/rss/articles/CBMiiAFBVV95cUxNTXhzUFJ3V0E0Uk9OeTM2TjV6ZzNndC1IZDVFaXhVblI2a3lMM2J5Yloxd1pvQkhVWEJRbWFpSFdxS0FDSjRFdEV0LWdEWTVRajNIVnhBOGZ5NHJINDNKYkoxUUtJRXVyR2tLS21jb2RDdGxqenBfSGkyb044a1A0SmU5TU1Rb2s2?oc=5"" target=""_blank"">5月6日贵州茅台现1375万元大宗交易</a>&nbsp;&nbsp;<font color=""#6f6f6f"">Sohu</font>",neutral,0.02327484
2026-05-06,2026-05-06T09:31:05+00:00,600519.SH,"""贵州茅台"" - Google 新闻",大宗交易：贵州茅台成交1375.00万元（5-6） - 东方财富,"<a href=""https://news.google.com/rss/articles/CBMiZkFVX3lxTFBrNzJPQkl3VUF2bE1zeXQyTVoxQVpGRjFWM2taVlNOLUhWMWxGcWdxUE9WQjliYWFNWmpHZDRpM3hsV3VCNnQxZXJpZ3JMX3NpZXhDdGxnUWJ3VWhfVVN6SEpUMGdPdw?oc=5"" target=""_blank"">大宗交易：贵州茅台成交1375.00万元（5-6）</a>&nbsp;&nbsp;<font color=""#6f6f6f"">东方财富</font>",https://news.google.com/rss/articles/CBMiZkFVX3lxTFBrNzJPQkl3VUF2bE1zeXQyTVoxQVpGRjFWM2taVlNOLUhWMWxGcWdxUE9WQjliYWFNWmpHZDRpM3hsV3VCNnQxZXJpZ3JMX3NpZXhDdGxnUWJ3VWhfVVN6SEpUMGdPdw?oc=5,贵州茅台,"大宗交易：贵州茅台成交1375.00万元（5-6） - 东方财富. <a href=""https://news.google.com/rss/articles/CBMiZkFVX3lxTFBrNzJPQkl3VUF2bE1zeXQyTVoxQVpGRjFWM2taVlNOLUhWMWxGcWdxUE9WQjliYWFNWmpHZDRpM3hsV3VCNnQxZXJpZ3JMX3NpZXhDdGxnUWJ3VWhfVVN6SEpUMGdPdw?oc=5"" target=""_blank"">大宗交易：贵州茅台成交1375.00万元（5-6）</a>&nbsp;&nbsp;<font color=""#6f6f6f"">东方财富</font>",neutral,0.01620895
